capacity,corruption,target,seed,correct,margin
12,phase_wipe,0,0,1,0.6073454268671499
12,phase_wipe,0,1,1,0.6073454268671499
12,phase_wipe,0,2,1,0.6073454268671499
12,phase_wipe,0,3,1,0.6073454268671499
12,phase_wipe,0,4,1,0.6073454268671499
12,phase_wipe,0,5,1,0.6073454268671499
12,phase_wipe,0,6,1,0.6073454268671499
12,phase_wipe,0,7,1,0.6073454268671499
12,phase_wipe,1,0,1,0.6073454137054395
12,phase_wipe,1,1,1,0.6073454137054395
12,phase_wipe,1,2,1,0.6073454137054395
12,phase_wipe,1,3,1,0.6073454137054395
12,phase_wipe,1,4,1,0.6073454137054395
12,phase_wipe,1,5,1,0.6073454137054395
12,phase_wipe,1,6,1,0.6073454137054395
12,phase_wipe,1,7,1,0.6073454137054395
12,phase_wipe,2,0,1,0.6073454321733237
12,phase_wipe,2,1,1,0.6073454321733237
12,phase_wipe,2,2,1,0.6073454321733237
12,phase_wipe,2,3,1,0.6073454321733237
12,phase_wipe,2,4,1,0.6073454321733237
12,phase_wipe,2,5,1,0.6073454321733237
12,phase_wipe,2,6,1,0.6073454321733237
12,phase_wipe,2,7,1,0.6073454321733237
12,phase_wipe,3,0,1,0.6073454208130595
12,phase_wipe,3,1,1,0.6073454208130595
12,phase_wipe,3,2,1,0.6073454208130595
12,phase_wipe,3,3,1,0.6073454208130595
12,phase_wipe,3,4,1,0.6073454208130595
12,phase_wipe,3,5,1,0.6073454208130595
12,phase_wipe,3,6,1,0.6073454208130595
12,phase_wipe,3,7,1,0.6073454208130595
12,phase_wipe,4,0,1,0.6238051625582886
12,phase_wipe,4,1,1,0.6238051625582886
12,phase_wipe,4,2,1,0.6238051625582886
12,phase_wipe,4,3,1,0.6238051625582886
12,phase_wipe,4,4,1,0.6238051625582886
12,phase_wipe,4,5,1,0.6238051625582886
12,phase_wipe,4,6,1,0.6238051625582886
12,phase_wipe,4,7,1,0.6238051625582886
12,phase_wipe,5,0,1,0.6238074459606772
12,phase_wipe,5,1,1,0.6238074459606772
12,phase_wipe,5,2,1,0.6238074459606772
12,phase_wipe,5,3,1,0.6238074459606772
12,phase_wipe,5,4,1,0.6238074459606772
12,phase_wipe,5,5,1,0.6238074459606772
12,phase_wipe,5,6,1,0.6238074459606772
12,phase_wipe,5,7,1,0.6238074459606772
12,phase_wipe,6,0,1,0.6238091594606773
12,phase_wipe,6,1,1,0.6238091594606773
12,phase_wipe,6,2,1,0.6238091594606773
12,phase_wipe,6,3,1,0.6238091594606773
12,phase_wipe,6,4,1,0.6238091594606773
12,phase_wipe,6,5,1,0.6238091594606773
12,phase_wipe,6,6,1,0.6238091594606773
12,phase_wipe,6,7,1,0.6238091594606773
12,phase_wipe,7,0,1,0.6238091594606773
12,phase_wipe,7,1,1,0.6238091594606773
12,phase_wipe,7,2,1,0.6238091594606773
12,phase_wipe,7,3,1,0.6238091594606773
12,phase_wipe,7,4,1,0.6238091594606773
12,phase_wipe,7,5,1,0.6238091594606773
12,phase_wipe,7,6,1,0.6238091594606773
12,phase_wipe,7,7,1,0.6238091594606773
12,phase_wipe,8,0,1,0.6073454268671499
12,phase_wipe,8,1,1,0.6073454268671499
12,phase_wipe,8,2,1,0.6073454268671499
12,phase_wipe,8,3,1,0.6073454268671499
12,phase_wipe,8,4,1,0.6073454268671499
12,phase_wipe,8,5,1,0.6073454268671499
12,phase_wipe,8,6,1,0.6073454268671499
12,phase_wipe,8,7,1,0.6073454268671499
12,phase_wipe,9,0,1,0.6073454137054395
12,phase_wipe,9,1,1,0.6073454137054395
12,phase_wipe,9,2,1,0.6073454137054395
12,phase_wipe,9,3,1,0.6073454137054395
12,phase_wipe,9,4,1,0.6073454137054395
12,phase_wipe,9,5,1,0.6073454137054395
12,phase_wipe,9,6,1,0.6073454137054395
12,phase_wipe,9,7,1,0.6073454137054395
12,phase_wipe,10,0,1,0.6073454321733237
12,phase_wipe,10,1,1,0.6073454321733237
12,phase_wipe,10,2,1,0.6073454321733237
12,phase_wipe,10,3,1,0.6073454321733237
12,phase_wipe,10,4,1,0.6073454321733237
12,phase_wipe,10,5,1,0.6073454321733237
12,phase_wipe,10,6,1,0.6073454321733237
12,phase_wipe,10,7,1,0.6073454321733237
12,phase_wipe,11,0,1,0.6073454208130595
12,phase_wipe,11,1,1,0.6073454208130595
12,phase_wipe,11,2,1,0.6073454208130595
12,phase_wipe,11,3,1,0.6073454208130595
12,phase_wipe,11,4,1,0.6073454208130595
12,phase_wipe,11,5,1,0.6073454208130595
12,phase_wipe,11,6,1,0.6073454208130595
12,phase_wipe,11,7,1,0.6073454208130595
12,dropout_50,0,0,1,0.3505471883282318
12,dropout_50,0,1,1,0.6067377017272412
12,dropout_50,0,2,1,0.6071579087904726
12,dropout_50,0,3,1,0.6056761234326763
12,dropout_50,0,4,1,0.6059817096156652
12,dropout_50,0,5,1,0.6056019609785572
12,dropout_50,0,6,1,0.6065892439292717
12,dropout_50,0,7,1,0.6054910156424269
12,dropout_50,1,0,1,0.6061090098608193
12,dropout_50,1,1,1,0.6063150180732351
12,dropout_50,1,2,1,0.6058616640649025
12,dropout_50,1,3,1,0.3494808808041086
12,dropout_50,1,4,1,0.605786312079811
12,dropout_50,1,5,1,0.6050807710470733
12,dropout_50,1,6,1,0.34948676716060967
12,dropout_50,1,7,1,0.6068138386963484
12,dropout_50,2,0,1,0.6055221405678408
12,dropout_50,2,1,1,0.3494534255346998
12,dropout_50,2,2,1,0.6066898277164265
12,dropout_50,2,3,1,0.6061063349765311
12,dropout_50,2,4,1,0.34943288483674123
12,dropout_50,2,5,1,0.6069388411939554
12,dropout_50,2,6,1,0.6061360032921818
12,dropout_50,2,7,1,0.6067672822547926
12,dropout_50,3,0,1,0.6067280680766732
12,dropout_50,3,1,1,0.6064173916207863
12,dropout_50,3,2,1,0.6070638438753833
12,dropout_50,3,3,1,0.6065469741978
12,dropout_50,3,4,1,0.6070123754357878
12,dropout_50,3,5,1,0.6067943331191152
12,dropout_50,3,6,1,0.6068226172066895
12,dropout_50,3,7,1,0.6052573032183947
12,dropout_50,4,0,1,0.6216554329698295
12,dropout_50,4,1,1,0.6229595026484805
12,dropout_50,4,2,1,0.6229256684203537
12,dropout_50,4,3,1,0.6231867176679815
12,dropout_50,4,4,1,0.6235251043103802
12,dropout_50,4,5,1,0.6222091635058425
12,dropout_50,4,6,1,0.6234954834184592
12,dropout_50,4,7,1,0.622770711792382
12,dropout_50,5,0,1,0.6226536589738055
12,dropout_50,5,1,1,0.4441492083627892
12,dropout_50,5,2,1,0.4441642306108745
12,dropout_50,5,3,1,0.6220749937825247
12,dropout_50,5,4,1,0.6224300882489032
12,dropout_50,5,5,1,0.6229792021212505
12,dropout_50,5,6,1,0.6205826380096671
12,dropout_50,5,7,1,0.6216690795921949
12,dropout_50,6,0,1,0.62278831038183
12,dropout_50,6,1,1,0.6232523025758656
12,dropout_50,6,2,1,0.6209710758995118
12,dropout_50,6,3,1,0.6234463965331966
12,dropout_50,6,4,1,0.6210013968183892
12,dropout_50,6,5,1,0.6222936143434656
12,dropout_50,6,6,1,0.6220543026549564
12,dropout_50,6,7,1,0.6217073158780115
12,dropout_50,7,0,1,0.6226382436164366
12,dropout_50,7,1,1,0.6220576682499224
12,dropout_50,7,2,1,0.6222632779572538
12,dropout_50,7,3,1,0.3494533823450516
12,dropout_50,7,4,1,0.622550682933228
12,dropout_50,7,5,1,0.6224682530471546
12,dropout_50,7,6,1,0.6230246846574768
12,dropout_50,7,7,1,0.6215971774530518
12,dropout_50,8,0,1,0.6065325455999047
12,dropout_50,8,1,1,0.6065367273060491
12,dropout_50,8,2,1,0.6068912916259108
12,dropout_50,8,3,1,0.6046921091806413
12,dropout_50,8,4,1,0.6062943532836421
12,dropout_50,8,5,1,0.6056396444314307
12,dropout_50,8,6,1,0.6038190467239404
12,dropout_50,8,7,1,0.6057055749970437
12,dropout_50,9,0,1,0.606993020105012
12,dropout_50,9,1,1,0.607115914299319
12,dropout_50,9,2,1,0.6059025368519448
12,dropout_50,9,3,1,0.6054492624493596
12,dropout_50,9,4,1,0.6067691858798363
12,dropout_50,9,5,1,0.6060365083000278
12,dropout_50,9,6,1,0.6041398733250423
12,dropout_50,9,7,1,0.6065096741294492
12,dropout_50,10,0,1,0.6054198966998878
12,dropout_50,10,1,1,0.6067671259612628
12,dropout_50,10,2,1,0.6052666963685256
12,dropout_50,10,3,1,0.6052239146644846
12,dropout_50,10,4,1,0.607018382650391
12,dropout_50,10,5,1,0.6070761186258778
12,dropout_50,10,6,1,0.6066461065695818
12,dropout_50,10,7,1,0.6066403596885575
12,dropout_50,11,0,1,0.6050305116702644
12,dropout_50,11,1,1,0.6070313372742823
12,dropout_50,11,2,1,0.605268944261943
12,dropout_50,11,3,1,0.6054702701604899
12,dropout_50,11,4,1,0.6065206197095994
12,dropout_50,11,5,1,0.6053323054016614
12,dropout_50,11,6,1,0.6057784454336594
12,dropout_50,11,7,1,0.6063022864618283
12,amp_noise,0,0,1,0.5067989573824558
12,amp_noise,0,1,1,0.4446263786489426
12,amp_noise,0,2,1,0.34321283695170496
12,amp_noise,0,3,1,0.5852033405919361
12,amp_noise,0,4,1,0.38111839710709394
12,amp_noise,0,5,1,0.5764922705796957
12,amp_noise,0,6,0,0.0001630939905464257
12,amp_noise,0,7,1,0.5728236488441742
12,amp_noise,1,0,1,0.5879033935028406
12,amp_noise,1,1,1,0.348448499836862
12,amp_noise,1,2,1,0.5836898357295957
12,amp_noise,1,3,1,0.5623366311775843
12,amp_noise,1,4,1,0.5733448224830859
12,amp_noise,1,5,1,0.5783719875022111
12,amp_noise,1,6,1,0.5860586758266386
12,amp_noise,1,7,1,0.5776218424731165
12,amp_noise,2,0,1,0.5007638610815704
12,amp_noise,2,1,1,0.3333746407807617
12,amp_noise,2,2,1,0.5387249459146323
12,amp_noise,2,3,1,0.5719154412566394
12,amp_noise,2,4,1,0.5672373782068437
12,amp_noise,2,5,1,0.34654250541327375
12,amp_noise,2,6,1,0.3456380040751601
12,amp_noise,2,7,1,0.5645632011972668
12,amp_noise,3,0,1,0.4085510597016405
12,amp_noise,3,1,1,0.5403846404418003
12,amp_noise,3,2,1,0.5676467358710324
12,amp_noise,3,3,1,0.3872068925162312
12,amp_noise,3,4,1,0.562429235663747
12,amp_noise,3,5,1,0.5104421328870784
12,amp_noise,3,6,1,0.3501720327818101
12,amp_noise,3,7,1,0.5828752695083131
12,amp_noise,4,0,1,0.583217659435978
12,amp_noise,4,1,1,0.540336550949651
12,amp_noise,4,2,1,0.5548438314779571
12,amp_noise,4,3,1,0.5823033580289831
12,amp_noise,4,4,1,0.34880076968086016
12,amp_noise,4,5,1,0.5290346692921272
12,amp_noise,4,6,1,0.5855678369197997
12,amp_noise,4,7,1,0.5868742515112635
12,amp_noise,5,0,1,0.32331242440809577
12,amp_noise,5,1,1,0.5920502112016784
12,amp_noise,5,2,1,0.5801605133970773
12,amp_noise,5,3,1,0.34908304113835636
12,amp_noise,5,4,1,0.58067686659477
12,amp_noise,5,5,1,0.5706584743094214
12,amp_noise,5,6,1,0.5595407578873726
12,amp_noise,5,7,1,0.55950810810686
12,amp_noise,6,0,1,0.5733952017125535
12,amp_noise,6,1,1,0.580564762162939
12,amp_noise,6,2,1,0.564227442547214
12,amp_noise,6,3,1,0.5767282050176591
12,amp_noise,6,4,1,0.583327359872116
12,amp_noise,6,5,1,0.3492342948466741
12,amp_noise,6,6,1,0.5468170911546464
12,amp_noise,6,7,1,0.6021814956179776
12,amp_noise,7,0,1,0.5911183375621075
12,amp_noise,7,1,1,0.5866579109422979
12,amp_noise,7,2,1,0.42976224189769624
12,amp_noise,7,3,1,0.34661209165754575
12,amp_noise,7,4,1,0.567037169141062
12,amp_noise,7,5,1,0.38789959829973736
12,amp_noise,7,6,1,0.5909973652937731
12,amp_noise,7,7,1,0.5936837600074454
12,amp_noise,8,0,1,0.5784122837531772
12,amp_noise,8,1,1,0.3632165537581094
12,amp_noise,8,2,1,0.5794413954645768
12,amp_noise,8,3,1,0.526474379174971
12,amp_noise,8,4,1,0.5792102395933187
12,amp_noise,8,5,1,0.5874499330186869
12,amp_noise,8,6,1,0.565274319697229
12,amp_noise,8,7,1,0.5608923574322892
12,amp_noise,9,0,1,0.04026448241929653
12,amp_noise,9,1,1,0.5512035423993631
12,amp_noise,9,2,0,0.00015743404254542348
12,amp_noise,9,3,1,0.5309795837867687
12,amp_noise,9,4,1,0.5921827817058564
12,amp_noise,9,5,1,0.5754499671356371
12,amp_noise,9,6,1,0.5407714548102357
12,amp_noise,9,7,1,0.5635151762446657
12,amp_noise,10,0,1,0.560730892228775
12,amp_noise,10,1,1,0.5961885042816566
12,amp_noise,10,2,0,0.0001726772644151109
12,amp_noise,10,3,1,0.5486202969137095
12,amp_noise,10,4,1,0.5785041687549108
12,amp_noise,10,5,1,0.5687967515249576
12,amp_noise,10,6,1,0.5887647668301602
12,amp_noise,10,7,1,0.5694652068961135
12,amp_noise,11,0,1,0.5780115769861395
12,amp_noise,11,1,1,0.5716162269437592
12,amp_noise,11,2,1,0.00014289086966290387
12,amp_noise,11,3,1,0.36294901625135434
12,amp_noise,11,4,1,0.5362257596919731
12,amp_noise,11,5,1,0.567806821422182
12,amp_noise,11,6,1,0.00017717992242749503
12,amp_noise,11,7,1,0.5760514461245799
12,mixed,0,0,1,0.5087368984983672
12,mixed,0,1,1,0.5893958681840994
12,mixed,0,2,1,0.346760408616507
12,mixed,0,3,1,0.5913727922741641
12,mixed,0,4,1,0.5546892373624397
12,mixed,0,5,1,0.5856835398183307
12,mixed,0,6,1,0.5954668202336051
12,mixed,0,7,1,0.5825912014805682
12,mixed,1,0,1,0.5932584142686488
12,mixed,1,1,1,0.5770504743135741
12,mixed,1,2,1,0.5900994039345345
12,mixed,1,3,1,0.5748352479000322
12,mixed,1,4,1,0.5826061253202309
12,mixed,1,5,1,0.5860961833953305
12,mixed,1,6,1,0.5920953039833531
12,mixed,1,7,1,0.586065054138079
12,mixed,2,0,1,0.576772356379571
12,mixed,2,1,1,0.3403699514477682
12,mixed,2,2,1,0.5569428583389511
12,mixed,2,3,1,0.5816134625982742
12,mixed,2,4,1,0.578234785281636
12,mixed,2,5,1,0.5744503214593438
12,mixed,2,6,1,0.5537228003519669
12,mixed,2,7,1,0.5767850566840927
12,mixed,3,0,1,0.4120091526302586
12,mixed,3,1,1,0.5583057913845471
12,mixed,3,2,1,0.5789156014682043
12,mixed,3,3,1,0.58455343668464
12,mixed,3,4,1,0.57520952876978
12,mixed,3,5,1,0.5105947092770112
12,mixed,3,6,1,0.5095847109710772
12,mixed,3,7,1,0.5895667456422641
12,mixed,4,0,1,0.5948048768147195
12,mixed,4,1,1,0.6159600854769124
12,mixed,4,2,1,0.5735667439397312
12,mixed,4,3,1,0.5938227088445236
12,mixed,4,4,1,0.34905787159027035
12,mixed,4,5,1,0.5899612793237754
12,mixed,4,6,1,0.596927837222694
12,mixed,4,7,1,0.5973352488630586
12,mixed,5,0,1,0.5899509925807854
12,mixed,5,1,1,0.6006992782855012
12,mixed,5,2,1,0.591986069839385
12,mixed,5,3,1,0.34937730929723426
12,mixed,5,4,1,0.593356595169934
12,mixed,5,5,1,0.5851981173777026
12,mixed,5,6,1,0.5770043934124002
12,mixed,5,7,1,0.576971915330975
12,mixed,6,0,1,0.5743154067291598
12,mixed,6,1,1,0.5924840846431977
12,mixed,6,2,1,0.5805111936830564
12,mixed,6,3,1,0.5896403186540976
12,mixed,6,4,1,0.5945974519301913
12,mixed,6,5,1,0.6027760012949206
12,mixed,6,6,1,0.6028433680962412
12,mixed,6,7,1,0.608796951797502
12,mixed,7,0,1,0.6001667110874549
12,mixed,7,1,1,0.5969358552031537
12,mixed,7,2,1,0.5972505928279073
12,mixed,7,3,1,0.3478986517143033
12,mixed,7,4,1,0.5821942309693283
12,mixed,7,5,1,0.6026719893447258
12,mixed,7,6,1,0.6000684555068613
12,mixed,7,7,1,0.6026639507144514
12,mixed,8,0,1,0.5856492164732113
12,mixed,8,1,1,0.5651569550246902
12,mixed,8,2,1,0.5869163182111794
12,mixed,8,3,1,0.5700557991344946
12,mixed,8,4,1,0.5868117520108136
12,mixed,8,5,1,0.5932371826907018
12,mixed,8,6,1,0.57767549229291
12,mixed,8,7,1,0.5734265264420545
12,mixed,9,0,1,0.5857576088659675
12,mixed,9,1,1,0.5524089338548775
12,mixed,9,2,1,0.5965703517153365
12,mixed,9,3,1,0.5515452457390755
12,mixed,9,4,1,0.5963952744680138
12,mixed,9,5,1,0.584170924115617
12,mixed,9,6,1,0.5593527554396394
12,mixed,9,7,1,0.5757941238170875
12,mixed,10,0,1,0.5735720910817598
12,mixed,10,1,1,0.5986065179668656
12,mixed,10,2,1,0.5698732534399704
12,mixed,10,3,1,0.5636357876664082
12,mixed,10,4,1,0.5869051095325717
12,mixed,10,5,1,0.5790391484762774
12,mixed,10,6,1,0.5938670457195692
12,mixed,10,7,1,0.5798113623432735
12,mixed,11,0,1,0.5862788404063902
12,mixed,11,1,1,0.5815761072443715
12,mixed,11,2,1,0.5429789524108262
12,mixed,11,3,1,0.5698586478390135
12,mixed,11,4,1,0.5839262885672509
12,mixed,11,5,1,0.5792131337428528
12,mixed,11,6,1,0.5716504923901433
12,mixed,11,7,1,0.5850553902970563
24,phase_wipe,0,0,1,0.3638315710090885
24,phase_wipe,0,1,1,0.3638315710090885
24,phase_wipe,0,2,1,0.3638315710090885
24,phase_wipe,0,3,1,0.3638315710090885
24,phase_wipe,0,4,1,0.3638315710090885
24,phase_wipe,0,5,1,0.3638315710090885
24,phase_wipe,0,6,1,0.3638315710090885
24,phase_wipe,0,7,1,0.3638315710090885
24,phase_wipe,1,0,1,0.3638315490381938
24,phase_wipe,1,1,1,0.3638315490381938
24,phase_wipe,1,2,1,0.3638315490381938
24,phase_wipe,1,3,1,0.3638315490381938
24,phase_wipe,1,4,1,0.3638315490381938
24,phase_wipe,1,5,1,0.3638315490381938
24,phase_wipe,1,6,1,0.3638315490381938
24,phase_wipe,1,7,1,0.3638315490381938
24,phase_wipe,2,0,1,0.3638315798667029
24,phase_wipe,2,1,1,0.3638315798667029
24,phase_wipe,2,2,1,0.3638315798667029
24,phase_wipe,2,3,1,0.3638315798667029
24,phase_wipe,2,4,1,0.3638315798667029
24,phase_wipe,2,5,1,0.3638315798667029
24,phase_wipe,2,6,1,0.3638315798667029
24,phase_wipe,2,7,1,0.3638315798667029
24,phase_wipe,3,0,1,0.3638315609029722
24,phase_wipe,3,1,1,0.3638315609029722
24,phase_wipe,3,2,1,0.3638315609029722
24,phase_wipe,3,3,1,0.3638315609029722
24,phase_wipe,3,4,1,0.3638315609029722
24,phase_wipe,3,5,1,0.3638315609029722
24,phase_wipe,3,6,1,0.3638315609029722
24,phase_wipe,3,7,1,0.3638315609029722
24,phase_wipe,4,0,1,0.36383153908985744
24,phase_wipe,4,1,1,0.36383153908985744
24,phase_wipe,4,2,1,0.36383153908985744
24,phase_wipe,4,3,1,0.36383153908985744
24,phase_wipe,4,4,1,0.36383153908985744
24,phase_wipe,4,5,1,0.36383153908985744
24,phase_wipe,4,6,1,0.36383153908985744
24,phase_wipe,4,7,1,0.36383153908985744
24,phase_wipe,5,0,1,0.3638315696987749
24,phase_wipe,5,1,1,0.3638315696987749
24,phase_wipe,5,2,1,0.3638315696987749
24,phase_wipe,5,3,1,0.3638315696987749
24,phase_wipe,5,4,1,0.3638315696987749
24,phase_wipe,5,5,1,0.3638315696987749
24,phase_wipe,5,6,1,0.3638315696987749
24,phase_wipe,5,7,1,0.3638315696987749
24,phase_wipe,6,0,1,0.3638315751404443
24,phase_wipe,6,1,1,0.3638315751404443
24,phase_wipe,6,2,1,0.3638315751404443
24,phase_wipe,6,3,1,0.3638315751404443
24,phase_wipe,6,4,1,0.3638315751404443
24,phase_wipe,6,5,1,0.3638315751404443
24,phase_wipe,6,6,1,0.3638315751404443
24,phase_wipe,6,7,1,0.3638315751404443
24,phase_wipe,7,0,1,0.3638315531064461
24,phase_wipe,7,1,1,0.3638315531064461
24,phase_wipe,7,2,1,0.3638315531064461
24,phase_wipe,7,3,1,0.3638315531064461
24,phase_wipe,7,4,1,0.3638315531064461
24,phase_wipe,7,5,1,0.3638315531064461
24,phase_wipe,7,6,1,0.3638315531064461
24,phase_wipe,7,7,1,0.3638315531064461
24,phase_wipe,8,0,1,0.3638315710090885
24,phase_wipe,8,1,1,0.3638315710090885
24,phase_wipe,8,2,1,0.3638315710090885
24,phase_wipe,8,3,1,0.3638315710090885
24,phase_wipe,8,4,1,0.3638315710090885
24,phase_wipe,8,5,1,0.3638315710090885
24,phase_wipe,8,6,1,0.3638315710090885
24,phase_wipe,8,7,1,0.3638315710090885
24,phase_wipe,9,0,1,0.3638315490381938
24,phase_wipe,9,1,1,0.3638315490381938
24,phase_wipe,9,2,1,0.3638315490381938
24,phase_wipe,9,3,1,0.3638315490381938
24,phase_wipe,9,4,1,0.3638315490381938
24,phase_wipe,9,5,1,0.3638315490381938
24,phase_wipe,9,6,1,0.3638315490381938
24,phase_wipe,9,7,1,0.3638315490381938
24,phase_wipe,10,0,1,0.3638315798667029
24,phase_wipe,10,1,1,0.3638315798667029
24,phase_wipe,10,2,1,0.3638315798667029
24,phase_wipe,10,3,1,0.3638315798667029
24,phase_wipe,10,4,1,0.3638315798667029
24,phase_wipe,10,5,1,0.3638315798667029
24,phase_wipe,10,6,1,0.3638315798667029
24,phase_wipe,10,7,1,0.3638315798667029
24,phase_wipe,11,0,1,0.3638315609029722
24,phase_wipe,11,1,1,0.3638315609029722
24,phase_wipe,11,2,1,0.3638315609029722
24,phase_wipe,11,3,1,0.3638315609029722
24,phase_wipe,11,4,1,0.3638315609029722
24,phase_wipe,11,5,1,0.3638315609029722
24,phase_wipe,11,6,1,0.3638315609029722
24,phase_wipe,11,7,1,0.3638315609029722
24,phase_wipe,12,0,1,0.36383153908985744
24,phase_wipe,12,1,1,0.36383153908985744
24,phase_wipe,12,2,1,0.36383153908985744
24,phase_wipe,12,3,1,0.36383153908985744
24,phase_wipe,12,4,1,0.36383153908985744
24,phase_wipe,12,5,1,0.36383153908985744
24,phase_wipe,12,6,1,0.36383153908985744
24,phase_wipe,12,7,1,0.36383153908985744
24,phase_wipe,13,0,1,0.3638315696987749
24,phase_wipe,13,1,1,0.3638315696987749
24,phase_wipe,13,2,1,0.3638315696987749
24,phase_wipe,13,3,1,0.3638315696987749
24,phase_wipe,13,4,1,0.3638315696987749
24,phase_wipe,13,5,1,0.3638315696987749
24,phase_wipe,13,6,1,0.3638315696987749
24,phase_wipe,13,7,1,0.3638315696987749
24,phase_wipe,14,0,1,0.3638315751404443
24,phase_wipe,14,1,1,0.3638315751404443
24,phase_wipe,14,2,1,0.3638315751404443
24,phase_wipe,14,3,1,0.3638315751404443
24,phase_wipe,14,4,1,0.3638315751404443
24,phase_wipe,14,5,1,0.3638315751404443
24,phase_wipe,14,6,1,0.3638315751404443
24,phase_wipe,14,7,1,0.3638315751404443
24,phase_wipe,15,0,1,0.3638315531064461
24,phase_wipe,15,1,1,0.3638315531064461
24,phase_wipe,15,2,1,0.3638315531064461
24,phase_wipe,15,3,1,0.3638315531064461
24,phase_wipe,15,4,1,0.3638315531064461
24,phase_wipe,15,5,1,0.3638315531064461
24,phase_wipe,15,6,1,0.3638315531064461
24,phase_wipe,15,7,1,0.3638315531064461
24,phase_wipe,16,0,1,0.3638317295829809
24,phase_wipe,16,1,1,0.3638317295829809
24,phase_wipe,16,2,1,0.3638317295829809
24,phase_wipe,16,3,1,0.3638317295829809
24,phase_wipe,16,4,1,0.3638317295829809
24,phase_wipe,16,5,1,0.3638317295829809
24,phase_wipe,16,6,1,0.3638317295829809
24,phase_wipe,16,7,1,0.3638317295829809
24,phase_wipe,17,0,1,0.36383172596410235
24,phase_wipe,17,1,1,0.36383172596410235
24,phase_wipe,17,2,1,0.36383172596410235
24,phase_wipe,17,3,1,0.36383172596410235
24,phase_wipe,17,4,1,0.36383172596410235
24,phase_wipe,17,5,1,0.36383172596410235
24,phase_wipe,17,6,1,0.36383172596410235
24,phase_wipe,17,7,1,0.36383172596410235
24,phase_wipe,18,0,1,0.3638317309952932
24,phase_wipe,18,1,1,0.3638317309952932
24,phase_wipe,18,2,1,0.3638317309952932
24,phase_wipe,18,3,1,0.3638317309952932
24,phase_wipe,18,4,1,0.3638317309952932
24,phase_wipe,18,5,1,0.3638317309952932
24,phase_wipe,18,6,1,0.3638317309952932
24,phase_wipe,18,7,1,0.3638317309952932
24,phase_wipe,19,0,1,0.3638317291378915
24,phase_wipe,19,1,1,0.3638317291378915
24,phase_wipe,19,2,1,0.3638317291378915
24,phase_wipe,19,3,1,0.3638317291378915
24,phase_wipe,19,4,1,0.3638317291378915
24,phase_wipe,19,5,1,0.3638317291378915
24,phase_wipe,19,6,1,0.3638317291378915
24,phase_wipe,19,7,1,0.3638317291378915
24,phase_wipe,20,0,1,0.3638317255254517
24,phase_wipe,20,1,1,0.3638317255254517
24,phase_wipe,20,2,1,0.3638317255254517
24,phase_wipe,20,3,1,0.3638317255254517
24,phase_wipe,20,4,1,0.3638317255254517
24,phase_wipe,20,5,1,0.3638317255254517
24,phase_wipe,20,6,1,0.3638317255254517
24,phase_wipe,20,7,1,0.3638317255254517
24,phase_wipe,21,0,1,0.36383173054834217
24,phase_wipe,21,1,1,0.36383173054834217
24,phase_wipe,21,2,1,0.36383173054834217
24,phase_wipe,21,3,1,0.36383173054834217
24,phase_wipe,21,4,1,0.36383173054834217
24,phase_wipe,21,5,1,0.36383173054834217
24,phase_wipe,21,6,1,0.36383173054834217
24,phase_wipe,21,7,1,0.36383173054834217
24,phase_wipe,22,0,1,0.3638317297649153
24,phase_wipe,22,1,1,0.3638317297649153
24,phase_wipe,22,2,1,0.3638317297649153
24,phase_wipe,22,3,1,0.3638317297649153
24,phase_wipe,22,4,1,0.3638317297649153
24,phase_wipe,22,5,1,0.3638317297649153
24,phase_wipe,22,6,1,0.3638317297649153
24,phase_wipe,22,7,1,0.3638317297649153
24,phase_wipe,23,0,1,0.36383172614346554
24,phase_wipe,23,1,1,0.36383172614346554
24,phase_wipe,23,2,1,0.36383172614346554
24,phase_wipe,23,3,1,0.36383172614346554
24,phase_wipe,23,4,1,0.36383172614346554
24,phase_wipe,23,5,1,0.36383172614346554
24,phase_wipe,23,6,1,0.36383172614346554
24,phase_wipe,23,7,1,0.36383172614346554
24,dropout_50,0,0,1,0.35995597997289014
24,dropout_50,0,1,1,0.36321863843871643
24,dropout_50,0,2,1,0.36248211415422954
24,dropout_50,0,3,1,0.3620797134331908
24,dropout_50,0,4,1,0.36333135604850997
24,dropout_50,0,5,1,0.3628674318010644
24,dropout_50,0,6,1,0.3617580354268999
24,dropout_50,0,7,1,0.3628158799467008
24,dropout_50,1,0,1,0.3629722813164119
24,dropout_50,1,1,1,0.3627003646405972
24,dropout_50,1,2,1,0.3622680805792577
24,dropout_50,1,3,1,0.3626965745098926
24,dropout_50,1,4,1,0.3633366561429021
24,dropout_50,1,5,1,0.3626621059281785
24,dropout_50,1,6,1,0.36286577433387984
24,dropout_50,1,7,1,0.3629283679124764
24,dropout_50,2,0,1,0.3629976476409006
24,dropout_50,2,1,1,0.36241379847739796
24,dropout_50,2,2,1,0.3632939136220349
24,dropout_50,2,3,1,0.3619393809998132
24,dropout_50,2,4,1,0.3633800033352386
24,dropout_50,2,5,1,0.361254290325235
24,dropout_50,2,6,1,0.3624442534599744
24,dropout_50,2,7,1,0.3627347805415951
24,dropout_50,3,0,1,0.36226518933141755
24,dropout_50,3,1,1,0.3619423625234371
24,dropout_50,3,2,1,0.34941738422384483
24,dropout_50,3,3,1,0.36237505190055824
24,dropout_50,3,4,1,0.3631944257006527
24,dropout_50,3,5,1,0.36237732693525093
24,dropout_50,3,6,1,0.3625829425805597
24,dropout_50,3,7,1,0.36099269507992854
24,dropout_50,4,0,1,0.3631598548278978
24,dropout_50,4,1,1,0.3631143292080713
24,dropout_50,4,2,1,0.362053739496922
24,dropout_50,4,3,1,0.36203533336783583
24,dropout_50,4,4,1,0.3629158354675436
24,dropout_50,4,5,1,0.36271323080499895
24,dropout_50,4,6,1,0.3632765730409155
24,dropout_50,4,7,1,0.36259047336010386
24,dropout_50,5,0,1,0.3627144970629195
24,dropout_50,5,1,1,0.3625995978272755
24,dropout_50,5,2,1,0.3619684692302697
24,dropout_50,5,3,1,0.3630966155446616
24,dropout_50,5,4,1,0.36039618038293164
24,dropout_50,5,5,1,0.36218613601288535
24,dropout_50,5,6,1,0.359345867576218
24,dropout_50,5,7,1,0.3626685629311388
24,dropout_50,6,0,1,0.3633725764406995
24,dropout_50,6,1,1,0.3624169993850141
24,dropout_50,6,2,1,0.363615807210299
24,dropout_50,6,3,1,0.3618287587935809
24,dropout_50,6,4,1,0.36025301823298417
24,dropout_50,6,5,1,0.361442165495298
24,dropout_50,6,6,1,0.3636980508161718
24,dropout_50,6,7,1,0.3494062494698108
24,dropout_50,7,0,1,0.3619467322713371
24,dropout_50,7,1,1,0.3631826978335228
24,dropout_50,7,2,1,0.36343771264459157
24,dropout_50,7,3,1,0.3625802134626746
24,dropout_50,7,4,1,0.36003334030382134
24,dropout_50,7,5,1,0.36261521095232246
24,dropout_50,7,6,1,0.3634093270719817
24,dropout_50,7,7,1,0.3623671157606139
24,dropout_50,8,0,1,0.3637276497639108
24,dropout_50,8,1,1,0.3635348451036201
24,dropout_50,8,2,1,0.3635599897288655
24,dropout_50,8,3,1,0.36216561934374597
24,dropout_50,8,4,1,0.36049388204340765
24,dropout_50,8,5,1,0.35979598686428366
24,dropout_50,8,6,1,0.36090827680158566
24,dropout_50,8,7,1,0.3636339517387162
24,dropout_50,9,0,1,0.3631110165515142
24,dropout_50,9,1,1,0.36274139983539505
24,dropout_50,9,2,1,0.3633335015679059
24,dropout_50,9,3,1,0.363443732921157
24,dropout_50,9,4,1,0.3623173863497156
24,dropout_50,9,5,1,0.3630136926695254
24,dropout_50,9,6,1,0.3636460273079481
24,dropout_50,9,7,1,0.3616519214639443
24,dropout_50,10,0,1,0.3621189731651117
24,dropout_50,10,1,1,0.3619424534448382
24,dropout_50,10,2,1,0.36350979207248696
24,dropout_50,10,3,1,0.36363648791019754
24,dropout_50,10,4,1,0.3631702242365881
24,dropout_50,10,5,1,0.3623683634285014
24,dropout_50,10,6,1,0.36244861547864415
24,dropout_50,10,7,1,0.36071670893455005
24,dropout_50,11,0,1,0.36312907732200383
24,dropout_50,11,1,1,0.3621358072533207
24,dropout_50,11,2,1,0.36170528668316987
24,dropout_50,11,3,1,0.3626694347672449
24,dropout_50,11,4,1,0.3627962591960047
24,dropout_50,11,5,1,0.362316696274062
24,dropout_50,11,6,1,0.363217757936619
24,dropout_50,11,7,1,0.3618534491691285
24,dropout_50,12,0,1,0.36274628500314265
24,dropout_50,12,1,1,0.36258846330787836
24,dropout_50,12,2,1,0.3631053302734842
24,dropout_50,12,3,1,0.3614013643225341
24,dropout_50,12,4,1,0.36347229369569917
24,dropout_50,12,5,1,0.36325098455870997
24,dropout_50,12,6,1,0.3629596067450468
24,dropout_50,12,7,1,0.3631758603794854
24,dropout_50,13,0,1,0.3627047140271516
24,dropout_50,13,1,1,0.36301187845802296
24,dropout_50,13,2,1,0.36328422780438874
24,dropout_50,13,3,1,0.3636133486206172
24,dropout_50,13,4,1,0.3632335192047263
24,dropout_50,13,5,1,0.36215202830816484
24,dropout_50,13,6,1,0.3629470278505655
24,dropout_50,13,7,1,0.36289906564963986
24,dropout_50,14,0,1,0.36333503016613306
24,dropout_50,14,1,1,0.3609748206842788
24,dropout_50,14,2,1,0.3629673128795446
24,dropout_50,14,3,1,0.3634420709148113
24,dropout_50,14,4,1,4.2293912946855805e-07
24,dropout_50,14,5,1,0.36347387278269105
24,dropout_50,14,6,1,0.3627771934532362
24,dropout_50,14,7,1,0.36266545812755213
24,dropout_50,15,0,1,0.36136588686013793
24,dropout_50,15,1,1,0.3612590043526414
24,dropout_50,15,2,1,0.36322971072146
24,dropout_50,15,3,1,0.3615604345342036
24,dropout_50,15,4,1,0.3618048177402821
24,dropout_50,15,5,1,0.3636344144615941
24,dropout_50,15,6,1,0.36278901476582515
24,dropout_50,15,7,1,0.36282680055896865
24,dropout_50,16,0,1,0.3607412480286625
24,dropout_50,16,1,1,0.3626781919624766
24,dropout_50,16,2,1,0.3632783097209125
24,dropout_50,16,3,1,0.3625423643489577
24,dropout_50,16,4,1,0.36216746202515754
24,dropout_50,16,5,1,0.3629362397210229
24,dropout_50,16,6,1,0.361596281100084
24,dropout_50,16,7,1,0.3626068707311765
24,dropout_50,17,0,1,0.36331007089044465
24,dropout_50,17,1,1,0.3632661133228289
24,dropout_50,17,2,1,0.36276020272525705
24,dropout_50,17,3,1,0.360510869163615
24,dropout_50,17,4,1,0.36043174081357704
24,dropout_50,17,5,1,0.36272284903932067
24,dropout_50,17,6,1,0.3628248739964224
24,dropout_50,17,7,1,0.36344126509536423
24,dropout_50,18,0,1,0.36268040235221616
24,dropout_50,18,1,1,0.36132450376693054
24,dropout_50,18,2,1,0.36180663923603423
24,dropout_50,18,3,1,0.3609144084790163
24,dropout_50,18,4,1,0.36045298802592535
24,dropout_50,18,5,1,0.3634493099599713
24,dropout_50,18,6,1,0.3619596012847175
24,dropout_50,18,7,1,0.36084662486439373
24,dropout_50,19,0,1,0.3636100753891457
24,dropout_50,19,1,1,0.36134613080465844
24,dropout_50,19,2,1,0.36311264302515345
24,dropout_50,19,3,1,0.36309918779825434
24,dropout_50,19,4,1,0.3624425455285738
24,dropout_50,19,5,1,0.36280223803327427
24,dropout_50,19,6,1,0.3633327266132739
24,dropout_50,19,7,1,0.36028136746666745
24,dropout_50,20,0,1,0.36322919403865483
24,dropout_50,20,1,1,0.36373815996012043
24,dropout_50,20,2,1,0.3624168373427876
24,dropout_50,20,3,1,0.36291230809071406
24,dropout_50,20,4,1,0.36288821216101935
24,dropout_50,20,5,1,0.3630522586997466
24,dropout_50,20,6,1,0.36337509910726096
24,dropout_50,20,7,1,0.3630337314524782
24,dropout_50,21,0,1,0.36308627567798574
24,dropout_50,21,1,1,0.3630771189827399
24,dropout_50,21,2,1,0.3630277403172291
24,dropout_50,21,3,1,0.3629003781068521
24,dropout_50,21,4,1,0.362232865049189
24,dropout_50,21,5,1,0.3631793215373936
24,dropout_50,21,6,1,0.36245672239418736
24,dropout_50,21,7,1,0.3626839929167435
24,dropout_50,22,0,1,0.36237366804341
24,dropout_50,22,1,1,0.3627542933468915
24,dropout_50,22,2,1,0.36066761488175303
24,dropout_50,22,3,1,0.3616618216445084
24,dropout_50,22,4,1,0.3636133345917286
24,dropout_50,22,5,1,0.3627570040380523
24,dropout_50,22,6,1,0.3612767027443539
24,dropout_50,22,7,1,0.3628398031553861
24,dropout_50,23,0,1,0.3627533870304079
24,dropout_50,23,1,1,0.3627545701743512
24,dropout_50,23,2,1,0.3629842406016175
24,dropout_50,23,3,1,0.3619423545125503
24,dropout_50,23,4,1,0.3612716514781905
24,dropout_50,23,5,1,0.36324910739850763
24,dropout_50,23,6,1,0.36101228428700494
24,dropout_50,23,7,1,0.3619308762690351
24,amp_noise,0,0,1,0.31644862256043005
24,amp_noise,0,1,1,0.33892085225030133
24,amp_noise,0,2,1,0.34051177775819075
24,amp_noise,0,3,1,1.952197345259088e-05
24,amp_noise,0,4,1,0.3330082497973416
24,amp_noise,0,5,1,0.3218009890314124
24,amp_noise,0,6,1,0.3439349464985818
24,amp_noise,0,7,1,0.3097940301528837
24,amp_noise,1,0,1,0.31923386614614985
24,amp_noise,1,1,1,0.31911490285079436
24,amp_noise,1,2,1,0.3380492125724766
24,amp_noise,1,3,1,0.3423338493494778
24,amp_noise,1,4,1,0.3111675020314181
24,amp_noise,1,5,1,0.3148831871310892
24,amp_noise,1,6,1,0.33370120250370044
24,amp_noise,1,7,1,0.2794147546224742
24,amp_noise,2,0,1,0.3503074173868625
24,amp_noise,2,1,1,0.32427731081508393
24,amp_noise,2,2,1,0.33357746332257443
24,amp_noise,2,3,1,0.3319955545555731
24,amp_noise,2,4,1,0.32113735670383153
24,amp_noise,2,5,1,0.3464239785768051
24,amp_noise,2,6,1,0.30142113475942395
24,amp_noise,2,7,1,0.3340530611171045
24,amp_noise,3,0,0,0.021557325189705878
24,amp_noise,3,1,1,0.3340727948407857
24,amp_noise,3,2,1,0.2646995702636625
24,amp_noise,3,3,1,0.3491117356607134
24,amp_noise,3,4,1,0.3192678716839865
24,amp_noise,3,5,1,0.34556384626883757
24,amp_noise,3,6,1,0.3215197165799303
24,amp_noise,3,7,1,0.3358721511918428
24,amp_noise,4,0,1,0.3458267914999247
24,amp_noise,4,1,1,0.33429536665863663
24,amp_noise,4,2,1,0.2998603292642675
24,amp_noise,4,3,1,0.3487869798422296
24,amp_noise,4,4,0,1.4614471178231447e-06
24,amp_noise,4,5,1,0.33318605830836856
24,amp_noise,4,6,1,0.3404402587195746
24,amp_noise,4,7,1,0.32930653380841357
24,amp_noise,5,0,1,0.34769450134904567
24,amp_noise,5,1,1,0.34744018935427
24,amp_noise,5,2,1,0.2723201703997371
24,amp_noise,5,3,1,0.31714539901922445
24,amp_noise,5,4,1,0.31002462550637944
24,amp_noise,5,5,1,0.28109861301606975
24,amp_noise,5,6,1,0.3234219481253681
24,amp_noise,5,7,1,0.3445560420964625
24,amp_noise,6,0,1,0.3335448040763467
24,amp_noise,6,1,1,0.3299584638308067
24,amp_noise,6,2,1,0.2999622209199717
24,amp_noise,6,3,1,0.32589217457101477
24,amp_noise,6,4,1,0.33725006526638657
24,amp_noise,6,5,1,0.3189240190498412
24,amp_noise,6,6,1,0.277458589005613
24,amp_noise,6,7,1,0.31200658003719484
24,amp_noise,7,0,1,0.34022274395770435
24,amp_noise,7,1,1,0.3432820334602731
24,amp_noise,7,2,1,0.32113129346607944
24,amp_noise,7,3,1,0.3341448093178593
24,amp_noise,7,4,1,0.26481733062618806
24,amp_noise,7,5,1,0.2494674756298682
24,amp_noise,7,6,1,0.3433323309967296
24,amp_noise,7,7,1,0.27361506295402177
24,amp_noise,8,0,1,0.33711668270788125
24,amp_noise,8,1,1,2.9900500015500597e-05
24,amp_noise,8,2,1,0.02175240741748055
24,amp_noise,8,3,1,9.114705899454512e-06
24,amp_noise,8,4,1,0.318940071077776
24,amp_noise,8,5,1,0.32053745439712455
24,amp_noise,8,6,1,0.33607501320110217
24,amp_noise,8,7,1,0.28466068471672623
24,amp_noise,9,0,1,0.319064535402549
24,amp_noise,9,1,1,0.3373605962034109
24,amp_noise,9,2,1,0.3301447810021867
24,amp_noise,9,3,1,0.34403656086360923
24,amp_noise,9,4,1,0.3251955226745023
24,amp_noise,9,5,1,0.02110808831855787
24,amp_noise,9,6,1,0.30822446279917115
24,amp_noise,9,7,1,0.30868179285238406
24,amp_noise,10,0,1,0.2983625869166671
24,amp_noise,10,1,1,0.352797529504698
24,amp_noise,10,2,1,0.28288025578275666
24,amp_noise,10,3,1,0.2885507137777884
24,amp_noise,10,4,1,0.3198073490437624
24,amp_noise,10,5,1,0.32816225482438477
24,amp_noise,10,6,1,0.3204326992649127
24,amp_noise,10,7,1,0.3080035333085701
24,amp_noise,11,0,1,0.34641615570170253
24,amp_noise,11,1,1,0.3407255831913972
24,amp_noise,11,2,1,0.31845776151100885
24,amp_noise,11,3,1,0.3020824440603024
24,amp_noise,11,4,1,0.3367371104537319
24,amp_noise,11,5,1,0.3189829914515106
24,amp_noise,11,6,1,0.32804246996565334
24,amp_noise,11,7,1,0.3049592668880528
24,amp_noise,12,0,1,0.34825889830702134
24,amp_noise,12,1,1,0.26298912380396944
24,amp_noise,12,2,1,0.31969086819049986
24,amp_noise,12,3,1,0.28627312151750756
24,amp_noise,12,4,1,0.34344987156580753
24,amp_noise,12,5,1,0.29241264498084635
24,amp_noise,12,6,0,3.595981723855668e-05
24,amp_noise,12,7,1,0.31584910016496115
24,amp_noise,13,0,0,9.164120962079636e-09
24,amp_noise,13,1,1,0.3137565718165044
24,amp_noise,13,2,1,0.29877351711334693
24,amp_noise,13,3,1,0.32115807614589564
24,amp_noise,13,4,1,0.32071407537936136
24,amp_noise,13,5,1,0.2870544793203257
24,amp_noise,13,6,1,0.2971415661756395
24,amp_noise,13,7,1,0.33962415819282665
24,amp_noise,14,0,1,0.33857062631101714
24,amp_noise,14,1,1,0.3272114352289793
24,amp_noise,14,2,1,0.3518292016075481
24,amp_noise,14,3,1,0.3133367307399675
24,amp_noise,14,4,1,0.31087129870753466
24,amp_noise,14,5,1,0.2547757273564714
24,amp_noise,14,6,0,0.29972914543673884
24,amp_noise,14,7,1,0.33600380261399887
24,amp_noise,15,0,0,1.6424413805671279e-06
24,amp_noise,15,1,0,0.01693240716320568
24,amp_noise,15,2,1,0.29485459980286
24,amp_noise,15,3,1,0.277094403008041
24,amp_noise,15,4,1,0.3256456708046039
24,amp_noise,15,5,1,0.32872181389046157
24,amp_noise,15,6,1,0.3408773976763325
24,amp_noise,15,7,1,0.24190536925417122
24,amp_noise,16,0,1,0.34536009400755113
24,amp_noise,16,1,1,0.3248683323598118
24,amp_noise,16,2,1,0.33016841627539195
24,amp_noise,16,3,1,0.3206767525852239
24,amp_noise,16,4,1,0.3484163075634231
24,amp_noise,16,5,1,0.28066663500864036
24,amp_noise,16,6,1,0.3496316881596522
24,amp_noise,16,7,1,0.3338668283284647
24,amp_noise,17,0,1,0.3484891220475911
24,amp_noise,17,1,1,2.146263148192218e-05
24,amp_noise,17,2,1,0.32277323800475494
24,amp_noise,17,3,0,2.5870273467260008e-05
24,amp_noise,17,4,1,0.3019190728613635
24,amp_noise,17,5,1,0.346716032715667
24,amp_noise,17,6,1,0.3074436431923429
24,amp_noise,17,7,1,0.2980180798041264
24,amp_noise,18,0,1,0.3072303997947691
24,amp_noise,18,1,1,0.2919320368416396
24,amp_noise,18,2,1,0.3594965394185767
24,amp_noise,18,3,1,0.3113967538716647
24,amp_noise,18,4,1,0.3425263525800991
24,amp_noise,18,5,1,0.3277309832355616
24,amp_noise,18,6,1,0.35328757888618717
24,amp_noise,18,7,1,0.3279278074206105
24,amp_noise,19,0,1,0.017071976050576088
24,amp_noise,19,1,1,0.32159755244262606
24,amp_noise,19,2,1,0.32940021674050535
24,amp_noise,19,3,1,0.33326598576365657
24,amp_noise,19,4,1,0.316691797909968
24,amp_noise,19,5,1,0.3243847368875994
24,amp_noise,19,6,1,0.3064063755008561
24,amp_noise,19,7,1,0.30239837111065193
24,amp_noise,20,0,1,0.29667940213882893
24,amp_noise,20,1,1,0.29986519162866354
24,amp_noise,20,2,1,0.31956438851015695
24,amp_noise,20,3,1,0.015924756722502015
24,amp_noise,20,4,1,0.32779147940994985
24,amp_noise,20,5,1,0.3003364337403095
24,amp_noise,20,6,1,0.3152127346908057
24,amp_noise,20,7,1,0.34903045231421603
24,amp_noise,21,0,1,3.054874793786966e-05
24,amp_noise,21,1,1,0.3197896703291033
24,amp_noise,21,2,1,0.345615162726814
24,amp_noise,21,3,1,0.3286991959413258
24,amp_noise,21,4,1,0.3015721656737867
24,amp_noise,21,5,1,0.35040244134235843
24,amp_noise,21,6,1,0.3514467255600532
24,amp_noise,21,7,1,0.3564640285298655
24,amp_noise,22,0,1,0.342248483820624
24,amp_noise,22,1,1,0.29189878374169903
24,amp_noise,22,2,1,0.29631612999242146
24,amp_noise,22,3,1,0.31773239574565465
24,amp_noise,22,4,1,0.3019309756891281
24,amp_noise,22,5,1,0.3063623475884938
24,amp_noise,22,6,1,0.31713304002361564
24,amp_noise,22,7,1,0.35570241933487345
24,amp_noise,23,0,1,0.33182685775208076
24,amp_noise,23,1,1,0.3500346960880977
24,amp_noise,23,2,1,0.34029083251542175
24,amp_noise,23,3,1,0.3032116828364684
24,amp_noise,23,4,1,0.32315319566432993
24,amp_noise,23,5,1,0.3381497828630225
24,amp_noise,23,6,1,0.2988854763297233
24,amp_noise,23,7,1,0.33492217107887523
24,mixed,0,0,1,0.32927879462660253
24,mixed,0,1,1,0.3456982736201912
24,mixed,0,2,1,0.3470360646198593
24,mixed,0,3,1,1.4672873662219255e-05
24,mixed,0,4,1,0.3417551059124603
24,mixed,0,5,1,0.3327154233702647
24,mixed,0,6,1,0.34666269616419404
24,mixed,0,7,1,0.3238760328147948
24,mixed,1,0,1,0.33103400840519304
24,mixed,1,1,1,0.33087079663337793
24,mixed,1,2,1,0.3087178132914257
24,mixed,1,3,1,0.3199944911332333
24,mixed,1,4,1,0.3252188168630676
24,mixed,1,5,1,0.328281632961506
24,mixed,1,6,1,0.341949470745428
24,mixed,1,7,1,0.33987368490066405
24,mixed,2,0,1,0.35396053452226844
24,mixed,2,1,1,0.3354645498603623
24,mixed,2,2,1,0.34157067027891774
24,mixed,2,3,1,0.340847240871366
24,mixed,2,4,1,0.3329327796239604
24,mixed,2,5,1,0.3354345414956475
24,mixed,2,6,1,0.31777971500531893
24,mixed,2,7,1,0.3423023282487231
24,mixed,3,0,1,0.2812578954665827
24,mixed,3,1,1,0.34226560361197317
24,mixed,3,2,1,0.3177276233731606
24,mixed,3,3,1,0.34925936830470394
24,mixed,3,4,1,0.33044332136335186
24,mixed,3,5,1,0.331187836674997
24,mixed,3,6,1,0.33316238956421734
24,mixed,3,7,1,0.3437394436454403
24,mixed,4,0,1,0.3475657795337635
24,mixed,4,1,1,0.3423824671406852
24,mixed,4,2,1,0.31679049261839687
24,mixed,4,3,1,0.34987199541375347
24,mixed,4,4,1,0.337352847102837
24,mixed,4,5,1,0.34164107005279465
24,mixed,4,6,1,0.34691694078927554
24,mixed,4,7,1,0.33882192600849165
24,mixed,5,0,1,0.283150467221444
24,mixed,5,1,1,0.34842077202708727
24,mixed,5,2,1,0.32830479828940407
24,mixed,5,3,1,0.3297401719670461
24,mixed,5,4,1,0.32398608803821977
24,mixed,5,5,1,0.28356282797945787
24,mixed,5,6,1,0.3341701912552733
24,mixed,5,7,1,0.34688896360718646
24,mixed,6,0,1,0.3418276060802399
24,mixed,6,1,1,0.3393790061304545
24,mixed,6,2,1,0.3166355725028022
24,mixed,6,3,1,0.3362026626047369
24,mixed,6,4,1,0.34458811780137344
24,mixed,6,5,1,0.3312953136496446
24,mixed,6,6,1,0.3362645762769197
24,mixed,6,7,1,0.34548568545857594
24,mixed,7,0,1,0.3138975329609603
24,mixed,7,1,1,0.34622870832631003
24,mixed,7,2,1,0.33252145289982504
24,mixed,7,3,1,0.34204852832089766
24,mixed,7,4,1,0.2687987982976663
24,mixed,7,5,1,0.302958660347732
24,mixed,7,6,1,0.34895152643648614
24,mixed,7,7,1,0.33004083191435696
24,mixed,8,0,1,0.3444081205797408
24,mixed,8,1,1,0.3386032486161869
24,mixed,8,2,1,0.34163925109247195
24,mixed,8,3,1,0.3476393967914824
24,mixed,8,4,1,0.33130740784170526
24,mixed,8,5,1,0.33240055804238167
24,mixed,8,6,1,0.3437399473757053
24,mixed,8,7,1,0.34215549837913894
24,mixed,9,0,1,0.33167550923234795
24,mixed,9,1,1,0.3449472200592168
24,mixed,9,2,1,0.3395235226011854
24,mixed,9,3,1,0.3496198036303667
24,mixed,9,4,1,0.3357382310534125
24,mixed,9,5,1,0.3232344955653304
24,mixed,9,6,1,0.3233524457728383
24,mixed,9,7,1,0.32310399110346083
24,mixed,10,0,1,0.31581636580609274
24,mixed,10,1,1,0.35594101122401867
24,mixed,10,2,1,0.33886978746532603
24,mixed,10,3,1,0.35262528101074486
24,mixed,10,4,1,0.3319445878882536
24,mixed,10,5,1,0.33799628208698157
24,mixed,10,6,1,0.3319984441985125
24,mixed,10,7,1,0.3227147275141474
24,mixed,11,0,1,0.35168100796569146
24,mixed,11,1,1,0.3472916287516941
24,mixed,11,2,1,0.3304465059819528
24,mixed,11,3,1,0.31840540959361047
24,mixed,11,4,1,0.34495699497714577
24,mixed,11,5,1,0.33080051813744105
24,mixed,11,6,1,0.3380723882287062
24,mixed,11,7,1,0.3205190986312331
24,mixed,12,0,1,0.35269253116089094
24,mixed,12,1,1,0.32623358933358915
24,mixed,12,2,1,0.331223720384657
24,mixed,12,3,1,0.34554407404173443
24,mixed,12,4,1,0.3489427706292454
24,mixed,12,5,1,0.31081194890076447
24,mixed,12,6,1,0.32803535446870485
24,mixed,12,7,1,0.3287731563333831
24,mixed,13,0,1,2.3513243174733134e-07
24,mixed,13,1,1,0.3275149383421388
24,mixed,13,2,1,0.3157085999904823
24,mixed,13,3,1,0.33229629584272335
24,mixed,13,4,1,0.33259658872465686
24,mixed,13,5,1,0.3485517160426552
24,mixed,13,6,1,0.3148150207303966
24,mixed,13,7,1,0.34663750139500327
24,mixed,14,0,1,0.3455723978631683
24,mixed,14,1,1,0.3372023545999578
24,mixed,14,2,1,0.3550069481065216
24,mixed,14,3,1,0.32747795928593487
24,mixed,14,4,1,0.32505714317071727
24,mixed,14,5,0,9.703545635481037e-06
24,mixed,14,6,1,0.33514666414973804
24,mixed,14,7,1,0.34401920466402136
24,mixed,15,0,1,0.3487356077514811
24,mixed,15,1,0,5.6330785956903995e-06
24,mixed,15,2,1,0.3132591480629009
24,mixed,15,3,1,0.2986684088446971
24,mixed,15,4,1,0.3353459604396216
24,mixed,15,5,1,0.33837325741449564
24,mixed,15,6,1,0.3471677213790631
24,mixed,15,7,1,0.2891983071420944
24,mixed,16,0,1,0.35049192245653943
24,mixed,16,1,1,0.33552073387556
24,mixed,16,2,1,0.33944866508196686
24,mixed,16,3,1,0.3323787310216885
24,mixed,16,4,1,0.3310942948443848
24,mixed,16,5,1,0.3100978024654483
24,mixed,16,6,1,0.3384275433981061
24,mixed,16,7,1,0.3422742878279757
24,mixed,17,0,1,0.3310960776567874
24,mixed,17,1,1,0.34352069596889945
24,mixed,17,2,1,0.33492306451459963
24,mixed,17,3,1,0.34247025496009503
24,mixed,17,4,1,0.3383587752780309
24,mixed,17,5,1,0.3243830503969087
24,mixed,17,6,1,0.3512973825083515
24,mixed,17,7,1,0.3321972452014794
24,mixed,18,0,1,0.3501530636462742
24,mixed,18,1,1,0.3110051241268028
24,mixed,18,2,1,0.35725462945278774
24,mixed,18,3,1,0.3254608339195757
24,mixed,18,4,1,0.3476949824773347
24,mixed,18,5,1,0.33768472442429864
24,mixed,18,6,1,0.3561250708311705
24,mixed,18,7,1,0.33710252908639343
24,mixed,19,0,1,0.34702615296948874
24,mixed,19,1,1,0.33328138477277985
24,mixed,19,2,1,0.3390826958942329
24,mixed,19,3,1,0.34164790432334874
24,mixed,19,4,1,0.32997083776975755
24,mixed,19,5,1,0.33501696480191134
24,mixed,19,6,1,0.34804516868010194
24,mixed,19,7,1,0.3184273896766807
24,mixed,20,0,1,0.3298719859398122
24,mixed,20,1,1,0.33487152629270167
24,mixed,20,2,1,0.3315838117951343
24,mixed,20,3,0,4.722980937094112e-06
24,mixed,20,4,1,0.3369777324009905
24,mixed,20,5,1,0.30445981144003614
24,mixed,20,6,1,0.32872094271349944
24,mixed,20,7,1,0.34947129553982376
24,mixed,21,0,1,0.33480825232879774
24,mixed,21,1,1,0.33207883796635596
24,mixed,21,2,1,0.350498350099798
24,mixed,21,3,1,0.33773016811372447
24,mixed,21,4,1,0.31756068852135
24,mixed,21,5,1,0.34363189570591224
24,mixed,21,6,1,0.35564030089642895
24,mixed,21,7,1,0.33793929064331024
24,mixed,22,0,1,0.34838557684557075
24,mixed,22,1,1,0.310324231191745
24,mixed,22,2,1,0.31389404565299667
24,mixed,22,3,1,0.33058967629908526
24,mixed,22,4,1,0.3385082999352434
24,mixed,22,5,1,0.32089630655081375
24,mixed,22,6,1,0.3298397922856569
24,mixed,22,7,1,0.334437032303272
24,mixed,23,0,1,0.34114562126463094
24,mixed,23,1,1,0.3538232568564229
24,mixed,23,2,1,0.3471631397126691
24,mixed,23,3,1,0.3407743760654936
24,mixed,23,4,1,0.33454045424686923
24,mixed,23,5,1,0.34493084211828284
24,mixed,23,6,1,0.3330105299357242
24,mixed,23,7,1,0.34345488370951893
36,phase_wipe,0,0,1,0.23484187817541266
36,phase_wipe,0,1,1,0.23484187817541266
36,phase_wipe,0,2,1,0.23484187817541266
36,phase_wipe,0,3,1,0.23484187817541266
36,phase_wipe,0,4,1,0.23484187817541266
36,phase_wipe,0,5,1,0.23484187817541266
36,phase_wipe,0,6,1,0.23484187817541266
36,phase_wipe,0,7,1,0.23484187817541266
36,phase_wipe,1,0,1,0.23484184413674106
36,phase_wipe,1,1,1,0.23484184413674106
36,phase_wipe,1,2,1,0.23484184413674106
36,phase_wipe,1,3,1,0.23484184413674106
36,phase_wipe,1,4,1,0.23484184413674106
36,phase_wipe,1,5,1,0.23484184413674106
36,phase_wipe,1,6,1,0.23484184413674106
36,phase_wipe,1,7,1,0.23484184413674106
36,phase_wipe,2,0,1,0.23484189189817603
36,phase_wipe,2,1,1,0.23484189189817603
36,phase_wipe,2,2,1,0.23484189189817603
36,phase_wipe,2,3,1,0.23484189189817603
36,phase_wipe,2,4,1,0.23484189189817603
36,phase_wipe,2,5,1,0.23484189189817603
36,phase_wipe,2,6,1,0.23484189189817603
36,phase_wipe,2,7,1,0.23484189189817603
36,phase_wipe,3,0,1,0.23484186251839165
36,phase_wipe,3,1,1,0.23484186251839165
36,phase_wipe,3,2,1,0.23484186251839165
36,phase_wipe,3,3,1,0.23484186251839165
36,phase_wipe,3,4,1,0.23484186251839165
36,phase_wipe,3,5,1,0.23484186251839165
36,phase_wipe,3,6,1,0.23484186251839165
36,phase_wipe,3,7,1,0.23484186251839165
36,phase_wipe,4,0,1,0.2348418287241611
36,phase_wipe,4,1,1,0.2348418287241611
36,phase_wipe,4,2,1,0.2348418287241611
36,phase_wipe,4,3,1,0.2348418287241611
36,phase_wipe,4,4,1,0.2348418287241611
36,phase_wipe,4,5,1,0.2348418287241611
36,phase_wipe,4,6,1,0.2348418287241611
36,phase_wipe,4,7,1,0.2348418287241611
36,phase_wipe,5,0,1,0.23484187614539304
36,phase_wipe,5,1,1,0.23484187614539304
36,phase_wipe,5,2,1,0.23484187614539304
36,phase_wipe,5,3,1,0.23484187614539304
36,phase_wipe,5,4,1,0.23484187614539304
36,phase_wipe,5,5,1,0.23484187614539304
36,phase_wipe,5,6,1,0.23484187614539304
36,phase_wipe,5,7,1,0.23484187614539304
36,phase_wipe,6,0,1,0.23484188457596472
36,phase_wipe,6,1,1,0.23484188457596472
36,phase_wipe,6,2,1,0.23484188457596472
36,phase_wipe,6,3,1,0.23484188457596472
36,phase_wipe,6,4,1,0.23484188457596472
36,phase_wipe,6,5,1,0.23484188457596472
36,phase_wipe,6,6,1,0.23484188457596472
36,phase_wipe,6,7,1,0.23484188457596472
36,phase_wipe,7,0,1,0.2348418504395297
36,phase_wipe,7,1,1,0.2348418504395297
36,phase_wipe,7,2,1,0.2348418504395297
36,phase_wipe,7,3,1,0.2348418504395297
36,phase_wipe,7,4,1,0.2348418504395297
36,phase_wipe,7,5,1,0.2348418504395297
36,phase_wipe,7,6,1,0.2348418504395297
36,phase_wipe,7,7,1,0.2348418504395297
36,phase_wipe,8,0,1,0.23484187817541266
36,phase_wipe,8,1,1,0.23484187817541266
36,phase_wipe,8,2,1,0.23484187817541266
36,phase_wipe,8,3,1,0.23484187817541266
36,phase_wipe,8,4,1,0.23484187817541266
36,phase_wipe,8,5,1,0.23484187817541266
36,phase_wipe,8,6,1,0.23484187817541266
36,phase_wipe,8,7,1,0.23484187817541266
36,phase_wipe,9,0,1,0.23484184413674106
36,phase_wipe,9,1,1,0.23484184413674106
36,phase_wipe,9,2,1,0.23484184413674106
36,phase_wipe,9,3,1,0.23484184413674106
36,phase_wipe,9,4,1,0.23484184413674106
36,phase_wipe,9,5,1,0.23484184413674106
36,phase_wipe,9,6,1,0.23484184413674106
36,phase_wipe,9,7,1,0.23484184413674106
36,phase_wipe,10,0,1,0.23484189189817603
36,phase_wipe,10,1,1,0.23484189189817603
36,phase_wipe,10,2,1,0.23484189189817603
36,phase_wipe,10,3,1,0.23484189189817603
36,phase_wipe,10,4,1,0.23484189189817603
36,phase_wipe,10,5,1,0.23484189189817603
36,phase_wipe,10,6,1,0.23484189189817603
36,phase_wipe,10,7,1,0.23484189189817603
36,phase_wipe,11,0,1,0.23484186251839165
36,phase_wipe,11,1,1,0.23484186251839165
36,phase_wipe,11,2,1,0.23484186251839165
36,phase_wipe,11,3,1,0.23484186251839165
36,phase_wipe,11,4,1,0.23484186251839165
36,phase_wipe,11,5,1,0.23484186251839165
36,phase_wipe,11,6,1,0.23484186251839165
36,phase_wipe,11,7,1,0.23484186251839165
36,phase_wipe,12,0,1,0.2348418287241611
36,phase_wipe,12,1,1,0.2348418287241611
36,phase_wipe,12,2,1,0.2348418287241611
36,phase_wipe,12,3,1,0.2348418287241611
36,phase_wipe,12,4,1,0.2348418287241611
36,phase_wipe,12,5,1,0.2348418287241611
36,phase_wipe,12,6,1,0.2348418287241611
36,phase_wipe,12,7,1,0.2348418287241611
36,phase_wipe,13,0,1,0.23484187614539304
36,phase_wipe,13,1,1,0.23484187614539304
36,phase_wipe,13,2,1,0.23484187614539304
36,phase_wipe,13,3,1,0.23484187614539304
36,phase_wipe,13,4,1,0.23484187614539304
36,phase_wipe,13,5,1,0.23484187614539304
36,phase_wipe,13,6,1,0.23484187614539304
36,phase_wipe,13,7,1,0.23484187614539304
36,phase_wipe,14,0,1,0.23484188457596472
36,phase_wipe,14,1,1,0.23484188457596472
36,phase_wipe,14,2,1,0.23484188457596472
36,phase_wipe,14,3,1,0.23484188457596472
36,phase_wipe,14,4,1,0.23484188457596472
36,phase_wipe,14,5,1,0.23484188457596472
36,phase_wipe,14,6,1,0.23484188457596472
36,phase_wipe,14,7,1,0.23484188457596472
36,phase_wipe,15,0,1,0.2348418504395297
36,phase_wipe,15,1,1,0.2348418504395297
36,phase_wipe,15,2,1,0.2348418504395297
36,phase_wipe,15,3,1,0.2348418504395297
36,phase_wipe,15,4,1,0.2348418504395297
36,phase_wipe,15,5,1,0.2348418504395297
36,phase_wipe,15,6,1,0.2348418504395297
36,phase_wipe,15,7,1,0.2348418504395297
36,phase_wipe,16,0,1,0.23484212384782446
36,phase_wipe,16,1,1,0.23484212384782446
36,phase_wipe,16,2,1,0.23484212384782446
36,phase_wipe,16,3,1,0.23484212384782446
36,phase_wipe,16,4,1,0.23484212384782446
36,phase_wipe,16,5,1,0.23484212384782446
36,phase_wipe,16,6,1,0.23484212384782446
36,phase_wipe,16,7,1,0.23484212384782446
36,phase_wipe,17,0,1,0.23484211824123805
36,phase_wipe,17,1,1,0.23484211824123805
36,phase_wipe,17,2,1,0.23484211824123805
36,phase_wipe,17,3,1,0.23484211824123805
36,phase_wipe,17,4,1,0.23484211824123805
36,phase_wipe,17,5,1,0.23484211824123805
36,phase_wipe,17,6,1,0.23484211824123805
36,phase_wipe,17,7,1,0.23484211824123805
36,phase_wipe,18,0,1,0.2348421260358665
36,phase_wipe,18,1,1,0.2348421260358665
36,phase_wipe,18,2,1,0.2348421260358665
36,phase_wipe,18,3,1,0.2348421260358665
36,phase_wipe,18,4,1,0.2348421260358665
36,phase_wipe,18,5,1,0.2348421260358665
36,phase_wipe,18,6,1,0.2348421260358665
36,phase_wipe,18,7,1,0.2348421260358665
36,phase_wipe,19,0,1,0.2348421231582648
36,phase_wipe,19,1,1,0.2348421231582648
36,phase_wipe,19,2,1,0.2348421231582648
36,phase_wipe,19,3,1,0.2348421231582648
36,phase_wipe,19,4,1,0.2348421231582648
36,phase_wipe,19,5,1,0.2348421231582648
36,phase_wipe,19,6,1,0.2348421231582648
36,phase_wipe,19,7,1,0.2348421231582648
36,phase_wipe,20,0,1,0.23484211756165374
36,phase_wipe,20,1,1,0.23484211756165374
36,phase_wipe,20,2,1,0.23484211756165374
36,phase_wipe,20,3,1,0.23484211756165374
36,phase_wipe,20,4,1,0.23484211756165374
36,phase_wipe,20,5,1,0.23484211756165374
36,phase_wipe,20,6,1,0.23484211756165374
36,phase_wipe,20,7,1,0.23484211756165374
36,phase_wipe,21,0,1,0.23484212534342275
36,phase_wipe,21,1,1,0.23484212534342275
36,phase_wipe,21,2,1,0.23484212534342275
36,phase_wipe,21,3,1,0.23484212534342275
36,phase_wipe,21,4,1,0.23484212534342275
36,phase_wipe,21,5,1,0.23484212534342275
36,phase_wipe,21,6,1,0.23484212534342275
36,phase_wipe,21,7,1,0.23484212534342275
36,phase_wipe,22,0,1,0.23484212412968833
36,phase_wipe,22,1,1,0.23484212412968833
36,phase_wipe,22,2,1,0.23484212412968833
36,phase_wipe,22,3,1,0.23484212412968833
36,phase_wipe,22,4,1,0.23484212412968833
36,phase_wipe,22,5,1,0.23484212412968833
36,phase_wipe,22,6,1,0.23484212412968833
36,phase_wipe,22,7,1,0.23484212412968833
36,phase_wipe,23,0,1,0.23484211851911851
36,phase_wipe,23,1,1,0.23484211851911851
36,phase_wipe,23,2,1,0.23484211851911851
36,phase_wipe,23,3,1,0.23484211851911851
36,phase_wipe,23,4,1,0.23484211851911851
36,phase_wipe,23,5,1,0.23484211851911851
36,phase_wipe,23,6,1,0.23484211851911851
36,phase_wipe,23,7,1,0.23484211851911851
36,phase_wipe,24,0,1,0.23484242133111596
36,phase_wipe,24,1,1,0.23484242133111596
36,phase_wipe,24,2,1,0.23484242133111596
36,phase_wipe,24,3,1,0.23484242133111596
36,phase_wipe,24,4,1,0.23484242133111596
36,phase_wipe,24,5,1,0.23484242133111596
36,phase_wipe,24,6,1,0.23484242133111596
36,phase_wipe,24,7,1,0.23484242133111596
36,phase_wipe,25,0,1,0.23484242029356603
36,phase_wipe,25,1,1,0.23484242029356603
36,phase_wipe,25,2,1,0.23484242029356603
36,phase_wipe,25,3,1,0.23484242029356603
36,phase_wipe,25,4,1,0.23484242029356603
36,phase_wipe,25,5,1,0.23484242029356603
36,phase_wipe,25,6,1,0.23484242029356603
36,phase_wipe,25,7,1,0.23484242029356603
36,phase_wipe,26,0,1,0.2348424215750319
36,phase_wipe,26,1,1,0.2348424215750319
36,phase_wipe,26,2,1,0.2348424215750319
36,phase_wipe,26,3,1,0.2348424215750319
36,phase_wipe,26,4,1,0.2348424215750319
36,phase_wipe,26,5,1,0.2348424215750319
36,phase_wipe,26,6,1,0.2348424215750319
36,phase_wipe,26,7,1,0.2348424215750319
36,phase_wipe,27,0,1,0.2348424213067325
36,phase_wipe,27,1,1,0.2348424213067325
36,phase_wipe,27,2,1,0.2348424213067325
36,phase_wipe,27,3,1,0.2348424213067325
36,phase_wipe,27,4,1,0.2348424213067325
36,phase_wipe,27,5,1,0.2348424213067325
36,phase_wipe,27,6,1,0.2348424213067325
36,phase_wipe,27,7,1,0.2348424213067325
36,phase_wipe,28,0,1,0.23484242026914265
36,phase_wipe,28,1,1,0.23484242026914265
36,phase_wipe,28,2,1,0.23484242026914265
36,phase_wipe,28,3,1,0.23484242026914265
36,phase_wipe,28,4,1,0.23484242026914265
36,phase_wipe,28,5,1,0.23484242026914265
36,phase_wipe,28,6,1,0.23484242026914265
36,phase_wipe,28,7,1,0.23484242026914265
36,phase_wipe,29,0,1,0.23484242155120014
36,phase_wipe,29,1,1,0.23484242155120014
36,phase_wipe,29,2,1,0.23484242155120014
36,phase_wipe,29,3,1,0.23484242155120014
36,phase_wipe,29,4,1,0.23484242155120014
36,phase_wipe,29,5,1,0.23484242155120014
36,phase_wipe,29,6,1,0.23484242155120014
36,phase_wipe,29,7,1,0.23484242155120014
36,phase_wipe,30,0,1,0.2348424213410444
36,phase_wipe,30,1,1,0.2348424213410444
36,phase_wipe,30,2,1,0.2348424213410444
36,phase_wipe,30,3,1,0.2348424213410444
36,phase_wipe,30,4,1,0.2348424213410444
36,phase_wipe,30,5,1,0.2348424213410444
36,phase_wipe,30,6,1,0.2348424213410444
36,phase_wipe,30,7,1,0.2348424213410444
36,phase_wipe,31,0,1,0.234842420303513
36,phase_wipe,31,1,1,0.234842420303513
36,phase_wipe,31,2,1,0.234842420303513
36,phase_wipe,31,3,1,0.234842420303513
36,phase_wipe,31,4,1,0.234842420303513
36,phase_wipe,31,5,1,0.234842420303513
36,phase_wipe,31,6,1,0.234842420303513
36,phase_wipe,31,7,1,0.234842420303513
36,phase_wipe,32,0,1,0.23484276173830965
36,phase_wipe,32,1,1,0.23484276173830965
36,phase_wipe,32,2,1,0.23484276173830965
36,phase_wipe,32,3,1,0.23484276173830965
36,phase_wipe,32,4,1,0.23484276173830965
36,phase_wipe,32,5,1,0.23484276173830965
36,phase_wipe,32,6,1,0.23484276173830965
36,phase_wipe,32,7,1,0.23484276173830965
36,phase_wipe,33,0,1,0.23484276191473138
36,phase_wipe,33,1,1,0.23484276191473138
36,phase_wipe,33,2,1,0.23484276191473138
36,phase_wipe,33,3,1,0.23484276191473138
36,phase_wipe,33,4,1,0.23484276191473138
36,phase_wipe,33,5,1,0.23484276191473138
36,phase_wipe,33,6,1,0.23484276191473138
36,phase_wipe,33,7,1,0.23484276191473138
36,phase_wipe,34,0,1,0.23484276115257766
36,phase_wipe,34,1,1,0.23484276115257766
36,phase_wipe,34,2,1,0.23484276115257766
36,phase_wipe,34,3,1,0.23484276115257766
36,phase_wipe,34,4,1,0.23484276115257766
36,phase_wipe,34,5,1,0.23484276115257766
36,phase_wipe,34,6,1,0.23484276115257766
36,phase_wipe,34,7,1,0.23484276115257766
36,phase_wipe,35,0,1,0.2348427617377535
36,phase_wipe,35,1,1,0.2348427617377535
36,phase_wipe,35,2,1,0.2348427617377535
36,phase_wipe,35,3,1,0.2348427617377535
36,phase_wipe,35,4,1,0.2348427617377535
36,phase_wipe,35,5,1,0.2348427617377535
36,phase_wipe,35,6,1,0.2348427617377535
36,phase_wipe,35,7,1,0.2348427617377535
36,dropout_50,0,0,1,0.23447497158851838
36,dropout_50,0,1,1,0.23233502893443791
36,dropout_50,0,2,1,0.23370112173305457
36,dropout_50,0,3,1,0.23442791182320488
36,dropout_50,0,4,1,0.23270095582604633
36,dropout_50,0,5,1,0.2338090152605827
36,dropout_50,0,6,1,0.2330736714483942
36,dropout_50,0,7,1,0.2337692302868445
36,dropout_50,1,0,1,0.2333035800081369
36,dropout_50,1,1,1,0.23410781605379663
36,dropout_50,1,2,1,0.2331212224441104
36,dropout_50,1,3,1,0.23429613379588565
36,dropout_50,1,4,1,0.2332840535364235
36,dropout_50,1,5,1,0.23344930510826528
36,dropout_50,1,6,1,0.23361315106487957
36,dropout_50,1,7,1,0.23352690337614518
36,dropout_50,2,0,1,0.2322820625027942
36,dropout_50,2,1,1,0.23232823449514395
36,dropout_50,2,2,1,0.2334712094582867
36,dropout_50,2,3,1,0.2149899471507273
36,dropout_50,2,4,1,0.23163442116400143
36,dropout_50,2,5,1,0.23352253647371737
36,dropout_50,2,6,1,0.23398905952293547
36,dropout_50,2,7,1,0.23399846448168699
36,dropout_50,3,0,1,0.23372583373300337
36,dropout_50,3,1,1,0.23342482155839372
36,dropout_50,3,2,1,0.2341860847085816
36,dropout_50,3,3,1,0.23259369278905867
36,dropout_50,3,4,1,0.23440141582566884
36,dropout_50,3,5,1,0.2341946643057427
36,dropout_50,3,6,1,0.2337752814520505
36,dropout_50,3,7,1,0.23457682177267794
36,dropout_50,4,0,1,0.23417761744569018
36,dropout_50,4,1,1,0.23372707341236185
36,dropout_50,4,2,1,0.23324362901912107
36,dropout_50,4,3,1,0.23384749692161585
36,dropout_50,4,4,1,0.23429707414508072
36,dropout_50,4,5,1,0.23413852208863875
36,dropout_50,4,6,1,0.23437734665308718
36,dropout_50,4,7,1,0.23460382916883127
36,dropout_50,5,0,1,0.23455270106929446
36,dropout_50,5,1,1,0.23348400400141317
36,dropout_50,5,2,1,0.23370061849576118
36,dropout_50,5,3,1,0.23292601454846618
36,dropout_50,5,4,1,0.23273773867586606
36,dropout_50,5,5,1,0.2329023266887526
36,dropout_50,5,6,1,0.23363177010119765
36,dropout_50,5,7,1,0.23391500968526463
36,dropout_50,6,0,1,0.23446984508551308
36,dropout_50,6,1,1,0.23392415308554543
36,dropout_50,6,2,1,0.23307272088907238
36,dropout_50,6,3,1,0.2342285076199814
36,dropout_50,6,4,1,0.23437277153239253
36,dropout_50,6,5,1,0.23338419306805946
36,dropout_50,6,6,1,0.23285204948368216
36,dropout_50,6,7,1,0.23461842102600597
36,dropout_50,7,0,1,0.23377532313973837
36,dropout_50,7,1,1,0.23387476254559628
36,dropout_50,7,2,1,0.23332141501808273
36,dropout_50,7,3,1,0.2329844795705331
36,dropout_50,7,4,1,0.23283726596177634
36,dropout_50,7,5,1,0.23251191345820407
36,dropout_50,7,6,1,0.23169826732047777
36,dropout_50,7,7,1,0.2150676050366915
36,dropout_50,8,0,1,0.2342656135238782
36,dropout_50,8,1,1,0.23271525635954257
36,dropout_50,8,2,1,0.23441203851701017
36,dropout_50,8,3,1,0.23379783641943055
36,dropout_50,8,4,1,0.23440280806856598
36,dropout_50,8,5,1,0.2322810672868917
36,dropout_50,8,6,1,0.23423791895882257
36,dropout_50,8,7,1,0.23347875987351766
36,dropout_50,9,0,1,0.23359466932765907
36,dropout_50,9,1,1,0.2327689386831989
36,dropout_50,9,2,1,0.23437269568095506
36,dropout_50,9,3,1,0.23381476500911558
36,dropout_50,9,4,1,0.23419547950636974
36,dropout_50,9,5,1,0.23452114792808368
36,dropout_50,9,6,1,0.2331618269603875
36,dropout_50,9,7,1,0.23309167049848653
36,dropout_50,10,0,1,0.23163300286738836
36,dropout_50,10,1,1,0.23314375087896186
36,dropout_50,10,2,1,0.23215974225307057
36,dropout_50,10,3,1,0.23210147623444086
36,dropout_50,10,4,1,0.23286734927784583
36,dropout_50,10,5,1,0.23259256557749722
36,dropout_50,10,6,1,0.2345993507664641
36,dropout_50,10,7,1,0.23405256983584746
36,dropout_50,11,0,1,0.234110327357526
36,dropout_50,11,1,1,0.23299060095319038
36,dropout_50,11,2,1,0.23442926152156104
36,dropout_50,11,3,1,0.23371846669633725
36,dropout_50,11,4,1,0.232686362365304
36,dropout_50,11,5,1,0.2336773697517696
36,dropout_50,11,6,1,0.23293663834312367
36,dropout_50,11,7,1,0.2329877221904676
36,dropout_50,12,0,1,0.23207115155912747
36,dropout_50,12,1,1,0.23260148558678226
36,dropout_50,12,2,1,0.23447771448393548
36,dropout_50,12,3,1,0.234084164903051
36,dropout_50,12,4,1,0.2329587260550286
36,dropout_50,12,5,1,0.2342443019180559
36,dropout_50,12,6,1,0.23453477628482847
36,dropout_50,12,7,1,0.23443392274068497
36,dropout_50,13,0,1,0.23456689541802908
36,dropout_50,13,1,1,0.2339401347339815
36,dropout_50,13,2,1,0.2309252438929824
36,dropout_50,13,3,1,0.23435054063313068
36,dropout_50,13,4,1,0.2322329095162364
36,dropout_50,13,5,1,0.23459220312616025
36,dropout_50,13,6,1,0.23467212370133936
36,dropout_50,13,7,1,0.23275421620714876
36,dropout_50,14,0,1,0.233983315243136
36,dropout_50,14,1,1,0.23342023093190611
36,dropout_50,14,2,1,0.23434627120021034
36,dropout_50,14,3,1,0.230781887127404
36,dropout_50,14,4,1,0.232915466587751
36,dropout_50,14,5,1,0.23341874159369405
36,dropout_50,14,6,1,0.23034030637724326
36,dropout_50,14,7,1,0.23293901263988853
36,dropout_50,15,0,1,0.2318020583907935
36,dropout_50,15,1,1,0.23284904872292492
36,dropout_50,15,2,1,0.2339222837364776
36,dropout_50,15,3,1,0.23371994932659182
36,dropout_50,15,4,1,0.2337522992167892
36,dropout_50,15,5,1,0.23358119878526493
36,dropout_50,15,6,1,0.23318708419171935
36,dropout_50,15,7,1,0.23304085978491565
36,dropout_50,16,0,1,0.2328877918368562
36,dropout_50,16,1,1,0.23219771647448312
36,dropout_50,16,2,1,0.23220066648576226
36,dropout_50,16,3,1,0.23111251058208843
36,dropout_50,16,4,1,0.2339137782634233
36,dropout_50,16,5,1,0.23305215731749207
36,dropout_50,16,6,1,0.23470086577305319
36,dropout_50,16,7,1,0.23364204121427032
36,dropout_50,17,0,1,0.23353018895549768
36,dropout_50,17,1,1,0.2334264688550242
36,dropout_50,17,2,1,0.23313366816148948
36,dropout_50,17,3,1,0.23461659489456302
36,dropout_50,17,4,1,0.2320001141312341
36,dropout_50,17,5,1,0.23270731729169544
36,dropout_50,17,6,1,0.23303115855293552
36,dropout_50,17,7,1,0.23415520942740958
36,dropout_50,18,0,1,0.2341098965037095
36,dropout_50,18,1,1,0.23243136824611177
36,dropout_50,18,2,1,0.23382918882670087
36,dropout_50,18,3,1,0.23412633271302952
36,dropout_50,18,4,1,0.2327964359117119
36,dropout_50,18,5,1,0.23274243231286873
36,dropout_50,18,6,1,0.23460789751781627
36,dropout_50,18,7,1,0.2304901144492823
36,dropout_50,19,0,1,0.23430638203126639
36,dropout_50,19,1,1,0.23362392624513448
36,dropout_50,19,2,1,0.23428552510341974
36,dropout_50,19,3,1,0.2340306858252547
36,dropout_50,19,4,1,0.23412401159476148
36,dropout_50,19,5,1,0.23261345920683807
36,dropout_50,19,6,1,0.17036881894484482
36,dropout_50,19,7,1,0.23418106440147915
36,dropout_50,20,0,1,0.23440021444257125
36,dropout_50,20,1,1,0.2342251711089826
36,dropout_50,20,2,1,0.2342821749337138
36,dropout_50,20,3,1,0.23188281107465528
36,dropout_50,20,4,1,0.23368814695521375
36,dropout_50,20,5,1,0.23171330449950392
36,dropout_50,20,6,1,0.2334581496090232
36,dropout_50,20,7,1,0.2338277707522684
36,dropout_50,21,0,1,0.23318366373855176
36,dropout_50,21,1,1,0.23428061959281507
36,dropout_50,21,2,1,0.23279876021562113
36,dropout_50,21,3,1,0.23328773106761574
36,dropout_50,21,4,1,0.2340585178219722
36,dropout_50,21,5,1,0.23414814710069623
36,dropout_50,21,6,1,0.23204667785209684
36,dropout_50,21,7,1,0.23437544881771952
36,dropout_50,22,0,1,0.2341843576040144
36,dropout_50,22,1,1,0.23334380995083237
36,dropout_50,22,2,1,0.23450240301431166
36,dropout_50,22,3,1,0.23403734110691224
36,dropout_50,22,4,1,0.23256631084994214
36,dropout_50,22,5,1,0.23355159603153097
36,dropout_50,22,6,1,0.2336710946991012
36,dropout_50,22,7,1,0.2333578417679152
36,dropout_50,23,0,1,0.23350266844881695
36,dropout_50,23,1,1,0.23418967849383004
36,dropout_50,23,2,1,0.23328698530255607
36,dropout_50,23,3,1,0.23358692237620643
36,dropout_50,23,4,1,0.23417880509889846
36,dropout_50,23,5,1,0.23287712204094357
36,dropout_50,23,6,1,0.23223655894994957
36,dropout_50,23,7,1,0.2334269571231787
36,dropout_50,24,0,1,0.23324620221191408
36,dropout_50,24,1,1,0.2343486821593517
36,dropout_50,24,2,1,0.23257369901560754
36,dropout_50,24,3,1,0.23282494794690248
36,dropout_50,24,4,1,0.23383016330773074
36,dropout_50,24,5,1,0.23322734874697604
36,dropout_50,24,6,1,0.23399037133901493
36,dropout_50,24,7,1,0.2335051803024669
36,dropout_50,25,0,1,0.23435857322468406
36,dropout_50,25,1,1,0.23277390646840496
36,dropout_50,25,2,1,0.23333669200259818
36,dropout_50,25,3,1,0.23457264287395976
36,dropout_50,25,4,1,0.2337403747389906
36,dropout_50,25,5,1,0.2340651157949023
36,dropout_50,25,6,1,0.23469626402412336
36,dropout_50,25,7,1,0.23139529135173587
36,dropout_50,26,0,1,0.23379564904405795
36,dropout_50,26,1,1,0.23353874634488067
36,dropout_50,26,2,1,0.23112953388712965
36,dropout_50,26,3,1,0.23279980055962107
36,dropout_50,26,4,1,0.23377419436847818
36,dropout_50,26,5,1,0.23306849350969203
36,dropout_50,26,6,1,0.23249814017136872
36,dropout_50,26,7,1,0.23191756534489963
36,dropout_50,27,0,1,0.23103742995590518
36,dropout_50,27,1,1,0.23363122792294452
36,dropout_50,27,2,1,0.2336871127129257
36,dropout_50,27,3,1,0.23397869837604696
36,dropout_50,27,4,1,0.232789368294966
36,dropout_50,27,5,1,0.23462644915242
36,dropout_50,27,6,1,0.2337502214682459
36,dropout_50,27,7,1,0.23380087040720945
36,dropout_50,28,0,1,0.23370785477860556
36,dropout_50,28,1,1,0.2332186396707528
36,dropout_50,28,2,1,0.23431707043600536
36,dropout_50,28,3,1,0.233925576803263
36,dropout_50,28,4,1,0.2338541634273927
36,dropout_50,28,5,1,0.23320175100693005
36,dropout_50,28,6,1,0.2323189791304588
36,dropout_50,28,7,1,0.233441027509841
36,dropout_50,29,0,1,0.23420619319868777
36,dropout_50,29,1,1,0.23362986770780986
36,dropout_50,29,2,1,0.2343101799355096
36,dropout_50,29,3,1,0.23331701197869917
36,dropout_50,29,4,1,0.23393502268180738
36,dropout_50,29,5,1,0.2340217492704735
36,dropout_50,29,6,1,0.23455404520691636
36,dropout_50,29,7,1,0.23445507058109782
36,dropout_50,30,0,1,0.23461225692676158
36,dropout_50,30,1,1,0.23282781026494964
36,dropout_50,30,2,1,0.23411723917372043
36,dropout_50,30,3,1,0.23406411368598673
36,dropout_50,30,4,1,0.23331847925388172
36,dropout_50,30,5,1,0.23410455541348238
36,dropout_50,30,6,1,0.23352815121099682
36,dropout_50,30,7,1,0.23383123638627512
36,dropout_50,31,0,1,0.23370099965553592
36,dropout_50,31,1,1,0.233999310069565
36,dropout_50,31,2,1,0.23318889293885092
36,dropout_50,31,3,1,0.2330825354378991
36,dropout_50,31,4,1,0.232313953193862
36,dropout_50,31,5,1,0.2336307568013022
36,dropout_50,31,6,1,0.2326351912899757
36,dropout_50,31,7,1,0.23389583725824298
36,dropout_50,32,0,1,0.23238584184855096
36,dropout_50,32,1,1,0.23381481917286573
36,dropout_50,32,2,1,0.23252090362525796
36,dropout_50,32,3,1,0.23436536722137624
36,dropout_50,32,4,1,0.23184364947979536
36,dropout_50,32,5,1,0.23240861614574368
36,dropout_50,32,6,1,0.2320986191798085
36,dropout_50,32,7,1,0.23180394917032876
36,dropout_50,33,0,1,0.23308621276912608
36,dropout_50,33,1,1,0.2333576560614009
36,dropout_50,33,2,1,0.23424460094546679
36,dropout_50,33,3,1,0.2329283815347981
36,dropout_50,33,4,1,0.23366507661912073
36,dropout_50,33,5,1,0.23149644628115068
36,dropout_50,33,6,1,0.23330552617514133
36,dropout_50,33,7,1,0.23202284262328737
36,dropout_50,34,0,1,0.23456813137442742
36,dropout_50,34,1,1,0.23375450322281216
36,dropout_50,34,2,1,0.23222083685452327
36,dropout_50,34,3,1,0.23355872252217655
36,dropout_50,34,4,1,0.23374397579239087
36,dropout_50,34,5,1,0.2339621861433813
36,dropout_50,34,6,1,0.2327309849188631
36,dropout_50,34,7,1,0.23380319737026053
36,dropout_50,35,0,1,0.23345769129209623
36,dropout_50,35,1,1,0.23251100100108846
36,dropout_50,35,2,1,0.23356397891405842
36,dropout_50,35,3,1,0.23334873334533615
36,dropout_50,35,4,1,0.23378141560386673
36,dropout_50,35,5,1,0.23307345474165136
36,dropout_50,35,6,1,0.23262894160228326
36,dropout_50,35,7,1,0.23438882767601132
36,amp_noise,0,0,1,0.2117711116971243
36,amp_noise,0,1,1,0.12833665974113326
36,amp_noise,0,2,1,0.1976882407468466
36,amp_noise,0,3,1,0.19864296854453342
36,amp_noise,0,4,1,0.2067411929059533
36,amp_noise,0,5,1,0.20030659996294692
36,amp_noise,0,6,0,0.011303037670198107
36,amp_noise,0,7,0,0.011317172445109686
36,amp_noise,1,0,1,0.20371388238545904
36,amp_noise,1,1,0,0.00041906777606609547
36,amp_noise,1,2,1,0.2014635108415539
36,amp_noise,1,3,1,0.00037897915584220176
36,amp_noise,1,4,1,0.21177815468985842
36,amp_noise,1,5,1,0.17891373799778804
36,amp_noise,1,6,1,0.21092249001947105
36,amp_noise,1,7,1,0.20148287264081655
36,amp_noise,2,0,1,0.16529202786411631
36,amp_noise,2,1,1,0.21228020476106657
36,amp_noise,2,2,1,0.15969323454233078
36,amp_noise,2,3,1,0.149452290786279
36,amp_noise,2,4,1,0.1449173521602236
36,amp_noise,2,5,1,0.21354612079756619
36,amp_noise,2,6,1,0.1766019378905388
36,amp_noise,2,7,1,0.19986024755661835
36,amp_noise,3,0,1,0.21542098164750906
36,amp_noise,3,1,1,0.20791377971240413
36,amp_noise,3,2,1,0.21083597495501966
36,amp_noise,3,3,1,0.21235251599726293
36,amp_noise,3,4,1,0.1721753980699042
36,amp_noise,3,5,1,0.16568841771047227
36,amp_noise,3,6,1,0.21934029262923538
36,amp_noise,3,7,1,0.2209733473103617
36,amp_noise,4,0,1,0.21205467002841935
36,amp_noise,4,1,1,0.20981739909502603
36,amp_noise,4,2,1,0.16452177923523909
36,amp_noise,4,3,1,0.09733327143229284
36,amp_noise,4,4,1,0.1962812567808825
36,amp_noise,4,5,1,0.19128656312652947
36,amp_noise,4,6,1,0.19139293507695032
36,amp_noise,4,7,1,0.191741759228874
36,amp_noise,5,0,1,0.20279848041678483
36,amp_noise,5,1,1,0.17959528417094162
36,amp_noise,5,2,1,0.16010044101557047
36,amp_noise,5,3,1,0.18849518306443971
36,amp_noise,5,4,1,0.20453690307714278
36,amp_noise,5,5,1,0.20884108882910482
36,amp_noise,5,6,1,0.21215937880521413
36,amp_noise,5,7,1,0.09246167936130639
36,amp_noise,6,0,1,0.16591067857096092
36,amp_noise,6,1,1,0.19151103550301868
36,amp_noise,6,2,1,0.17965928242652807
36,amp_noise,6,3,1,0.21326277283883693
36,amp_noise,6,4,1,0.0004199709962808551
36,amp_noise,6,5,1,0.20638668677628483
36,amp_noise,6,6,1,0.1984439560171928
36,amp_noise,6,7,1,0.1886472972638193
36,amp_noise,7,0,1,0.2097634226963954
36,amp_noise,7,1,1,0.20842073659127375
36,amp_noise,7,2,1,0.19630753281920882
36,amp_noise,7,3,1,0.17745458009466025
36,amp_noise,7,4,1,0.15487733004695614
36,amp_noise,7,5,1,0.15233811426156302
36,amp_noise,7,6,1,0.21906336174182495
36,amp_noise,7,7,1,0.2138969646460774
36,amp_noise,8,0,1,0.15356611660623504
36,amp_noise,8,1,1,0.19969086002945863
36,amp_noise,8,2,0,0.00039484953775376086
36,amp_noise,8,3,1,0.19831751567351621
36,amp_noise,8,4,1,0.18465571010651774
36,amp_noise,8,5,1,0.15537774849858169
36,amp_noise,8,6,1,0.22779377187620606
36,amp_noise,8,7,0,0.009079907212320243
36,amp_noise,9,0,1,0.18380112565513404
36,amp_noise,9,1,1,0.19441802972447939
36,amp_noise,9,2,1,0.16571044496008497
36,amp_noise,9,3,1,0.21312673501167217
36,amp_noise,9,4,1,0.21023727057470204
36,amp_noise,9,5,1,0.16736866486902935
36,amp_noise,9,6,1,0.19954423284911801
36,amp_noise,9,7,1,0.1740584870775546
36,amp_noise,10,0,1,0.2140478698673852
36,amp_noise,10,1,1,0.20478965343765157
36,amp_noise,10,2,0,0.0003479504476582296
36,amp_noise,10,3,1,0.16556669693672382
36,amp_noise,10,4,1,0.19515655001006776
36,amp_noise,10,5,1,0.0004137520836962616
36,amp_noise,10,6,1,0.1662188707223201
36,amp_noise,10,7,1,0.21631392600578486
36,amp_noise,11,0,1,0.2177245615603839
36,amp_noise,11,1,1,0.210448078395796
36,amp_noise,11,2,0,0.0004015656533545575
36,amp_noise,11,3,1,0.2205640756381604
36,amp_noise,11,4,1,0.0003112532470573304
36,amp_noise,11,5,1,0.19632371234719245
36,amp_noise,11,6,1,0.0004052974980786328
36,amp_noise,11,7,1,0.00042416306828549355
36,amp_noise,12,0,1,0.1626071873904099
36,amp_noise,12,1,1,0.16455220969110226
36,amp_noise,12,2,1,0.18130868437156406
36,amp_noise,12,3,1,0.18326061637001387
36,amp_noise,12,4,1,0.20897013411299237
36,amp_noise,12,5,1,0.20228154032647572
36,amp_noise,12,6,1,0.18566009870915898
36,amp_noise,12,7,1,0.16265891235552146
36,amp_noise,13,0,1,0.19775840435876296
36,amp_noise,13,1,1,0.18750376263360174
36,amp_noise,13,2,0,0.00040730363291555105
36,amp_noise,13,3,1,0.21961283586494687
36,amp_noise,13,4,1,0.1596011782031958
36,amp_noise,13,5,1,0.19540876815337713
36,amp_noise,13,6,1,0.20195911632431973
36,amp_noise,13,7,1,0.20992023293764997
36,amp_noise,14,0,1,0.14797894988132881
36,amp_noise,14,1,1,0.20267428997638032
36,amp_noise,14,2,1,0.18810856123573103
36,amp_noise,14,3,1,0.20294951219408433
36,amp_noise,14,4,1,0.1418104965433813
36,amp_noise,14,5,0,0.00037754860508273924
36,amp_noise,14,6,1,0.20384363261564478
36,amp_noise,14,7,1,0.2149586882323222
36,amp_noise,15,0,1,0.20892229498123235
36,amp_noise,15,1,1,0.19832044065666485
36,amp_noise,15,2,0,0.008372947258996039
36,amp_noise,15,3,1,0.19074966503918636
36,amp_noise,15,4,1,0.2203141024374336
36,amp_noise,15,5,1,0.21331653445888926
36,amp_noise,15,6,1,0.16821441336461723
36,amp_noise,15,7,1,0.17993665905838652
36,amp_noise,16,0,1,0.19596417086100068
36,amp_noise,16,1,1,0.20753798583295865
36,amp_noise,16,2,1,0.21748076331180496
36,amp_noise,16,3,1,0.15058951197818649
36,amp_noise,16,4,1,0.00023306921817906057
36,amp_noise,16,5,1,0.18976462195404223
36,amp_noise,16,6,1,0.20911194180256285
36,amp_noise,16,7,0,0.000394880446768886
36,amp_noise,17,0,1,0.18445952941303728
36,amp_noise,17,1,1,0.2051682663831149
36,amp_noise,17,2,1,0.17755001102021106
36,amp_noise,17,3,1,0.19234562713171416
36,amp_noise,17,4,1,0.16727541596635087
36,amp_noise,17,5,1,0.18090094810245644
36,amp_noise,17,6,1,0.1680353024369164
36,amp_noise,17,7,1,0.20427082238625607
36,amp_noise,18,0,1,0.21697282339167448
36,amp_noise,18,1,1,0.1886680879085456
36,amp_noise,18,2,1,0.21731363833499676
36,amp_noise,18,3,1,0.1943684509138725
36,amp_noise,18,4,1,0.008571406348974464
36,amp_noise,18,5,1,0.17480008125615948
36,amp_noise,18,6,1,0.20702771641477086
36,amp_noise,18,7,1,0.22710059764344337
36,amp_noise,19,0,1,0.20334750796176115
36,amp_noise,19,1,0,0.0069272895102559795
36,amp_noise,19,2,1,0.1998448496774598
36,amp_noise,19,3,1,0.2218297588940827
36,amp_noise,19,4,1,0.19853509701610011
36,amp_noise,19,5,1,0.00040252946015317814
36,amp_noise,19,6,1,0.17803295172855615
36,amp_noise,19,7,1,0.21179096162122246
36,amp_noise,20,0,1,0.20940461978962188
36,amp_noise,20,1,1,0.20841860096449755
36,amp_noise,20,2,1,0.0004049994314863914
36,amp_noise,20,3,1,0.19177059271556235
36,amp_noise,20,4,1,0.1611542509669429
36,amp_noise,20,5,1,0.2116473315284382
36,amp_noise,20,6,1,0.17325122341235621
36,amp_noise,20,7,1,0.19679688184508126
36,amp_noise,21,0,1,0.17674320591284423
36,amp_noise,21,1,1,0.17652425673630162
36,amp_noise,21,2,1,0.17390594944765575
36,amp_noise,21,3,1,0.1810374851628461
36,amp_noise,21,4,1,0.00038572105876796825
36,amp_noise,21,5,1,0.0003920293014690046
36,amp_noise,21,6,0,0.00034968558549244855
36,amp_noise,21,7,1,0.2018513100922736
36,amp_noise,22,0,1,0.18559027864369715
36,amp_noise,22,1,1,0.2190178306455193
36,amp_noise,22,2,1,0.20470391025091958
36,amp_noise,22,3,1,0.16620704773109826
36,amp_noise,22,4,0,0.00040575082621396863
36,amp_noise,22,5,1,0.0003981632923635847
36,amp_noise,22,6,1,0.21187225139028892
36,amp_noise,22,7,1,0.2106304274365658
36,amp_noise,23,0,0,0.0003667252569559687
36,amp_noise,23,1,1,0.17726578983200963
36,amp_noise,23,2,1,0.18346163151243805
36,amp_noise,23,3,1,0.18074995189662252
36,amp_noise,23,4,1,0.20839196716389485
36,amp_noise,23,5,1,0.19870949952225161
36,amp_noise,23,6,1,0.18462033061594108
36,amp_noise,23,7,1,0.21307616782165767
36,amp_noise,24,0,1,0.19443658056327545
36,amp_noise,24,1,1,0.17856412105435643
36,amp_noise,24,2,1,0.22088884826694805
36,amp_noise,24,3,1,0.20069430116985343
36,amp_noise,24,4,1,0.026234424817705132
36,amp_noise,24,5,0,0.0003703852430252119
36,amp_noise,24,6,1,0.2011608608690986
36,amp_noise,24,7,1,0.2038665709561625
36,amp_noise,25,0,0,0.00040852635209509547
36,amp_noise,25,1,0,0.02959583558560608
36,amp_noise,25,2,1,0.20775468339249342
36,amp_noise,25,3,1,0.17255262991261072
36,amp_noise,25,4,1,0.16163581357101803
36,amp_noise,25,5,1,0.1628410414389072
36,amp_noise,25,6,1,0.20817362824132932
36,amp_noise,25,7,1,0.19951971545152897
36,amp_noise,26,0,0,0.00039630166603280004
36,amp_noise,26,1,1,0.1798327455077829
36,amp_noise,26,2,1,0.21473944155866645
36,amp_noise,26,3,1,0.20218016209048728
36,amp_noise,26,4,1,0.1745052526942416
36,amp_noise,26,5,1,0.19616583382521696
36,amp_noise,26,6,1,0.17730827587899192
36,amp_noise,26,7,1,0.18629221125842527
36,amp_noise,27,0,1,0.1606195141446023
36,amp_noise,27,1,1,0.16979059026462318
36,amp_noise,27,2,1,0.17575651323633712
36,amp_noise,27,3,0,0.0004231350230103903
36,amp_noise,27,4,1,0.20145726137731457
36,amp_noise,27,5,1,0.14490627435751413
36,amp_noise,27,6,1,0.1847635924303135
36,amp_noise,27,7,1,0.1827863933030382
36,amp_noise,28,0,1,0.17160366406599126
36,amp_noise,28,1,1,0.2084982647324314
36,amp_noise,28,2,1,0.00039791640228661884
36,amp_noise,28,3,1,0.00034230139788909986
36,amp_noise,28,4,1,0.17576321037251003
36,amp_noise,28,5,1,0.19623485076697322
36,amp_noise,28,6,1,0.15825432249353133
36,amp_noise,28,7,1,0.19141076303507099
36,amp_noise,29,0,1,0.2052886551633219
36,amp_noise,29,1,1,0.1751700102698352
36,amp_noise,29,2,1,0.21289358417695106
36,amp_noise,29,3,0,0.16499780716060883
36,amp_noise,29,4,1,0.17063568483512231
36,amp_noise,29,5,1,0.18192790491256408
36,amp_noise,29,6,1,0.19494732227795347
36,amp_noise,29,7,1,0.21727519621162275
36,amp_noise,30,0,1,0.22169359970652366
36,amp_noise,30,1,1,0.18593769022010853
36,amp_noise,30,2,1,0.1920042979876426
36,amp_noise,30,3,1,0.2202818549478734
36,amp_noise,30,4,1,0.22683037455957056
36,amp_noise,30,5,1,0.17673398125582096
36,amp_noise,30,6,1,0.21917949691843114
36,amp_noise,30,7,1,0.19861492152209506
36,amp_noise,31,0,1,0.19065964404610858
36,amp_noise,31,1,1,0.2261469592660847
36,amp_noise,31,2,1,0.2236390259204497
36,amp_noise,31,3,1,0.1918741118127446
36,amp_noise,31,4,1,0.2104819795210407
36,amp_noise,31,5,1,0.20216309359806656
36,amp_noise,31,6,1,0.20604280373502384
36,amp_noise,31,7,1,0.22378727339979232
36,amp_noise,32,0,1,0.18095230748019175
36,amp_noise,32,1,1,0.17127135194737417
36,amp_noise,32,2,1,0.2197050784326592
36,amp_noise,32,3,1,0.21878165837649252
36,amp_noise,32,4,1,0.1723564750859844
36,amp_noise,32,5,1,0.006535342236455272
36,amp_noise,32,6,1,0.2151202875527553
36,amp_noise,32,7,1,0.20369757670896999
36,amp_noise,33,0,1,0.15947266123023746
36,amp_noise,33,1,1,0.16527504781295477
36,amp_noise,33,2,1,0.2254331653378778
36,amp_noise,33,3,1,0.2050505688257626
36,amp_noise,33,4,1,0.20626525169728668
36,amp_noise,33,5,1,0.22408780367563502
36,amp_noise,33,6,1,0.20305864089183456
36,amp_noise,33,7,1,0.1964542335779424
36,amp_noise,34,0,1,0.1629560993997868
36,amp_noise,34,1,1,0.1694809025929664
36,amp_noise,34,2,1,0.18234056691182987
36,amp_noise,34,3,1,0.17339132186389983
36,amp_noise,34,4,1,0.20610093916841896
36,amp_noise,34,5,1,0.0003877415468110934
36,amp_noise,34,6,1,0.18491228796934944
36,amp_noise,34,7,1,0.0004089817493620751
36,amp_noise,35,0,1,0.0003959082212809384
36,amp_noise,35,1,1,0.1881774410484642
36,amp_noise,35,2,1,0.17241358361331766
36,amp_noise,35,3,1,0.17302945201104136
36,amp_noise,35,4,1,0.2094459238211891
36,amp_noise,35,5,1,0.1729026234573311
36,amp_noise,35,6,1,0.2214771916994652
36,amp_noise,35,7,1,0.2184993381109592
36,mixed,0,0,1,0.20874740559542593
36,mixed,0,1,0,0.011301077254231795
36,mixed,0,2,1,0.20780869813280467
36,mixed,0,3,1,0.208392648349631
36,mixed,0,4,1,0.21466332762739254
36,mixed,0,5,1,0.2094512923399433
36,mixed,0,6,1,0.22363537625809515
36,mixed,0,7,1,0.22358969852612876
36,mixed,1,0,1,0.21236329793586087
36,mixed,1,1,1,0.22240597409216137
36,mixed,1,2,1,0.21039151352654464
36,mixed,1,3,1,0.1964021655469486
36,mixed,1,4,1,0.20841983114553989
36,mixed,1,5,1,0.2131704582484919
36,mixed,1,6,1,0.20537631200331896
36,mixed,1,7,1,0.21031742613307017
36,mixed,2,0,1,0.22278380419280067
36,mixed,2,1,1,0.21364033777650332
36,mixed,2,2,1,0.20851934562652324
36,mixed,2,3,1,0.19202132192268295
36,mixed,2,4,1,0.19883063186926625
36,mixed,2,5,1,0.21926062157341
36,mixed,2,6,1,0.1915449901305715
36,mixed,2,7,1,0.20919113030962752
36,mixed,3,0,1,0.22097693417005174
36,mixed,3,1,1,0.19616029406948737
36,mixed,3,2,1,0.217469980181326
36,mixed,3,3,1,0.21073062721603295
36,mixed,3,4,1,0.18782616263920687
36,mixed,3,5,1,0.224992984127033
36,mixed,3,6,1,0.22374501953174056
36,mixed,3,7,1,0.22506229349159126
36,mixed,4,0,1,0.21025706918717119
36,mixed,4,1,1,0.2123260734297502
36,mixed,4,2,1,0.1655628202081755
36,mixed,4,3,1,0.15912598347255452
36,mixed,4,4,1,0.2066390807366176
36,mixed,4,5,1,0.2029373237440125
36,mixed,4,6,1,0.20332057377025553
36,mixed,4,7,1,0.20285039980119934
36,mixed,5,0,1,0.21129837708341484
36,mixed,5,1,1,0.1931894557549086
36,mixed,5,2,1,0.17782601961429248
36,mixed,5,3,1,0.20044289190065898
36,mixed,5,4,1,0.21251626966704953
36,mixed,5,5,1,0.2164093894276367
36,mixed,5,6,1,0.21839586861522362
36,mixed,5,7,1,0.21303239851618086
36,mixed,6,0,1,0.22591141194756184
36,mixed,6,1,1,0.20264869692427212
36,mixed,6,2,1,0.19359648962167472
36,mixed,6,3,1,0.21414884003524434
36,mixed,6,4,1,0.2156587159281863
36,mixed,6,5,1,0.21049524048932694
36,mixed,6,6,1,0.20863454612920998
36,mixed,6,7,1,0.1998526893767439
36,mixed,7,0,1,0.21228780983787668
36,mixed,7,1,1,0.21538391479796065
36,mixed,7,2,1,0.20663952009485448
36,mixed,7,3,1,0.19261259970333613
36,mixed,7,4,1,0.19945345880284465
36,mixed,7,5,1,0.19622750482630322
36,mixed,7,6,1,0.22419460555413842
36,mixed,7,7,1,0.21448043223121943
36,mixed,8,0,1,0.19478127310264035
36,mixed,8,1,1,0.20910533482652463
36,mixed,8,2,1,0.20483141641477215
36,mixed,8,3,1,0.20789763379851126
36,mixed,8,4,1,0.19711233893844
36,mixed,8,5,1,0.17392625692727526
36,mixed,8,6,1,0.2302558234870216
36,mixed,8,7,1,0.1640532996352703
36,mixed,9,0,1,0.19660251186335537
36,mixed,9,1,1,0.20506933541364483
36,mixed,9,2,1,0.16727449352979382
36,mixed,9,3,1,0.21911043963986387
36,mixed,9,4,1,0.21703503559376597
36,mixed,9,5,1,0.1681948005750295
36,mixed,9,6,1,0.2085142822644809
36,mixed,9,7,1,0.18951801669337257
36,mixed,10,0,1,0.21973886986451138
36,mixed,10,1,1,0.21308690867254057
36,mixed,10,2,1,0.20827826620924347
36,mixed,10,3,1,0.21637135142910144
36,mixed,10,4,1,0.20546998999372154
36,mixed,10,5,1,0.19689892918044566
36,mixed,10,6,1,0.21795601810392792
36,mixed,10,7,1,0.22140349420371408
36,mixed,11,0,1,0.22254353339100835
36,mixed,11,1,1,0.21714341156743347
36,mixed,11,2,1,0.202262936007747
36,mixed,11,3,1,0.22437361557460805
36,mixed,11,4,1,0.1963019115975993
36,mixed,11,5,1,0.2063120082237519
36,mixed,11,6,1,0.20932462376041655
36,mixed,11,7,1,0.00042478676493512557
36,mixed,12,0,1,0.20970422952291937
36,mixed,12,1,1,0.2138410529249729
36,mixed,12,2,1,0.1946314844050045
36,mixed,12,3,1,0.1969071097389718
36,mixed,12,4,1,0.2159671861148284
36,mixed,12,5,1,0.210924285492833
36,mixed,12,6,1,0.19694508261870242
36,mixed,12,7,1,0.18030401014618153
36,mixed,13,0,1,0.20762075201066316
36,mixed,13,1,1,0.19988174500893713
36,mixed,13,2,1,0.21048062446595892
36,mixed,13,3,1,0.2243772122303395
36,mixed,13,4,1,0.20406235844132553
36,mixed,13,5,1,0.20563612861087582
36,mixed,13,6,1,0.21079643255347455
36,mixed,13,7,1,0.21696379884203304
36,mixed,14,0,1,0.18731470913648457
36,mixed,14,1,1,0.21110065315881218
36,mixed,14,2,1,0.20028864102982408
36,mixed,14,3,1,0.21177914412175622
36,mixed,14,4,1,0.1797297521542689
36,mixed,14,5,1,0.20577293471329813
36,mixed,14,6,1,0.21242140580260926
36,mixed,14,7,1,0.22019512564736196
36,mixed,15,0,1,0.21596110875586508
36,mixed,15,1,1,0.20830304558456622
36,mixed,15,2,1,0.1858035178953867
36,mixed,15,3,1,0.20231218495402561
36,mixed,15,4,1,0.22450980383564292
36,mixed,15,5,1,0.21897312408591002
36,mixed,15,6,1,0.22559245986928445
36,mixed,15,7,1,0.19321533282649853
36,mixed,16,0,1,0.20570552152185867
36,mixed,16,1,1,0.21445469927692526
36,mixed,16,2,1,0.2220841108091961
36,mixed,16,3,1,0.21522222273792624
36,mixed,16,4,1,0.16325054266818678
36,mixed,16,5,1,0.20109088776991496
36,mixed,16,6,1,0.21611959891039834
36,mixed,16,7,1,0.20240134837495888
36,mixed,17,0,1,0.19740364762135726
36,mixed,17,1,1,0.2132021749467488
36,mixed,17,2,1,0.1922033200430325
36,mixed,17,3,1,0.20333473901864535
36,mixed,17,4,1,0.18360246054786986
36,mixed,17,5,1,0.19462127156136638
36,mixed,17,6,1,0.2196712532314337
36,mixed,17,7,1,0.2119592968086011
36,mixed,18,0,1,0.22204152495216128
36,mixed,18,1,1,0.2006662498019199
36,mixed,18,2,1,0.22218276890696678
36,mixed,18,3,1,0.20491988265227132
36,mixed,18,4,1,0.008666383939037597
36,mixed,18,5,1,0.18968968302525618
36,mixed,18,6,1,0.21464761853494438
36,mixed,18,7,1,0.22916377682782382
36,mixed,19,0,1,0.21175139922689973
36,mixed,19,1,1,0.21007708443698767
36,mixed,19,2,1,0.2093291836981279
36,mixed,19,3,1,0.225315081585564
36,mixed,19,4,1,0.20819547616752015
36,mixed,19,5,1,0.21373987639541533
36,mixed,19,6,1,0.1920863535108641
36,mixed,19,7,1,0.21792362568726997
36,mixed,20,0,1,0.2164913695368861
36,mixed,20,1,1,0.21564122444354358
36,mixed,20,2,1,0.00041019618765367194
36,mixed,20,3,1,0.2032244885362674
36,mixed,20,4,1,0.2046040194369011
36,mixed,20,5,1,0.21805758161846153
36,mixed,20,6,1,0.1883192705401645
36,mixed,20,7,1,0.20699314220241466
36,mixed,21,0,1,0.19180641814691324
36,mixed,21,1,1,0.1915392671042289
36,mixed,21,2,1,0.1896500456780141
36,mixed,21,3,1,0.19519181959312357
36,mixed,21,4,1,0.0003980650669805075
36,mixed,21,5,1,0.0004054876343825009
36,mixed,21,6,1,0.19161417556272203
36,mixed,21,7,1,0.21106067241019708
36,mixed,22,0,1,0.19826810011467752
36,mixed,22,1,1,0.22304769172258568
36,mixed,22,2,1,0.21347828773275032
36,mixed,22,3,1,0.21475699500465217
36,mixed,22,4,0,0.00041383421630947215
36,mixed,22,5,1,0.00041051647409043324
36,mixed,22,6,1,0.21812167150470463
36,mixed,22,7,1,0.2165876563193235
36,mixed,23,0,1,0.21491432789538573
36,mixed,23,1,1,0.19144157692786107
36,mixed,23,2,1,0.19657657208874316
36,mixed,23,3,1,0.19456186874038012
36,mixed,23,4,1,0.21569279259728064
36,mixed,23,5,1,0.2079903955138575
36,mixed,23,6,1,0.19800566032976014
36,mixed,23,7,1,0.21837538648697705
36,mixed,24,0,1,0.20490025739281376
36,mixed,24,1,1,0.19155228447232375
36,mixed,24,2,1,0.22443748944794267
36,mixed,24,3,1,0.20988888617770998
36,mixed,24,4,1,0.19377689347523014
36,mixed,24,5,1,0.19352873077319693
36,mixed,24,6,1,0.2102102052628875
36,mixed,24,7,1,0.21170096371248345
36,mixed,25,0,1,0.22679080744833077
36,mixed,25,1,1,0.21017441366215456
36,mixed,25,2,1,0.21520021408093776
36,mixed,25,3,1,0.1878164484615405
36,mixed,25,4,1,0.20381125623453988
36,mixed,25,5,1,0.1798590722188489
36,mixed,25,6,1,0.21508566931889267
36,mixed,25,7,1,0.20897993516585403
36,mixed,26,0,1,0.19450714967869004
36,mixed,26,1,1,0.19387773269132186
36,mixed,26,2,1,0.22010606891297613
36,mixed,26,3,1,0.21118501042081583
36,mixed,26,4,1,0.18994824540905794
36,mixed,26,5,1,0.2058994467076465
36,mixed,26,6,1,0.19189178444820157
36,mixed,26,7,1,0.19879751417139135
36,mixed,27,0,1,0.20188779749019134
36,mixed,27,1,1,0.1705043377745854
36,mixed,27,2,1,0.19062949885941524
36,mixed,27,3,0,0.0004206421399711169
36,mixed,27,4,1,0.21051916765171536
36,mixed,27,5,1,0.2271525168921448
36,mixed,27,6,1,0.19771509553600847
36,mixed,27,7,1,0.1956236138588981
36,mixed,28,0,1,0.18709895739445828
36,mixed,28,1,1,0.18959843818573974
36,mixed,28,2,1,0.19587300305566657
36,mixed,28,3,1,0.20530125127831123
36,mixed,28,4,1,0.1908897479568827
36,mixed,28,5,1,0.206064789242065
36,mixed,28,6,1,0.18786525568518872
36,mixed,28,7,1,0.2023916738711442
36,mixed,29,0,1,0.21332374357599043
36,mixed,29,1,1,0.18930209907121137
36,mixed,29,2,1,0.2188336228299749
36,mixed,29,3,1,0.21202359379814278
36,mixed,29,4,1,0.17473160670940324
36,mixed,29,5,1,0.19594027605936526
36,mixed,29,6,1,0.205058382337501
36,mixed,29,7,1,0.22183197216929107
36,mixed,30,0,1,0.20090599942982632
36,mixed,30,1,1,0.19837025011202714
36,mixed,30,2,1,0.20353550769889722
36,mixed,30,3,1,0.22387496649598043
36,mixed,30,4,1,0.22726813874591906
36,mixed,30,5,1,0.21847888500470217
36,mixed,30,6,1,0.19560550896390722
36,mixed,30,7,1,0.20834530109466606
36,mixed,31,0,1,0.20229877031537757
36,mixed,31,1,1,0.22693671876259652
36,mixed,31,2,1,0.20698249462525525
36,mixed,31,3,1,0.2031930920348679
36,mixed,31,4,1,0.21693301580404237
36,mixed,31,5,1,0.21097010841680164
36,mixed,31,6,1,0.2137763439616299
36,mixed,31,7,1,0.20766816340118793
36,mixed,32,0,1,0.19435327793730806
36,mixed,32,1,1,0.20797568211417305
36,mixed,32,2,1,0.2239216918208784
36,mixed,32,3,1,0.22329127267674292
36,mixed,32,4,1,0.20971199364318957
36,mixed,32,5,1,0.21378689805444823
36,mixed,32,6,1,0.22033958076820093
36,mixed,32,7,1,0.21246623900757206
36,mixed,33,0,1,0.17719225698779167
36,mixed,33,1,1,0.1711223639672504
36,mixed,33,2,1,0.2142414283866366
36,mixed,33,3,1,0.21324505176719893
36,mixed,33,4,1,0.21383016918871303
36,mixed,33,5,1,0.22748930064120304
36,mixed,33,6,1,0.21170882661498763
36,mixed,33,7,1,0.20650751869177766
36,mixed,34,0,1,0.180380039196477
36,mixed,34,1,1,0.18568511063014798
36,mixed,34,2,1,0.19512140148898982
36,mixed,34,3,1,0.18811239895726162
36,mixed,34,4,1,0.18504673171081074
36,mixed,34,5,1,0.21520448219245547
36,mixed,34,6,1,0.1977258219178504
36,mixed,34,7,1,0.21890401739084614
36,mixed,35,0,1,0.21595631431511883
36,mixed,35,1,1,0.19986978475302633
36,mixed,35,2,1,0.18776478671451496
36,mixed,35,3,1,0.17566718491411268
36,mixed,35,4,1,0.19283063856225796
36,mixed,35,5,1,0.21110990371473823
36,mixed,35,6,1,0.22499825505130355
36,mixed,35,7,1,0.2231572765164578
48,phase_wipe,0,0,1,0.1878226623265776
48,phase_wipe,0,1,1,0.1878226623265776
48,phase_wipe,0,2,1,0.1878226623265776
48,phase_wipe,0,3,1,0.1878226623265776
48,phase_wipe,0,4,1,0.1878226623265776
48,phase_wipe,0,5,1,0.1878226623265776
48,phase_wipe,0,6,1,0.1878226623265776
48,phase_wipe,0,7,1,0.1878226623265776
48,phase_wipe,1,0,1,0.18782261976671907
48,phase_wipe,1,1,1,0.18782261976671907
48,phase_wipe,1,2,1,0.18782261976671907
48,phase_wipe,1,3,1,0.18782261976671907
48,phase_wipe,1,4,1,0.18782261976671907
48,phase_wipe,1,5,1,0.18782261976671907
48,phase_wipe,1,6,1,0.18782261976671907
48,phase_wipe,1,7,1,0.18782261976671907
48,phase_wipe,2,0,1,0.18782267948467432
48,phase_wipe,2,1,1,0.18782267948467432
48,phase_wipe,2,2,1,0.18782267948467432
48,phase_wipe,2,3,1,0.18782267948467432
48,phase_wipe,2,4,1,0.18782267948467432
48,phase_wipe,2,5,1,0.18782267948467432
48,phase_wipe,2,6,1,0.18782267948467432
48,phase_wipe,2,7,1,0.18782267948467432
48,phase_wipe,3,0,1,0.1878226427500033
48,phase_wipe,3,1,1,0.1878226427500033
48,phase_wipe,3,2,1,0.1878226427500033
48,phase_wipe,3,3,1,0.1878226427500033
48,phase_wipe,3,4,1,0.1878226427500033
48,phase_wipe,3,5,1,0.1878226427500033
48,phase_wipe,3,6,1,0.1878226427500033
48,phase_wipe,3,7,1,0.1878226427500033
48,phase_wipe,4,0,1,0.18782260049577731
48,phase_wipe,4,1,1,0.18782260049577731
48,phase_wipe,4,2,1,0.18782260049577731
48,phase_wipe,4,3,1,0.18782260049577731
48,phase_wipe,4,4,1,0.18782260049577731
48,phase_wipe,4,5,1,0.18782260049577731
48,phase_wipe,4,6,1,0.18782260049577731
48,phase_wipe,4,7,1,0.18782260049577731
48,phase_wipe,5,0,1,0.18782265978836582
48,phase_wipe,5,1,1,0.18782265978836582
48,phase_wipe,5,2,1,0.18782265978836582
48,phase_wipe,5,3,1,0.18782265978836582
48,phase_wipe,5,4,1,0.18782265978836582
48,phase_wipe,5,5,1,0.18782265978836582
48,phase_wipe,5,6,1,0.18782265978836582
48,phase_wipe,5,7,1,0.18782265978836582
48,phase_wipe,6,0,1,0.1878226703294332
48,phase_wipe,6,1,1,0.1878226703294332
48,phase_wipe,6,2,1,0.1878226703294332
48,phase_wipe,6,3,1,0.1878226703294332
48,phase_wipe,6,4,1,0.1878226703294332
48,phase_wipe,6,5,1,0.1878226703294332
48,phase_wipe,6,6,1,0.1878226703294332
48,phase_wipe,6,7,1,0.1878226703294332
48,phase_wipe,7,0,1,0.1878226276473381
48,phase_wipe,7,1,1,0.1878226276473381
48,phase_wipe,7,2,1,0.1878226276473381
48,phase_wipe,7,3,1,0.1878226276473381
48,phase_wipe,7,4,1,0.1878226276473381
48,phase_wipe,7,5,1,0.1878226276473381
48,phase_wipe,7,6,1,0.1878226276473381
48,phase_wipe,7,7,1,0.1878226276473381
48,phase_wipe,8,0,1,0.1878226623265776
48,phase_wipe,8,1,1,0.1878226623265776
48,phase_wipe,8,2,1,0.1878226623265776
48,phase_wipe,8,3,1,0.1878226623265776
48,phase_wipe,8,4,1,0.1878226623265776
48,phase_wipe,8,5,1,0.1878226623265776
48,phase_wipe,8,6,1,0.1878226623265776
48,phase_wipe,8,7,1,0.1878226623265776
48,phase_wipe,9,0,1,0.18782261976671907
48,phase_wipe,9,1,1,0.18782261976671907
48,phase_wipe,9,2,1,0.18782261976671907
48,phase_wipe,9,3,1,0.18782261976671907
48,phase_wipe,9,4,1,0.18782261976671907
48,phase_wipe,9,5,1,0.18782261976671907
48,phase_wipe,9,6,1,0.18782261976671907
48,phase_wipe,9,7,1,0.18782261976671907
48,phase_wipe,10,0,1,0.18782267948467432
48,phase_wipe,10,1,1,0.18782267948467432
48,phase_wipe,10,2,1,0.18782267948467432
48,phase_wipe,10,3,1,0.18782267948467432
48,phase_wipe,10,4,1,0.18782267948467432
48,phase_wipe,10,5,1,0.18782267948467432
48,phase_wipe,10,6,1,0.18782267948467432
48,phase_wipe,10,7,1,0.18782267948467432
48,phase_wipe,11,0,1,0.1878226427500033
48,phase_wipe,11,1,1,0.1878226427500033
48,phase_wipe,11,2,1,0.1878226427500033
48,phase_wipe,11,3,1,0.1878226427500033
48,phase_wipe,11,4,1,0.1878226427500033
48,phase_wipe,11,5,1,0.1878226427500033
48,phase_wipe,11,6,1,0.1878226427500033
48,phase_wipe,11,7,1,0.1878226427500033
48,phase_wipe,12,0,1,0.18782260049577731
48,phase_wipe,12,1,1,0.18782260049577731
48,phase_wipe,12,2,1,0.18782260049577731
48,phase_wipe,12,3,1,0.18782260049577731
48,phase_wipe,12,4,1,0.18782260049577731
48,phase_wipe,12,5,1,0.18782260049577731
48,phase_wipe,12,6,1,0.18782260049577731
48,phase_wipe,12,7,1,0.18782260049577731
48,phase_wipe,13,0,1,0.18782265978836582
48,phase_wipe,13,1,1,0.18782265978836582
48,phase_wipe,13,2,1,0.18782265978836582
48,phase_wipe,13,3,1,0.18782265978836582
48,phase_wipe,13,4,1,0.18782265978836582
48,phase_wipe,13,5,1,0.18782265978836582
48,phase_wipe,13,6,1,0.18782265978836582
48,phase_wipe,13,7,1,0.18782265978836582
48,phase_wipe,14,0,1,0.1878226703294332
48,phase_wipe,14,1,1,0.1878226703294332
48,phase_wipe,14,2,1,0.1878226703294332
48,phase_wipe,14,3,1,0.1878226703294332
48,phase_wipe,14,4,1,0.1878226703294332
48,phase_wipe,14,5,1,0.1878226703294332
48,phase_wipe,14,6,1,0.1878226703294332
48,phase_wipe,14,7,1,0.1878226703294332
48,phase_wipe,15,0,1,0.1878226276473381
48,phase_wipe,15,1,1,0.1878226276473381
48,phase_wipe,15,2,1,0.1878226276473381
48,phase_wipe,15,3,1,0.1878226276473381
48,phase_wipe,15,4,1,0.1878226276473381
48,phase_wipe,15,5,1,0.1878226276473381
48,phase_wipe,15,6,1,0.1878226276473381
48,phase_wipe,15,7,1,0.1878226276473381
48,phase_wipe,16,0,1,0.1878229695001254
48,phase_wipe,16,1,1,0.1878229695001254
48,phase_wipe,16,2,1,0.1878229695001254
48,phase_wipe,16,3,1,0.1878229695001254
48,phase_wipe,16,4,1,0.1878229695001254
48,phase_wipe,16,5,1,0.1878229695001254
48,phase_wipe,16,6,1,0.1878229695001254
48,phase_wipe,16,7,1,0.1878229695001254
48,phase_wipe,17,0,1,0.18782296248999972
48,phase_wipe,17,1,1,0.18782296248999972
48,phase_wipe,17,2,1,0.18782296248999972
48,phase_wipe,17,3,1,0.18782296248999972
48,phase_wipe,17,4,1,0.18782296248999972
48,phase_wipe,17,5,1,0.18782296248999972
48,phase_wipe,17,6,1,0.18782296248999972
48,phase_wipe,17,7,1,0.18782296248999972
48,phase_wipe,18,0,1,0.18782297223591715
48,phase_wipe,18,1,1,0.18782297223591715
48,phase_wipe,18,2,1,0.18782297223591715
48,phase_wipe,18,3,1,0.18782297223591715
48,phase_wipe,18,4,1,0.18782297223591715
48,phase_wipe,18,5,1,0.18782297223591715
48,phase_wipe,18,6,1,0.18782297223591715
48,phase_wipe,18,7,1,0.18782297223591715
48,phase_wipe,19,0,1,0.18782296863794296
48,phase_wipe,19,1,1,0.18782296863794296
48,phase_wipe,19,2,1,0.18782296863794296
48,phase_wipe,19,3,1,0.18782296863794296
48,phase_wipe,19,4,1,0.18782296863794296
48,phase_wipe,19,5,1,0.18782296863794296
48,phase_wipe,19,6,1,0.18782296863794296
48,phase_wipe,19,7,1,0.18782296863794296
48,phase_wipe,20,0,1,0.18782296164028991
48,phase_wipe,20,1,1,0.18782296164028991
48,phase_wipe,20,2,1,0.18782296164028991
48,phase_wipe,20,3,1,0.18782296164028991
48,phase_wipe,20,4,1,0.18782296164028991
48,phase_wipe,20,5,1,0.18782296164028991
48,phase_wipe,20,6,1,0.18782296164028991
48,phase_wipe,20,7,1,0.18782296164028991
48,phase_wipe,21,0,1,0.18782297137012868
48,phase_wipe,21,1,1,0.18782297137012868
48,phase_wipe,21,2,1,0.18782297137012868
48,phase_wipe,21,3,1,0.18782297137012868
48,phase_wipe,21,4,1,0.18782297137012868
48,phase_wipe,21,5,1,0.18782297137012868
48,phase_wipe,21,6,1,0.18782297137012868
48,phase_wipe,21,7,1,0.18782297137012868
48,phase_wipe,22,0,1,0.18782296985255037
48,phase_wipe,22,1,1,0.18782296985255037
48,phase_wipe,22,2,1,0.18782296985255037
48,phase_wipe,22,3,1,0.18782296985255037
48,phase_wipe,22,4,1,0.18782296985255037
48,phase_wipe,22,5,1,0.18782296985255037
48,phase_wipe,22,6,1,0.18782296985255037
48,phase_wipe,22,7,1,0.18782296985255037
48,phase_wipe,23,0,1,0.1878229628374441
48,phase_wipe,23,1,1,0.1878229628374441
48,phase_wipe,23,2,1,0.1878229628374441
48,phase_wipe,23,3,1,0.1878229628374441
48,phase_wipe,23,4,1,0.1878229628374441
48,phase_wipe,23,5,1,0.1878229628374441
48,phase_wipe,23,6,1,0.1878229628374441
48,phase_wipe,23,7,1,0.1878229628374441
48,phase_wipe,24,0,1,0.18782334145454233
48,phase_wipe,24,1,1,0.18782334145454233
48,phase_wipe,24,2,1,0.18782334145454233
48,phase_wipe,24,3,1,0.18782334145454233
48,phase_wipe,24,4,1,0.18782334145454233
48,phase_wipe,24,5,1,0.18782334145454233
48,phase_wipe,24,6,1,0.18782334145454233
48,phase_wipe,24,7,1,0.18782334145454233
48,phase_wipe,25,0,1,0.1878233401572554
48,phase_wipe,25,1,1,0.1878233401572554
48,phase_wipe,25,2,1,0.1878233401572554
48,phase_wipe,25,3,1,0.1878233401572554
48,phase_wipe,25,4,1,0.1878233401572554
48,phase_wipe,25,5,1,0.1878233401572554
48,phase_wipe,25,6,1,0.1878233401572554
48,phase_wipe,25,7,1,0.1878233401572554
48,phase_wipe,26,0,1,0.18782334175951912
48,phase_wipe,26,1,1,0.18782334175951912
48,phase_wipe,26,2,1,0.18782334175951912
48,phase_wipe,26,3,1,0.18782334175951912
48,phase_wipe,26,4,1,0.18782334175951912
48,phase_wipe,26,5,1,0.18782334175951912
48,phase_wipe,26,6,1,0.18782334175951912
48,phase_wipe,26,7,1,0.18782334175951912
48,phase_wipe,27,0,1,0.1878233414240548
48,phase_wipe,27,1,1,0.1878233414240548
48,phase_wipe,27,2,1,0.1878233414240548
48,phase_wipe,27,3,1,0.1878233414240548
48,phase_wipe,27,4,1,0.1878233414240548
48,phase_wipe,27,5,1,0.1878233414240548
48,phase_wipe,27,6,1,0.1878233414240548
48,phase_wipe,27,7,1,0.1878233414240548
48,phase_wipe,28,0,1,0.18782334012671797
48,phase_wipe,28,1,1,0.18782334012671797
48,phase_wipe,28,2,1,0.18782334012671797
48,phase_wipe,28,3,1,0.18782334012671797
48,phase_wipe,28,4,1,0.18782334012671797
48,phase_wipe,28,5,1,0.18782334012671797
48,phase_wipe,28,6,1,0.18782334012671797
48,phase_wipe,28,7,1,0.18782334012671797
48,phase_wipe,29,0,1,0.18782334172972137
48,phase_wipe,29,1,1,0.18782334172972137
48,phase_wipe,29,2,1,0.18782334172972137
48,phase_wipe,29,3,1,0.18782334172972137
48,phase_wipe,29,4,1,0.18782334172972137
48,phase_wipe,29,5,1,0.18782334172972137
48,phase_wipe,29,6,1,0.18782334172972137
48,phase_wipe,29,7,1,0.18782334172972137
48,phase_wipe,30,0,1,0.18782334146695623
48,phase_wipe,30,1,1,0.18782334146695623
48,phase_wipe,30,2,1,0.18782334146695623
48,phase_wipe,30,3,1,0.18782334146695623
48,phase_wipe,30,4,1,0.18782334146695623
48,phase_wipe,30,5,1,0.18782334146695623
48,phase_wipe,30,6,1,0.18782334146695623
48,phase_wipe,30,7,1,0.18782334146695623
48,phase_wipe,31,0,1,0.1878233401696924
48,phase_wipe,31,1,1,0.1878233401696924
48,phase_wipe,31,2,1,0.1878233401696924
48,phase_wipe,31,3,1,0.1878233401696924
48,phase_wipe,31,4,1,0.1878233401696924
48,phase_wipe,31,5,1,0.1878233401696924
48,phase_wipe,31,6,1,0.1878233401696924
48,phase_wipe,31,7,1,0.1878233401696924
48,phase_wipe,32,0,1,0.18782376707798348
48,phase_wipe,32,1,1,0.18782376707798348
48,phase_wipe,32,2,1,0.18782376707798348
48,phase_wipe,32,3,1,0.18782376707798348
48,phase_wipe,32,4,1,0.18782376707798348
48,phase_wipe,32,5,1,0.18782376707798348
48,phase_wipe,32,6,1,0.18782376707798348
48,phase_wipe,32,7,1,0.18782376707798348
48,phase_wipe,33,0,1,0.18782376729856998
48,phase_wipe,33,1,1,0.18782376729856998
48,phase_wipe,33,2,1,0.18782376729856998
48,phase_wipe,33,3,1,0.18782376729856998
48,phase_wipe,33,4,1,0.18782376729856998
48,phase_wipe,33,5,1,0.18782376729856998
48,phase_wipe,33,6,1,0.18782376729856998
48,phase_wipe,33,7,1,0.18782376729856998
48,phase_wipe,34,0,1,0.18782376634562192
48,phase_wipe,34,1,1,0.18782376634562192
48,phase_wipe,34,2,1,0.18782376634562192
48,phase_wipe,34,3,1,0.18782376634562192
48,phase_wipe,34,4,1,0.18782376634562192
48,phase_wipe,34,5,1,0.18782376634562192
48,phase_wipe,34,6,1,0.18782376634562192
48,phase_wipe,34,7,1,0.18782376634562192
48,phase_wipe,35,0,1,0.18782376707728807
48,phase_wipe,35,1,1,0.18782376707728807
48,phase_wipe,35,2,1,0.18782376707728807
48,phase_wipe,35,3,1,0.18782376707728807
48,phase_wipe,35,4,1,0.18782376707728807
48,phase_wipe,35,5,1,0.18782376707728807
48,phase_wipe,35,6,1,0.18782376707728807
48,phase_wipe,35,7,1,0.18782376707728807
48,phase_wipe,36,0,1,0.18782376729765982
48,phase_wipe,36,1,1,0.18782376729765982
48,phase_wipe,36,2,1,0.18782376729765982
48,phase_wipe,36,3,1,0.18782376729765982
48,phase_wipe,36,4,1,0.18782376729765982
48,phase_wipe,36,5,1,0.18782376729765982
48,phase_wipe,36,6,1,0.18782376729765982
48,phase_wipe,36,7,1,0.18782376729765982
48,phase_wipe,37,0,1,0.18782376634522444
48,phase_wipe,37,1,1,0.18782376634522444
48,phase_wipe,37,2,1,0.18782376634522444
48,phase_wipe,37,3,1,0.18782376634522444
48,phase_wipe,37,4,1,0.18782376634522444
48,phase_wipe,37,5,1,0.18782376634522444
48,phase_wipe,37,6,1,0.18782376634522444
48,phase_wipe,37,7,1,0.18782376634522444
48,phase_wipe,38,0,1,0.18782376707819945
48,phase_wipe,38,1,1,0.18782376707819945
48,phase_wipe,38,2,1,0.18782376707819945
48,phase_wipe,38,3,1,0.18782376707819945
48,phase_wipe,38,4,1,0.18782376707819945
48,phase_wipe,38,5,1,0.18782376707819945
48,phase_wipe,38,6,1,0.18782376707819945
48,phase_wipe,38,7,1,0.18782376707819945
48,phase_wipe,39,0,1,0.1878237672988711
48,phase_wipe,39,1,1,0.1878237672988711
48,phase_wipe,39,2,1,0.1878237672988711
48,phase_wipe,39,3,1,0.1878237672988711
48,phase_wipe,39,4,1,0.1878237672988711
48,phase_wipe,39,5,1,0.1878237672988711
48,phase_wipe,39,6,1,0.1878237672988711
48,phase_wipe,39,7,1,0.1878237672988711
48,phase_wipe,40,0,1,0.18782425760743565
48,phase_wipe,40,1,1,0.18782425760743565
48,phase_wipe,40,2,1,0.18782425760743565
48,phase_wipe,40,3,1,0.18782425760743565
48,phase_wipe,40,4,1,0.18782425760743565
48,phase_wipe,40,5,1,0.18782425760743565
48,phase_wipe,40,6,1,0.18782425760743565
48,phase_wipe,40,7,1,0.18782425760743565
48,phase_wipe,41,0,1,0.18782425912138592
48,phase_wipe,41,1,1,0.18782425912138592
48,phase_wipe,41,2,1,0.18782425912138592
48,phase_wipe,41,3,1,0.18782425912138592
48,phase_wipe,41,4,1,0.18782425912138592
48,phase_wipe,41,5,1,0.18782425912138592
48,phase_wipe,41,6,1,0.18782425912138592
48,phase_wipe,41,7,1,0.18782425912138592
48,phase_wipe,42,0,1,0.18782425509083583
48,phase_wipe,42,1,1,0.18782425509083583
48,phase_wipe,42,2,1,0.18782425509083583
48,phase_wipe,42,3,1,0.18782425509083583
48,phase_wipe,42,4,1,0.18782425509083583
48,phase_wipe,42,5,1,0.18782425509083583
48,phase_wipe,42,6,1,0.18782425509083583
48,phase_wipe,42,7,1,0.18782425509083583
48,phase_wipe,43,0,1,0.1878242576074585
48,phase_wipe,43,1,1,0.1878242576074585
48,phase_wipe,43,2,1,0.1878242576074585
48,phase_wipe,43,3,1,0.1878242576074585
48,phase_wipe,43,4,1,0.1878242576074585
48,phase_wipe,43,5,1,0.1878242576074585
48,phase_wipe,43,6,1,0.1878242576074585
48,phase_wipe,43,7,1,0.1878242576074585
48,phase_wipe,44,0,1,0.18782425912143383
48,phase_wipe,44,1,1,0.18782425912143383
48,phase_wipe,44,2,1,0.18782425912143383
48,phase_wipe,44,3,1,0.18782425912143383
48,phase_wipe,44,4,1,0.18782425912143383
48,phase_wipe,44,5,1,0.18782425912143383
48,phase_wipe,44,6,1,0.18782425912143383
48,phase_wipe,44,7,1,0.18782425912143383
48,phase_wipe,45,0,1,0.18782425509028342
48,phase_wipe,45,1,1,0.18782425509028342
48,phase_wipe,45,2,1,0.18782425509028342
48,phase_wipe,45,3,1,0.18782425509028342
48,phase_wipe,45,4,1,0.18782425509028342
48,phase_wipe,45,5,1,0.18782425509028342
48,phase_wipe,45,6,1,0.18782425509028342
48,phase_wipe,45,7,1,0.18782425509028342
48,phase_wipe,46,0,1,0.187824257607337
48,phase_wipe,46,1,1,0.187824257607337
48,phase_wipe,46,2,1,0.187824257607337
48,phase_wipe,46,3,1,0.187824257607337
48,phase_wipe,46,4,1,0.187824257607337
48,phase_wipe,46,5,1,0.187824257607337
48,phase_wipe,46,6,1,0.187824257607337
48,phase_wipe,46,7,1,0.187824257607337
48,phase_wipe,47,0,1,0.1878242591212718
48,phase_wipe,47,1,1,0.1878242591212718
48,phase_wipe,47,2,1,0.1878242591212718
48,phase_wipe,47,3,1,0.1878242591212718
48,phase_wipe,47,4,1,0.1878242591212718
48,phase_wipe,47,5,1,0.1878242591212718
48,phase_wipe,47,6,1,0.1878242591212718
48,phase_wipe,47,7,1,0.1878242591212718
48,dropout_50,0,0,1,0.18567445314957248
48,dropout_50,0,1,1,0.18463565021178174
48,dropout_50,0,2,1,0.18675908651680903
48,dropout_50,0,3,1,0.18749860813170224
48,dropout_50,0,4,1,0.1853982505179176
48,dropout_50,0,5,1,0.1867168551658246
48,dropout_50,0,6,1,0.18611673429235406
48,dropout_50,0,7,1,0.18621748420095188
48,dropout_50,1,0,1,0.18666902849189732
48,dropout_50,1,1,1,0.18611093059459202
48,dropout_50,1,2,1,0.18694814440724877
48,dropout_50,1,3,1,0.18644646411568608
48,dropout_50,1,4,1,0.18677247575704511
48,dropout_50,1,5,1,0.18705077277191776
48,dropout_50,1,6,1,0.18714821815403204
48,dropout_50,1,7,1,0.16550023508071102
48,dropout_50,2,0,1,0.18706631240001848
48,dropout_50,2,1,1,0.18616037638698757
48,dropout_50,2,2,1,0.1849886664312352
48,dropout_50,2,3,1,0.18573243505564432
48,dropout_50,2,4,1,0.18681874420241756
48,dropout_50,2,5,1,0.18688704676398807
48,dropout_50,2,6,1,0.18675700251165814
48,dropout_50,2,7,1,0.18493420642753303
48,dropout_50,3,0,1,0.18590315466369836
48,dropout_50,3,1,1,0.16550041630284174
48,dropout_50,3,2,1,0.1870181795772644
48,dropout_50,3,3,1,0.1870660790983902
48,dropout_50,3,4,1,0.18638334282744096
48,dropout_50,3,5,1,0.18746537215727094
48,dropout_50,3,6,1,0.18738453512725908
48,dropout_50,3,7,1,0.18735868629299746
48,dropout_50,4,0,1,0.18727682599538462
48,dropout_50,4,1,1,0.18717220259220052
48,dropout_50,4,2,1,0.18645299361826023
48,dropout_50,4,3,1,0.18723451554677545
48,dropout_50,4,4,1,0.18706232650701712
48,dropout_50,4,5,1,0.1869797066789833
48,dropout_50,4,6,1,0.18727533026772383
48,dropout_50,4,7,1,0.18714952963192963
48,dropout_50,5,0,1,0.18384008695581724
48,dropout_50,5,1,1,0.18676069288107716
48,dropout_50,5,2,1,0.1874180234644601
48,dropout_50,5,3,1,0.18668003065878153
48,dropout_50,5,4,1,0.18742049300130872
48,dropout_50,5,5,1,0.18734824144827433
48,dropout_50,5,6,1,0.1867742216357239
48,dropout_50,5,7,1,0.1868599042638513
48,dropout_50,6,0,1,0.18644042213444803
48,dropout_50,6,1,1,0.18512408799249386
48,dropout_50,6,2,1,0.18651841257376672
48,dropout_50,6,3,1,0.11145203156626385
48,dropout_50,6,4,1,0.18532423188570094
48,dropout_50,6,5,1,0.18764551165038365
48,dropout_50,6,6,1,0.18656543709835507
48,dropout_50,6,7,1,0.18695542831516201
48,dropout_50,7,0,1,0.185899703131093
48,dropout_50,7,1,1,0.18740133107992515
48,dropout_50,7,2,1,0.18717777150779102
48,dropout_50,7,3,1,0.18746176885432675
48,dropout_50,7,4,1,0.16548237456704007
48,dropout_50,7,5,1,0.18644055656021088
48,dropout_50,7,6,1,0.18709144200858357
48,dropout_50,7,7,1,0.18616828022376622
48,dropout_50,8,0,1,0.1873130705788561
48,dropout_50,8,1,1,0.18523666064871208
48,dropout_50,8,2,1,0.1859191815909061
48,dropout_50,8,3,1,0.1867557889478314
48,dropout_50,8,4,1,0.18744291949345115
48,dropout_50,8,5,1,0.18748363630228593
48,dropout_50,8,6,1,0.18705342368302605
48,dropout_50,8,7,1,0.18580518295914483
48,dropout_50,9,0,1,0.1852417198044136
48,dropout_50,9,1,1,0.18671144531492728
48,dropout_50,9,2,1,0.18685557756005133
48,dropout_50,9,3,1,0.18680929687872222
48,dropout_50,9,4,1,0.1860846821025246
48,dropout_50,9,5,1,0.18681860374722617
48,dropout_50,9,6,1,0.18533302668625115
48,dropout_50,9,7,1,0.18745412491242724
48,dropout_50,10,0,1,0.1858110362087993
48,dropout_50,10,1,1,0.186123720480673
48,dropout_50,10,2,1,0.18495002496942214
48,dropout_50,10,3,1,0.1872766609411426
48,dropout_50,10,4,1,0.18696795297528432
48,dropout_50,10,5,1,0.18649511717298278
48,dropout_50,10,6,1,0.18712734220796343
48,dropout_50,10,7,1,0.18751789249036435
48,dropout_50,11,0,1,0.18739544197975236
48,dropout_50,11,1,1,0.18709519192799481
48,dropout_50,11,2,1,0.1867977100926423
48,dropout_50,11,3,1,0.18736952298573617
48,dropout_50,11,4,1,0.18647459476242212
48,dropout_50,11,5,1,0.18694560134272206
48,dropout_50,11,6,1,0.1863613902471913
48,dropout_50,11,7,1,0.18523802315417306
48,dropout_50,12,0,1,0.1874601379369293
48,dropout_50,12,1,1,0.1874933091911256
48,dropout_50,12,2,1,0.18701495135985666
48,dropout_50,12,3,1,0.18648258162985515
48,dropout_50,12,4,1,0.18739971167311728
48,dropout_50,12,5,1,0.18689325544976873
48,dropout_50,12,6,1,0.1872621466409967
48,dropout_50,12,7,1,0.18704414599086724
48,dropout_50,13,0,1,0.1840990280587012
48,dropout_50,13,1,1,0.18660456370928039
48,dropout_50,13,2,1,0.1862686806094134
48,dropout_50,13,3,1,0.18679783343301076
48,dropout_50,13,4,1,0.18742117304880254
48,dropout_50,13,5,1,0.1866745812582688
48,dropout_50,13,6,1,0.18696362170241754
48,dropout_50,13,7,1,0.1874623575880009
48,dropout_50,14,0,1,0.18754736778351921
48,dropout_50,14,1,1,0.18587838150929967
48,dropout_50,14,2,1,0.1869305527409422
48,dropout_50,14,3,1,0.12647910533021967
48,dropout_50,14,4,1,0.18646931138277575
48,dropout_50,14,5,1,0.18521044546140394
48,dropout_50,14,6,1,0.18711194045190507
48,dropout_50,14,7,1,0.18469221635659577
48,dropout_50,15,0,1,0.18626268045769828
48,dropout_50,15,1,1,1.1744297217924915e-06
48,dropout_50,15,2,1,0.18478570802084365
48,dropout_50,15,3,1,0.18709426398312076
48,dropout_50,15,4,1,0.18695630918240413
48,dropout_50,15,5,1,0.18549855475659252
48,dropout_50,15,6,1,0.1870652748700379
48,dropout_50,15,7,1,0.18753741010427433
48,dropout_50,16,0,1,0.1860800131253516
48,dropout_50,16,1,1,0.18579625073506145
48,dropout_50,16,2,1,0.18657598105005568
48,dropout_50,16,3,1,0.1863662013870193
48,dropout_50,16,4,1,0.1869465745274123
48,dropout_50,16,5,1,0.18708615310102866
48,dropout_50,16,6,1,0.1865232346444609
48,dropout_50,16,7,1,0.18559350217919635
48,dropout_50,17,0,1,0.1862870046795465
48,dropout_50,17,1,1,0.18635875728710374
48,dropout_50,17,2,1,0.18600321416178162
48,dropout_50,17,3,1,0.18627669034460095
48,dropout_50,17,4,1,0.18618621048087472
48,dropout_50,17,5,1,0.18687339005381967
48,dropout_50,17,6,1,0.18642475085862856
48,dropout_50,17,7,1,0.1860421279803414
48,dropout_50,18,0,1,0.1873157755645038
48,dropout_50,18,1,1,0.18676802936684142
48,dropout_50,18,2,1,0.18717605303161075
48,dropout_50,18,3,1,0.1859725724067753
48,dropout_50,18,4,1,0.1860825408159113
48,dropout_50,18,5,1,0.18661160205926625
48,dropout_50,18,6,1,0.1856527813286883
48,dropout_50,18,7,1,0.1860248306284418
48,dropout_50,19,0,1,0.18704905387782705
48,dropout_50,19,1,1,0.18528486051315335
48,dropout_50,19,2,1,0.18620119137097288
48,dropout_50,19,3,1,0.18731548288053762
48,dropout_50,19,4,1,0.18700332167582356
48,dropout_50,19,5,1,0.1864385463736601
48,dropout_50,19,6,1,0.18717257748792226
48,dropout_50,19,7,1,0.18566407291167855
48,dropout_50,20,0,1,0.18699059657244038
48,dropout_50,20,1,1,0.18723081429678443
48,dropout_50,20,2,1,0.1867132822047594
48,dropout_50,20,3,1,0.18715638400739723
48,dropout_50,20,4,1,0.18743347203018845
48,dropout_50,20,5,1,0.18768693505707817
48,dropout_50,20,6,1,0.1853780082401515
48,dropout_50,20,7,1,0.1863387803604174
48,dropout_50,21,0,1,0.18722905670535067
48,dropout_50,21,1,1,0.18769742329586636
48,dropout_50,21,2,1,0.18632114267988356
48,dropout_50,21,3,1,0.18711683510359822
48,dropout_50,21,4,1,0.18681195725587557
48,dropout_50,21,5,1,0.1875058385980567
48,dropout_50,21,6,1,0.18747509011277352
48,dropout_50,21,7,1,0.18727704527600825
48,dropout_50,22,0,1,0.18648027410401688
48,dropout_50,22,1,1,0.1875279339614777
48,dropout_50,22,2,1,0.18705247042604933
48,dropout_50,22,3,1,0.18487762906586397
48,dropout_50,22,4,1,0.18690501641990429
48,dropout_50,22,5,1,0.18524107266265966
48,dropout_50,22,6,1,0.1818063725095887
48,dropout_50,22,7,1,0.18618074991578995
48,dropout_50,23,0,1,0.18627583144876533
48,dropout_50,23,1,1,0.18439529051726683
48,dropout_50,23,2,1,0.1855579209835208
48,dropout_50,23,3,1,0.18594706596578636
48,dropout_50,23,4,1,0.18705040821461952
48,dropout_50,23,5,1,0.18707154179450677
48,dropout_50,23,6,1,0.18479626563214388
48,dropout_50,23,7,1,0.18646364593040082
48,dropout_50,24,0,1,0.18679704588433094
48,dropout_50,24,1,1,0.18738742875309888
48,dropout_50,24,2,1,0.18556090672670475
48,dropout_50,24,3,1,0.18635210557035814
48,dropout_50,24,4,1,0.1849173141888641
48,dropout_50,24,5,1,0.18467319990750547
48,dropout_50,24,6,1,0.18749474676209754
48,dropout_50,24,7,1,0.18648841654840773
48,dropout_50,25,0,1,0.18588353152209403
48,dropout_50,25,1,1,0.18715839719934016
48,dropout_50,25,2,1,0.18621783135890224
48,dropout_50,25,3,1,0.18539494085333283
48,dropout_50,25,4,1,0.1866374209645766
48,dropout_50,25,5,1,0.1865514628443405
48,dropout_50,25,6,1,0.18650212486818996
48,dropout_50,25,7,1,0.18690430547623701
48,dropout_50,26,0,1,0.1873939933119931
48,dropout_50,26,1,1,0.18698888845678344
48,dropout_50,26,2,1,0.18607335392495397
48,dropout_50,26,3,1,0.18664188685352875
48,dropout_50,26,4,1,0.18707710077284764
48,dropout_50,26,5,1,0.18561300169592432
48,dropout_50,26,6,1,0.18505630750893834
48,dropout_50,26,7,1,0.18692604178229122
48,dropout_50,27,0,1,0.18731264622819593
48,dropout_50,27,1,1,0.18679403673259146
48,dropout_50,27,2,1,0.18609835252012613
48,dropout_50,27,3,1,0.18571473828592092
48,dropout_50,27,4,1,0.18706069620364207
48,dropout_50,27,5,1,0.1869412023709361
48,dropout_50,27,6,1,0.18684674344717886
48,dropout_50,27,7,1,0.18630244938139093
48,dropout_50,28,0,1,0.18620089619055064
48,dropout_50,28,1,1,0.18594461658257147
48,dropout_50,28,2,1,0.18662860008685778
48,dropout_50,28,3,1,0.18700138472267772
48,dropout_50,28,4,1,0.18526699108600786
48,dropout_50,28,5,1,0.18663265231277867
48,dropout_50,28,6,1,0.18663115815378675
48,dropout_50,28,7,1,0.18572784699137745
48,dropout_50,29,0,1,0.18757562733169814
48,dropout_50,29,1,1,0.18659486189129923
48,dropout_50,29,2,1,0.18626316235619841
48,dropout_50,29,3,1,0.186319706099648
48,dropout_50,29,4,1,0.18659868329126358
48,dropout_50,29,5,1,0.18583196962310963
48,dropout_50,29,6,1,0.18761776079075637
48,dropout_50,29,7,1,0.18689810448627434
48,dropout_50,30,0,1,0.1866552176564078
48,dropout_50,30,1,1,0.18628722068640588
48,dropout_50,30,2,1,0.1855706463480041
48,dropout_50,30,3,1,0.18579210022776046
48,dropout_50,30,4,1,0.1857185752385387
48,dropout_50,30,5,1,0.1853652947735514
48,dropout_50,30,6,1,0.18755899281426563
48,dropout_50,30,7,1,0.18585917174848265
48,dropout_50,31,0,1,0.18631311153171035
48,dropout_50,31,1,1,0.18651010846765265
48,dropout_50,31,2,1,0.18691319457786326
48,dropout_50,31,3,1,0.18729188757356124
48,dropout_50,31,4,1,0.18695174073434614
48,dropout_50,31,5,1,0.18647132945396547
48,dropout_50,31,6,1,0.18637955676179996
48,dropout_50,31,7,1,0.1868412072645349
48,dropout_50,32,0,1,0.1866155732036527
48,dropout_50,32,1,1,0.18539977486638376
48,dropout_50,32,2,1,0.18575865532974992
48,dropout_50,32,3,1,0.18737742572723357
48,dropout_50,32,4,1,0.18641839597547852
48,dropout_50,32,5,1,0.18641763681658544
48,dropout_50,32,6,1,0.18667879954877517
48,dropout_50,32,7,1,0.18417267972723095
48,dropout_50,33,0,1,0.18626548203382792
48,dropout_50,33,1,1,0.18647685810824965
48,dropout_50,33,2,1,0.18733234642671157
48,dropout_50,33,3,1,0.18643431350447376
48,dropout_50,33,4,1,0.18531843299904002
48,dropout_50,33,5,1,0.1864171810484172
48,dropout_50,33,6,1,0.18598678209295474
48,dropout_50,33,7,1,0.18750107180138376
48,dropout_50,34,0,1,0.18544347079609472
48,dropout_50,34,1,1,0.18457917765170753
48,dropout_50,34,2,1,0.18699611061580784
48,dropout_50,34,3,1,0.18557980827192613
48,dropout_50,34,4,1,0.1864120115882245
48,dropout_50,34,5,1,0.1847917268195383
48,dropout_50,34,6,1,0.18592311885400287
48,dropout_50,34,7,1,0.18492251497831672
48,dropout_50,35,0,1,0.18682032297307952
48,dropout_50,35,1,1,0.18598415853125339
48,dropout_50,35,2,1,0.186538244559932
48,dropout_50,35,3,1,0.18546308763336045
48,dropout_50,35,4,1,0.1873778013049975
48,dropout_50,35,5,1,0.18489439533293675
48,dropout_50,35,6,1,0.18757168512931313
48,dropout_50,35,7,1,0.187069773159616
48,dropout_50,36,0,1,0.18707081033485906
48,dropout_50,36,1,1,0.18692594103232338
48,dropout_50,36,2,1,0.18738615835826142
48,dropout_50,36,3,1,0.18665421690933623
48,dropout_50,36,4,1,0.18676106448879662
48,dropout_50,36,5,1,0.18740453872539423
48,dropout_50,36,6,1,0.18690157281383626
48,dropout_50,36,7,1,0.18677717090665663
48,dropout_50,37,0,1,0.18691850577764402
48,dropout_50,37,1,1,0.1860755931073522
48,dropout_50,37,2,1,0.18467508734245394
48,dropout_50,37,3,1,0.1872602795762494
48,dropout_50,37,4,1,0.18469710931601205
48,dropout_50,37,5,1,0.18677902973048463
48,dropout_50,37,6,1,0.18447683047887242
48,dropout_50,37,7,1,0.1868980368270167
48,dropout_50,38,0,1,0.1861597878322506
48,dropout_50,38,1,1,0.18709901751917052
48,dropout_50,38,2,1,0.1854119440937216
48,dropout_50,38,3,1,0.18616073597928612
48,dropout_50,38,4,1,0.18641924819472938
48,dropout_50,38,5,1,0.18626251351812645
48,dropout_50,38,6,1,0.18594762223426423
48,dropout_50,38,7,1,0.18569522142044464
48,dropout_50,39,0,1,0.1867000563772376
48,dropout_50,39,1,1,0.18749277995585417
48,dropout_50,39,2,1,0.18599267734638072
48,dropout_50,39,3,1,0.18663308321613173
48,dropout_50,39,4,1,0.18747067106592571
48,dropout_50,39,5,1,0.18628102348084616
48,dropout_50,39,6,1,0.18668187718273163
48,dropout_50,39,7,1,0.18619867517229818
48,dropout_50,40,0,1,0.18608293591554237
48,dropout_50,40,1,1,0.18505633547494005
48,dropout_50,40,2,1,0.18583637865489577
48,dropout_50,40,3,1,0.1863708936657992
48,dropout_50,40,4,1,0.18660953367726962
48,dropout_50,40,5,1,0.18563612869200352
48,dropout_50,40,6,1,0.18519866991035783
48,dropout_50,40,7,1,0.18510133198552003
48,dropout_50,41,0,1,0.18667539647504222
48,dropout_50,41,1,1,0.18762400062156526
48,dropout_50,41,2,1,0.1852853809895613
48,dropout_50,41,3,1,0.18755135985530139
48,dropout_50,41,4,1,0.1873474403341867
48,dropout_50,41,5,1,0.18571087580074108
48,dropout_50,41,6,1,0.18715294302499585
48,dropout_50,41,7,1,0.18616236117023613
48,dropout_50,42,0,1,0.1865557630289805
48,dropout_50,42,1,1,0.1864083315991205
48,dropout_50,42,2,1,0.18656255492068247
48,dropout_50,42,3,1,0.1852399038311975
48,dropout_50,42,4,1,0.18492359951470447
48,dropout_50,42,5,1,0.18709131985711086
48,dropout_50,42,6,1,0.1854477648558476
48,dropout_50,42,7,1,0.18570023062829366
48,dropout_50,43,0,1,0.18739355035325547
48,dropout_50,43,1,1,0.18726393874281766
48,dropout_50,43,2,1,0.18644486839045404
48,dropout_50,43,3,1,0.18473834393587013
48,dropout_50,43,4,1,0.18407506674981597
48,dropout_50,43,5,1,0.18457211586444153
48,dropout_50,43,6,1,0.18550689811188384
48,dropout_50,43,7,1,0.1861928323572574
48,dropout_50,44,0,1,0.18697674805533784
48,dropout_50,44,1,1,0.18694442330773003
48,dropout_50,44,2,1,0.18531331625450498
48,dropout_50,44,3,1,0.18735794263571792
48,dropout_50,44,4,1,0.18679311115242103
48,dropout_50,44,5,1,0.1865888667199061
48,dropout_50,44,6,1,0.18682986544002864
48,dropout_50,44,7,1,0.18675176156267445
48,dropout_50,45,0,1,0.18555256495898467
48,dropout_50,45,1,1,0.18646757879192685
48,dropout_50,45,2,1,0.1865796454618295
48,dropout_50,45,3,1,0.18470387105029096
48,dropout_50,45,4,1,0.1858781167239557
48,dropout_50,45,5,1,0.18611022273943562
48,dropout_50,45,6,1,0.18736114885289956
48,dropout_50,45,7,1,0.18732563453905998
48,dropout_50,46,0,1,0.18650572423329875
48,dropout_50,46,1,1,0.18698534810078501
48,dropout_50,46,2,1,0.18746225180898018
48,dropout_50,46,3,1,0.1860859636812382
48,dropout_50,46,4,1,0.18424858672682315
48,dropout_50,46,5,1,0.1865387092255026
48,dropout_50,46,6,1,0.18555077536937972
48,dropout_50,46,7,1,0.18726644520802768
48,dropout_50,47,0,1,0.18741594217115565
48,dropout_50,47,1,1,0.18595998598011712
48,dropout_50,47,2,1,0.1865294687243314
48,dropout_50,47,3,1,0.18659528378072093
48,dropout_50,47,4,1,0.1867716070663928
48,dropout_50,47,5,1,0.18679731891702125
48,dropout_50,47,6,1,0.18682769115173542
48,dropout_50,47,7,1,0.1861340331920851
48,amp_noise,0,0,1,0.15745014460911452
48,amp_noise,0,1,1,0.12246958493020167
48,amp_noise,0,2,1,0.16514523321813696
48,amp_noise,0,3,1,0.15777792047260725
48,amp_noise,0,4,1,0.1550712588290667
48,amp_noise,0,5,1,0.13672592695300018
48,amp_noise,0,6,1,0.1473859080875229
48,amp_noise,0,7,1,0.17103967808332657
48,amp_noise,1,0,1,0.10673861305046325
48,amp_noise,1,1,1,0.11939683899070712
48,amp_noise,1,2,1,0.15172791819524326
48,amp_noise,1,3,1,0.1642601668995205
48,amp_noise,1,4,1,0.16517584133725824
48,amp_noise,1,5,1,0.15827029954733654
48,amp_noise,1,6,1,4.053237470316717e-05
48,amp_noise,1,7,1,0.10954346353913381
48,amp_noise,2,0,1,0.13129278445408957
48,amp_noise,2,1,1,0.16491897298772312
48,amp_noise,2,2,1,0.15828657823313322
48,amp_noise,2,3,1,0.15674522946394387
48,amp_noise,2,4,1,0.14795677596869578
48,amp_noise,2,5,1,0.162025343988126
48,amp_noise,2,6,1,0.149932204342206
48,amp_noise,2,7,1,0.1161520405099178
48,amp_noise,3,0,1,0.1393727151692874
48,amp_noise,3,1,1,0.16588827933380698
48,amp_noise,3,2,1,0.16214501319877528
48,amp_noise,3,3,1,0.17024543291804248
48,amp_noise,3,4,1,0.10551641937500944
48,amp_noise,3,5,1,0.11232424925273321
48,amp_noise,3,6,1,0.1209105539238653
48,amp_noise,3,7,1,0.1284665229152213
48,amp_noise,4,0,1,0.15394037287726367
48,amp_noise,4,1,1,0.10467409797713176
48,amp_noise,4,2,1,0.16256818424337716
48,amp_noise,4,3,1,0.15199833183881473
48,amp_noise,4,4,1,0.1708830697996476
48,amp_noise,4,5,1,0.14800119613081297
48,amp_noise,4,6,1,0.14180764548969785
48,amp_noise,4,7,1,0.14981379245894
48,amp_noise,5,0,1,0.1431590830927555
48,amp_noise,5,1,1,0.16640648012855858
48,amp_noise,5,2,1,0.16372112304874775
48,amp_noise,5,3,1,0.1447708301165213
48,amp_noise,5,4,1,0.1710772811016009
48,amp_noise,5,5,1,0.11961374521468632
48,amp_noise,5,6,1,0.16507502581864197
48,amp_noise,5,7,1,0.16720970567705196
48,amp_noise,6,0,1,0.13867325746335868
48,amp_noise,6,1,1,0.10911921220160335
48,amp_noise,6,2,1,0.11936322424898421
48,amp_noise,6,3,1,0.1739896379044921
48,amp_noise,6,4,1,0.12025598383578795
48,amp_noise,6,5,1,0.15125484926808924
48,amp_noise,6,6,1,0.15660983786782276
48,amp_noise,6,7,1,0.1722978778924569
48,amp_noise,7,0,1,0.16242312225350708
48,amp_noise,7,1,1,0.14636498267785372
48,amp_noise,7,2,1,0.15806100499364686
48,amp_noise,7,3,1,0.167753031253206
48,amp_noise,7,4,1,0.16125301446789106
48,amp_noise,7,5,1,0.14037038612996897
48,amp_noise,7,6,1,0.15094231995102353
48,amp_noise,7,7,1,0.16476001490342773
48,amp_noise,8,0,1,0.16392917268977325
48,amp_noise,8,1,1,0.16393802072784985
48,amp_noise,8,2,1,0.007615895159913066
48,amp_noise,8,3,1,9.274907683959333e-07
48,amp_noise,8,4,1,0.16511409472014854
48,amp_noise,8,5,1,0.16912916383232074
48,amp_noise,8,6,1,0.16367250792421645
48,amp_noise,8,7,1,0.16607479348372617
48,amp_noise,9,0,1,0.1434180116948114
48,amp_noise,9,1,1,0.14265671470326455
48,amp_noise,9,2,1,0.12163983921355685
48,amp_noise,9,3,1,0.12760888546216448
48,amp_noise,9,4,1,0.16870260035129345
48,amp_noise,9,5,1,0.15289844449434448
48,amp_noise,9,6,0,0.005973933409585158
48,amp_noise,9,7,1,0.1473009309583963
48,amp_noise,10,0,0,2.5448255157906052e-05
48,amp_noise,10,1,0,1.33036865171271e-05
48,amp_noise,10,2,1,0.16822247724245212
48,amp_noise,10,3,1,3.054685328240936e-05
48,amp_noise,10,4,0,0.005965466644787226
48,amp_noise,10,5,1,2.4200511865912766e-05
48,amp_noise,10,6,0,0.005345449565561877
48,amp_noise,10,7,1,0.15829775737278826
48,amp_noise,11,0,1,0.15750983463200585
48,amp_noise,11,1,1,0.11926807908180041
48,amp_noise,11,2,1,0.14902525122026047
48,amp_noise,11,3,1,0.1450494841131859
48,amp_noise,11,4,1,0.12304288812112255
48,amp_noise,11,5,1,0.15244479862850957
48,amp_noise,11,6,1,0.12455445110677736
48,amp_noise,11,7,1,0.15211096789696865
48,amp_noise,12,0,0,3.144616282188539e-05
48,amp_noise,12,1,0,5.908823998701518e-07
48,amp_noise,12,2,1,0.16777484154944075
48,amp_noise,12,3,0,3.399464236097938e-05
48,amp_noise,12,4,1,0.1550034424636401
48,amp_noise,12,5,1,0.1640938540144626
48,amp_noise,12,6,0,2.652729636122564e-05
48,amp_noise,12,7,1,0.13132218825633651
48,amp_noise,13,0,1,1.1129341047466657e-05
48,amp_noise,13,1,1,0.1239545004336618
48,amp_noise,13,2,1,0.16033480566237604
48,amp_noise,13,3,1,0.17580746542604642
48,amp_noise,13,4,1,0.14649187522853102
48,amp_noise,13,5,1,0.17146337303691317
48,amp_noise,13,6,1,0.13890392842622512
48,amp_noise,13,7,1,0.15150686886100567
48,amp_noise,14,0,1,0.15113496267072266
48,amp_noise,14,1,1,0.1664154105062148
48,amp_noise,14,2,1,0.1501869225426069
48,amp_noise,14,3,1,3.5902300596080128e-06
48,amp_noise,14,4,1,3.241856310252922e-05
48,amp_noise,14,5,1,0.119059297292283
48,amp_noise,14,6,1,1.3952677806322589e-06
48,amp_noise,14,7,1,0.14930742383866782
48,amp_noise,15,0,1,0.13670788308964912
48,amp_noise,15,1,1,3.522737198084769e-05
48,amp_noise,15,2,1,0.12202127320418076
48,amp_noise,15,3,1,0.13035866310820943
48,amp_noise,15,4,1,0.14224634978163497
48,amp_noise,15,5,1,0.16458232334867134
48,amp_noise,15,6,1,0.15852994273048782
48,amp_noise,15,7,1,0.13979712707189695
48,amp_noise,16,0,0,0.004938053884591703
48,amp_noise,16,1,1,0.1498954336298396
48,amp_noise,16,2,1,0.15374380253910624
48,amp_noise,16,3,1,0.15234017600512428
48,amp_noise,16,4,1,0.14389273820350598
48,amp_noise,16,5,0,0.004978220029671465
48,amp_noise,16,6,1,0.1575590493207517
48,amp_noise,16,7,1,0.171281440889551
48,amp_noise,17,0,1,0.16147177614547487
48,amp_noise,17,1,1,0.15589816414913296
48,amp_noise,17,2,1,0.13516578367157117
48,amp_noise,17,3,1,2.921445172364423e-05
48,amp_noise,17,4,1,0.12371957643522641
48,amp_noise,17,5,1,0.13398472610321327
48,amp_noise,17,6,1,0.1351434062759318
48,amp_noise,17,7,1,0.14630344508213367
48,amp_noise,18,0,1,0.16196699398990524
48,amp_noise,18,1,1,0.16212006080939856
48,amp_noise,18,2,1,0.11973105422419161
48,amp_noise,18,3,1,0.12063345401543775
48,amp_noise,18,4,0,7.456081122161895e-05
48,amp_noise,18,5,1,0.16341428794439689
48,amp_noise,18,6,1,0.1347109410024348
48,amp_noise,18,7,1,0.16286474700813716
48,amp_noise,19,0,1,0.14474325978336466
48,amp_noise,19,1,1,0.16663423482326725
48,amp_noise,19,2,1,0.12538726459163715
48,amp_noise,19,3,1,0.15394794387117636
48,amp_noise,19,4,1,0.1538544740561903
48,amp_noise,19,5,1,0.1220042637904685
48,amp_noise,19,6,1,0.10908545599386678
48,amp_noise,19,7,1,0.1666045169591035
48,amp_noise,20,0,1,0.1378107865934976
48,amp_noise,20,1,1,0.1262354770363109
48,amp_noise,20,2,1,0.12558412356707657
48,amp_noise,20,3,1,0.18010583348408907
48,amp_noise,20,4,1,0.15375367102722187
48,amp_noise,20,5,0,1.0278492425241925e-06
48,amp_noise,20,6,1,0.15726972283083102
48,amp_noise,20,7,1,0.12377775130331417
48,amp_noise,21,0,1,0.15599166817467472
48,amp_noise,21,1,1,0.12542527126259476
48,amp_noise,21,2,0,0.0045155474845782195
48,amp_noise,21,3,1,2.0152700841741256e-05
48,amp_noise,21,4,1,0.1004976967482653
48,amp_noise,21,5,1,0.12191972228376498
48,amp_noise,21,6,0,0.017787408794648324
48,amp_noise,21,7,1,0.16459295209866684
48,amp_noise,22,0,1,0.11386375052480889
48,amp_noise,22,1,1,0.11805658305335177
48,amp_noise,22,2,1,0.16692938828299986
48,amp_noise,22,3,1,0.14908820957741098
48,amp_noise,22,4,1,0.10330130207008596
48,amp_noise,22,5,1,0.14017886310220373
48,amp_noise,22,6,1,0.16081489860439335
48,amp_noise,22,7,0,3.573551422289545e-06
48,amp_noise,23,0,1,0.1424087206451971
48,amp_noise,23,1,1,0.16670873455558147
48,amp_noise,23,2,1,0.14592390676513317
48,amp_noise,23,3,1,0.16555138330771021
48,amp_noise,23,4,1,0.12032080108163609
48,amp_noise,23,5,1,0.13928008617602872
48,amp_noise,23,6,1,0.16185528677866312
48,amp_noise,23,7,1,0.14613746895372187
48,amp_noise,24,0,1,0.16056032261709638
48,amp_noise,24,1,1,0.09598156754354009
48,amp_noise,24,2,1,0.004819761886984297
48,amp_noise,24,3,1,0.15665084266444462
48,amp_noise,24,4,1,0.1682600000528206
48,amp_noise,24,5,1,0.12061025966161205
48,amp_noise,24,6,0,2.1746378014636525e-05
48,amp_noise,24,7,1,0.1397950878914415
48,amp_noise,25,0,1,0.1661923673819614
48,amp_noise,25,1,1,0.1374203404578345
48,amp_noise,25,2,1,0.14740554260145733
48,amp_noise,25,3,1,0.14746598084634402
48,amp_noise,25,4,1,6.216245402991538e-05
48,amp_noise,25,5,1,0.0050779694218183735
48,amp_noise,25,6,1,0.13876842682864066
48,amp_noise,25,7,0,1.5638314602300918e-05
48,amp_noise,26,0,1,4.832662714449043e-05
48,amp_noise,26,1,0,0.01570664664476215
48,amp_noise,26,2,1,0.14737643262209937
48,amp_noise,26,3,1,0.16001544309549137
48,amp_noise,26,4,1,0.13945948509821332
48,amp_noise,26,5,1,0.14907775291271422
48,amp_noise,26,6,1,0.1447570471165114
48,amp_noise,26,7,1,0.1103576758040469
48,amp_noise,27,0,1,0.004946788316581657
48,amp_noise,27,1,1,0.16044305158008834
48,amp_noise,27,2,1,0.15157047988466002
48,amp_noise,27,3,1,0.14092441347750057
48,amp_noise,27,4,1,0.15607785253675735
48,amp_noise,27,5,1,0.1552399390703069
48,amp_noise,27,6,0,0.14622568522075136
48,amp_noise,27,7,1,0.15631957436468386
48,amp_noise,28,0,1,0.1645422761702054
48,amp_noise,28,1,1,0.12964242568544604
48,amp_noise,28,2,1,0.14611082780664775
48,amp_noise,28,3,1,0.12296880974081593
48,amp_noise,28,4,1,0.000153681491420532
48,amp_noise,28,5,1,0.16961618918615057
48,amp_noise,28,6,0,0.15897017268424385
48,amp_noise,28,7,1,0.1513777948627027
48,amp_noise,29,0,1,0.13973158419865134
48,amp_noise,29,1,1,0.15420942699547058
48,amp_noise,29,2,1,0.16108383551363148
48,amp_noise,29,3,1,0.11456163545654618
48,amp_noise,29,4,1,0.15369368162180122
48,amp_noise,29,5,1,0.16215670984994277
48,amp_noise,29,6,1,0.14051938914237416
48,amp_noise,29,7,0,6.768428797643278e-05
48,amp_noise,30,0,1,0.14514215841941078
48,amp_noise,30,1,0,0.003858827628172773
48,amp_noise,30,2,1,0.12464751276614738
48,amp_noise,30,3,1,0.15313412569204504
48,amp_noise,30,4,1,0.11197854243417986
48,amp_noise,30,5,1,0.14856252958056562
48,amp_noise,30,6,1,0.16422836121849302
48,amp_noise,30,7,1,3.2686967454773064e-05
48,amp_noise,31,0,1,0.12095943486950413
48,amp_noise,31,1,1,0.1423481951932799
48,amp_noise,31,2,1,0.14416632010140892
48,amp_noise,31,3,0,7.782324453579903e-05
48,amp_noise,31,4,1,0.14834758154449865
48,amp_noise,31,5,1,0.15504505492739593
48,amp_noise,31,6,1,0.1264534896335055
48,amp_noise,31,7,1,0.1339809334263206
48,amp_noise,32,0,1,0.15462828699494519
48,amp_noise,32,1,1,0.15831151524317086
48,amp_noise,32,2,0,0.0034877262020876765
48,amp_noise,32,3,1,0.1663479158631699
48,amp_noise,32,4,1,0.1654798651485096
48,amp_noise,32,5,0,0.13047512604065553
48,amp_noise,32,6,1,0.1632864634756565
48,amp_noise,32,7,1,0.14391550470434888
48,amp_noise,33,0,1,0.15717934641151676
48,amp_noise,33,1,1,0.16174588093776465
48,amp_noise,33,2,1,0.17009588850859456
48,amp_noise,33,3,1,0.16537321664639665
48,amp_noise,33,4,1,0.13988246065857646
48,amp_noise,33,5,1,0.13696446028000459
48,amp_noise,33,6,1,0.15213608729157613
48,amp_noise,33,7,1,0.17017123478719973
48,amp_noise,34,0,0,0.0035597248310698104
48,amp_noise,34,1,1,0.11978258091385442
48,amp_noise,34,2,1,0.1681797128980942
48,amp_noise,34,3,1,0.12624723677067584
48,amp_noise,34,4,1,0.12161816420294518
48,amp_noise,34,5,1,0.00015565520678473277
48,amp_noise,34,6,1,0.17635696748452617
48,amp_noise,34,7,1,0.17033761054164917
48,amp_noise,35,0,1,0.14146405806129503
48,amp_noise,35,1,0,0.0036494621484148837
48,amp_noise,35,2,1,8.158012101899814e-05
48,amp_noise,35,3,1,0.1564971595147797
48,amp_noise,35,4,1,4.8813273272260704e-05
48,amp_noise,35,5,0,2.0869181473523457e-05
48,amp_noise,35,6,1,0.14570821974370307
48,amp_noise,35,7,1,0.15879671739211693
48,amp_noise,36,0,1,0.1741844880182222
48,amp_noise,36,1,1,0.10749229811689946
48,amp_noise,36,2,1,0.15393597285659555
48,amp_noise,36,3,1,0.14868592931059968
48,amp_noise,36,4,0,0.0035473608870547624
48,amp_noise,36,5,1,0.15620266462622787
48,amp_noise,36,6,1,0.12779845048622493
48,amp_noise,36,7,0,0.0033495345441290902
48,amp_noise,37,0,1,0.1459511337786117
48,amp_noise,37,1,1,0.15959151637820868
48,amp_noise,37,2,1,0.16455360931793112
48,amp_noise,37,3,1,0.1375632157203618
48,amp_noise,37,4,1,0.17513202269492523
48,amp_noise,37,5,1,0.09957865799695231
48,amp_noise,37,6,1,0.1615783912006294
48,amp_noise,37,7,1,0.13899631493482634
48,amp_noise,38,0,1,0.159591387944812
48,amp_noise,38,1,1,0.1221400858385758
48,amp_noise,38,2,1,0.14151622646446416
48,amp_noise,38,3,1,0.13337562580228457
48,amp_noise,38,4,1,0.16440817034536687
48,amp_noise,38,5,1,0.1660347391598349
48,amp_noise,38,6,1,2.6471527627358604e-05
48,amp_noise,38,7,1,0.13477978485898917
48,amp_noise,39,0,1,0.14071454606528289
48,amp_noise,39,1,0,0.01072923346486268
48,amp_noise,39,2,1,0.10027262583062001
48,amp_noise,39,3,1,0.1515249533928535
48,amp_noise,39,4,1,0.004159963973155545
48,amp_noise,39,5,1,0.15704977718304064
48,amp_noise,39,6,1,0.15219420386608296
48,amp_noise,39,7,1,0.11654323853044156
48,amp_noise,40,0,1,0.12621124808986553
48,amp_noise,40,1,1,0.13123674848126318
48,amp_noise,40,2,1,0.17686177274655346
48,amp_noise,40,3,1,0.14865200401861448
48,amp_noise,40,4,1,0.1618869263127916
48,amp_noise,40,5,1,0.1526629118816597
48,amp_noise,40,6,1,0.13194325192428874
48,amp_noise,40,7,1,0.17422566774506343
48,amp_noise,41,0,1,0.11479584299668254
48,amp_noise,41,1,1,0.11999225812997608
48,amp_noise,41,2,1,0.13069829633644642
48,amp_noise,41,3,1,0.13924686029962294
48,amp_noise,41,4,1,0.14234304590468916
48,amp_noise,41,5,1,0.143440265975188
48,amp_noise,41,6,1,0.13653105141171834
48,amp_noise,41,7,1,0.0035285767956798886
48,amp_noise,42,0,1,0.12494967289259547
48,amp_noise,42,1,1,0.1756770582413575
48,amp_noise,42,2,1,0.11604121026253589
48,amp_noise,42,3,1,0.12521920126397487
48,amp_noise,42,4,1,0.13227428937811223
48,amp_noise,42,5,1,0.15882837526385013
48,amp_noise,42,6,1,0.16284913503044146
48,amp_noise,42,7,1,0.15137013414237765
48,amp_noise,43,0,0,3.402538931107646e-06
48,amp_noise,43,1,1,0.14423420562662304
48,amp_noise,43,2,1,0.16575321943148688
48,amp_noise,43,3,1,0.1293384880984063
48,amp_noise,43,4,1,0.13807187111752253
48,amp_noise,43,5,1,0.12173107089718972
48,amp_noise,43,6,1,0.15833601731712643
48,amp_noise,43,7,1,0.13849699390399606
48,amp_noise,44,0,1,0.1641339932654264
48,amp_noise,44,1,1,0.1694923452133834
48,amp_noise,44,2,1,0.14403998399191703
48,amp_noise,44,3,1,0.14978268155858626
48,amp_noise,44,4,1,0.1669496713561876
48,amp_noise,44,5,1,0.14497762917558116
48,amp_noise,44,6,1,3.1514550736286284e-05
48,amp_noise,44,7,1,0.1770292920571348
48,amp_noise,45,0,1,0.16392767170369363
48,amp_noise,45,1,1,0.1419290581170372
48,amp_noise,45,2,1,0.15678733821954394
48,amp_noise,45,3,1,0.15472331746711074
48,amp_noise,45,4,1,0.126346956999569
48,amp_noise,45,5,1,0.12641536654320595
48,amp_noise,45,6,1,0.17046391346903336
48,amp_noise,45,7,1,0.16651539960312792
48,amp_noise,46,0,1,0.14265331189973707
48,amp_noise,46,1,1,0.1439975521542609
48,amp_noise,46,2,1,0.1444865097585957
48,amp_noise,46,3,1,0.17465134252069658
48,amp_noise,46,4,1,0.13731675866544046
48,amp_noise,46,5,1,0.16988224623963252
48,amp_noise,46,6,1,0.13435369453695978
48,amp_noise,46,7,1,0.14624932669698704
48,amp_noise,47,0,1,0.129028703608474
48,amp_noise,47,1,1,0.17660292239265862
48,amp_noise,47,2,1,0.15033289197315844
48,amp_noise,47,3,1,0.1576041145896624
48,amp_noise,47,4,1,0.11784895226809647
48,amp_noise,47,5,1,0.14912644908006206
48,amp_noise,47,6,1,0.15078994341788238
48,amp_noise,47,7,1,0.1256691155051025
48,mixed,0,0,1,0.16564019673114072
48,mixed,0,1,1,0.13773459099488997
48,mixed,0,2,1,0.16532807088079654
48,mixed,0,3,1,0.1506066391392355
48,mixed,0,4,1,0.16361837804513596
48,mixed,0,5,1,0.15001638719170163
48,mixed,0,6,1,0.1580658482714506
48,mixed,0,7,1,0.17585110067617815
48,mixed,1,0,1,0.11434172706041106
48,mixed,1,1,1,0.12204273214589323
48,mixed,1,2,1,0.16102599369414677
48,mixed,1,3,1,0.16487137644537725
48,mixed,1,4,1,0.1713394560181662
48,mixed,1,5,1,0.15098520341929247
48,mixed,1,6,1,0.15731233013284743
48,mixed,1,7,1,0.11057455154150436
48,mixed,2,0,1,0.14517581092620974
48,mixed,2,1,1,0.16518740867680737
48,mixed,2,2,1,0.16607052614825704
48,mixed,2,3,1,0.16492919473581688
48,mixed,2,4,1,0.158087421255236
48,mixed,2,5,1,0.1619841706587475
48,mixed,2,6,1,0.13483454766825378
48,mixed,2,7,1,0.1201916610303308
48,mixed,3,0,1,0.15138238663449805
48,mixed,3,1,1,0.1720120778749228
48,mixed,3,2,1,0.16925361352603946
48,mixed,3,3,1,0.17522126500190366
48,mixed,3,4,1,0.14093323705046507
48,mixed,3,5,1,0.15088280670448329
48,mixed,3,6,1,0.12279697441071127
48,mixed,3,7,1,0.1428515535908878
48,mixed,4,0,1,0.15913544704733085
48,mixed,4,1,1,0.12179049739941263
48,mixed,4,2,1,0.16391181739350907
48,mixed,4,3,1,0.15817134612423928
48,mixed,4,4,1,0.17571472711465635
48,mixed,4,5,1,0.1571183738159595
48,mixed,4,6,1,0.1525794503395842
48,mixed,4,7,1,0.15935567973504916
48,mixed,5,0,1,0.15478933316088817
48,mixed,5,1,1,0.1717548052801997
48,mixed,5,2,1,0.17018603496305884
48,mixed,5,3,1,0.15569179647376305
48,mixed,5,4,1,0.17561411327618678
48,mixed,5,5,1,0.1219152023116783
48,mixed,5,6,1,0.17117355952036148
48,mixed,5,7,1,0.1728925764908482
48,mixed,6,0,1,0.151141766364427
48,mixed,6,1,1,0.14619921126933016
48,mixed,6,2,1,0.12195886062486182
48,mixed,6,3,1,0.177768657729267
48,mixed,6,4,1,0.13563458107226384
48,mixed,6,5,1,0.16109949811138502
48,mixed,6,6,1,0.1649868917175038
48,mixed,6,7,1,0.17649759082717986
48,mixed,7,0,1,0.1628656078786714
48,mixed,7,1,1,0.1568429954916415
48,mixed,7,2,1,0.1659155792561849
48,mixed,7,3,1,0.17332039703003685
48,mixed,7,4,1,0.15934387893371105
48,mixed,7,5,1,0.1521939359299821
48,mixed,7,6,1,0.16032720599311812
48,mixed,7,7,1,0.17572043749032298
48,mixed,8,0,1,0.17037070810658977
48,mixed,8,1,1,0.17059434304768215
48,mixed,8,2,1,0.16350537334926588
48,mixed,8,3,1,0.1594129243695462
48,mixed,8,4,1,0.17163166270753685
48,mixed,8,5,1,0.17452553352608807
48,mixed,8,6,1,0.17094521461333106
48,mixed,8,7,1,0.1716489871135363
48,mixed,9,0,1,0.15473828753321478
48,mixed,9,1,1,0.15394016517516546
48,mixed,9,2,1,0.16509995784276138
48,mixed,9,3,1,0.14202123563928526
48,mixed,9,4,1,0.17383052774093788
48,mixed,9,5,1,0.1624147735145672
48,mixed,9,6,0,5.678923302485095e-06
48,mixed,9,7,1,0.15770577930251742
48,mixed,10,0,1,0.14629085547107473
48,mixed,10,1,1,0.17552580584167168
48,mixed,10,2,1,0.17391424020668333
48,mixed,10,3,1,0.1652036617116653
48,mixed,10,4,1,0.16755826007480648
48,mixed,10,5,1,0.14427890530932724
48,mixed,10,6,1,0.14276435575330973
48,mixed,10,7,1,0.16607695508468173
48,mixed,11,0,1,0.16567374694017467
48,mixed,11,1,1,0.16027776693239945
48,mixed,11,2,1,0.15850170651514126
48,mixed,11,3,1,0.15592014825261213
48,mixed,11,4,1,0.16874720036313015
48,mixed,11,5,1,0.16118450528636388
48,mixed,11,6,1,0.1735022015960935
48,mixed,11,7,1,0.16082014235895592
48,mixed,12,0,1,0.1709583924333834
48,mixed,12,1,0,1.9630077370547117e-07
48,mixed,12,2,1,0.17341324565927624
48,mixed,12,3,1,0.16698747893340907
48,mixed,12,4,1,0.16342001611678422
48,mixed,12,5,1,0.16977295431019068
48,mixed,12,6,1,0.1636560480674787
48,mixed,12,7,1,0.1448675279724731
48,mixed,13,0,1,0.165025114055564
48,mixed,13,1,1,0.1719728080108461
48,mixed,13,2,1,0.1673990031781222
48,mixed,13,3,1,0.17918321183073999
48,mixed,13,4,1,0.15731820376367983
48,mixed,13,5,1,0.17607488420788164
48,mixed,13,6,1,0.15170267539049456
48,mixed,13,7,1,0.1592572692906592
48,mixed,14,0,1,0.1606344370221983
48,mixed,14,1,1,0.17175576630756226
48,mixed,14,2,1,0.15949587694489986
48,mixed,14,3,1,0.1666199941287921
48,mixed,14,4,1,2.4356005686898552e-05
48,mixed,14,5,1,0.12246592855227406
48,mixed,14,6,1,0.15812701178417607
48,mixed,14,7,1,0.15971562695161845
48,mixed,15,0,1,0.14939023067144636
48,mixed,15,1,1,2.4802455546729663e-05
48,mixed,15,2,1,0.16621878968993056
48,mixed,15,3,1,0.14434432646677062
48,mixed,15,4,1,0.15369904600137266
48,mixed,15,5,1,0.17066708035325318
48,mixed,15,6,1,0.16634477182058574
48,mixed,15,7,1,0.15192611525145605
48,mixed,16,0,1,0.16629992452346903
48,mixed,16,1,1,0.1595588656158916
48,mixed,16,2,1,0.16300517277071622
48,mixed,16,3,1,0.1622226408918572
48,mixed,16,4,1,0.15446167454548165
48,mixed,16,5,0,0.005018635430924734
48,mixed,16,6,1,0.16566818245555845
48,mixed,16,7,1,0.17594525253053728
48,mixed,17,0,1,0.16835459539143124
48,mixed,17,1,1,0.16428898180023327
48,mixed,17,2,1,0.1482544906298831
48,mixed,17,3,1,0.15213039605254802
48,mixed,17,4,1,0.16823770676746003
48,mixed,17,5,1,0.14684615227286438
48,mixed,17,6,1,0.14813832454043752
48,mixed,17,7,1,0.1567922585222437
48,mixed,18,0,1,0.16892918479351005
48,mixed,18,1,1,0.16914180093229567
48,mixed,18,2,1,0.15919834652885348
48,mixed,18,3,1,0.16097705118750086
48,mixed,18,4,1,0.12895197681206164
48,mixed,18,5,1,0.17026807619094872
48,mixed,18,6,1,0.14795578746442475
48,mixed,18,7,1,0.16989618115470415
48,mixed,19,0,1,0.15556136571939783
48,mixed,19,1,1,0.17231571916335728
48,mixed,19,2,1,0.1730677827736265
48,mixed,19,3,1,0.16283308342085878
48,mixed,19,4,1,0.1625710873547592
48,mixed,19,5,1,0.1372908142184298
48,mixed,19,6,1,0.12627403316253238
48,mixed,19,7,1,0.17255752001834615
48,mixed,20,0,1,0.15047030852335275
48,mixed,20,1,1,0.12684588518914292
48,mixed,20,2,1,0.17355537583171848
48,mixed,20,3,1,0.1821225120976171
48,mixed,20,4,1,0.16259980038433797
48,mixed,20,5,1,0.16160419319908248
48,mixed,20,6,1,0.16559235551654863
48,mixed,20,7,1,0.13885300439919143
48,mixed,21,0,1,0.16446115762320346
48,mixed,21,1,1,0.1399826953355465
48,mixed,21,2,1,0.146396887874425
48,mixed,21,3,1,0.18200103762442632
48,mixed,21,4,1,0.16149600889591206
48,mixed,21,5,1,0.13775655395394343
48,mixed,21,6,1,0.12369299356388651
48,mixed,21,7,1,0.17096143384778129
48,mixed,22,0,1,0.13024464356864568
48,mixed,22,1,1,0.15634462926652626
48,mixed,22,2,1,0.17203559750608274
48,mixed,22,3,1,0.15901848475773428
48,mixed,22,4,1,0.12625027164289582
48,mixed,22,5,1,0.1517174534101577
48,mixed,22,6,1,0.1679423322234009
48,mixed,22,7,1,0.17116446138980626
48,mixed,23,0,1,0.15409118133453012
48,mixed,23,1,1,0.17230051546893382
48,mixed,23,2,1,0.15642726036149568
48,mixed,23,3,1,0.1712261158412413
48,mixed,23,4,1,0.12355871868415139
48,mixed,23,5,1,0.15135284409691857
48,mixed,23,6,1,0.16838178498227638
48,mixed,23,7,1,0.15680489315436483
48,mixed,24,0,1,0.1678020777121905
48,mixed,24,1,1,0.12516331710280693
48,mixed,24,2,1,0.15919842319734737
48,mixed,24,3,1,0.16531455984207954
48,mixed,24,4,1,0.1735818651527675
48,mixed,24,5,1,0.1599296750355323
48,mixed,24,6,1,0.16388947369001375
48,mixed,24,7,1,0.15163632215833783
48,mixed,25,0,1,0.17243629586617604
48,mixed,25,1,1,0.15001375012150558
48,mixed,25,2,1,0.1572955221605166
48,mixed,25,3,1,0.15753188005318822
48,mixed,25,4,1,4.555242221153388e-05
48,mixed,25,5,1,0.18124803162354025
48,mixed,25,6,1,0.15126479767593537
48,mixed,25,7,1,0.17282408739352284
48,mixed,26,0,1,0.13263977089619078
48,mixed,26,1,1,0.12774327251894885
48,mixed,26,2,1,0.15777785765972563
48,mixed,26,3,1,0.1675961551920868
48,mixed,26,4,1,0.15173630494223336
48,mixed,26,5,1,0.15936121155765656
48,mixed,26,6,1,0.15567674920002383
48,mixed,26,7,1,0.14372617378684216
48,mixed,27,0,1,0.16697760478993984
48,mixed,27,1,1,0.1674180355511109
48,mixed,27,2,1,0.1610162194432328
48,mixed,27,3,1,0.15239057767774689
48,mixed,27,4,1,0.16404227835353588
48,mixed,27,5,1,0.16431401617897964
48,mixed,27,6,1,0.156981611619709
48,mixed,27,7,1,0.1650002724058949
48,mixed,28,0,1,0.17146380251378718
48,mixed,28,1,1,0.14367619651421806
48,mixed,28,2,1,0.15672171405279495
48,mixed,28,3,1,0.16458723888678956
48,mixed,28,4,1,0.1609970062142031
48,mixed,28,5,1,0.17390661968360965
48,mixed,28,6,1,0.16772971536868636
48,mixed,28,7,1,0.16033445245924263
48,mixed,29,0,1,0.15201547441601312
48,mixed,29,1,1,0.16319189858957403
48,mixed,29,2,1,0.16896723472082067
48,mixed,29,3,1,0.14884186539317115
48,mixed,29,4,1,0.1627652364427867
48,mixed,29,5,1,0.16855052338656368
48,mixed,29,6,1,0.15243886457908923
48,mixed,29,7,1,0.15397635627098344
48,mixed,30,0,1,0.15634799733917004
48,mixed,30,1,1,0.14702826484243184
48,mixed,30,2,1,0.13934682198622295
48,mixed,30,3,1,0.1620214397086747
48,mixed,30,4,1,0.1456259125569837
48,mixed,30,5,1,0.15913393964390415
48,mixed,30,6,1,0.17048808071132615
48,mixed,30,7,1,0.16324469454153243
48,mixed,31,0,1,0.12420560342098147
48,mixed,31,1,1,0.1538805015742372
48,mixed,31,2,1,0.15575678110621488
48,mixed,31,3,0,5.6105912698709015e-05
48,mixed,31,4,1,0.15884536724277928
48,mixed,31,5,1,0.16373755708082566
48,mixed,31,6,1,0.14096690334800013
48,mixed,31,7,1,0.14681901806305647
48,mixed,32,0,1,0.16415227128285662
48,mixed,32,1,1,0.16624141045262883
48,mixed,32,2,1,0.1463608548248127
48,mixed,32,3,1,0.17215866964797802
48,mixed,32,4,1,0.17111306360598993
48,mixed,32,5,0,8.007311579012744e-05
48,mixed,32,6,1,0.1699953379673241
48,mixed,32,7,1,0.15462612433737
48,mixed,33,0,1,0.16566603920203132
48,mixed,33,1,1,0.16890426987799068
48,mixed,33,2,1,0.1748951810131947
48,mixed,33,3,1,0.1712809360954173
48,mixed,33,4,1,0.15148928294473132
48,mixed,33,5,1,0.14989431628610117
48,mixed,33,6,1,0.16157550764745646
48,mixed,33,7,1,0.17523518690008813
48,mixed,34,0,1,0.16844859815784297
48,mixed,34,1,1,0.15734059043521348
48,mixed,34,2,1,0.17401932558306488
48,mixed,34,3,1,0.14108135535826488
48,mixed,34,4,1,0.16063615539416545
48,mixed,34,5,1,0.15550158156045774
48,mixed,34,6,1,0.17951257907639342
48,mixed,34,7,1,0.17511129336653763
48,mixed,35,0,1,0.15328336916575702
48,mixed,35,1,1,0.16066166000374824
48,mixed,35,2,1,0.16595529239251883
48,mixed,35,3,1,0.16473575533764753
48,mixed,35,4,1,0.1651714910647954
48,mixed,35,5,1,0.1608260363989918
48,mixed,35,6,1,0.15641591523816667
48,mixed,35,7,1,0.16627261789060052
48,mixed,36,0,1,0.1778894932466878
48,mixed,36,1,1,0.160798322534453
48,mixed,36,2,1,0.16272293414274813
48,mixed,36,3,1,0.157928770564774
48,mixed,36,4,1,0.16750327438284612
48,mixed,36,5,1,0.16453513855945442
48,mixed,36,6,1,0.17904561489841486
48,mixed,36,7,1,0.14823989598198067
48,mixed,37,0,1,0.1564367633932609
48,mixed,37,1,1,0.1672901714786885
48,mixed,37,2,1,0.17086497610367862
48,mixed,37,3,1,0.14990406210310947
48,mixed,37,4,1,0.17850584133699768
48,mixed,37,5,1,3.775871590994129e-05
48,mixed,37,6,1,0.1688207883129879
48,mixed,37,7,1,0.15122822321713364
48,mixed,38,0,1,0.1663965770442674
48,mixed,38,1,1,0.16193284112725062
48,mixed,38,2,1,0.15340782774331715
48,mixed,38,3,1,0.14664199172783715
48,mixed,38,4,1,0.17031555323641673
48,mixed,38,5,1,0.1723551065776706
48,mixed,38,6,1,2.021734775835282e-05
48,mixed,38,7,1,0.1481344881091065
48,mixed,39,0,1,0.15262062114064212
48,mixed,39,1,1,0.12738440912336899
48,mixed,39,2,1,0.15059236643055024
48,mixed,39,3,1,0.16084618604716508
48,mixed,39,4,1,0.16589837747169245
48,mixed,39,5,1,0.16519369547297136
48,mixed,39,6,1,0.16129693149295654
48,mixed,39,7,1,0.13269018917327707
48,mixed,40,0,1,0.1410638997492324
48,mixed,40,1,1,0.1322931410474931
48,mixed,40,2,1,0.1684018449331947
48,mixed,40,3,1,0.1589838473142735
48,mixed,40,4,1,0.16899356866865414
48,mixed,40,5,1,0.1618943708075011
48,mixed,40,6,1,0.1759176719492859
48,mixed,40,7,1,0.15949020704109276
48,mixed,41,0,1,0.12230598426189004
48,mixed,41,1,1,0.13545235693219093
48,mixed,41,2,1,0.1319908674828636
48,mixed,41,3,1,0.15171948951274067
48,mixed,41,4,1,0.15411718441289876
48,mixed,41,5,1,0.15470179028034667
48,mixed,41,6,1,0.14921335962331014
48,mixed,41,7,1,0.1577929356578196
48,mixed,42,0,1,0.158741135822965
48,mixed,42,1,1,0.16377008975723426
48,mixed,42,2,1,0.14476584200374806
48,mixed,42,3,1,0.15843690596769455
48,mixed,42,4,1,0.1327798627861946
48,mixed,42,5,1,0.16664044184888369
48,mixed,42,6,1,0.1692818212917352
48,mixed,42,7,1,0.16100121643581902
48,mixed,43,0,0,2.2275655588710475e-06
48,mixed,43,1,1,0.15568173651805564
48,mixed,43,2,1,0.17176858980063137
48,mixed,43,3,1,0.1677883697956549
48,mixed,43,4,1,0.15049179231313936
48,mixed,43,5,1,0.13707892719078518
48,mixed,43,6,1,0.16618201411925118
48,mixed,43,7,1,0.15042111774245873
48,mixed,44,0,1,0.1706074208599092
48,mixed,44,1,1,0.1742460123969482
48,mixed,44,2,1,0.15531210580886853
48,mixed,44,3,1,0.15978968534747404
48,mixed,44,4,1,0.17229145639567234
48,mixed,44,5,1,0.15547073697318306
48,mixed,44,6,1,0.16554292320187092
48,mixed,44,7,1,0.16823311458084503
48,mixed,45,0,1,0.17031693577402796
48,mixed,45,1,1,0.15339387132147175
48,mixed,45,2,1,0.16474576065162483
48,mixed,45,3,1,0.16338453025610744
48,mixed,45,4,1,0.12956729611541942
48,mixed,45,5,1,0.1610934112358739
48,mixed,45,6,1,0.1751943741424259
48,mixed,45,7,1,0.17246059719277457
48,mixed,46,0,1,0.15383913953487977
48,mixed,46,1,1,0.1545630112507892
48,mixed,46,2,1,0.15562753852657732
48,mixed,46,3,1,0.17841957889917887
48,mixed,46,4,1,0.14978363853334942
48,mixed,46,5,1,0.17547564954062847
48,mixed,46,6,1,0.14730719761874456
48,mixed,46,7,1,0.15629119282053894
48,mixed,47,0,1,0.16747471821893045
48,mixed,47,1,1,0.16697988158134405
48,mixed,47,2,1,0.1600848135568288
48,mixed,47,3,1,0.16557986605507669
48,mixed,47,4,1,0.13361439762779254
48,mixed,47,5,1,0.15931096888963048
48,mixed,47,6,1,0.16032396447943204
48,mixed,47,7,1,0.1293093980638452
