capacity,corruption,target,seed,correct,margin
4,phase_wipe,0,0,1,0.7806717009813311
4,phase_wipe,0,1,1,0.7806717009813311
4,phase_wipe,0,2,1,0.7806717009813311
4,phase_wipe,0,3,1,0.7806717009813311
4,phase_wipe,0,4,1,0.7806717009813311
4,phase_wipe,0,5,1,0.7806717009813311
4,phase_wipe,0,6,1,0.7806717009813311
4,phase_wipe,0,7,1,0.7806717009813311
4,phase_wipe,0,8,1,0.7806717009813311
4,phase_wipe,0,9,1,0.7806717009813311
4,phase_wipe,1,0,1,0.7880457758491037
4,phase_wipe,1,1,1,0.7880457758491037
4,phase_wipe,1,2,1,0.7880457758491037
4,phase_wipe,1,3,1,0.7880457758491037
4,phase_wipe,1,4,1,0.7880457758491037
4,phase_wipe,1,5,1,0.7880457758491037
4,phase_wipe,1,6,1,0.7880457758491037
4,phase_wipe,1,7,1,0.7880457758491037
4,phase_wipe,1,8,1,0.7880457758491037
4,phase_wipe,1,9,1,0.7880457758491037
4,phase_wipe,2,0,1,0.6998873948794858
4,phase_wipe,2,1,1,0.6998873948794858
4,phase_wipe,2,2,1,0.6998873948794858
4,phase_wipe,2,3,1,0.6998873948794858
4,phase_wipe,2,4,1,0.6998873948794858
4,phase_wipe,2,5,1,0.6998873948794858
4,phase_wipe,2,6,1,0.6998873948794858
4,phase_wipe,2,7,1,0.6998873948794858
4,phase_wipe,2,8,1,0.6998873948794858
4,phase_wipe,2,9,1,0.6998873948794858
4,phase_wipe,3,0,1,0.6998873948794858
4,phase_wipe,3,1,1,0.6998873948794858
4,phase_wipe,3,2,1,0.6998873948794858
4,phase_wipe,3,3,1,0.6998873948794858
4,phase_wipe,3,4,1,0.6998873948794858
4,phase_wipe,3,5,1,0.6998873948794858
4,phase_wipe,3,6,1,0.6998873948794858
4,phase_wipe,3,7,1,0.6998873948794858
4,phase_wipe,3,8,1,0.6998873948794858
4,phase_wipe,3,9,1,0.6998873948794858
4,random_phase,0,0,1,0.7806717009813291
4,random_phase,0,1,1,0.7806717009813294
4,random_phase,0,2,1,0.7806717009813291
4,random_phase,0,3,1,0.7806717009813284
4,random_phase,0,4,1,0.7806717009813292
4,random_phase,0,5,1,0.7806717009813291
4,random_phase,0,6,1,0.7806717009813294
4,random_phase,0,7,1,0.7806717009813305
4,random_phase,0,8,1,0.7806717009813294
4,random_phase,0,9,1,0.7806717009813291
4,random_phase,1,0,1,0.788045775849103
4,random_phase,1,1,1,0.7880457758491024
4,random_phase,1,2,1,0.788045775849103
4,random_phase,1,3,1,0.7880457758491022
4,random_phase,1,4,1,0.7880457758491014
4,random_phase,1,5,1,0.7880457758491021
4,random_phase,1,6,1,0.7880457758491016
4,random_phase,1,7,1,0.7880457758490992
4,random_phase,1,8,1,0.7880457758491011
4,random_phase,1,9,1,0.7880457758491024
4,random_phase,2,0,1,0.6998873948794829
4,random_phase,2,1,1,0.699887394879484
4,random_phase,2,2,1,0.6998873948794825
4,random_phase,2,3,1,0.6998873948794834
4,random_phase,2,4,1,0.6998873948794825
4,random_phase,2,5,1,0.6998873948794839
4,random_phase,2,6,1,0.6998873948794834
4,random_phase,2,7,1,0.6998873948794834
4,random_phase,2,8,1,0.6998873948794825
4,random_phase,2,9,1,0.6998873948794839
4,random_phase,3,0,1,0.6998873948794789
4,random_phase,3,1,1,0.6998873948794841
4,random_phase,3,2,1,0.6998873948794797
4,random_phase,3,3,1,0.6998873948794783
4,random_phase,3,4,1,0.699887394879479
4,random_phase,3,5,1,0.6998873948794793
4,random_phase,3,6,1,0.6998873948794797
4,random_phase,3,7,1,0.6998873948794797
4,random_phase,3,8,1,0.6998873948794834
4,random_phase,3,9,1,0.6998873948794797
4,dropout_25,0,0,1,0.7348779901008504
4,dropout_25,0,1,1,0.7254612381737183
4,dropout_25,0,2,1,0.7339318858423718
4,dropout_25,0,3,1,0.7463560137956065
4,dropout_25,0,4,1,0.7571721164928782
4,dropout_25,0,5,1,0.7268402807014255
4,dropout_25,0,6,1,0.703531236522076
4,dropout_25,0,7,1,0.7257543272166294
4,dropout_25,0,8,1,0.7344613244528024
4,dropout_25,0,9,1,0.7502473135239848
4,dropout_25,1,0,1,0.7230742148281089
4,dropout_25,1,1,1,0.7279463149707096
4,dropout_25,1,2,1,0.7656239560308058
4,dropout_25,1,3,1,0.7427611784158725
4,dropout_25,1,4,1,0.7194592372842077
4,dropout_25,1,5,1,0.7481201885450315
4,dropout_25,1,6,1,0.7298366830914569
4,dropout_25,1,7,1,0.7270275649616789
4,dropout_25,1,8,1,0.7348923161304717
4,dropout_25,1,9,1,0.7489630849184359
4,dropout_25,2,0,1,0.6725643557335151
4,dropout_25,2,1,1,0.6686527398904281
4,dropout_25,2,2,1,0.6753141061953449
4,dropout_25,2,3,1,0.6487034978826552
4,dropout_25,2,4,1,0.651459759152184
4,dropout_25,2,5,1,0.6787776683010138
4,dropout_25,2,6,1,0.6614449983023243
4,dropout_25,2,7,1,0.6777559800344526
4,dropout_25,2,8,1,0.6590429641908923
4,dropout_25,2,9,1,0.6477631923248499
4,dropout_25,3,0,1,0.5907404525272003
4,dropout_25,3,1,1,0.6641051574990925
4,dropout_25,3,2,1,0.6557257757679676
4,dropout_25,3,3,1,0.6642033881418552
4,dropout_25,3,4,1,0.6707835049294001
4,dropout_25,3,5,1,0.6267289633149475
4,dropout_25,3,6,1,0.6609073658603711
4,dropout_25,3,7,1,0.6727147169293056
4,dropout_25,3,8,1,0.6411492333449198
4,dropout_25,3,9,1,0.6567557898295545
4,dropout_50,0,0,1,0.735045437362877
4,dropout_50,0,1,1,0.7232136805319891
4,dropout_50,0,2,1,0.7396748885860639
4,dropout_50,0,3,1,0.7577576634582213
4,dropout_50,0,4,1,0.7551296397856492
4,dropout_50,0,5,1,0.7470210450061531
4,dropout_50,0,6,1,0.6941108473692308
4,dropout_50,0,7,1,0.6888504963090968
4,dropout_50,0,8,1,0.7044424038335817
4,dropout_50,0,9,1,0.7629760484737278
4,dropout_50,1,0,1,0.7214037318280307
4,dropout_50,1,1,1,0.7180839510670637
4,dropout_50,1,2,1,0.7519873427264181
4,dropout_50,1,3,1,0.7167973769112194
4,dropout_50,1,4,1,0.6426867853546085
4,dropout_50,1,5,1,0.7558069414780061
4,dropout_50,1,6,1,0.696617757319436
4,dropout_50,1,7,1,0.6526532460858124
4,dropout_50,1,8,1,0.7427642095966802
4,dropout_50,1,9,1,0.7588960333585949
4,dropout_50,2,0,1,0.6445815893833338
4,dropout_50,2,1,1,0.669937313163406
4,dropout_50,2,2,1,0.6919882893054273
4,dropout_50,2,3,1,0.6496351490337727
4,dropout_50,2,4,1,0.6553309181528965
4,dropout_50,2,5,1,0.6031487370699593
4,dropout_50,2,6,1,0.6644715145671658
4,dropout_50,2,7,1,0.6782123690082679
4,dropout_50,2,8,1,0.6720835156215426
4,dropout_50,2,9,1,0.6745482216364072
4,dropout_50,3,0,1,0.6210769997091544
4,dropout_50,3,1,1,0.6084376484623734
4,dropout_50,3,2,1,0.6570812200217375
4,dropout_50,3,3,1,0.6395436637816904
4,dropout_50,3,4,1,0.6540692134453112
4,dropout_50,3,5,1,0.5620112042133291
4,dropout_50,3,6,1,0.6068078618128179
4,dropout_50,3,7,1,0.6737673667892407
4,dropout_50,3,8,1,0.6212577551213618
4,dropout_50,3,9,1,0.6245004085662174
4,amp_noise,0,0,1,0.455726959077178
4,amp_noise,0,1,1,0.2345563523655989
4,amp_noise,0,2,1,0.41196405669150715
4,amp_noise,0,3,1,0.25154504332823224
4,amp_noise,0,4,1,0.49735261508852313
4,amp_noise,0,5,1,0.40752697563851037
4,amp_noise,0,6,1,0.368908496404488
4,amp_noise,0,7,1,0.4028756373923126
4,amp_noise,0,8,1,0.3646204633926372
4,amp_noise,0,9,1,0.41891687463860794
4,amp_noise,1,0,1,0.3449707258915914
4,amp_noise,1,1,1,0.3296971082720803
4,amp_noise,1,2,1,0.3663683482684741
4,amp_noise,1,3,1,0.34315375736838016
4,amp_noise,1,4,1,0.2490097871157172
4,amp_noise,1,5,1,0.2955324217642816
4,amp_noise,1,6,1,0.2539036144928426
4,amp_noise,1,7,1,0.3851822443385522
4,amp_noise,1,8,1,0.3584900073720849
4,amp_noise,1,9,1,0.3754699482666892
4,amp_noise,2,0,1,0.19974118322913603
4,amp_noise,2,1,1,0.15814784821625094
4,amp_noise,2,2,1,0.24373600290139164
4,amp_noise,2,3,1,0.3261912023173904
4,amp_noise,2,4,1,0.0672862026803639
4,amp_noise,2,5,1,0.25581114909862745
4,amp_noise,2,6,1,0.2971219581845941
4,amp_noise,2,7,1,0.19083209593283756
4,amp_noise,2,8,1,0.33788387703474343
4,amp_noise,2,9,1,0.27886682159427933
4,amp_noise,3,0,1,0.2678274467821007
4,amp_noise,3,1,1,0.2231602193646045
4,amp_noise,3,2,1,0.3698190151025962
4,amp_noise,3,3,1,0.21268778793752763
4,amp_noise,3,4,1,0.27770925895551546
4,amp_noise,3,5,1,0.1763856823418728
4,amp_noise,3,6,1,0.25482372907032835
4,amp_noise,3,7,1,0.26537846721925484
4,amp_noise,3,8,1,0.34203355070147634
4,amp_noise,3,9,1,0.27127735652690654
4,mixed,0,0,1,0.5119790877913548
4,mixed,0,1,1,0.3094695362889289
4,mixed,0,2,1,0.4829406837492326
4,mixed,0,3,1,0.3223799254633952
4,mixed,0,4,1,0.553053352243154
4,mixed,0,5,1,0.469775783835909
4,mixed,0,6,1,0.4404388197099388
4,mixed,0,7,1,0.4742619393125894
4,mixed,0,8,1,0.43832937010643824
4,mixed,0,9,1,0.4979415058616643
4,mixed,1,0,1,0.4307168388321147
4,mixed,1,1,1,0.427655243845167
4,mixed,1,2,1,0.445809135372672
4,mixed,1,3,1,0.41149379549569487
4,mixed,1,4,1,0.31773216852653974
4,mixed,1,5,1,0.36522363855751394
4,mixed,1,6,1,0.3311937585567576
4,mixed,1,7,1,0.47094732606094825
4,mixed,1,8,1,0.4584487108531003
4,mixed,1,9,1,0.43192587000275007
4,mixed,2,0,1,0.27029939497579647
4,mixed,2,1,1,0.2723406612085987
4,mixed,2,2,1,0.3280084694783275
4,mixed,2,3,1,0.37671104941142486
4,mixed,2,4,1,0.1713602332783719
4,mixed,2,5,1,0.3307232550428755
4,mixed,2,6,1,0.3579222404478988
4,mixed,2,7,1,0.24303685807340736
4,mixed,2,8,1,0.4067728646313017
4,mixed,2,9,1,0.3583736044142033
4,mixed,3,0,1,0.35423792253135244
4,mixed,3,1,1,0.29351431866534605
4,mixed,3,2,1,0.41826875783641104
4,mixed,3,3,1,0.2777013551592612
4,mixed,3,4,1,0.3357574474516303
4,mixed,3,5,1,0.2776044095600848
4,mixed,3,6,1,0.329843558396714
4,mixed,3,7,1,0.3276268803821204
4,mixed,3,8,1,0.3942539197319538
4,mixed,3,9,1,0.34618301070628715
8,phase_wipe,0,0,1,0.5553869204933936
8,phase_wipe,0,1,1,0.5553869204933936
8,phase_wipe,0,2,1,0.5553869204933936
8,phase_wipe,0,3,1,0.5553869204933936
8,phase_wipe,0,4,1,0.5553869204933936
8,phase_wipe,0,5,1,0.5553869204933936
8,phase_wipe,0,6,1,0.5553869204933936
8,phase_wipe,0,7,1,0.5553869204933936
8,phase_wipe,0,8,1,0.5553869204933936
8,phase_wipe,0,9,1,0.5553869204933936
8,phase_wipe,1,0,1,0.5821709025878476
8,phase_wipe,1,1,1,0.5821709025878476
8,phase_wipe,1,2,1,0.5821709025878476
8,phase_wipe,1,3,1,0.5821709025878476
8,phase_wipe,1,4,1,0.5821709025878476
8,phase_wipe,1,5,1,0.5821709025878476
8,phase_wipe,1,6,1,0.5821709025878476
8,phase_wipe,1,7,1,0.5821709025878476
8,phase_wipe,1,8,1,0.5821709025878476
8,phase_wipe,1,9,1,0.5821709025878476
8,phase_wipe,2,0,1,0.452152612841326
8,phase_wipe,2,1,1,0.452152612841326
8,phase_wipe,2,2,1,0.452152612841326
8,phase_wipe,2,3,1,0.452152612841326
8,phase_wipe,2,4,1,0.452152612841326
8,phase_wipe,2,5,1,0.452152612841326
8,phase_wipe,2,6,1,0.452152612841326
8,phase_wipe,2,7,1,0.452152612841326
8,phase_wipe,2,8,1,0.452152612841326
8,phase_wipe,2,9,1,0.452152612841326
8,phase_wipe,3,0,1,0.6821507523660698
8,phase_wipe,3,1,1,0.6821507523660698
8,phase_wipe,3,2,1,0.6821507523660698
8,phase_wipe,3,3,1,0.6821507523660698
8,phase_wipe,3,4,1,0.6821507523660698
8,phase_wipe,3,5,1,0.6821507523660698
8,phase_wipe,3,6,1,0.6821507523660698
8,phase_wipe,3,7,1,0.6821507523660698
8,phase_wipe,3,8,1,0.6821507523660698
8,phase_wipe,3,9,1,0.6821507523660698
8,phase_wipe,4,0,1,0.4912496394650178
8,phase_wipe,4,1,1,0.4912496394650178
8,phase_wipe,4,2,1,0.4912496394650178
8,phase_wipe,4,3,1,0.4912496394650178
8,phase_wipe,4,4,1,0.4912496394650178
8,phase_wipe,4,5,1,0.4912496394650178
8,phase_wipe,4,6,1,0.4912496394650178
8,phase_wipe,4,7,1,0.4912496394650178
8,phase_wipe,4,8,1,0.4912496394650178
8,phase_wipe,4,9,1,0.4912496394650178
8,phase_wipe,5,0,1,0.452152612841326
8,phase_wipe,5,1,1,0.452152612841326
8,phase_wipe,5,2,1,0.452152612841326
8,phase_wipe,5,3,1,0.452152612841326
8,phase_wipe,5,4,1,0.452152612841326
8,phase_wipe,5,5,1,0.452152612841326
8,phase_wipe,5,6,1,0.452152612841326
8,phase_wipe,5,7,1,0.452152612841326
8,phase_wipe,5,8,1,0.452152612841326
8,phase_wipe,5,9,1,0.452152612841326
8,phase_wipe,6,0,1,0.5553869204933936
8,phase_wipe,6,1,1,0.5553869204933936
8,phase_wipe,6,2,1,0.5553869204933936
8,phase_wipe,6,3,1,0.5553869204933936
8,phase_wipe,6,4,1,0.5553869204933936
8,phase_wipe,6,5,1,0.5553869204933936
8,phase_wipe,6,6,1,0.5553869204933936
8,phase_wipe,6,7,1,0.5553869204933936
8,phase_wipe,6,8,1,0.5553869204933936
8,phase_wipe,6,9,1,0.5553869204933936
8,phase_wipe,7,0,1,0.5821709025878476
8,phase_wipe,7,1,1,0.5821709025878476
8,phase_wipe,7,2,1,0.5821709025878476
8,phase_wipe,7,3,1,0.5821709025878476
8,phase_wipe,7,4,1,0.5821709025878476
8,phase_wipe,7,5,1,0.5821709025878476
8,phase_wipe,7,6,1,0.5821709025878476
8,phase_wipe,7,7,1,0.5821709025878476
8,phase_wipe,7,8,1,0.5821709025878476
8,phase_wipe,7,9,1,0.5821709025878476
8,random_phase,0,0,1,0.5553869204933916
8,random_phase,0,1,1,0.5553869204933934
8,random_phase,0,2,1,0.5553869204933916
8,random_phase,0,3,1,0.5553869204933912
8,random_phase,0,4,1,0.5553869204933916
8,random_phase,0,5,1,0.5553869204933912
8,random_phase,0,6,1,0.555386920493388
8,random_phase,0,7,1,0.5553869204933919
8,random_phase,0,8,1,0.5553869204933868
8,random_phase,0,9,1,0.5553869204933916
8,random_phase,1,0,1,0.5821709025878427
8,random_phase,1,1,1,0.5821709025878458
8,random_phase,1,2,1,0.5821709025878453
8,random_phase,1,3,1,0.5821709025878453
8,random_phase,1,4,1,0.582170902587846
8,random_phase,1,5,1,0.5821709025878453
8,random_phase,1,6,1,0.5821709025878468
8,random_phase,1,7,1,0.5821709025878469
8,random_phase,1,8,1,0.5821709025878476
8,random_phase,1,9,1,0.5821709025878462
8,random_phase,2,0,1,0.4521526128413186
8,random_phase,2,1,1,0.45215261284132263
8,random_phase,2,2,1,0.4521526128413227
8,random_phase,2,3,1,0.45215261284132374
8,random_phase,2,4,1,0.45215261284132263
8,random_phase,2,5,1,0.4521526128413228
8,random_phase,2,6,1,0.45215261284132313
8,random_phase,2,7,1,0.45215261284132263
8,random_phase,2,8,1,0.45215261284132263
8,random_phase,2,9,1,0.45215261284132263
8,random_phase,3,0,1,0.6821507523660698
8,random_phase,3,1,1,0.6821507523660675
8,random_phase,3,2,1,0.6821507523660627
8,random_phase,3,3,1,0.6821507523660636
8,random_phase,3,4,1,0.6821507523660638
8,random_phase,3,5,1,0.6821507523660632
8,random_phase,3,6,1,0.6821507523660675
8,random_phase,3,7,1,0.6821507523660632
8,random_phase,3,8,1,0.6821507523660698
8,random_phase,3,9,1,0.6821507523660636
8,random_phase,4,0,1,0.49124963946501615
8,random_phase,4,1,1,0.49124963946501465
8,random_phase,4,2,1,0.49124963946501493
8,random_phase,4,3,1,0.49124963946501443
8,random_phase,4,4,1,0.49124963946501504
8,random_phase,4,5,1,0.4912496394650144
8,random_phase,4,6,1,0.4912496394650145
8,random_phase,4,7,1,0.4912496394650137
8,random_phase,4,8,1,0.49124963946501443
8,random_phase,4,9,1,0.49124963946501543
8,random_phase,5,0,1,0.45215261284132435
8,random_phase,5,1,1,0.45215261284132335
8,random_phase,5,2,1,0.4521526128413242
8,random_phase,5,3,1,0.45215261284132363
8,random_phase,5,4,1,0.45215261284132335
8,random_phase,5,5,1,0.45215261284131825
8,random_phase,5,6,1,0.452152612841319
8,random_phase,5,7,1,0.45215261284132335
8,random_phase,5,8,1,0.4521526128413242
8,random_phase,5,9,1,0.45215261284132335
8,random_phase,6,0,1,0.5553869204933912
8,random_phase,6,1,1,0.5553869204933911
8,random_phase,6,2,1,0.5553869204933893
8,random_phase,6,3,1,0.5553869204933912
8,random_phase,6,4,1,0.5553869204933912
8,random_phase,6,5,1,0.5553869204933909
8,random_phase,6,6,1,0.5553869204933896
8,random_phase,6,7,1,0.555386920493391
8,random_phase,6,8,1,0.555386920493391
8,random_phase,6,9,1,0.555386920493391
8,random_phase,7,0,1,0.5821709025878462
8,random_phase,7,1,1,0.5821709025878419
8,random_phase,7,2,1,0.582170902587846
8,random_phase,7,3,1,0.5821709025878452
8,random_phase,7,4,1,0.5821709025878457
8,random_phase,7,5,1,0.5821709025878464
8,random_phase,7,6,1,0.5821709025878464
8,random_phase,7,7,1,0.582170902587846
8,random_phase,7,8,1,0.5821709025878459
8,random_phase,7,9,1,0.5821709025878455
8,dropout_25,0,0,1,0.5146486595692285
8,dropout_25,0,1,1,0.5089748379718241
8,dropout_25,0,2,1,0.5105008314559892
8,dropout_25,0,3,1,0.49875454587570134
8,dropout_25,0,4,1,0.508905392533753
8,dropout_25,0,5,1,0.49490262806298674
8,dropout_25,0,6,1,0.5023290463591196
8,dropout_25,0,7,1,0.5060631443910957
8,dropout_25,0,8,1,0.48515235028562775
8,dropout_25,0,9,1,0.500862476784727
8,dropout_25,1,0,1,0.543107567778942
8,dropout_25,1,1,1,0.5376782596680081
8,dropout_25,1,2,1,0.5255327579558651
8,dropout_25,1,3,1,0.5182524443161863
8,dropout_25,1,4,1,0.5220948910383477
8,dropout_25,1,5,1,0.522302978956827
8,dropout_25,1,6,1,0.53087138658184
8,dropout_25,1,7,1,0.5201218612348031
8,dropout_25,1,8,1,0.5516321441652609
8,dropout_25,1,9,1,0.5284184194009257
8,dropout_25,2,0,1,0.43271940930172215
8,dropout_25,2,1,1,0.41976443403856983
8,dropout_25,2,2,1,0.41750329871618186
8,dropout_25,2,3,1,0.4308513714829626
8,dropout_25,2,4,1,0.42033003377588746
8,dropout_25,2,5,1,0.417155622710194
8,dropout_25,2,6,1,0.41885817902166333
8,dropout_25,2,7,1,0.4250812289105599
8,dropout_25,2,8,1,0.42201729219033957
8,dropout_25,2,9,1,0.42490655115471854
8,dropout_25,3,0,1,0.648697034978243
8,dropout_25,3,1,1,0.6266655568133835
8,dropout_25,3,2,1,0.6139703298616153
8,dropout_25,3,3,1,0.6396200587115703
8,dropout_25,3,4,1,0.6324920010557503
8,dropout_25,3,5,1,0.6178316280558259
8,dropout_25,3,6,1,0.6412844583104595
8,dropout_25,3,7,1,0.6259812217667663
8,dropout_25,3,8,1,0.6241875160759818
8,dropout_25,3,9,1,0.6259492305817547
8,dropout_25,4,0,1,0.4631080781520818
8,dropout_25,4,1,1,0.44738102899433974
8,dropout_25,4,2,1,0.4535641591586374
8,dropout_25,4,3,1,0.44266987824785514
8,dropout_25,4,4,1,0.45726062547435636
8,dropout_25,4,5,1,0.42325597513383745
8,dropout_25,4,6,1,0.4517963114430962
8,dropout_25,4,7,1,0.42657116168111286
8,dropout_25,4,8,1,0.43443358655026193
8,dropout_25,4,9,1,0.44607302666949167
8,dropout_25,5,0,1,0.4119545331116047
8,dropout_25,5,1,1,0.3742940773040212
8,dropout_25,5,2,1,0.42675178631512567
8,dropout_25,5,3,1,0.4145150462051777
8,dropout_25,5,4,1,0.4181172145786401
8,dropout_25,5,5,1,0.3996926833831533
8,dropout_25,5,6,1,0.42183922022714226
8,dropout_25,5,7,1,0.3952077903099893
8,dropout_25,5,8,1,0.391449588379505
8,dropout_25,5,9,1,0.40868322898972076
8,dropout_25,6,0,1,0.5426525061323856
8,dropout_25,6,1,1,0.5330206482371019
8,dropout_25,6,2,1,0.5415501548532229
8,dropout_25,6,3,1,0.5357676503987405
8,dropout_25,6,4,1,0.5363084333818693
8,dropout_25,6,5,1,0.5395273670030194
8,dropout_25,6,6,1,0.5370768294691701
8,dropout_25,6,7,1,0.5279074787121254
8,dropout_25,6,8,1,0.5378225912748131
8,dropout_25,6,9,1,0.5372843165779275
8,dropout_25,7,0,1,0.4992716737812592
8,dropout_25,7,1,1,0.5487997613392872
8,dropout_25,7,2,1,0.559309281546978
8,dropout_25,7,3,1,0.5590621217055064
8,dropout_25,7,4,1,0.557901641145191
8,dropout_25,7,5,1,0.5580559070187162
8,dropout_25,7,6,1,0.553235966259037
8,dropout_25,7,7,1,0.5297897313590224
8,dropout_25,7,8,1,0.5505990814129398
8,dropout_25,7,9,1,0.5165263983038457
8,dropout_50,0,0,1,0.5466959152835449
8,dropout_50,0,1,1,0.4865041616777374
8,dropout_50,0,2,1,0.5023128169374224
8,dropout_50,0,3,1,0.4668231333959487
8,dropout_50,0,4,1,0.4441630570988197
8,dropout_50,0,5,1,0.4908493326031627
8,dropout_50,0,6,1,0.492916181847791
8,dropout_50,0,7,1,0.4483528090644894
8,dropout_50,0,8,1,0.461516230972717
8,dropout_50,0,9,1,0.4889358164285652
8,dropout_50,1,0,1,0.5527768164031955
8,dropout_50,1,1,1,0.5621570016556543
8,dropout_50,1,2,1,0.4492965507378705
8,dropout_50,1,3,1,0.5428855698605182
8,dropout_50,1,4,1,0.4924179212357124
8,dropout_50,1,5,1,0.48954706848772694
8,dropout_50,1,6,1,0.5570806568714801
8,dropout_50,1,7,1,0.5213622766972724
8,dropout_50,1,8,1,0.518535884949108
8,dropout_50,1,9,1,0.5486353810903163
8,dropout_50,2,0,1,0.4313118221345172
8,dropout_50,2,1,1,0.4312360046091442
8,dropout_50,2,2,1,0.4139916757439127
8,dropout_50,2,3,1,0.4284172770806147
8,dropout_50,2,4,1,0.41306342152602404
8,dropout_50,2,5,1,0.4222972190973553
8,dropout_50,2,6,1,0.4256943152603442
8,dropout_50,2,7,1,0.4240108126807318
8,dropout_50,2,8,1,0.3931579790955475
8,dropout_50,2,9,1,0.39705909936341777
8,dropout_50,3,0,1,0.6456150634361475
8,dropout_50,3,1,1,0.6389327211639281
8,dropout_50,3,2,1,0.6307130208441879
8,dropout_50,3,3,1,0.6094521514298481
8,dropout_50,3,4,1,0.618284846097634
8,dropout_50,3,5,1,0.6194712110595226
8,dropout_50,3,6,1,0.6519145568682548
8,dropout_50,3,7,1,0.6438542071172587
8,dropout_50,3,8,1,0.5422668629412717
8,dropout_50,3,9,1,0.5688404232580497
8,dropout_50,4,0,1,0.46461334392935866
8,dropout_50,4,1,1,0.45760129796946725
8,dropout_50,4,2,1,0.468285598534131
8,dropout_50,4,3,1,0.4505410574878151
8,dropout_50,4,4,1,0.42625096264169865
8,dropout_50,4,5,1,0.41757445415093736
8,dropout_50,4,6,1,0.4588355075570937
8,dropout_50,4,7,1,0.41595756497054087
8,dropout_50,4,8,1,0.4282616533757515
8,dropout_50,4,9,1,0.4556763297971336
8,dropout_50,5,0,1,0.4003147879451545
8,dropout_50,5,1,1,0.3632366997981009
8,dropout_50,5,2,1,0.4141460251835565
8,dropout_50,5,3,1,0.3685368029523966
8,dropout_50,5,4,1,0.43013850591066394
8,dropout_50,5,5,1,0.40959628073446674
8,dropout_50,5,6,1,0.4210142832048844
8,dropout_50,5,7,1,0.37012900787646785
8,dropout_50,5,8,1,0.38573912730175663
8,dropout_50,5,9,1,0.39647111911017957
8,dropout_50,6,0,1,0.5089740684859774
8,dropout_50,6,1,1,0.5313292060644524
8,dropout_50,6,2,1,0.5412502150114952
8,dropout_50,6,3,1,0.5297020204215507
8,dropout_50,6,4,1,0.5386999496512235
8,dropout_50,6,5,1,0.5414698528683548
8,dropout_50,6,6,1,0.5097879534748397
8,dropout_50,6,7,1,0.5279444807235785
8,dropout_50,6,8,1,0.5254750449287798
8,dropout_50,6,9,1,0.5397357786992697
8,dropout_50,7,0,1,0.43427287799288194
8,dropout_50,7,1,1,0.5136857837025725
8,dropout_50,7,2,1,0.5555069069086115
8,dropout_50,7,3,1,0.5280227579667314
8,dropout_50,7,4,1,0.5550743591435153
8,dropout_50,7,5,1,0.5722496677761235
8,dropout_50,7,6,1,0.5487381046494497
8,dropout_50,7,7,1,0.5489877465786586
8,dropout_50,7,8,1,0.5663434425135138
8,dropout_50,7,9,1,0.5346096576653425
8,amp_noise,0,0,1,0.21478390818086257
8,amp_noise,0,1,1,0.1103447329528835
8,amp_noise,0,2,1,0.14321257299149825
8,amp_noise,0,3,1,0.29899190394348407
8,amp_noise,0,4,1,0.20841592302437284
8,amp_noise,0,5,1,0.237335410105025
8,amp_noise,0,6,1,0.26624251115600495
8,amp_noise,0,7,1,0.1290688419688767
8,amp_noise,0,8,1,0.13996222612850062
8,amp_noise,0,9,1,0.1672445140024964
8,amp_noise,1,0,1,0.2584585631263976
8,amp_noise,1,1,1,0.1174719761598727
8,amp_noise,1,2,1,0.21066398988963952
8,amp_noise,1,3,1,0.2956123700305331
8,amp_noise,1,4,1,0.13892383294715804
8,amp_noise,1,5,1,0.14962196534846384
8,amp_noise,1,6,1,0.18020440713945518
8,amp_noise,1,7,1,0.2808258375731528
8,amp_noise,1,8,1,0.04984458981553175
8,amp_noise,1,9,1,0.24139198608674262
8,amp_noise,2,0,1,0.15680611987427107
8,amp_noise,2,1,1,0.09593100372449592
8,amp_noise,2,2,1,0.11356461291837339
8,amp_noise,2,3,1,0.12982201495614054
8,amp_noise,2,4,1,0.01293413643239627
8,amp_noise,2,5,1,0.08302177841171399
8,amp_noise,2,6,1,0.0901169119153985
8,amp_noise,2,7,1,0.14976693989445167
8,amp_noise,2,8,1,0.1281908604405435
8,amp_noise,2,9,1,0.106606714323628
8,amp_noise,3,0,1,0.2440821377039839
8,amp_noise,3,1,1,0.22340605258038826
8,amp_noise,3,2,1,0.23671418635695873
8,amp_noise,3,3,1,0.0952119711334326
8,amp_noise,3,4,1,0.3506589280881488
8,amp_noise,3,5,1,0.20869661995482514
8,amp_noise,3,6,1,0.19418184470434163
8,amp_noise,3,7,1,0.1842335764441808
8,amp_noise,3,8,1,0.13598460349150665
8,amp_noise,3,9,1,0.3530079345970254
8,amp_noise,4,0,1,0.056065290492095965
8,amp_noise,4,1,1,0.1151005266753562
8,amp_noise,4,2,1,0.17552099626910378
8,amp_noise,4,3,1,0.17166641400744542
8,amp_noise,4,4,1,0.11529991775959059
8,amp_noise,4,5,1,0.07831133538338242
8,amp_noise,4,6,1,0.19809927574493902
8,amp_noise,4,7,1,0.20576946199209134
8,amp_noise,4,8,1,0.06329142930960918
8,amp_noise,4,9,1,0.15110489052108955
8,amp_noise,5,0,1,0.15503675373310277
8,amp_noise,5,1,1,0.09892311488626881
8,amp_noise,5,2,1,0.16021106536816965
8,amp_noise,5,3,1,0.10751605846816215
8,amp_noise,5,4,1,0.042808998954416144
8,amp_noise,5,5,1,0.08869822229994206
8,amp_noise,5,6,1,0.06977649079795123
8,amp_noise,5,7,1,0.11106785518777784
8,amp_noise,5,8,1,0.07906052412019626
8,amp_noise,5,9,1,0.12948856651780571
8,amp_noise,6,0,1,0.18041579608391733
8,amp_noise,6,1,1,0.21054033641298164
8,amp_noise,6,2,1,0.1512639192650781
8,amp_noise,6,3,1,0.12893411263015453
8,amp_noise,6,4,1,0.141768411591503
8,amp_noise,6,5,1,0.26067049605546777
8,amp_noise,6,6,1,0.22483601789219299
8,amp_noise,6,7,1,0.07434783104174514
8,amp_noise,6,8,1,0.19762895204378117
8,amp_noise,6,9,1,0.19430351655911815
8,amp_noise,7,0,1,0.13927235361879153
8,amp_noise,7,1,1,0.06544614340992305
8,amp_noise,7,2,1,0.14051804151079128
8,amp_noise,7,3,1,0.27349985753691186
8,amp_noise,7,4,1,0.19822196487848698
8,amp_noise,7,5,1,0.24040847938801113
8,amp_noise,7,6,1,0.2202982146261553
8,amp_noise,7,7,1,0.16526443874721652
8,amp_noise,7,8,1,0.18947018253826897
8,amp_noise,7,9,1,0.06068204703623259
8,mixed,0,0,1,0.2548211481704856
8,mixed,0,1,1,0.15984002019068477
8,mixed,0,2,1,0.20634706392954222
8,mixed,0,3,1,0.340055923059689
8,mixed,0,4,1,0.2594838496568088
8,mixed,0,5,1,0.2845661528204845
8,mixed,0,6,1,0.3159199861519532
8,mixed,0,7,1,0.23550332722937994
8,mixed,0,8,1,0.25041578301280953
8,mixed,0,9,1,0.22216629894916062
8,mixed,1,0,1,0.31284033600040856
8,mixed,1,1,1,0.2165666027990536
8,mixed,1,2,1,0.2634613654224167
8,mixed,1,3,1,0.31177768742368356
8,mixed,1,4,1,0.22141481086253456
8,mixed,1,5,1,0.198663219478028
8,mixed,1,6,1,0.25636805223175974
8,mixed,1,7,1,0.28521058125221876
8,mixed,1,8,1,0.10577554421072999
8,mixed,1,9,1,0.30321009230997775
8,mixed,2,0,1,0.1984197147951709
8,mixed,2,1,1,0.13489378325761137
8,mixed,2,2,1,0.15083988630479045
8,mixed,2,3,1,0.17021567987788733
8,mixed,2,4,1,0.054877667768508775
8,mixed,2,5,1,0.135089400676498
8,mixed,2,6,1,0.1272435744283033
8,mixed,2,7,1,0.1889824197781374
8,mixed,2,8,1,0.16926678332945821
8,mixed,2,9,1,0.14052352866541884
8,mixed,3,0,1,0.3152004866946676
8,mixed,3,1,1,0.28864898344139445
8,mixed,3,2,1,0.2996485858189887
8,mixed,3,3,1,0.17576926901867007
8,mixed,3,4,1,0.4258290680890966
8,mixed,3,5,1,0.2882496759640468
8,mixed,3,6,1,0.27402920166369094
8,mixed,3,7,1,0.2587793020757184
8,mixed,3,8,1,0.2125998802947101
8,mixed,3,9,1,0.4111205186343427
8,mixed,4,0,1,0.10402828336040115
8,mixed,4,1,1,0.15358873548396346
8,mixed,4,2,1,0.2187794227077583
8,mixed,4,3,1,0.21437765903983586
8,mixed,4,4,1,0.13841285378649093
8,mixed,4,5,1,0.09206905579347802
8,mixed,4,6,1,0.2413648741863345
8,mixed,4,7,1,0.25197488421230124
8,mixed,4,8,1,0.10617704455112642
8,mixed,4,9,1,0.19453081406022177
8,mixed,5,0,1,0.20353222672437432
8,mixed,5,1,1,0.14566351877499029
8,mixed,5,2,1,0.21959632856584999
8,mixed,5,3,1,0.14400422655273182
8,mixed,5,4,1,0.08588017962331385
8,mixed,5,5,1,0.1334148837011775
8,mixed,5,6,1,0.1040048371166924
8,mixed,5,7,1,0.15477792431937054
8,mixed,5,8,1,0.11867875136843709
8,mixed,5,9,1,0.19545272212979065
8,mixed,6,0,1,0.22713566833652643
8,mixed,6,1,1,0.25145963270118865
8,mixed,6,2,1,0.19982298473131677
8,mixed,6,3,1,0.18360287334968528
8,mixed,6,4,1,0.197632026477228
8,mixed,6,5,1,0.26071831261125533
8,mixed,6,6,1,0.27446089896332604
8,mixed,6,7,1,0.12693146719238746
8,mixed,6,8,1,0.24690951146160944
8,mixed,6,9,1,0.23772826507197575
8,mixed,7,0,1,0.20970551623914296
8,mixed,7,1,1,0.18889887565273844
8,mixed,7,2,1,0.20882200504556053
8,mixed,7,3,1,0.31040404229257945
8,mixed,7,4,1,0.24772198488848451
8,mixed,7,5,1,0.29116642121225955
8,mixed,7,6,1,0.26726122324240165
8,mixed,7,7,1,0.22664281390897922
8,mixed,7,8,1,0.24824386442613422
8,mixed,7,9,1,0.13240666280336
12,phase_wipe,0,0,1,0.5349242957282242
12,phase_wipe,0,1,1,0.5349242957282242
12,phase_wipe,0,2,1,0.5349242957282242
12,phase_wipe,0,3,1,0.5349242957282242
12,phase_wipe,0,4,1,0.5349242957282242
12,phase_wipe,0,5,1,0.5349242957282242
12,phase_wipe,0,6,1,0.5349242957282242
12,phase_wipe,0,7,1,0.5349242957282242
12,phase_wipe,0,8,1,0.5349242957282242
12,phase_wipe,0,9,1,0.5349242957282242
12,phase_wipe,1,0,1,0.556557126432152
12,phase_wipe,1,1,1,0.556557126432152
12,phase_wipe,1,2,1,0.556557126432152
12,phase_wipe,1,3,1,0.556557126432152
12,phase_wipe,1,4,1,0.556557126432152
12,phase_wipe,1,5,1,0.556557126432152
12,phase_wipe,1,6,1,0.556557126432152
12,phase_wipe,1,7,1,0.556557126432152
12,phase_wipe,1,8,1,0.556557126432152
12,phase_wipe,1,9,1,0.556557126432152
12,phase_wipe,2,0,1,0.3904162312965068
12,phase_wipe,2,1,1,0.3904162312965068
12,phase_wipe,2,2,1,0.3904162312965068
12,phase_wipe,2,3,1,0.3904162312965068
12,phase_wipe,2,4,1,0.3904162312965068
12,phase_wipe,2,5,1,0.3904162312965068
12,phase_wipe,2,6,1,0.3904162312965068
12,phase_wipe,2,7,1,0.3904162312965068
12,phase_wipe,2,8,1,0.3904162312965068
12,phase_wipe,2,9,1,0.3904162312965068
12,phase_wipe,3,0,1,0.5294582055143813
12,phase_wipe,3,1,1,0.5294582055143813
12,phase_wipe,3,2,1,0.5294582055143813
12,phase_wipe,3,3,1,0.5294582055143813
12,phase_wipe,3,4,1,0.5294582055143813
12,phase_wipe,3,5,1,0.5294582055143813
12,phase_wipe,3,6,1,0.5294582055143813
12,phase_wipe,3,7,1,0.5294582055143813
12,phase_wipe,3,8,1,0.5294582055143813
12,phase_wipe,3,9,1,0.5294582055143813
12,phase_wipe,4,0,1,0.5198995306157186
12,phase_wipe,4,1,1,0.5198995306157186
12,phase_wipe,4,2,1,0.5198995306157186
12,phase_wipe,4,3,1,0.5198995306157186
12,phase_wipe,4,4,1,0.5198995306157186
12,phase_wipe,4,5,1,0.5198995306157186
12,phase_wipe,4,6,1,0.5198995306157186
12,phase_wipe,4,7,1,0.5198995306157186
12,phase_wipe,4,8,1,0.5198995306157186
12,phase_wipe,4,9,1,0.5198995306157186
12,phase_wipe,5,0,1,0.48433606544264235
12,phase_wipe,5,1,1,0.48433606544264235
12,phase_wipe,5,2,1,0.48433606544264235
12,phase_wipe,5,3,1,0.48433606544264235
12,phase_wipe,5,4,1,0.48433606544264235
12,phase_wipe,5,5,1,0.48433606544264235
12,phase_wipe,5,6,1,0.48433606544264235
12,phase_wipe,5,7,1,0.48433606544264235
12,phase_wipe,5,8,1,0.48433606544264235
12,phase_wipe,5,9,1,0.48433606544264235
12,phase_wipe,6,0,1,0.5349242957282242
12,phase_wipe,6,1,1,0.5349242957282242
12,phase_wipe,6,2,1,0.5349242957282242
12,phase_wipe,6,3,1,0.5349242957282242
12,phase_wipe,6,4,1,0.5349242957282242
12,phase_wipe,6,5,1,0.5349242957282242
12,phase_wipe,6,6,1,0.5349242957282242
12,phase_wipe,6,7,1,0.5349242957282242
12,phase_wipe,6,8,1,0.5349242957282242
12,phase_wipe,6,9,1,0.5349242957282242
12,phase_wipe,7,0,1,0.556557126432152
12,phase_wipe,7,1,1,0.556557126432152
12,phase_wipe,7,2,1,0.556557126432152
12,phase_wipe,7,3,1,0.556557126432152
12,phase_wipe,7,4,1,0.556557126432152
12,phase_wipe,7,5,1,0.556557126432152
12,phase_wipe,7,6,1,0.556557126432152
12,phase_wipe,7,7,1,0.556557126432152
12,phase_wipe,7,8,1,0.556557126432152
12,phase_wipe,7,9,1,0.556557126432152
12,phase_wipe,8,0,1,0.3904162312965068
12,phase_wipe,8,1,1,0.3904162312965068
12,phase_wipe,8,2,1,0.3904162312965068
12,phase_wipe,8,3,1,0.3904162312965068
12,phase_wipe,8,4,1,0.3904162312965068
12,phase_wipe,8,5,1,0.3904162312965068
12,phase_wipe,8,6,1,0.3904162312965068
12,phase_wipe,8,7,1,0.3904162312965068
12,phase_wipe,8,8,1,0.3904162312965068
12,phase_wipe,8,9,1,0.3904162312965068
12,phase_wipe,9,0,1,0.5294582055143813
12,phase_wipe,9,1,1,0.5294582055143813
12,phase_wipe,9,2,1,0.5294582055143813
12,phase_wipe,9,3,1,0.5294582055143813
12,phase_wipe,9,4,1,0.5294582055143813
12,phase_wipe,9,5,1,0.5294582055143813
12,phase_wipe,9,6,1,0.5294582055143813
12,phase_wipe,9,7,1,0.5294582055143813
12,phase_wipe,9,8,1,0.5294582055143813
12,phase_wipe,9,9,1,0.5294582055143813
12,phase_wipe,10,0,1,0.4819460914131508
12,phase_wipe,10,1,1,0.4819460914131508
12,phase_wipe,10,2,1,0.4819460914131508
12,phase_wipe,10,3,1,0.4819460914131508
12,phase_wipe,10,4,1,0.4819460914131508
12,phase_wipe,10,5,1,0.4819460914131508
12,phase_wipe,10,6,1,0.4819460914131508
12,phase_wipe,10,7,1,0.4819460914131508
12,phase_wipe,10,8,1,0.4819460914131508
12,phase_wipe,10,9,1,0.4819460914131508
12,phase_wipe,11,0,1,0.47568322332235274
12,phase_wipe,11,1,1,0.47568322332235274
12,phase_wipe,11,2,1,0.47568322332235274
12,phase_wipe,11,3,1,0.47568322332235274
12,phase_wipe,11,4,1,0.47568322332235274
12,phase_wipe,11,5,1,0.47568322332235274
12,phase_wipe,11,6,1,0.47568322332235274
12,phase_wipe,11,7,1,0.47568322332235274
12,phase_wipe,11,8,1,0.47568322332235274
12,phase_wipe,11,9,1,0.47568322332235274
12,random_phase,0,0,1,0.5349242957282218
12,random_phase,0,1,1,0.5349242957282219
12,random_phase,0,2,1,0.5349242957282181
12,random_phase,0,3,1,0.5349242957282219
12,random_phase,0,4,1,0.5349242957282222
12,random_phase,0,5,1,0.5349242957282184
12,random_phase,0,6,1,0.5349242957282222
12,random_phase,0,7,1,0.5349242957282225
12,random_phase,0,8,1,0.5349242957282225
12,random_phase,0,9,1,0.5349242957282208
12,random_phase,1,0,1,0.5565571264321468
12,random_phase,1,1,1,0.5565571264321499
12,random_phase,1,2,1,0.5565571264321486
12,random_phase,1,3,1,0.5565571264321496
12,random_phase,1,4,1,0.5565571264321497
12,random_phase,1,5,1,0.5565571264321493
12,random_phase,1,6,1,0.5565571264321503
12,random_phase,1,7,1,0.5565571264321512
12,random_phase,1,8,1,0.5565571264321504
12,random_phase,1,9,1,0.5565571264321519
12,random_phase,2,0,1,0.3904162312965039
12,random_phase,2,1,1,0.39041623129650327
12,random_phase,2,2,1,0.39041623129650416
12,random_phase,2,3,1,0.39041623129650366
12,random_phase,2,4,1,0.39041623129650516
12,random_phase,2,5,1,0.3904162312965051
12,random_phase,2,6,1,0.3904162312965001
12,random_phase,2,7,1,0.39041623129650327
12,random_phase,2,8,1,0.39041623129650477
12,random_phase,2,9,1,0.39041623129650416
12,random_phase,3,0,1,0.5294582055143758
12,random_phase,3,1,1,0.5294582055143751
12,random_phase,3,2,1,0.5294582055143747
12,random_phase,3,3,1,0.5294582055143738
12,random_phase,3,4,1,0.5294582055143752
12,random_phase,3,5,1,0.5294582055143744
12,random_phase,3,6,1,0.5294582055143788
12,random_phase,3,7,1,0.529458205514375
12,random_phase,3,8,1,0.529458205514375
12,random_phase,3,9,1,0.5294582055143752
12,random_phase,4,0,1,0.5198995306157163
12,random_phase,4,1,1,0.5198995306157151
12,random_phase,4,2,1,0.5198995306157157
12,random_phase,4,3,1,0.5198995306157151
12,random_phase,4,4,1,0.5198995306157153
12,random_phase,4,5,1,0.5198995306157153
12,random_phase,4,6,1,0.5198995306157146
12,random_phase,4,7,1,0.5198995306157155
12,random_phase,4,8,1,0.5198995306157148
12,random_phase,4,9,1,0.5198995306157157
12,random_phase,5,0,1,0.4843360654426342
12,random_phase,5,1,1,0.4843360654426397
12,random_phase,5,2,1,0.48433606544263996
12,random_phase,5,3,1,0.4843360654426338
12,random_phase,5,4,1,0.48433606544263946
12,random_phase,5,5,1,0.48433606544263974
12,random_phase,5,6,1,0.4843360654426398
12,random_phase,5,7,1,0.48433606544264046
12,random_phase,5,8,1,0.484336065442639
12,random_phase,5,9,1,0.4843360654426397
12,random_phase,6,0,1,0.5349242957282212
12,random_phase,6,1,1,0.5349242957282219
12,random_phase,6,2,1,0.5349242957282219
12,random_phase,6,3,1,0.5349242957282211
12,random_phase,6,4,1,0.5349242957282215
12,random_phase,6,5,1,0.5349242957282211
12,random_phase,6,6,1,0.5349242957282206
12,random_phase,6,7,1,0.5349242957282211
12,random_phase,6,8,1,0.5349242957282215
12,random_phase,6,9,1,0.5349242957282213
12,random_phase,7,0,1,0.5565571264321498
12,random_phase,7,1,1,0.5565571264321498
12,random_phase,7,2,1,0.55655712643215
12,random_phase,7,3,1,0.5565571264321509
12,random_phase,7,4,1,0.5565571264321509
12,random_phase,7,5,1,0.556557126432146
12,random_phase,7,6,1,0.5565571264321466
12,random_phase,7,7,1,0.55655712643215
12,random_phase,7,8,1,0.5565571264321448
12,random_phase,7,9,1,0.5565571264321507
12,random_phase,8,0,1,0.3904162312965047
12,random_phase,8,1,1,0.39041623129650443
12,random_phase,8,2,1,0.39041623129650443
12,random_phase,8,3,1,0.3904162312965047
12,random_phase,8,4,1,0.39041623129650516
12,random_phase,8,5,1,0.39041623129650416
12,random_phase,8,6,1,0.3904162312965068
12,random_phase,8,7,1,0.3904162312965047
12,random_phase,8,8,1,0.39041623129650443
12,random_phase,8,9,1,0.3904162312965044
12,random_phase,9,0,1,0.5294582055143774
12,random_phase,9,1,1,0.5294582055143813
12,random_phase,9,2,1,0.5294582055143796
12,random_phase,9,3,1,0.5294582055143793
12,random_phase,9,4,1,0.529458205514379
12,random_phase,9,5,1,0.5294582055143807
12,random_phase,9,6,1,0.5294582055143784
12,random_phase,9,7,1,0.5294582055143774
12,random_phase,9,8,1,0.5294582055143778
12,random_phase,9,9,1,0.5294582055143782
12,random_phase,10,0,1,0.48194609141314837
12,random_phase,10,1,1,0.4819460914131486
12,random_phase,10,2,1,0.48194609141314876
12,random_phase,10,3,1,0.48194609141314765
12,random_phase,10,4,1,0.4819460914131484
12,random_phase,10,5,1,0.48194609141314915
12,random_phase,10,6,1,0.4819460914131484
12,random_phase,10,7,1,0.48194609141314915
12,random_phase,10,8,1,0.48194609141314915
12,random_phase,10,9,1,0.48194609141314837
12,random_phase,11,0,1,0.4756832233223482
12,random_phase,11,1,1,0.47568322332235036
12,random_phase,11,2,1,0.47568322332235036
12,random_phase,11,3,1,0.47568322332235063
12,random_phase,11,4,1,0.47568322332235036
12,random_phase,11,5,1,0.4756832233223517
12,random_phase,11,6,1,0.4756832233223517
12,random_phase,11,7,1,0.4756832233223511
12,random_phase,11,8,1,0.4756832233223489
12,random_phase,11,9,1,0.47568322332234936
12,dropout_25,0,0,1,0.47715316178907613
12,dropout_25,0,1,1,0.49301560285065166
12,dropout_25,0,2,1,0.47694563909730747
12,dropout_25,0,3,1,0.43136196436296237
12,dropout_25,0,4,1,0.4545337337242377
12,dropout_25,0,5,1,0.46120758144437946
12,dropout_25,0,6,1,0.45034321953386636
12,dropout_25,0,7,1,0.4840844054987579
12,dropout_25,0,8,1,0.45587547107511345
12,dropout_25,0,9,1,0.4135019961634684
12,dropout_25,1,0,1,0.5041596880755045
12,dropout_25,1,1,1,0.47915303500020445
12,dropout_25,1,2,1,0.4541541381095684
12,dropout_25,1,3,1,0.49422881889349224
12,dropout_25,1,4,1,0.4960815855080242
12,dropout_25,1,5,1,0.4729921969091655
12,dropout_25,1,6,1,0.4847217722678594
12,dropout_25,1,7,1,0.5100036731957904
12,dropout_25,1,8,1,0.49772499922447805
12,dropout_25,1,9,1,0.48868691393623215
12,dropout_25,2,0,1,0.3380248133291239
12,dropout_25,2,1,1,0.35992466703766396
12,dropout_25,2,2,1,0.35028274879254917
12,dropout_25,2,3,1,0.37201353057503994
12,dropout_25,2,4,1,0.3626263929073289
12,dropout_25,2,5,1,0.36693474410220744
12,dropout_25,2,6,1,0.36863756224309324
12,dropout_25,2,7,1,0.36842472658002107
12,dropout_25,2,8,1,0.3669624820913853
12,dropout_25,2,9,1,0.3606620903268958
12,dropout_25,3,0,1,0.4598922948116485
12,dropout_25,3,1,1,0.4798163816180209
12,dropout_25,3,2,1,0.47018463764835206
12,dropout_25,3,3,1,0.4574884725117826
12,dropout_25,3,4,1,0.46888831750913024
12,dropout_25,3,5,1,0.4469407988017433
12,dropout_25,3,6,1,0.44170221581952307
12,dropout_25,3,7,1,0.4878380489342749
12,dropout_25,3,8,1,0.45865799713876515
12,dropout_25,3,9,1,0.42860087757740944
12,dropout_25,4,0,1,0.4663219631346635
12,dropout_25,4,1,1,0.4887448217994023
12,dropout_25,4,2,1,0.4853348216775089
12,dropout_25,4,3,1,0.4624679536295929
12,dropout_25,4,4,1,0.46648879143196387
12,dropout_25,4,5,1,0.4810221420194798
12,dropout_25,4,6,1,0.3823107636685615
12,dropout_25,4,7,1,0.44585108419797265
12,dropout_25,4,8,1,0.45658828606850604
12,dropout_25,4,9,1,0.47856947759289353
12,dropout_25,5,0,1,0.4242207681300677
12,dropout_25,5,1,1,0.43130385534916205
12,dropout_25,5,2,1,0.436455681849813
12,dropout_25,5,3,1,0.44274451348777816
12,dropout_25,5,4,1,0.4367386241145283
12,dropout_25,5,5,1,0.45506554427277496
12,dropout_25,5,6,1,0.41912093740050177
12,dropout_25,5,7,1,0.4239974779622693
12,dropout_25,5,8,1,0.4501674632207193
12,dropout_25,5,9,1,0.43938086520380865
12,dropout_25,6,0,1,0.4989809967823341
12,dropout_25,6,1,1,0.5128560984535303
12,dropout_25,6,2,1,0.5036262407931367
12,dropout_25,6,3,1,0.5039996963420561
12,dropout_25,6,4,1,0.4987937484912911
12,dropout_25,6,5,1,0.5017147070102032
12,dropout_25,6,6,1,0.5093450031643888
12,dropout_25,6,7,1,0.5063881778846085
12,dropout_25,6,8,1,0.5185753537691306
12,dropout_25,6,9,1,0.516553097769631
12,dropout_25,7,0,1,0.5307506041573468
12,dropout_25,7,1,1,0.4965323783604792
12,dropout_25,7,2,1,0.5240675197321335
12,dropout_25,7,3,1,0.5226739638195148
12,dropout_25,7,4,1,0.5132193303877286
12,dropout_25,7,5,1,0.5344330241750611
12,dropout_25,7,6,1,0.532102193657832
12,dropout_25,7,7,1,0.5114758187796884
12,dropout_25,7,8,1,0.5182878724437876
12,dropout_25,7,9,1,0.5153134072138483
12,dropout_25,8,0,1,0.3680224151515826
12,dropout_25,8,1,1,0.3616510069775318
12,dropout_25,8,2,1,0.36674039024921723
12,dropout_25,8,3,1,0.35829085116345183
12,dropout_25,8,4,1,0.3608512055553015
12,dropout_25,8,5,1,0.3554405844001348
12,dropout_25,8,6,1,0.35066843929173475
12,dropout_25,8,7,1,0.3704866079344491
12,dropout_25,8,8,1,0.3650354107741326
12,dropout_25,8,9,1,0.3597337208013145
12,dropout_25,9,0,1,0.5153790877089626
12,dropout_25,9,1,1,0.5168666317154149
12,dropout_25,9,2,1,0.5115587990205442
12,dropout_25,9,3,1,0.5105280922144599
12,dropout_25,9,4,1,0.5052608984705584
12,dropout_25,9,5,1,0.5125455593280142
12,dropout_25,9,6,1,0.5072345789193525
12,dropout_25,9,7,1,0.514038878267362
12,dropout_25,9,8,1,0.5114228014594364
12,dropout_25,9,9,1,0.49824925126210384
12,dropout_25,10,0,1,0.4514540900302945
12,dropout_25,10,1,1,0.4063520680858333
12,dropout_25,10,2,1,0.4347759704717253
12,dropout_25,10,3,1,0.44811172784436726
12,dropout_25,10,4,1,0.4083532833115252
12,dropout_25,10,5,1,0.4516809745311198
12,dropout_25,10,6,1,0.43166208635728476
12,dropout_25,10,7,1,0.4522058475011189
12,dropout_25,10,8,1,0.4497615946213571
12,dropout_25,10,9,1,0.43039976782987444
12,dropout_25,11,0,1,0.43890190211308
12,dropout_25,11,1,1,0.44404920883761984
12,dropout_25,11,2,1,0.43880393259720823
12,dropout_25,11,3,1,0.4224728634797917
12,dropout_25,11,4,1,0.4337951168822132
12,dropout_25,11,5,1,0.415810079097515
12,dropout_25,11,6,1,0.4441555197384245
12,dropout_25,11,7,1,0.4403056662753196
12,dropout_25,11,8,1,0.4412600202772895
12,dropout_25,11,9,1,0.4416835142176263
12,dropout_50,0,0,1,0.47913318658579124
12,dropout_50,0,1,1,0.507920723556896
12,dropout_50,0,2,1,0.45881516265510824
12,dropout_50,0,3,1,0.4205839496433894
12,dropout_50,0,4,1,0.4479588203055177
12,dropout_50,0,5,1,0.5080362926501758
12,dropout_50,0,6,1,0.4670257213231901
12,dropout_50,0,7,1,0.4307040509190513
12,dropout_50,0,8,1,0.3979246017361412
12,dropout_50,0,9,1,0.3732867820959495
12,dropout_50,1,0,1,0.5392658344704734
12,dropout_50,1,1,1,0.4403576299774691
12,dropout_50,1,2,1,0.484915652778524
12,dropout_50,1,3,1,0.49156032460524085
12,dropout_50,1,4,1,0.4560071733105553
12,dropout_50,1,5,1,0.4820026373034873
12,dropout_50,1,6,1,0.4826454963084651
12,dropout_50,1,7,1,0.4950378174256501
12,dropout_50,1,8,1,0.5206270857206626
12,dropout_50,1,9,1,0.4770683313705704
12,dropout_50,2,0,1,0.3281494730046244
12,dropout_50,2,1,1,0.3451059625178679
12,dropout_50,2,2,1,0.35553171946262746
12,dropout_50,2,3,1,0.3213439421735028
12,dropout_50,2,4,1,0.3625799918306597
12,dropout_50,2,5,1,0.3525223503509055
12,dropout_50,2,6,1,0.3552623339922881
12,dropout_50,2,7,1,0.36228794549045734
12,dropout_50,2,8,1,0.3458840865284814
12,dropout_50,2,9,1,0.35279668767868755
12,dropout_50,3,0,1,0.3815989220117024
12,dropout_50,3,1,1,0.4349596351202485
12,dropout_50,3,2,1,0.4938753860604894
12,dropout_50,3,3,1,0.4885708798540772
12,dropout_50,3,4,1,0.4321755657490742
12,dropout_50,3,5,1,0.37371322310095345
12,dropout_50,3,6,1,0.40998990214455744
12,dropout_50,3,7,1,0.444469252243499
12,dropout_50,3,8,1,0.4016792322073819
12,dropout_50,3,9,1,0.44395308361071406
12,dropout_50,4,0,1,0.3339446350222778
12,dropout_50,4,1,1,0.48946200181965205
12,dropout_50,4,2,1,0.4753217504336089
12,dropout_50,4,3,1,0.4777819077749211
12,dropout_50,4,4,1,0.4676139499159778
12,dropout_50,4,5,1,0.510880098189283
12,dropout_50,4,6,1,0.3466055627925776
12,dropout_50,4,7,1,0.4678394746532677
12,dropout_50,4,8,1,0.5013329229685385
12,dropout_50,4,9,1,0.48751155847788225
12,dropout_50,5,0,1,0.40078006222660906
12,dropout_50,5,1,1,0.46603819047299777
12,dropout_50,5,2,1,0.4235556853722573
12,dropout_50,5,3,1,0.3956791896915905
12,dropout_50,5,4,1,0.4108897899266063
12,dropout_50,5,5,1,0.43694306662066346
12,dropout_50,5,6,1,0.42441983814435297
12,dropout_50,5,7,1,0.4094421722237869
12,dropout_50,5,8,1,0.39663724347990015
12,dropout_50,5,9,1,0.4295474305661228
12,dropout_50,6,0,1,0.49580596154245954
12,dropout_50,6,1,1,0.5120503376558206
12,dropout_50,6,2,1,0.5178481777638367
12,dropout_50,6,3,1,0.5006673935879982
12,dropout_50,6,4,1,0.4964198549468917
12,dropout_50,6,5,1,0.4830304668120138
12,dropout_50,6,6,1,0.5070850155690914
12,dropout_50,6,7,1,0.5037753205202942
12,dropout_50,6,8,1,0.5116560587161154
12,dropout_50,6,9,1,0.5144867426585236
12,dropout_50,7,0,1,0.5485037636076673
12,dropout_50,7,1,1,0.505459949776627
12,dropout_50,7,2,1,0.5226836643264641
12,dropout_50,7,3,1,0.546855952059245
12,dropout_50,7,4,1,0.44129148785541017
12,dropout_50,7,5,1,0.5298657235984117
12,dropout_50,7,6,1,0.5451617174624843
12,dropout_50,7,7,1,0.5088499450162296
12,dropout_50,7,8,1,0.5017500369724179
12,dropout_50,7,9,1,0.5117238353455006
12,dropout_50,8,0,1,0.362181219249436
12,dropout_50,8,1,1,0.35818108061373366
12,dropout_50,8,2,1,0.37400452940392137
12,dropout_50,8,3,1,0.328258822375676
12,dropout_50,8,4,1,0.3629779821879658
12,dropout_50,8,5,1,0.35028531538600355
12,dropout_50,8,6,1,0.33504740689584717
12,dropout_50,8,7,1,0.3439940152402087
12,dropout_50,8,8,1,0.33550567909284335
12,dropout_50,8,9,1,0.3615559752011571
12,dropout_50,9,0,1,0.4929759218275554
12,dropout_50,9,1,1,0.5182031236694908
12,dropout_50,9,2,1,0.5162048355404849
12,dropout_50,9,3,1,0.5080402985194388
12,dropout_50,9,4,1,0.5025084718251166
12,dropout_50,9,5,1,0.49934243345831325
12,dropout_50,9,6,1,0.4700618318286671
12,dropout_50,9,7,1,0.5063282197152501
12,dropout_50,9,8,1,0.5193707684735711
12,dropout_50,9,9,1,0.4645855932531331
12,dropout_50,10,0,1,0.4412121373773221
12,dropout_50,10,1,1,0.42378374844220984
12,dropout_50,10,2,1,0.45943572513355163
12,dropout_50,10,3,1,0.43280050075012644
12,dropout_50,10,4,1,0.3489079884011197
12,dropout_50,10,5,1,0.447751670784435
12,dropout_50,10,6,1,0.3375973379980586
12,dropout_50,10,7,1,0.4458752299689395
12,dropout_50,10,8,1,0.4044861763387516
12,dropout_50,10,9,1,0.4318676424556881
12,dropout_50,11,0,1,0.44315842977077985
12,dropout_50,11,1,1,0.39741012164580664
12,dropout_50,11,2,1,0.420045627050328
12,dropout_50,11,3,1,0.44341683234633333
12,dropout_50,11,4,1,0.4021370921817651
12,dropout_50,11,5,1,0.33918409360782914
12,dropout_50,11,6,1,0.39377201278141033
12,dropout_50,11,7,1,0.4454592665574951
12,dropout_50,11,8,1,0.4314857963264343
12,dropout_50,11,9,1,0.43641625888036795
12,amp_noise,0,0,1,0.13902083166601953
12,amp_noise,0,1,1,0.19868885445860518
12,amp_noise,0,2,1,0.16090099632417132
12,amp_noise,0,3,1,0.2273619527783992
12,amp_noise,0,4,1,0.2359557764711665
12,amp_noise,0,5,1,0.17731887946255542
12,amp_noise,0,6,1,0.24089149492998252
12,amp_noise,0,7,1,0.1194146277382131
12,amp_noise,0,8,1,0.08499785840567509
12,amp_noise,0,9,1,0.27263464932495596
12,amp_noise,1,0,0,0.01619716315484454
12,amp_noise,1,1,1,0.19789009679650227
12,amp_noise,1,2,1,0.24509072610868066
12,amp_noise,1,3,1,0.23007364586888368
12,amp_noise,1,4,1,0.0948719383283354
12,amp_noise,1,5,1,0.15214416284771282
12,amp_noise,1,6,1,0.28843025540979517
12,amp_noise,1,7,1,0.26649010521532257
12,amp_noise,1,8,1,0.0578347286988361
12,amp_noise,1,9,1,0.2863057204253222
12,amp_noise,2,0,1,0.0897921725958043
12,amp_noise,2,1,1,0.08535723662414418
12,amp_noise,2,2,1,0.09902730963838957
12,amp_noise,2,3,1,0.0921301033291293
12,amp_noise,2,4,1,0.08681934006821679
12,amp_noise,2,5,1,0.04568588287309738
12,amp_noise,2,6,1,0.07685799174167995
12,amp_noise,2,7,1,0.04707000967534658
12,amp_noise,2,8,1,0.057732902785711415
12,amp_noise,2,9,1,0.10180740864677362
12,amp_noise,3,0,1,0.048483427592724615
12,amp_noise,3,1,1,0.06891863210900961
12,amp_noise,3,2,1,0.16082728246803035
12,amp_noise,3,3,1,0.2492101496969643
12,amp_noise,3,4,1,0.22156982009535398
12,amp_noise,3,5,1,0.09775602180833953
12,amp_noise,3,6,1,0.23485034447014597
12,amp_noise,3,7,1,0.19428674365188148
12,amp_noise,3,8,1,0.19749631812158874
12,amp_noise,3,9,1,0.07558965962657493
12,amp_noise,4,0,1,0.06914128391690788
12,amp_noise,4,1,1,0.19614479089537418
12,amp_noise,4,2,1,0.040951208003660367
12,amp_noise,4,3,1,0.04202518815921952
12,amp_noise,4,4,1,0.11886514345650034
12,amp_noise,4,5,1,0.13784284008089165
12,amp_noise,4,6,1,0.08070791182237247
12,amp_noise,4,7,1,0.11774773502047542
12,amp_noise,4,8,1,0.20398832086230068
12,amp_noise,4,9,1,0.04323539657386832
12,amp_noise,5,0,1,0.05020066160161818
12,amp_noise,5,1,1,0.03454260152466926
12,amp_noise,5,2,1,0.11001869726380809
12,amp_noise,5,3,1,0.07270198764571956
12,amp_noise,5,4,1,0.17843254250413632
12,amp_noise,5,5,1,0.04664708350540103
12,amp_noise,5,6,1,0.1314244689789339
12,amp_noise,5,7,1,0.07725897172961876
12,amp_noise,5,8,1,0.1434548075402456
12,amp_noise,5,9,1,0.07145495394179835
12,amp_noise,6,0,1,0.09302806613743697
12,amp_noise,6,1,1,0.00421919588979347
12,amp_noise,6,2,1,0.11309910428196757
12,amp_noise,6,3,1,0.2651519969635384
12,amp_noise,6,4,1,0.1835844651488333
12,amp_noise,6,5,1,0.096659648853332
12,amp_noise,6,6,1,0.22454626347837103
12,amp_noise,6,7,1,0.27277199971029586
12,amp_noise,6,8,1,0.009496836262031794
12,amp_noise,6,9,1,0.2563488503516047
12,amp_noise,7,0,1,0.10966793735026104
12,amp_noise,7,1,1,0.17692657712316862
12,amp_noise,7,2,1,0.24938971807189458
12,amp_noise,7,3,0,0.002863286650903074
12,amp_noise,7,4,1,0.18678909851798997
12,amp_noise,7,5,1,0.11854931747767994
12,amp_noise,7,6,1,0.011911795774976142
12,amp_noise,7,7,1,0.05939885555055735
12,amp_noise,7,8,1,0.26019736442146846
12,amp_noise,7,9,1,0.11211510129536262
12,amp_noise,8,0,1,0.0887967353216178
12,amp_noise,8,1,1,0.07710265653208592
12,amp_noise,8,2,1,0.08932068235844604
12,amp_noise,8,3,1,0.08527400268365626
12,amp_noise,8,4,1,0.08816214239837161
12,amp_noise,8,5,1,0.0751399333505881
12,amp_noise,8,6,1,0.08207575636335784
12,amp_noise,8,7,1,0.13283409475939723
12,amp_noise,8,8,1,0.10201250320127897
12,amp_noise,8,9,1,0.12245172056154674
12,amp_noise,9,0,1,0.05896376575051454
12,amp_noise,9,1,1,0.18402139253339367
12,amp_noise,9,2,1,0.27371146733356444
12,amp_noise,9,3,1,0.11945183264380721
12,amp_noise,9,4,1,0.17650097470548376
12,amp_noise,9,5,1,0.08478863185360785
12,amp_noise,9,6,1,0.13066998846273137
12,amp_noise,9,7,1,0.004509240927006664
12,amp_noise,9,8,1,0.15154238530299668
12,amp_noise,9,9,1,0.13901896971312944
12,amp_noise,10,0,1,0.2537459568643401
12,amp_noise,10,1,1,0.04505795149721026
12,amp_noise,10,2,1,0.09700477618861891
12,amp_noise,10,3,1,0.13732438603961983
12,amp_noise,10,4,1,0.09459080393252073
12,amp_noise,10,5,1,0.14913791872740145
12,amp_noise,10,6,1,0.07610713701499816
12,amp_noise,10,7,1,0.14927287702941983
12,amp_noise,10,8,1,0.11117864006591305
12,amp_noise,10,9,1,0.10157975582827428
12,amp_noise,11,0,1,0.10421732997260325
12,amp_noise,11,1,1,0.11823929870764405
12,amp_noise,11,2,1,0.05847245462122741
12,amp_noise,11,3,1,0.11319745566862427
12,amp_noise,11,4,1,0.15048283635363224
12,amp_noise,11,5,0,0.023211869880649272
12,amp_noise,11,6,1,0.14920887932528715
12,amp_noise,11,7,1,0.08779756274190742
12,amp_noise,11,8,1,0.10069669258684372
12,amp_noise,11,9,1,0.161108934876672
12,mixed,0,0,1,0.23789123252299332
12,mixed,0,1,1,0.2536524520339707
12,mixed,0,2,1,0.2207834465856261
12,mixed,0,3,1,0.26912351720874705
12,mixed,0,4,1,0.2740059554595622
12,mixed,0,5,1,0.23190568444095966
12,mixed,0,6,1,0.250824367074979
12,mixed,0,7,1,0.17714053028840004
12,mixed,0,8,1,0.1427619911261071
12,mixed,0,9,1,0.3099737383652673
12,mixed,1,0,1,0.09879902619296477
12,mixed,1,1,1,0.24436808141780186
12,mixed,1,2,1,0.28053116953074786
12,mixed,1,3,1,0.28579787830521947
12,mixed,1,4,1,0.15344117560870296
12,mixed,1,5,1,0.2196286664726811
12,mixed,1,6,1,0.32463677681457415
12,mixed,1,7,1,0.2820521995016935
12,mixed,1,8,1,0.12184237792500763
12,mixed,1,9,1,0.32463816999801287
12,mixed,2,0,1,0.1199683724008963
12,mixed,2,1,1,0.11725211607455666
12,mixed,2,2,1,0.13143398667650552
12,mixed,2,3,1,0.12241580685295328
12,mixed,2,4,1,0.11653848518885834
12,mixed,2,5,1,0.10341577421355463
12,mixed,2,6,1,0.10379562316270707
12,mixed,2,7,1,0.09734247143298458
12,mixed,2,8,1,0.10408779076222474
12,mixed,2,9,1,0.14438712740753246
12,mixed,3,0,1,0.12341469747937872
12,mixed,3,1,1,0.11926751995684781
12,mixed,3,2,1,0.20287158742265332
12,mixed,3,3,1,0.2919827907075845
12,mixed,3,4,1,0.25405108509786617
12,mixed,3,5,1,0.15718007327002836
12,mixed,3,6,1,0.27776190592677386
12,mixed,3,7,1,0.23487874810146414
12,mixed,3,8,1,0.2591359415126874
12,mixed,3,9,1,0.16476259154651196
12,mixed,4,0,1,0.11508343384873543
12,mixed,4,1,1,0.23977558763203488
12,mixed,4,2,1,0.09476431247234762
12,mixed,4,3,1,0.10293375845496289
12,mixed,4,4,1,0.1564059602681307
12,mixed,4,5,1,0.18933180817169126
12,mixed,4,6,1,0.11931243894740506
12,mixed,4,7,1,0.16397466229342006
12,mixed,4,8,1,0.2512429930116885
12,mixed,4,9,1,0.15475349862643184
12,mixed,5,0,1,0.09217678709252963
12,mixed,5,1,1,0.08977295694904608
12,mixed,5,2,1,0.15291162593089813
12,mixed,5,3,1,0.12231374888954982
12,mixed,5,4,1,0.22975430105470263
12,mixed,5,5,1,0.09484577737590028
12,mixed,5,6,1,0.1795370432805048
12,mixed,5,7,1,0.15050123380785957
12,mixed,5,8,1,0.21353681489174475
12,mixed,5,9,1,0.11636031101953404
12,mixed,6,0,1,0.13977955799398867
12,mixed,6,1,1,0.08469369993744258
12,mixed,6,2,1,0.15926333349583743
12,mixed,6,3,1,0.27398405259430586
12,mixed,6,4,1,0.22354742872907463
12,mixed,6,5,1,0.15661949499445305
12,mixed,6,6,1,0.27944341249020865
12,mixed,6,7,1,0.27711524744524063
12,mixed,6,8,1,0.09091401056214365
12,mixed,6,9,1,0.29573743086375537
12,mixed,7,0,1,0.17674800502956162
12,mixed,7,1,1,0.25588532890620774
12,mixed,7,2,1,0.26040993686899294
12,mixed,7,3,1,0.054600612182856945
12,mixed,7,4,1,0.2501427216805766
12,mixed,7,5,1,0.16756673123586563
12,mixed,7,6,1,0.07351189963160432
12,mixed,7,7,1,0.14105279086385547
12,mixed,7,8,1,0.31629524442386625
12,mixed,7,9,1,0.171248396960323
12,mixed,8,0,1,0.1281929906057383
12,mixed,8,1,1,0.10382077704037085
12,mixed,8,2,1,0.11882435720878415
12,mixed,8,3,1,0.1500157531285401
12,mixed,8,4,1,0.11755402022826367
12,mixed,8,5,1,0.10059753665791593
12,mixed,8,6,1,0.11107874545666174
12,mixed,8,7,1,0.12074589417804904
12,mixed,8,8,1,0.1355800969742892
12,mixed,8,9,1,0.1584098562098708
12,mixed,9,0,1,0.11341079249401076
12,mixed,9,1,1,0.2563578741483909
12,mixed,9,2,1,0.2854013810363941
12,mixed,9,3,1,0.16838985444844778
12,mixed,9,4,1,0.2183466970347212
12,mixed,9,5,1,0.15623653737093574
12,mixed,9,6,1,0.17893769931214065
12,mixed,9,7,1,0.049279119929331205
12,mixed,9,8,1,0.20232046306756224
12,mixed,9,9,1,0.19033242728176847
12,mixed,10,0,1,0.28239723040436737
12,mixed,10,1,1,0.12148726816151362
12,mixed,10,2,1,0.14994437777158742
12,mixed,10,3,1,0.18919454995573093
12,mixed,10,4,1,0.17015533376474512
12,mixed,10,5,1,0.19066548355763857
12,mixed,10,6,1,0.12145237874819859
12,mixed,10,7,1,0.21688844454429274
12,mixed,10,8,1,0.16598401251817357
12,mixed,10,9,1,0.15805317151678205
12,mixed,11,0,1,0.16294802677607534
12,mixed,11,1,1,0.1761720868129657
12,mixed,11,2,1,0.12042482463576937
12,mixed,11,3,1,0.1753561454583985
12,mixed,11,4,1,0.1942699942309123
12,mixed,11,5,1,0.027026520369515694
12,mixed,11,6,1,0.1905894580616203
12,mixed,11,7,1,0.17333857153930893
12,mixed,11,8,1,0.16545111881518199
12,mixed,11,9,1,0.2051435035045056
16,phase_wipe,0,0,1,0.47040471262477973
16,phase_wipe,0,1,1,0.47040471262477973
16,phase_wipe,0,2,1,0.47040471262477973
16,phase_wipe,0,3,1,0.47040471262477973
16,phase_wipe,0,4,1,0.47040471262477973
16,phase_wipe,0,5,1,0.47040471262477973
16,phase_wipe,0,6,1,0.47040471262477973
16,phase_wipe,0,7,1,0.47040471262477973
16,phase_wipe,0,8,1,0.47040471262477973
16,phase_wipe,0,9,1,0.47040471262477973
16,phase_wipe,1,0,1,0.48947051587712226
16,phase_wipe,1,1,1,0.48947051587712226
16,phase_wipe,1,2,1,0.48947051587712226
16,phase_wipe,1,3,1,0.48947051587712226
16,phase_wipe,1,4,1,0.48947051587712226
16,phase_wipe,1,5,1,0.48947051587712226
16,phase_wipe,1,6,1,0.48947051587712226
16,phase_wipe,1,7,1,0.48947051587712226
16,phase_wipe,1,8,1,0.48947051587712226
16,phase_wipe,1,9,1,0.48947051587712226
16,phase_wipe,2,0,1,0.2603601109706112
16,phase_wipe,2,1,1,0.2603601109706112
16,phase_wipe,2,2,1,0.2603601109706112
16,phase_wipe,2,3,1,0.2603601109706112
16,phase_wipe,2,4,1,0.2603601109706112
16,phase_wipe,2,5,1,0.2603601109706112
16,phase_wipe,2,6,1,0.2603601109706112
16,phase_wipe,2,7,1,0.2603601109706112
16,phase_wipe,2,8,1,0.2603601109706112
16,phase_wipe,2,9,1,0.2603601109706112
16,phase_wipe,3,0,1,0.4619071388943587
16,phase_wipe,3,1,1,0.4619071388943587
16,phase_wipe,3,2,1,0.4619071388943587
16,phase_wipe,3,3,1,0.4619071388943587
16,phase_wipe,3,4,1,0.4619071388943587
16,phase_wipe,3,5,1,0.4619071388943587
16,phase_wipe,3,6,1,0.4619071388943587
16,phase_wipe,3,7,1,0.4619071388943587
16,phase_wipe,3,8,1,0.4619071388943587
16,phase_wipe,3,9,1,0.4619071388943587
16,phase_wipe,4,0,1,0.4739254973788997
16,phase_wipe,4,1,1,0.4739254973788997
16,phase_wipe,4,2,1,0.4739254973788997
16,phase_wipe,4,3,1,0.4739254973788997
16,phase_wipe,4,4,1,0.4739254973788997
16,phase_wipe,4,5,1,0.4739254973788997
16,phase_wipe,4,6,1,0.4739254973788997
16,phase_wipe,4,7,1,0.4739254973788997
16,phase_wipe,4,8,1,0.4739254973788997
16,phase_wipe,4,9,1,0.4739254973788997
16,phase_wipe,5,0,1,0.3950048016650357
16,phase_wipe,5,1,1,0.3950048016650357
16,phase_wipe,5,2,1,0.3950048016650357
16,phase_wipe,5,3,1,0.3950048016650357
16,phase_wipe,5,4,1,0.3950048016650357
16,phase_wipe,5,5,1,0.3950048016650357
16,phase_wipe,5,6,1,0.3950048016650357
16,phase_wipe,5,7,1,0.3950048016650357
16,phase_wipe,5,8,1,0.3950048016650357
16,phase_wipe,5,9,1,0.3950048016650357
16,phase_wipe,6,0,1,0.47040471262477973
16,phase_wipe,6,1,1,0.47040471262477973
16,phase_wipe,6,2,1,0.47040471262477973
16,phase_wipe,6,3,1,0.47040471262477973
16,phase_wipe,6,4,1,0.47040471262477973
16,phase_wipe,6,5,1,0.47040471262477973
16,phase_wipe,6,6,1,0.47040471262477973
16,phase_wipe,6,7,1,0.47040471262477973
16,phase_wipe,6,8,1,0.47040471262477973
16,phase_wipe,6,9,1,0.47040471262477973
16,phase_wipe,7,0,1,0.47160287132549966
16,phase_wipe,7,1,1,0.47160287132549966
16,phase_wipe,7,2,1,0.47160287132549966
16,phase_wipe,7,3,1,0.47160287132549966
16,phase_wipe,7,4,1,0.47160287132549966
16,phase_wipe,7,5,1,0.47160287132549966
16,phase_wipe,7,6,1,0.47160287132549966
16,phase_wipe,7,7,1,0.47160287132549966
16,phase_wipe,7,8,1,0.47160287132549966
16,phase_wipe,7,9,1,0.47160287132549966
16,phase_wipe,8,0,1,0.2603601109706112
16,phase_wipe,8,1,1,0.2603601109706112
16,phase_wipe,8,2,1,0.2603601109706112
16,phase_wipe,8,3,1,0.2603601109706112
16,phase_wipe,8,4,1,0.2603601109706112
16,phase_wipe,8,5,1,0.2603601109706112
16,phase_wipe,8,6,1,0.2603601109706112
16,phase_wipe,8,7,1,0.2603601109706112
16,phase_wipe,8,8,1,0.2603601109706112
16,phase_wipe,8,9,1,0.2603601109706112
16,phase_wipe,9,0,1,0.4619071388943587
16,phase_wipe,9,1,1,0.4619071388943587
16,phase_wipe,9,2,1,0.4619071388943587
16,phase_wipe,9,3,1,0.4619071388943587
16,phase_wipe,9,4,1,0.4619071388943587
16,phase_wipe,9,5,1,0.4619071388943587
16,phase_wipe,9,6,1,0.4619071388943587
16,phase_wipe,9,7,1,0.4619071388943587
16,phase_wipe,9,8,1,0.4619071388943587
16,phase_wipe,9,9,1,0.4619071388943587
16,phase_wipe,10,0,1,0.4739254973788997
16,phase_wipe,10,1,1,0.4739254973788997
16,phase_wipe,10,2,1,0.4739254973788997
16,phase_wipe,10,3,1,0.4739254973788997
16,phase_wipe,10,4,1,0.4739254973788997
16,phase_wipe,10,5,1,0.4739254973788997
16,phase_wipe,10,6,1,0.4739254973788997
16,phase_wipe,10,7,1,0.4739254973788997
16,phase_wipe,10,8,1,0.4739254973788997
16,phase_wipe,10,9,1,0.4739254973788997
16,phase_wipe,11,0,1,0.3950048016650357
16,phase_wipe,11,1,1,0.3950048016650357
16,phase_wipe,11,2,1,0.3950048016650357
16,phase_wipe,11,3,1,0.3950048016650357
16,phase_wipe,11,4,1,0.3950048016650357
16,phase_wipe,11,5,1,0.3950048016650357
16,phase_wipe,11,6,1,0.3950048016650357
16,phase_wipe,11,7,1,0.3950048016650357
16,phase_wipe,11,8,1,0.3950048016650357
16,phase_wipe,11,9,1,0.3950048016650357
16,phase_wipe,12,0,1,0.48980560931125383
16,phase_wipe,12,1,1,0.48980560931125383
16,phase_wipe,12,2,1,0.48980560931125383
16,phase_wipe,12,3,1,0.48980560931125383
16,phase_wipe,12,4,1,0.48980560931125383
16,phase_wipe,12,5,1,0.48980560931125383
16,phase_wipe,12,6,1,0.48980560931125383
16,phase_wipe,12,7,1,0.48980560931125383
16,phase_wipe,12,8,1,0.48980560931125383
16,phase_wipe,12,9,1,0.48980560931125383
16,phase_wipe,13,0,1,0.47160287132549966
16,phase_wipe,13,1,1,0.47160287132549966
16,phase_wipe,13,2,1,0.47160287132549966
16,phase_wipe,13,3,1,0.47160287132549966
16,phase_wipe,13,4,1,0.47160287132549966
16,phase_wipe,13,5,1,0.47160287132549966
16,phase_wipe,13,6,1,0.47160287132549966
16,phase_wipe,13,7,1,0.47160287132549966
16,phase_wipe,13,8,1,0.47160287132549966
16,phase_wipe,13,9,1,0.47160287132549966
16,phase_wipe,14,0,1,0.2606530228766773
16,phase_wipe,14,1,1,0.2606530228766773
16,phase_wipe,14,2,1,0.2606530228766773
16,phase_wipe,14,3,1,0.2606530228766773
16,phase_wipe,14,4,1,0.2606530228766773
16,phase_wipe,14,5,1,0.2606530228766773
16,phase_wipe,14,6,1,0.2606530228766773
16,phase_wipe,14,7,1,0.2606530228766773
16,phase_wipe,14,8,1,0.2606530228766773
16,phase_wipe,14,9,1,0.2606530228766773
16,phase_wipe,15,0,1,0.4852020186365359
16,phase_wipe,15,1,1,0.4852020186365359
16,phase_wipe,15,2,1,0.4852020186365359
16,phase_wipe,15,3,1,0.4852020186365359
16,phase_wipe,15,4,1,0.4852020186365359
16,phase_wipe,15,5,1,0.4852020186365359
16,phase_wipe,15,6,1,0.4852020186365359
16,phase_wipe,15,7,1,0.4852020186365359
16,phase_wipe,15,8,1,0.4852020186365359
16,phase_wipe,15,9,1,0.4852020186365359
16,random_phase,0,0,1,0.47040471262477707
16,random_phase,0,1,1,0.47040471262477745
16,random_phase,0,2,1,0.47040471262477973
16,random_phase,0,3,1,0.47040471262477734
16,random_phase,0,4,1,0.47040471262477696
16,random_phase,0,5,1,0.47040471262477734
16,random_phase,0,6,1,0.47040471262477734
16,random_phase,0,7,1,0.4704047126247744
16,random_phase,0,8,1,0.47040471262477807
16,random_phase,0,9,1,0.4704047126247788
16,random_phase,1,0,1,0.48947051587712226
16,random_phase,1,1,1,0.48947051587711937
16,random_phase,1,2,1,0.48947051587712215
16,random_phase,1,3,1,0.48947051587712226
16,random_phase,1,4,1,0.48947051587711954
16,random_phase,1,5,1,0.4894705158771206
16,random_phase,1,6,1,0.48947051587711987
16,random_phase,1,7,1,0.48947051587712226
16,random_phase,1,8,1,0.4894705158771201
16,random_phase,1,9,1,0.48947051587711904
16,random_phase,2,0,1,0.26036011097060824
16,random_phase,2,1,1,0.26036011097060413
16,random_phase,2,2,1,0.26036011097060857
16,random_phase,2,3,1,0.26036011097060796
16,random_phase,2,4,1,0.260360110970604
16,random_phase,2,5,1,0.26036011097060324
16,random_phase,2,6,1,0.2603601109706074
16,random_phase,2,7,1,0.2603601109706083
16,random_phase,2,8,1,0.2603601109706078
16,random_phase,2,9,1,0.26036011097060807
16,random_phase,3,0,1,0.46190713889435187
16,random_phase,3,1,1,0.46190713889435275
16,random_phase,3,2,1,0.4619071388943518
16,random_phase,3,3,1,0.4619071388943525
16,random_phase,3,4,1,0.46190713889435253
16,random_phase,3,5,1,0.4619071388943531
16,random_phase,3,6,1,0.46190713889435325
16,random_phase,3,7,1,0.4619071388943587
16,random_phase,3,8,1,0.4619071388943522
16,random_phase,3,9,1,0.461907138894353
16,random_phase,4,0,1,0.47392549737889395
16,random_phase,4,1,1,0.4739254973788968
16,random_phase,4,2,1,0.47392549737889683
16,random_phase,4,3,1,0.4739254973788964
16,random_phase,4,4,1,0.47392549737889594
16,random_phase,4,5,1,0.4739254973788981
16,random_phase,4,6,1,0.47392549737889633
16,random_phase,4,7,1,0.47392549737889694
16,random_phase,4,8,1,0.4739254973788964
16,random_phase,4,9,1,0.47392549737889667
16,random_phase,5,0,1,0.3950048016650324
16,random_phase,5,1,1,0.3950048016650291
16,random_phase,5,2,1,0.3950048016650326
16,random_phase,5,3,1,0.39500480166503305
16,random_phase,5,4,1,0.3950048016650328
16,random_phase,5,5,1,0.3950048016650297
16,random_phase,5,6,1,0.3950048016650333
16,random_phase,5,7,1,0.3950048016650331
16,random_phase,5,8,1,0.39500480166503305
16,random_phase,5,9,1,0.3950048016650328
16,random_phase,6,0,1,0.4704047126247765
16,random_phase,6,1,1,0.47040471262477734
16,random_phase,6,2,1,0.47040471262477723
16,random_phase,6,3,1,0.47040471262477734
16,random_phase,6,4,1,0.47040471262477684
16,random_phase,6,5,1,0.47040471262477795
16,random_phase,6,6,1,0.4704047126247763
16,random_phase,6,7,1,0.47040471262477684
16,random_phase,6,8,1,0.4704047126247777
16,random_phase,6,9,1,0.4704047126247759
16,random_phase,7,0,1,0.4716028713254967
16,random_phase,7,1,1,0.471602871325497
16,random_phase,7,2,1,0.47160287132549844
16,random_phase,7,3,1,0.4716028713254984
16,random_phase,7,4,1,0.47160287132549894
16,random_phase,7,5,1,0.4716028713254975
16,random_phase,7,6,1,0.4716028713254938
16,random_phase,7,7,1,0.4716028713254968
16,random_phase,7,8,1,0.47160287132549894
16,random_phase,7,9,1,0.4716028713254967
16,random_phase,8,0,1,0.2603601109706095
16,random_phase,8,1,1,0.2603601109706091
16,random_phase,8,2,1,0.26036011097060857
16,random_phase,8,3,1,0.2603601109706112
16,random_phase,8,4,1,0.2603601109706095
16,random_phase,8,5,1,0.26036011097060907
16,random_phase,8,6,1,0.2603601109706112
16,random_phase,8,7,1,0.26036011097060396
16,random_phase,8,8,1,0.26036011097060885
16,random_phase,8,9,1,0.26036011097060885
16,random_phase,9,0,1,0.4619071388943549
16,random_phase,9,1,1,0.46190713889435747
16,random_phase,9,2,1,0.4619071388943587
16,random_phase,9,3,1,0.46190713889435603
16,random_phase,9,4,1,0.4619071388943566
16,random_phase,9,5,1,0.4619071388943571
16,random_phase,9,6,1,0.46190713889435553
16,random_phase,9,7,1,0.46190713889435553
16,random_phase,9,8,1,0.461907138894356
16,random_phase,9,9,1,0.4619071388943587
16,random_phase,10,0,1,0.47392549737889794
16,random_phase,10,1,1,0.47392549737889705
16,random_phase,10,2,1,0.47392549737889805
16,random_phase,10,3,1,0.4739254973788997
16,random_phase,10,4,1,0.4739254973788972
16,random_phase,10,5,1,0.47392549737889894
16,random_phase,10,6,1,0.4739254973788987
16,random_phase,10,7,1,0.473925497378897
16,random_phase,10,8,1,0.4739254973788982
16,random_phase,10,9,1,0.4739254973788972
16,random_phase,11,0,1,0.39500480166503343
16,random_phase,11,1,1,0.395004801665034
16,random_phase,11,2,1,0.39500480166503044
16,random_phase,11,3,1,0.3950048016650308
16,random_phase,11,4,1,0.39500480166503177
16,random_phase,11,5,1,0.39500480166503277
16,random_phase,11,6,1,0.39500480166503105
16,random_phase,11,7,1,0.39500480166503343
16,random_phase,11,8,1,0.3950048016650333
16,random_phase,11,9,1,0.3950048016650329
16,random_phase,12,0,1,0.48980560931125017
16,random_phase,12,1,1,0.48980560931125255
16,random_phase,12,2,1,0.48980560931125106
16,random_phase,12,3,1,0.4898056093112517
16,random_phase,12,4,1,0.48980560931125255
16,random_phase,12,5,1,0.48980560931124967
16,random_phase,12,6,1,0.4898056093112506
16,random_phase,12,7,1,0.4898056093112517
16,random_phase,12,8,1,0.4898056093112504
16,random_phase,12,9,1,0.4898056093112504
16,random_phase,13,0,1,0.4716028713254976
16,random_phase,13,1,1,0.4716028713254978
16,random_phase,13,2,1,0.4716028713254982
16,random_phase,13,3,1,0.4716028713254932
16,random_phase,13,4,1,0.471602871325498
16,random_phase,13,5,1,0.47160287132549705
16,random_phase,13,6,1,0.4716028713254978
16,random_phase,13,7,1,0.471602871325498
16,random_phase,13,8,1,0.471602871325498
16,random_phase,13,9,1,0.471602871325497
16,random_phase,14,0,1,0.2606530228766733
16,random_phase,14,1,1,0.260653022876676
16,random_phase,14,2,1,0.26065302287667336
16,random_phase,14,3,1,0.26065302287667563
16,random_phase,14,4,1,0.260653022876676
16,random_phase,14,5,1,0.2606530228766748
16,random_phase,14,6,1,0.26065302287667513
16,random_phase,14,7,1,0.2606530228766743
16,random_phase,14,8,1,0.2606530228766748
16,random_phase,14,9,1,0.2606530228766755
16,random_phase,15,0,1,0.4852020186365359
16,random_phase,15,1,1,0.4852020186365342
16,random_phase,15,2,1,0.4852020186365336
16,random_phase,15,3,1,0.4852020186365336
16,random_phase,15,4,1,0.4852020186365335
16,random_phase,15,5,1,0.485202018636533
16,random_phase,15,6,1,0.4852020186365342
16,random_phase,15,7,1,0.48520201863653467
16,random_phase,15,8,1,0.4852020186365359
16,random_phase,15,9,1,0.48520201863653345
16,dropout_25,0,0,1,0.3841381527146625
16,dropout_25,0,1,1,0.39963600135125643
16,dropout_25,0,2,1,0.42774059412494775
16,dropout_25,0,3,1,0.39620795765551603
16,dropout_25,0,4,1,0.40336208377147886
16,dropout_25,0,5,1,0.36261201897154977
16,dropout_25,0,6,1,0.35269442367917564
16,dropout_25,0,7,1,0.415510233827874
16,dropout_25,0,8,1,0.3927584692098382
16,dropout_25,0,9,1,0.4087510603995213
16,dropout_25,1,0,1,0.3956877662112508
16,dropout_25,1,1,1,0.31610729866434495
16,dropout_25,1,2,1,0.3734204382043241
16,dropout_25,1,3,1,0.41855261398669746
16,dropout_25,1,4,1,0.42087707305640987
16,dropout_25,1,5,1,0.41271691667901333
16,dropout_25,1,6,1,0.41877798365162
16,dropout_25,1,7,1,0.4158594754170637
16,dropout_25,1,8,1,0.3952134560685388
16,dropout_25,1,9,1,0.431294724272488
16,dropout_25,2,0,1,0.23357956879382807
16,dropout_25,2,1,1,0.23357170786247342
16,dropout_25,2,2,1,0.23426535868152112
16,dropout_25,2,3,1,0.23139333759792788
16,dropout_25,2,4,1,0.2312328613652373
16,dropout_25,2,5,1,0.23637781609217165
16,dropout_25,2,6,1,0.233372021496103
16,dropout_25,2,7,1,0.231961901049591
16,dropout_25,2,8,1,0.2311459326498174
16,dropout_25,2,9,1,0.24186755935945034
16,dropout_25,3,0,1,0.4031818733520698
16,dropout_25,3,1,1,0.38094557023413816
16,dropout_25,3,2,1,0.38756018354706123
16,dropout_25,3,3,1,0.44503133956420843
16,dropout_25,3,4,1,0.4106404404203673
16,dropout_25,3,5,1,0.3753486643727261
16,dropout_25,3,6,1,0.3773551451878694
16,dropout_25,3,7,1,0.41603519597567185
16,dropout_25,3,8,1,0.4090336206013744
16,dropout_25,3,9,1,0.3859967896442863
16,dropout_25,4,0,1,0.3752858027575735
16,dropout_25,4,1,1,0.3780503378923384
16,dropout_25,4,2,1,0.424048864318741
16,dropout_25,4,3,1,0.3472716640686492
16,dropout_25,4,4,1,0.42763701409624794
16,dropout_25,4,5,1,0.39523373257766653
16,dropout_25,4,6,1,0.41237970144809316
16,dropout_25,4,7,1,0.4008534443159364
16,dropout_25,4,8,1,0.4140441963544404
16,dropout_25,4,9,1,0.4248976949150248
16,dropout_25,5,0,1,0.3263075695026485
16,dropout_25,5,1,1,0.3520617922428723
16,dropout_25,5,2,1,0.3420547293513097
16,dropout_25,5,3,1,0.3567335893213668
16,dropout_25,5,4,1,0.35274083431329767
16,dropout_25,5,5,1,0.33729175430817554
16,dropout_25,5,6,1,0.32822300521156955
16,dropout_25,5,7,1,0.35202604749890865
16,dropout_25,5,8,1,0.34056227246259496
16,dropout_25,5,9,1,0.3242380038081669
16,dropout_25,6,0,1,0.44696737892780714
16,dropout_25,6,1,1,0.43541335289208494
16,dropout_25,6,2,1,0.4552239600563919
16,dropout_25,6,3,1,0.42509837051044896
16,dropout_25,6,4,1,0.4413296547997574
16,dropout_25,6,5,1,0.4491233419289983
16,dropout_25,6,6,1,0.44992388947748746
16,dropout_25,6,7,1,0.4483471582137604
16,dropout_25,6,8,1,0.4514983215810901
16,dropout_25,6,9,1,0.442124053672034
16,dropout_25,7,0,1,0.37313419336207054
16,dropout_25,7,1,1,0.4359971982005869
16,dropout_25,7,2,1,0.4356480104502839
16,dropout_25,7,3,1,0.4345530217006126
16,dropout_25,7,4,1,0.4355135028774503
16,dropout_25,7,5,1,0.4259180556117793
16,dropout_25,7,6,1,0.40725765121865304
16,dropout_25,7,7,1,0.4341578471961574
16,dropout_25,7,8,1,0.4299988231659859
16,dropout_25,7,9,1,0.439613591080285
16,dropout_25,8,0,1,0.22794506718276147
16,dropout_25,8,1,1,0.22079603541011933
16,dropout_25,8,2,1,0.23234383768302277
16,dropout_25,8,3,1,0.23355257100003088
16,dropout_25,8,4,1,0.23849509587615483
16,dropout_25,8,5,1,0.2253509139739449
16,dropout_25,8,6,1,0.23823706952233925
16,dropout_25,8,7,1,0.24444455307093874
16,dropout_25,8,8,1,0.2394617439634603
16,dropout_25,8,9,1,0.22227007005088495
16,dropout_25,9,0,1,0.44758066174756894
16,dropout_25,9,1,1,0.4320450263074428
16,dropout_25,9,2,1,0.4349406314671329
16,dropout_25,9,3,1,0.4422260542353364
16,dropout_25,9,4,1,0.43722654000437616
16,dropout_25,9,5,1,0.4057483667334923
16,dropout_25,9,6,1,0.447521041191941
16,dropout_25,9,7,1,0.42460218358703333
16,dropout_25,9,8,1,0.4393196527706819
16,dropout_25,9,9,1,0.4445794352847883
16,dropout_25,10,0,1,0.4414831162369448
16,dropout_25,10,1,1,0.45587933667494857
16,dropout_25,10,2,1,0.42384593987544
16,dropout_25,10,3,1,0.451601875507761
16,dropout_25,10,4,1,0.4205018233731641
16,dropout_25,10,5,1,0.432342949835339
16,dropout_25,10,6,1,0.44454924924971356
16,dropout_25,10,7,1,0.4283848569967491
16,dropout_25,10,8,1,0.4362857039663145
16,dropout_25,10,9,1,0.45468355387247356
16,dropout_25,11,0,1,0.3614115617029219
16,dropout_25,11,1,1,0.36743088454355455
16,dropout_25,11,2,1,0.35541857097673796
16,dropout_25,11,3,1,0.3508392126195946
16,dropout_25,11,4,1,0.3680735164326201
16,dropout_25,11,5,1,0.35818788660376744
16,dropout_25,11,6,1,0.3722041513104967
16,dropout_25,11,7,1,0.35071416643698544
16,dropout_25,11,8,1,0.3673617678125729
16,dropout_25,11,9,1,0.35025231658352557
16,dropout_25,12,0,1,0.42134431222798907
16,dropout_25,12,1,1,0.4453177394592614
16,dropout_25,12,2,1,0.4280917535812429
16,dropout_25,12,3,1,0.4283983969045469
16,dropout_25,12,4,1,0.4354484187356177
16,dropout_25,12,5,1,0.4454953826620172
16,dropout_25,12,6,1,0.4542869958921228
16,dropout_25,12,7,1,0.45017755321396197
16,dropout_25,12,8,1,0.4193945841398417
16,dropout_25,12,9,1,0.45282420543438895
16,dropout_25,13,0,1,0.4294184428004818
16,dropout_25,13,1,1,0.40514874090026104
16,dropout_25,13,2,1,0.42360997809341555
16,dropout_25,13,3,1,0.4202374112697757
16,dropout_25,13,4,1,0.42702943608469257
16,dropout_25,13,5,1,0.42402379629689624
16,dropout_25,13,6,1,0.41980270504267625
16,dropout_25,13,7,1,0.41891427977221246
16,dropout_25,13,8,1,0.4120232876425274
16,dropout_25,13,9,1,0.40108534459491646
16,dropout_25,14,0,1,0.21879711742765715
16,dropout_25,14,1,1,0.23105667333712188
16,dropout_25,14,2,1,0.2253875844077794
16,dropout_25,14,3,1,0.24353673141172505
16,dropout_25,14,4,1,0.2339773089556804
16,dropout_25,14,5,1,0.22797047939538154
16,dropout_25,14,6,1,0.23275605362406432
16,dropout_25,14,7,1,0.22881887913579863
16,dropout_25,14,8,1,0.23650429639433612
16,dropout_25,14,9,1,0.24371184953748837
16,dropout_25,15,0,1,0.4338166321964297
16,dropout_25,15,1,1,0.4506069926729157
16,dropout_25,15,2,1,0.4256865455117275
16,dropout_25,15,3,1,0.39031363002440994
16,dropout_25,15,4,1,0.41913217558906074
16,dropout_25,15,5,1,0.4365381012513514
16,dropout_25,15,6,1,0.4204820981866367
16,dropout_25,15,7,1,0.4123438827880309
16,dropout_25,15,8,1,0.43316004147390763
16,dropout_25,15,9,1,0.42949856112449125
16,dropout_50,0,0,1,0.42714755267445575
16,dropout_50,0,1,1,0.3584288164250083
16,dropout_50,0,2,1,0.3807036108812582
16,dropout_50,0,3,1,0.33492596970498856
16,dropout_50,0,4,1,0.44534945631885425
16,dropout_50,0,5,1,0.2721286015248901
16,dropout_50,0,6,1,0.3440717440473939
16,dropout_50,0,7,1,0.42098281981043717
16,dropout_50,0,8,1,0.4003517026066096
16,dropout_50,0,9,1,0.3654868531978109
16,dropout_50,1,0,1,0.3882706050308379
16,dropout_50,1,1,1,0.2949667754471297
16,dropout_50,1,2,1,0.291932982173342
16,dropout_50,1,3,1,0.3462650917247321
16,dropout_50,1,4,1,0.37296719377930326
16,dropout_50,1,5,1,0.42431440806515913
16,dropout_50,1,6,1,0.3992952919324233
16,dropout_50,1,7,1,0.4140955593277479
16,dropout_50,1,8,1,0.34492915908776356
16,dropout_50,1,9,1,0.394487660420339
16,dropout_50,2,0,1,0.22725743247028843
16,dropout_50,2,1,1,0.2363233429853341
16,dropout_50,2,2,1,0.22863374363597028
16,dropout_50,2,3,1,0.2405723339653081
16,dropout_50,2,4,1,0.24190857487588585
16,dropout_50,2,5,1,0.1958194255415764
16,dropout_50,2,6,1,0.2420990504409551
16,dropout_50,2,7,1,0.23061959901499554
16,dropout_50,2,8,1,0.20774376150661938
16,dropout_50,2,9,1,0.23541520658642054
16,dropout_50,3,0,1,0.4025071776059144
16,dropout_50,3,1,1,0.27508929157053075
16,dropout_50,3,2,1,0.38221460586867934
16,dropout_50,3,3,1,0.4527715857759054
16,dropout_50,3,4,1,0.37089669974237305
16,dropout_50,3,5,1,0.3920188443158933
16,dropout_50,3,6,1,0.31393321975048244
16,dropout_50,3,7,1,0.36571426343681834
16,dropout_50,3,8,1,0.3193717230704859
16,dropout_50,3,9,1,0.38606456992519195
16,dropout_50,4,0,1,0.34081223319689735
16,dropout_50,4,1,1,0.32994859191107373
16,dropout_50,4,2,1,0.4514552394833166
16,dropout_50,4,3,1,0.3632769706610089
16,dropout_50,4,4,1,0.4077719055865208
16,dropout_50,4,5,1,0.3465426957027028
16,dropout_50,4,6,1,0.4491126912921372
16,dropout_50,4,7,1,0.4306408643753554
16,dropout_50,4,8,1,0.46402176572258974
16,dropout_50,4,9,1,0.4111012428466373
16,dropout_50,5,0,1,0.3431237174608083
16,dropout_50,5,1,1,0.3526314041591562
16,dropout_50,5,2,1,0.3127619666303171
16,dropout_50,5,3,1,0.378551045621956
16,dropout_50,5,4,1,0.32948520050729097
16,dropout_50,5,5,1,0.2958549335894659
16,dropout_50,5,6,1,0.32666332379165003
16,dropout_50,5,7,1,0.3826294322200721
16,dropout_50,5,8,1,0.3387167005962778
16,dropout_50,5,9,1,0.3249355173869721
16,dropout_50,6,0,1,0.4371512186700003
16,dropout_50,6,1,1,0.44569786820821633
16,dropout_50,6,2,1,0.43145400897967273
16,dropout_50,6,3,1,0.41982045494891396
16,dropout_50,6,4,1,0.436316335984311
16,dropout_50,6,5,1,0.43063113689976756
16,dropout_50,6,6,1,0.4367287258285451
16,dropout_50,6,7,1,0.41175573002765076
16,dropout_50,6,8,1,0.4481683962262718
16,dropout_50,6,9,1,0.420111163910305
16,dropout_50,7,0,1,0.36737457654674854
16,dropout_50,7,1,1,0.4035182882952881
16,dropout_50,7,2,1,0.4000777021016271
16,dropout_50,7,3,1,0.44797514896587726
16,dropout_50,7,4,1,0.4390848307516315
16,dropout_50,7,5,1,0.4091015162182364
16,dropout_50,7,6,1,0.3767469571708512
16,dropout_50,7,7,1,0.44992612243699115
16,dropout_50,7,8,1,0.3906625676887282
16,dropout_50,7,9,1,0.4252580772312218
16,dropout_50,8,0,1,0.23565680132613837
16,dropout_50,8,1,1,0.2125963870798575
16,dropout_50,8,2,1,0.21757819417079807
16,dropout_50,8,3,1,0.22656558611955357
16,dropout_50,8,4,1,0.24628360458125695
16,dropout_50,8,5,1,0.21871154503019458
16,dropout_50,8,6,1,0.2425011452055224
16,dropout_50,8,7,1,0.23100388194383076
16,dropout_50,8,8,1,0.2420461302420156
16,dropout_50,8,9,1,0.21684997904209422
16,dropout_50,9,0,1,0.40551181427685307
16,dropout_50,9,1,1,0.41003197642041406
16,dropout_50,9,2,1,0.42492185285223805
16,dropout_50,9,3,1,0.4193826266521294
16,dropout_50,9,4,1,0.4120216478315234
16,dropout_50,9,5,1,0.40792814250564247
16,dropout_50,9,6,1,0.4460408026517348
16,dropout_50,9,7,1,0.43157256979409436
16,dropout_50,9,8,1,0.4396601099065659
16,dropout_50,9,9,1,0.43823709217871193
16,dropout_50,10,0,1,0.4221392668060971
16,dropout_50,10,1,1,0.43952485166498795
16,dropout_50,10,2,1,0.41842857348273943
16,dropout_50,10,3,1,0.45446575095042896
16,dropout_50,10,4,1,0.423492595594851
16,dropout_50,10,5,1,0.4238368223492326
16,dropout_50,10,6,1,0.4643176543788614
16,dropout_50,10,7,1,0.42532064031713107
16,dropout_50,10,8,1,0.42454142253360944
16,dropout_50,10,9,1,0.4335530507303024
16,dropout_50,11,0,1,0.35163386110005485
16,dropout_50,11,1,1,0.3693073756195022
16,dropout_50,11,2,1,0.3448030546287303
16,dropout_50,11,3,1,0.3745324236126896
16,dropout_50,11,4,1,0.36751075753739293
16,dropout_50,11,5,1,0.3447541961493878
16,dropout_50,11,6,1,0.31634276329649247
16,dropout_50,11,7,1,0.3218917394218791
16,dropout_50,11,8,1,0.35678485763207146
16,dropout_50,11,9,1,0.3426070483021159
16,dropout_50,12,0,1,0.38206535992204127
16,dropout_50,12,1,1,0.4230299785501454
16,dropout_50,12,2,1,0.4399519268148772
16,dropout_50,12,3,1,0.4212264745263885
16,dropout_50,12,4,1,0.43355112298407417
16,dropout_50,12,5,1,0.424705667551325
16,dropout_50,12,6,1,0.422485838312614
16,dropout_50,12,7,1,0.38188004405646636
16,dropout_50,12,8,1,0.33684043086035864
16,dropout_50,12,9,1,0.4152000305498842
16,dropout_50,13,0,1,0.4160333519323404
16,dropout_50,13,1,1,0.33304882536453917
16,dropout_50,13,2,1,0.43203068132849426
16,dropout_50,13,3,1,0.4366209943808938
16,dropout_50,13,4,1,0.421961304934148
16,dropout_50,13,5,1,0.4185323592043738
16,dropout_50,13,6,1,0.4173931706946011
16,dropout_50,13,7,1,0.4101484854190969
16,dropout_50,13,8,1,0.4118455042488607
16,dropout_50,13,9,1,0.3870795484144345
16,dropout_50,14,0,1,0.21751780136552865
16,dropout_50,14,1,1,0.24036096687860042
16,dropout_50,14,2,1,0.2091972678268225
16,dropout_50,14,3,1,0.24541968092440886
16,dropout_50,14,4,1,0.22974616574754025
16,dropout_50,14,5,1,0.2122958244695586
16,dropout_50,14,6,1,0.22340412436180232
16,dropout_50,14,7,1,0.21034456442497046
16,dropout_50,14,8,1,0.23047191600203734
16,dropout_50,14,9,1,0.22345228512356094
16,dropout_50,15,0,1,0.4332343548742814
16,dropout_50,15,1,1,0.4656087379766178
16,dropout_50,15,2,1,0.4549283563107031
16,dropout_50,15,3,1,0.3709709573676051
16,dropout_50,15,4,1,0.3943384326439609
16,dropout_50,15,5,1,0.4021525696064222
16,dropout_50,15,6,1,0.37759482923600646
16,dropout_50,15,7,1,0.4422694708674144
16,dropout_50,15,8,1,0.4350513472046494
16,dropout_50,15,9,1,0.37216440203152934
16,amp_noise,0,0,1,0.20686042854245335
16,amp_noise,0,1,1,0.1426373010144768
16,amp_noise,0,2,1,0.12726877686730076
16,amp_noise,0,3,1,0.09760201548960712
16,amp_noise,0,4,1,0.24256991826575602
16,amp_noise,0,5,1,0.05794671454743894
16,amp_noise,0,6,1,0.07061423938037692
16,amp_noise,0,7,1,0.3195827373986331
16,amp_noise,0,8,1,0.0036320381335515073
16,amp_noise,0,9,1,0.03726696726337564
16,amp_noise,1,0,1,0.16967947750850465
16,amp_noise,1,1,1,0.24792328262160546
16,amp_noise,1,2,1,0.15458666279040922
16,amp_noise,1,3,1,0.11661987977321886
16,amp_noise,1,4,1,0.17073441710816828
16,amp_noise,1,5,1,0.06761158581866866
16,amp_noise,1,6,1,0.02779981590960956
16,amp_noise,1,7,1,0.16223128702787182
16,amp_noise,1,8,1,0.07287323477877583
16,amp_noise,1,9,1,0.08112946293708279
16,amp_noise,2,0,1,0.02676194257716491
16,amp_noise,2,1,1,0.01833136512593514
16,amp_noise,2,2,1,0.04655428123325056
16,amp_noise,2,3,1,0.04231315960755966
16,amp_noise,2,4,1,0.03416987405605132
16,amp_noise,2,5,1,0.034029263706655266
16,amp_noise,2,6,1,0.050421130340152165
16,amp_noise,2,7,1,0.019206609344461056
16,amp_noise,2,8,1,0.04420300295774515
16,amp_noise,2,9,1,0.04560658167297893
16,amp_noise,3,0,1,0.18336436549415813
16,amp_noise,3,1,1,0.3090278464175592
16,amp_noise,3,2,1,0.08832102048775614
16,amp_noise,3,3,1,0.05043364982594567
16,amp_noise,3,4,1,0.24520418946836742
16,amp_noise,3,5,1,0.02100957722484731
16,amp_noise,3,6,1,0.13990252730800645
16,amp_noise,3,7,1,0.07941768871462285
16,amp_noise,3,8,1,0.132477282114558
16,amp_noise,3,9,1,0.09918336760456659
16,amp_noise,4,0,1,0.15163117498271117
16,amp_noise,4,1,1,0.052196952600266244
16,amp_noise,4,2,1,0.16965428053840803
16,amp_noise,4,3,1,0.08013432524425412
16,amp_noise,4,4,1,0.1612454181034838
16,amp_noise,4,5,1,0.15055101981165286
16,amp_noise,4,6,1,0.13750829017887067
16,amp_noise,4,7,1,0.13901527332622032
16,amp_noise,4,8,1,0.1202443687889192
16,amp_noise,4,9,1,0.049777252194591615
16,amp_noise,5,0,1,0.13529024252273247
16,amp_noise,5,1,1,0.06500495475963142
16,amp_noise,5,2,1,0.09516818349744771
16,amp_noise,5,3,1,0.10267839083286079
16,amp_noise,5,4,1,0.11461391276319766
16,amp_noise,5,5,1,0.0467934222158336
16,amp_noise,5,6,1,0.02939391041307482
16,amp_noise,5,7,1,0.03291580050782861
16,amp_noise,5,8,1,0.14586146090619911
16,amp_noise,5,9,1,0.15125369978664605
16,amp_noise,6,0,0,0.0779059653792954
16,amp_noise,6,1,0,0.04460376563847612
16,amp_noise,6,2,0,0.11739267601325021
16,amp_noise,6,3,1,0.11760087556395682
16,amp_noise,6,4,1,0.05888366071599749
16,amp_noise,6,5,1,0.09253801625772806
16,amp_noise,6,6,1,0.01943406347317911
16,amp_noise,6,7,1,0.10296222379817177
16,amp_noise,6,8,1,0.05869301593313758
16,amp_noise,6,9,1,0.11549372594724594
16,amp_noise,7,0,0,0.01805002039464554
16,amp_noise,7,1,1,0.104710711024262
16,amp_noise,7,2,1,0.028349307284376124
16,amp_noise,7,3,1,0.07726731420060817
16,amp_noise,7,4,1,0.0821748889051922
16,amp_noise,7,5,1,0.059493148025994924
16,amp_noise,7,6,1,0.012733743742160963
16,amp_noise,7,7,1,0.05930316322607854
16,amp_noise,7,8,1,0.05397038823348432
16,amp_noise,7,9,1,0.0472870386763522
16,amp_noise,8,0,1,0.01990511004238593
16,amp_noise,8,1,1,0.043686061861687775
16,amp_noise,8,2,1,0.03826470947126037
16,amp_noise,8,3,1,0.04308293607041824
16,amp_noise,8,4,1,0.045353361428363104
16,amp_noise,8,5,1,0.04967849233045074
16,amp_noise,8,6,1,0.04267378780296471
16,amp_noise,8,7,1,0.041888342882664076
16,amp_noise,8,8,0,8.23177358580951e-05
16,amp_noise,8,9,1,0.04074764576580381
16,amp_noise,9,0,1,0.07916029952531678
16,amp_noise,9,1,0,0.03525035988545744
16,amp_noise,9,2,1,0.021361345850660185
16,amp_noise,9,3,0,0.004428681918304145
16,amp_noise,9,4,1,0.03622645434512006
16,amp_noise,9,5,1,0.05035966886584187
16,amp_noise,9,6,1,0.1100081169627456
16,amp_noise,9,7,1,0.12004962397591534
16,amp_noise,9,8,1,0.057791033588376006
16,amp_noise,9,9,1,0.09369374267771186
16,amp_noise,10,0,1,0.029801874706832154
16,amp_noise,10,1,1,0.06674812155238952
16,amp_noise,10,2,1,0.16201330655975987
16,amp_noise,10,3,1,0.1696228519763896
16,amp_noise,10,4,1,0.041011313083832546
16,amp_noise,10,5,1,0.13182708884764305
16,amp_noise,10,6,1,0.12720198725627452
16,amp_noise,10,7,1,0.09930613563660462
16,amp_noise,10,8,1,0.16021510185725707
16,amp_noise,10,9,1,0.11652562636542829
16,amp_noise,11,0,0,0.01544437280749944
16,amp_noise,11,1,1,0.07155661841520122
16,amp_noise,11,2,1,0.05036051396408847
16,amp_noise,11,3,1,0.1462717295913667
16,amp_noise,11,4,0,0.01853062699247643
16,amp_noise,11,5,1,0.10683595643768917
16,amp_noise,11,6,1,0.08341473354254869
16,amp_noise,11,7,1,0.14740442062993397
16,amp_noise,11,8,1,0.06853265670658604
16,amp_noise,11,9,1,0.036146896860522415
16,amp_noise,12,0,1,0.2391135622458581
16,amp_noise,12,1,1,0.13113597955407874
16,amp_noise,12,2,1,0.14343016695394573
16,amp_noise,12,3,1,0.14198862330910633
16,amp_noise,12,4,1,0.004815010251941421
16,amp_noise,12,5,1,0.04618563098793016
16,amp_noise,12,6,1,0.06286442264579373
16,amp_noise,12,7,1,0.19320062545696504
16,amp_noise,12,8,1,0.0499430355780055
16,amp_noise,12,9,1,0.15890083539003985
16,amp_noise,13,0,0,0.041381332507820834
16,amp_noise,13,1,1,0.06347809330947973
16,amp_noise,13,2,1,0.10194494651280106
16,amp_noise,13,3,1,0.1596837069886149
16,amp_noise,13,4,0,0.06168846032009323
16,amp_noise,13,5,1,0.15325790401178574
16,amp_noise,13,6,1,0.10049116758670373
16,amp_noise,13,7,1,0.14264979920491272
16,amp_noise,13,8,1,0.19082024120036623
16,amp_noise,13,9,1,0.17108416032585427
16,amp_noise,14,0,1,0.055248661082598516
16,amp_noise,14,1,1,0.045075401220172284
16,amp_noise,14,2,1,0.03603831674425739
16,amp_noise,14,3,1,0.06097524452643599
16,amp_noise,14,4,1,0.00218793379716431
16,amp_noise,14,5,1,0.031732730624146166
16,amp_noise,14,6,1,0.05926268457584205
16,amp_noise,14,7,1,0.0477364641259288
16,amp_noise,14,8,1,0.06800238706291473
16,amp_noise,14,9,1,0.05190727708251752
16,amp_noise,15,0,1,0.18157899292522905
16,amp_noise,15,1,1,0.163286937246242
16,amp_noise,15,2,1,0.28571495782108414
16,amp_noise,15,3,1,0.2682605957644222
16,amp_noise,15,4,1,0.18146996975571728
16,amp_noise,15,5,1,0.3071185738914658
16,amp_noise,15,6,1,0.15112120123947093
16,amp_noise,15,7,1,0.11688181815054
16,amp_noise,15,8,1,0.15580203399176762
16,amp_noise,15,9,1,0.07623021614007597
16,mixed,0,0,1,0.24017826483504368
16,mixed,0,1,1,0.20348978682921376
16,mixed,0,2,1,0.16412234514218182
16,mixed,0,3,1,0.1329801363870602
16,mixed,0,4,1,0.2716720925961059
16,mixed,0,5,1,0.10025493615747039
16,mixed,0,6,1,0.12306047565208639
16,mixed,0,7,1,0.3271690573093473
16,mixed,0,8,1,0.045874947034334035
16,mixed,0,9,1,0.07479854494784088
16,mixed,1,0,1,0.2170062974355212
16,mixed,1,1,1,0.30425133322241626
16,mixed,1,2,1,0.23725148667777285
16,mixed,1,3,1,0.1546951488677314
16,mixed,1,4,1,0.20680265337181325
16,mixed,1,5,1,0.09614055882402672
16,mixed,1,6,1,0.09648241622644382
16,mixed,1,7,1,0.20136960273748672
16,mixed,1,8,1,0.1213265824089228
16,mixed,1,9,1,0.13147301565637448
16,mixed,2,0,1,0.07411069057068242
16,mixed,2,1,1,0.04732401383151241
16,mixed,2,2,1,0.06177309132909381
16,mixed,2,3,1,0.05840593131595806
16,mixed,2,4,1,0.04666975973765386
16,mixed,2,5,1,0.04662147685448592
16,mixed,2,6,1,0.06803208282534978
16,mixed,2,7,1,0.026034315226199367
16,mixed,2,8,1,0.06016414596607034
16,mixed,2,9,1,0.062238991508046126
16,mixed,3,0,1,0.21672913767724966
16,mixed,3,1,1,0.33350460914927216
16,mixed,3,2,1,0.14070560806024673
16,mixed,3,3,1,0.09697779442656829
16,mixed,3,4,1,0.25975245243086675
16,mixed,3,5,1,0.0656967097285458
16,mixed,3,6,1,0.1842339761776477
16,mixed,3,7,1,0.13697732891380682
16,mixed,3,8,1,0.19003136319667646
16,mixed,3,9,1,0.14090705984087848
16,mixed,4,0,1,0.17472478846155148
16,mixed,4,1,1,0.10483245858630774
16,mixed,4,2,1,0.21038226230786017
16,mixed,4,3,1,0.13395536438945194
16,mixed,4,4,1,0.19721922538082348
16,mixed,4,5,1,0.19247759456708813
16,mixed,4,6,1,0.17246187714756922
16,mixed,4,7,1,0.1771677088766025
16,mixed,4,8,1,0.1521473760471872
16,mixed,4,9,1,0.09133475736059071
16,mixed,5,0,1,0.16364100386637048
16,mixed,5,1,1,0.15567503091817103
16,mixed,5,2,1,0.131454886631162
16,mixed,5,3,1,0.13007018714500918
16,mixed,5,4,1,0.1531881506365927
16,mixed,5,5,1,0.09995764476005009
16,mixed,5,6,1,0.062228806168003414
16,mixed,5,7,1,0.061478431116451016
16,mixed,5,8,1,0.15775130132012427
16,mixed,5,9,1,0.17681141472597073
16,mixed,6,0,0,0.007281682024892766
16,mixed,6,1,0,0.008155123785576035
16,mixed,6,2,0,0.012853331807895108
16,mixed,6,3,1,0.1514611130496355
16,mixed,6,4,1,0.11349913843836656
16,mixed,6,5,1,0.1348634582947601
16,mixed,6,6,1,0.06673913457946712
16,mixed,6,7,1,0.1428341348004838
16,mixed,6,8,1,0.11036953449292164
16,mixed,6,9,1,0.15977916745828968
16,mixed,7,0,1,0.030565316189871572
16,mixed,7,1,1,0.13407653101773775
16,mixed,7,2,1,0.057534011561480636
16,mixed,7,3,1,0.1226207479008109
16,mixed,7,4,1,0.13837511979005168
16,mixed,7,5,1,0.11060607264432243
16,mixed,7,6,1,0.06668138472765117
16,mixed,7,7,1,0.1096141372857996
16,mixed,7,8,1,0.10954200959910737
16,mixed,7,9,1,0.09377165355445782
16,mixed,8,0,1,0.053747603394685095
16,mixed,8,1,1,0.059954786349299405
16,mixed,8,2,1,0.05323809343604169
16,mixed,8,3,1,0.057558101896111546
16,mixed,8,4,1,0.06115211378622232
16,mixed,8,5,1,0.06745685625177289
16,mixed,8,6,1,0.05812228668437425
16,mixed,8,7,1,0.05758990780037776
16,mixed,8,8,1,0.06146095999427875
16,mixed,8,9,1,0.055282050681739414
16,mixed,9,0,1,0.12121844146893856
16,mixed,9,1,1,0.022926283959335714
16,mixed,9,2,1,0.08357161583846778
16,mixed,9,3,1,0.04803872416773958
16,mixed,9,4,1,0.06361405030727896
16,mixed,9,5,1,0.10474324022528336
16,mixed,9,6,1,0.1355347505730684
16,mixed,9,7,1,0.15695801261830933
16,mixed,9,8,1,0.10773582698736828
16,mixed,9,9,1,0.16229242405283179
16,mixed,10,0,1,0.08840425607287417
16,mixed,10,1,1,0.1017747855539427
16,mixed,10,2,1,0.21664583142510307
16,mixed,10,3,1,0.20540908882544562
16,mixed,10,4,1,0.0810212881330904
16,mixed,10,5,1,0.17655055421472732
16,mixed,10,6,1,0.16474537344515672
16,mixed,10,7,1,0.1348413840406152
16,mixed,10,8,1,0.20206302887936145
16,mixed,10,9,1,0.16326087639491738
16,mixed,11,0,1,0.039403097108640095
16,mixed,11,1,1,0.11510675098805456
16,mixed,11,2,1,0.1128753227132483
16,mixed,11,3,1,0.1824395893132903
16,mixed,11,4,1,0.022278196812257955
16,mixed,11,5,1,0.1764614181421984
16,mixed,11,6,1,0.11513823893765618
16,mixed,11,7,1,0.17350282492693958
16,mixed,11,8,1,0.141282505884481
16,mixed,11,9,1,0.07179357426388122
16,mixed,12,0,1,0.2720015717422539
16,mixed,12,1,1,0.17454823284109833
16,mixed,12,2,1,0.2057824640621297
16,mixed,12,3,1,0.18652437016024115
16,mixed,12,4,1,0.059121357925895235
16,mixed,12,5,1,0.10633080387983584
16,mixed,12,6,1,0.11749672193131788
16,mixed,12,7,1,0.22587198796204566
16,mixed,12,8,1,0.10117246411494452
16,mixed,12,9,1,0.19530010059440872
16,mixed,13,0,1,0.05975888142029118
16,mixed,13,1,1,0.10802464230401398
16,mixed,13,2,1,0.13592868935868296
16,mixed,13,3,1,0.19645474601054524
16,mixed,13,4,0,0.02026334727480905
16,mixed,13,5,1,0.19537425942342745
16,mixed,13,6,1,0.15198823522055394
16,mixed,13,7,1,0.18020677814216624
16,mixed,13,8,1,0.23142509024248337
16,mixed,13,9,1,0.20478033466023704
16,mixed,14,0,1,0.07433910021581142
16,mixed,14,1,1,0.06139203464465137
16,mixed,14,2,1,0.05112032304158587
16,mixed,14,3,1,0.05645908787493903
16,mixed,14,4,1,0.051278090856656355
16,mixed,14,5,1,0.04389602456048125
16,mixed,14,6,1,0.07868146042928115
16,mixed,14,7,1,0.06429204602670469
16,mixed,14,8,1,0.08966967080438581
16,mixed,14,9,1,0.06917016205741822
16,mixed,15,0,1,0.22035786817601466
16,mixed,15,1,1,0.20858608831008635
16,mixed,15,2,1,0.29608525522790996
16,mixed,15,3,1,0.2980953888250041
16,mixed,15,4,1,0.22428268615294872
16,mixed,15,5,1,0.3291118145688914
16,mixed,15,6,1,0.1831093501902431
16,mixed,15,7,1,0.1757201380211988
16,mixed,15,8,1,0.21028729183243328
16,mixed,15,9,1,0.11829407275442194
24,phase_wipe,0,0,1,0.4635293595157448
24,phase_wipe,0,1,1,0.4635293595157448
24,phase_wipe,0,2,1,0.4635293595157448
24,phase_wipe,0,3,1,0.4635293595157448
24,phase_wipe,0,4,1,0.4635293595157448
24,phase_wipe,0,5,1,0.4635293595157448
24,phase_wipe,0,6,1,0.4635293595157448
24,phase_wipe,0,7,1,0.4635293595157448
24,phase_wipe,0,8,1,0.4635293595157448
24,phase_wipe,0,9,1,0.4635293595157448
24,phase_wipe,1,0,1,0.47283143320354887
24,phase_wipe,1,1,1,0.47283143320354887
24,phase_wipe,1,2,1,0.47283143320354887
24,phase_wipe,1,3,1,0.47283143320354887
24,phase_wipe,1,4,1,0.47283143320354887
24,phase_wipe,1,5,1,0.47283143320354887
24,phase_wipe,1,6,1,0.47283143320354887
24,phase_wipe,1,7,1,0.47283143320354887
24,phase_wipe,1,8,1,0.47283143320354887
24,phase_wipe,1,9,1,0.47283143320354887
24,phase_wipe,2,0,1,0.19243684417728166
24,phase_wipe,2,1,1,0.19243684417728166
24,phase_wipe,2,2,1,0.19243684417728166
24,phase_wipe,2,3,1,0.19243684417728166
24,phase_wipe,2,4,1,0.19243684417728166
24,phase_wipe,2,5,1,0.19243684417728166
24,phase_wipe,2,6,1,0.19243684417728166
24,phase_wipe,2,7,1,0.19243684417728166
24,phase_wipe,2,8,1,0.19243684417728166
24,phase_wipe,2,9,1,0.19243684417728166
24,phase_wipe,3,0,1,0.44788274430076314
24,phase_wipe,3,1,1,0.44788274430076314
24,phase_wipe,3,2,1,0.44788274430076314
24,phase_wipe,3,3,1,0.44788274430076314
24,phase_wipe,3,4,1,0.44788274430076314
24,phase_wipe,3,5,1,0.44788274430076314
24,phase_wipe,3,6,1,0.44788274430076314
24,phase_wipe,3,7,1,0.44788274430076314
24,phase_wipe,3,8,1,0.44788274430076314
24,phase_wipe,3,9,1,0.44788274430076314
24,phase_wipe,4,0,1,0.45603353405692376
24,phase_wipe,4,1,1,0.45603353405692376
24,phase_wipe,4,2,1,0.45603353405692376
24,phase_wipe,4,3,1,0.45603353405692376
24,phase_wipe,4,4,1,0.45603353405692376
24,phase_wipe,4,5,1,0.45603353405692376
24,phase_wipe,4,6,1,0.45603353405692376
24,phase_wipe,4,7,1,0.45603353405692376
24,phase_wipe,4,8,1,0.45603353405692376
24,phase_wipe,4,9,1,0.45603353405692376
24,phase_wipe,5,0,1,0.3648236102050745
24,phase_wipe,5,1,1,0.3648236102050745
24,phase_wipe,5,2,1,0.3648236102050745
24,phase_wipe,5,3,1,0.3648236102050745
24,phase_wipe,5,4,1,0.3648236102050745
24,phase_wipe,5,5,1,0.3648236102050745
24,phase_wipe,5,6,1,0.3648236102050745
24,phase_wipe,5,7,1,0.3648236102050745
24,phase_wipe,5,8,1,0.3648236102050745
24,phase_wipe,5,9,1,0.3648236102050745
24,phase_wipe,6,0,1,0.4635293595157448
24,phase_wipe,6,1,1,0.4635293595157448
24,phase_wipe,6,2,1,0.4635293595157448
24,phase_wipe,6,3,1,0.4635293595157448
24,phase_wipe,6,4,1,0.4635293595157448
24,phase_wipe,6,5,1,0.4635293595157448
24,phase_wipe,6,6,1,0.4635293595157448
24,phase_wipe,6,7,1,0.4635293595157448
24,phase_wipe,6,8,1,0.4635293595157448
24,phase_wipe,6,9,1,0.4635293595157448
24,phase_wipe,7,0,1,0.45953332198623803
24,phase_wipe,7,1,1,0.45953332198623803
24,phase_wipe,7,2,1,0.45953332198623803
24,phase_wipe,7,3,1,0.45953332198623803
24,phase_wipe,7,4,1,0.45953332198623803
24,phase_wipe,7,5,1,0.45953332198623803
24,phase_wipe,7,6,1,0.45953332198623803
24,phase_wipe,7,7,1,0.45953332198623803
24,phase_wipe,7,8,1,0.45953332198623803
24,phase_wipe,7,9,1,0.45953332198623803
24,phase_wipe,8,0,1,0.19243684417728166
24,phase_wipe,8,1,1,0.19243684417728166
24,phase_wipe,8,2,1,0.19243684417728166
24,phase_wipe,8,3,1,0.19243684417728166
24,phase_wipe,8,4,1,0.19243684417728166
24,phase_wipe,8,5,1,0.19243684417728166
24,phase_wipe,8,6,1,0.19243684417728166
24,phase_wipe,8,7,1,0.19243684417728166
24,phase_wipe,8,8,1,0.19243684417728166
24,phase_wipe,8,9,1,0.19243684417728166
24,phase_wipe,9,0,1,0.44788274430076314
24,phase_wipe,9,1,1,0.44788274430076314
24,phase_wipe,9,2,1,0.44788274430076314
24,phase_wipe,9,3,1,0.44788274430076314
24,phase_wipe,9,4,1,0.44788274430076314
24,phase_wipe,9,5,1,0.44788274430076314
24,phase_wipe,9,6,1,0.44788274430076314
24,phase_wipe,9,7,1,0.44788274430076314
24,phase_wipe,9,8,1,0.44788274430076314
24,phase_wipe,9,9,1,0.44788274430076314
24,phase_wipe,10,0,1,0.43975312026251673
24,phase_wipe,10,1,1,0.43975312026251673
24,phase_wipe,10,2,1,0.43975312026251673
24,phase_wipe,10,3,1,0.43975312026251673
24,phase_wipe,10,4,1,0.43975312026251673
24,phase_wipe,10,5,1,0.43975312026251673
24,phase_wipe,10,6,1,0.43975312026251673
24,phase_wipe,10,7,1,0.43975312026251673
24,phase_wipe,10,8,1,0.43975312026251673
24,phase_wipe,10,9,1,0.43975312026251673
24,phase_wipe,11,0,1,0.35366687331883845
24,phase_wipe,11,1,1,0.35366687331883845
24,phase_wipe,11,2,1,0.35366687331883845
24,phase_wipe,11,3,1,0.35366687331883845
24,phase_wipe,11,4,1,0.35366687331883845
24,phase_wipe,11,5,1,0.35366687331883845
24,phase_wipe,11,6,1,0.35366687331883845
24,phase_wipe,11,7,1,0.35366687331883845
24,phase_wipe,11,8,1,0.35366687331883845
24,phase_wipe,11,9,1,0.35366687331883845
24,phase_wipe,12,0,1,0.22887411761081755
24,phase_wipe,12,1,1,0.22887411761081755
24,phase_wipe,12,2,1,0.22887411761081755
24,phase_wipe,12,3,1,0.22887411761081755
24,phase_wipe,12,4,1,0.22887411761081755
24,phase_wipe,12,5,1,0.22887411761081755
24,phase_wipe,12,6,1,0.22887411761081755
24,phase_wipe,12,7,1,0.22887411761081755
24,phase_wipe,12,8,1,0.22887411761081755
24,phase_wipe,12,9,1,0.22887411761081755
24,phase_wipe,13,0,1,0.2240976836250693
24,phase_wipe,13,1,1,0.2240976836250693
24,phase_wipe,13,2,1,0.2240976836250693
24,phase_wipe,13,3,1,0.2240976836250693
24,phase_wipe,13,4,1,0.2240976836250693
24,phase_wipe,13,5,1,0.2240976836250693
24,phase_wipe,13,6,1,0.2240976836250693
24,phase_wipe,13,7,1,0.2240976836250693
24,phase_wipe,13,8,1,0.2240976836250693
24,phase_wipe,13,9,1,0.2240976836250693
24,phase_wipe,14,0,1,0.19284159221823488
24,phase_wipe,14,1,1,0.19284159221823488
24,phase_wipe,14,2,1,0.19284159221823488
24,phase_wipe,14,3,1,0.19284159221823488
24,phase_wipe,14,4,1,0.19284159221823488
24,phase_wipe,14,5,1,0.19284159221823488
24,phase_wipe,14,6,1,0.19284159221823488
24,phase_wipe,14,7,1,0.19284159221823488
24,phase_wipe,14,8,1,0.19284159221823488
24,phase_wipe,14,9,1,0.19284159221823488
24,phase_wipe,15,0,1,0.2271982235134683
24,phase_wipe,15,1,1,0.2271982235134683
24,phase_wipe,15,2,1,0.2271982235134683
24,phase_wipe,15,3,1,0.2271982235134683
24,phase_wipe,15,4,1,0.2271982235134683
24,phase_wipe,15,5,1,0.2271982235134683
24,phase_wipe,15,6,1,0.2271982235134683
24,phase_wipe,15,7,1,0.2271982235134683
24,phase_wipe,15,8,1,0.2271982235134683
24,phase_wipe,15,9,1,0.2271982235134683
24,phase_wipe,16,0,1,0.22094615476365922
24,phase_wipe,16,1,1,0.22094615476365922
24,phase_wipe,16,2,1,0.22094615476365922
24,phase_wipe,16,3,1,0.22094615476365922
24,phase_wipe,16,4,1,0.22094615476365922
24,phase_wipe,16,5,1,0.22094615476365922
24,phase_wipe,16,6,1,0.22094615476365922
24,phase_wipe,16,7,1,0.22094615476365922
24,phase_wipe,16,8,1,0.22094615476365922
24,phase_wipe,16,9,1,0.22094615476365922
24,phase_wipe,17,0,1,0.2086212680945407
24,phase_wipe,17,1,1,0.2086212680945407
24,phase_wipe,17,2,1,0.2086212680945407
24,phase_wipe,17,3,1,0.2086212680945407
24,phase_wipe,17,4,1,0.2086212680945407
24,phase_wipe,17,5,1,0.2086212680945407
24,phase_wipe,17,6,1,0.2086212680945407
24,phase_wipe,17,7,1,0.2086212680945407
24,phase_wipe,17,8,1,0.2086212680945407
24,phase_wipe,17,9,1,0.2086212680945407
24,phase_wipe,18,0,1,0.22887411761081755
24,phase_wipe,18,1,1,0.22887411761081755
24,phase_wipe,18,2,1,0.22887411761081755
24,phase_wipe,18,3,1,0.22887411761081755
24,phase_wipe,18,4,1,0.22887411761081755
24,phase_wipe,18,5,1,0.22887411761081755
24,phase_wipe,18,6,1,0.22887411761081755
24,phase_wipe,18,7,1,0.22887411761081755
24,phase_wipe,18,8,1,0.22887411761081755
24,phase_wipe,18,9,1,0.22887411761081755
24,phase_wipe,19,0,1,0.2240976836250693
24,phase_wipe,19,1,1,0.2240976836250693
24,phase_wipe,19,2,1,0.2240976836250693
24,phase_wipe,19,3,1,0.2240976836250693
24,phase_wipe,19,4,1,0.2240976836250693
24,phase_wipe,19,5,1,0.2240976836250693
24,phase_wipe,19,6,1,0.2240976836250693
24,phase_wipe,19,7,1,0.2240976836250693
24,phase_wipe,19,8,1,0.2240976836250693
24,phase_wipe,19,9,1,0.2240976836250693
24,phase_wipe,20,0,1,0.207778429253513
24,phase_wipe,20,1,1,0.207778429253513
24,phase_wipe,20,2,1,0.207778429253513
24,phase_wipe,20,3,1,0.207778429253513
24,phase_wipe,20,4,1,0.207778429253513
24,phase_wipe,20,5,1,0.207778429253513
24,phase_wipe,20,6,1,0.207778429253513
24,phase_wipe,20,7,1,0.207778429253513
24,phase_wipe,20,8,1,0.207778429253513
24,phase_wipe,20,9,1,0.207778429253513
24,phase_wipe,21,0,1,0.2271982235134683
24,phase_wipe,21,1,1,0.2271982235134683
24,phase_wipe,21,2,1,0.2271982235134683
24,phase_wipe,21,3,1,0.2271982235134683
24,phase_wipe,21,4,1,0.2271982235134683
24,phase_wipe,21,5,1,0.2271982235134683
24,phase_wipe,21,6,1,0.2271982235134683
24,phase_wipe,21,7,1,0.2271982235134683
24,phase_wipe,21,8,1,0.2271982235134683
24,phase_wipe,21,9,1,0.2271982235134683
24,phase_wipe,22,0,1,0.22094615476365922
24,phase_wipe,22,1,1,0.22094615476365922
24,phase_wipe,22,2,1,0.22094615476365922
24,phase_wipe,22,3,1,0.22094615476365922
24,phase_wipe,22,4,1,0.22094615476365922
24,phase_wipe,22,5,1,0.22094615476365922
24,phase_wipe,22,6,1,0.22094615476365922
24,phase_wipe,22,7,1,0.22094615476365922
24,phase_wipe,22,8,1,0.22094615476365922
24,phase_wipe,22,9,1,0.22094615476365922
24,phase_wipe,23,0,1,0.2086212680945407
24,phase_wipe,23,1,1,0.2086212680945407
24,phase_wipe,23,2,1,0.2086212680945407
24,phase_wipe,23,3,1,0.2086212680945407
24,phase_wipe,23,4,1,0.2086212680945407
24,phase_wipe,23,5,1,0.2086212680945407
24,phase_wipe,23,6,1,0.2086212680945407
24,phase_wipe,23,7,1,0.2086212680945407
24,phase_wipe,23,8,1,0.2086212680945407
24,phase_wipe,23,9,1,0.2086212680945407
24,random_phase,0,0,1,0.4635293595157425
24,random_phase,0,1,1,0.46352935951574314
24,random_phase,0,2,1,0.4635293595157425
24,random_phase,0,3,1,0.46352935951574314
24,random_phase,0,4,1,0.4635293595157387
24,random_phase,0,5,1,0.4635293595157381
24,random_phase,0,6,1,0.46352935951573865
24,random_phase,0,7,1,0.4635293595157421
24,random_phase,0,8,1,0.46352935951574314
24,random_phase,0,9,1,0.4635293595157424
24,random_phase,1,0,1,0.4728314332035472
24,random_phase,1,1,1,0.4728314332035461
24,random_phase,1,2,1,0.472831433203546
24,random_phase,1,3,1,0.4728314332035439
24,random_phase,1,4,1,0.47283143320354254
24,random_phase,1,5,1,0.4728314332035472
24,random_phase,1,6,1,0.4728314332035439
24,random_phase,1,7,1,0.4728314332035458
24,random_phase,1,8,1,0.4728314332035449
24,random_phase,1,9,1,0.47283143320354887
24,random_phase,2,0,1,0.19243684417727805
24,random_phase,2,1,1,0.1924368441772777
24,random_phase,2,2,1,0.1924368441772783
24,random_phase,2,3,1,0.19243684417727847
24,random_phase,2,4,1,0.19243684417727927
24,random_phase,2,5,1,0.19243684417727921
24,random_phase,2,6,1,0.1924368441772785
24,random_phase,2,7,1,0.19243684417727894
24,random_phase,2,8,1,0.19243684417727894
24,random_phase,2,9,1,0.19243684417727844
24,random_phase,3,0,1,0.44788274430076147
24,random_phase,3,1,1,0.44788274430075725
24,random_phase,3,2,1,0.44788274430075736
24,random_phase,3,3,1,0.44788274430076147
24,random_phase,3,4,1,0.44788274430075725
24,random_phase,3,5,1,0.44788274430075703
24,random_phase,3,6,1,0.44788274430076075
24,random_phase,3,7,1,0.44788274430076147
24,random_phase,3,8,1,0.44788274430076025
24,random_phase,3,9,1,0.4478827443007558
24,random_phase,4,0,1,0.4560335340569214
24,random_phase,4,1,1,0.4560335340569207
24,random_phase,4,2,1,0.4560335340569211
24,random_phase,4,3,1,0.4560335340569209
24,random_phase,4,4,1,0.45603353405692065
24,random_phase,4,5,1,0.4560335340569214
24,random_phase,4,6,1,0.4560335340569208
24,random_phase,4,7,1,0.45603353405692026
24,random_phase,4,8,1,0.4560335340569204
24,random_phase,4,9,1,0.45603353405692165
24,random_phase,5,0,1,0.3648236102050716
24,random_phase,5,1,1,0.36482361020507237
24,random_phase,5,2,1,0.3648236102050728
24,random_phase,5,3,1,0.36482361020507204
24,random_phase,5,4,1,0.3648236102050716
24,random_phase,5,5,1,0.3648236102050718
24,random_phase,5,6,1,0.3648236102050736
24,random_phase,5,7,1,0.3648236102050716
24,random_phase,5,8,1,0.3648236102050683
24,random_phase,5,9,1,0.3648236102050713
24,random_phase,6,0,1,0.46352935951574165
24,random_phase,6,1,1,0.4635293595157419
24,random_phase,6,2,1,0.4635293595157421
24,random_phase,6,3,1,0.4635293595157427
24,random_phase,6,4,1,0.4635293595157424
24,random_phase,6,5,1,0.46352935951574326
24,random_phase,6,6,1,0.4635293595157424
24,random_phase,6,7,1,0.463529359515742
24,random_phase,6,8,1,0.46352935951574165
24,random_phase,6,9,1,0.46352935951574126
24,random_phase,7,0,1,0.4595333219862356
24,random_phase,7,1,1,0.459533321986236
24,random_phase,7,2,1,0.4595333219862351
24,random_phase,7,3,1,0.4595333219862321
24,random_phase,7,4,1,0.4595333219862354
24,random_phase,7,5,1,0.459533321986236
24,random_phase,7,6,1,0.4595333219862351
24,random_phase,7,7,1,0.45953332198623803
24,random_phase,7,8,1,0.4595333219862347
24,random_phase,7,9,1,0.45953332198623187
24,random_phase,8,0,1,0.1924368441772785
24,random_phase,8,1,1,0.1924368441772804
24,random_phase,8,2,1,0.19243684417727927
24,random_phase,8,3,1,0.19243684417728166
24,random_phase,8,4,1,0.19243684417727958
24,random_phase,8,5,1,0.19243684417728166
24,random_phase,8,6,1,0.19243684417727927
24,random_phase,8,7,1,0.19243684417727955
24,random_phase,8,8,1,0.19243684417727955
24,random_phase,8,9,1,0.1924368441772792
24,random_phase,9,0,1,0.44788274430076225
24,random_phase,9,1,1,0.4478827443007604
24,random_phase,9,2,1,0.44788274430075997
24,random_phase,9,3,1,0.44788274430076014
24,random_phase,9,4,1,0.44788274430075947
24,random_phase,9,5,1,0.44788274430076314
24,random_phase,9,6,1,0.4478827443007593
24,random_phase,9,7,1,0.4478827443007589
24,random_phase,9,8,1,0.4478827443007613
24,random_phase,9,9,1,0.4478827443007598
24,random_phase,10,0,1,0.43975312026251323
24,random_phase,10,1,1,0.4397531202625144
24,random_phase,10,2,1,0.43975312026251373
24,random_phase,10,3,1,0.43975312026251323
24,random_phase,10,4,1,0.43975312026251323
24,random_phase,10,5,1,0.43975312026251456
24,random_phase,10,6,1,0.43975312026251423
24,random_phase,10,7,1,0.4397531202625136
24,random_phase,10,8,1,0.43975312026250973
24,random_phase,10,9,1,0.43975312026251306
24,random_phase,11,0,1,0.353666873318835
24,random_phase,11,1,1,0.3536668733188358
24,random_phase,11,2,1,0.3536668733188342
24,random_phase,11,3,1,0.35366687331883656
24,random_phase,11,4,1,0.35366687331883606
24,random_phase,11,5,1,0.3536668733188355
24,random_phase,11,6,1,0.3536668733188317
24,random_phase,11,7,1,0.35366687331883007
24,random_phase,11,8,1,0.35366687331883184
24,random_phase,11,9,1,0.35366687331883295
24,random_phase,12,0,1,0.22887411761081575
24,random_phase,12,1,1,0.22887411761081566
24,random_phase,12,2,1,0.22887411761081625
24,random_phase,12,3,1,0.22887411761081594
24,random_phase,12,4,1,0.22887411761081536
24,random_phase,12,5,1,0.2288741176108163
24,random_phase,12,6,1,0.22887411761081589
24,random_phase,12,7,1,0.22887411761081589
24,random_phase,12,8,1,0.22887411761081503
24,random_phase,12,9,1,0.22887411761081594
24,random_phase,13,0,1,0.2240976836250678
24,random_phase,13,1,1,0.2240976836250672
24,random_phase,13,2,1,0.22409768362506283
24,random_phase,13,3,1,0.22409768362506555
24,random_phase,13,4,1,0.2240976836250676
24,random_phase,13,5,1,0.22409768362506677
24,random_phase,13,6,1,0.2240976836250669
24,random_phase,13,7,1,0.2240976836250693
24,random_phase,13,8,1,0.22409768362506563
24,random_phase,13,9,1,0.22409768362506677
24,random_phase,14,0,1,0.19284159221823274
24,random_phase,14,1,1,0.19284159221823205
24,random_phase,14,2,1,0.1928415922182325
24,random_phase,14,3,1,0.19284159221823358
24,random_phase,14,4,1,0.19284159221823147
24,random_phase,14,5,1,0.19284159221823355
24,random_phase,14,6,1,0.1928415922182325
24,random_phase,14,7,1,0.19284159221823122
24,random_phase,14,8,1,0.19284159221823233
24,random_phase,14,9,1,0.1928415922182329
24,random_phase,15,0,1,0.22719822351346666
24,random_phase,15,1,1,0.22719822351346664
24,random_phase,15,2,1,0.2271982235134682
24,random_phase,15,3,1,0.22719822351346664
24,random_phase,15,4,1,0.2271982235134682
24,random_phase,15,5,1,0.2271982235134675
24,random_phase,15,6,1,0.2271982235134659
24,random_phase,15,7,1,0.22719822351346666
24,random_phase,15,8,1,0.22719822351346664
24,random_phase,15,9,1,0.2271982235134648
24,random_phase,16,0,1,0.22094615476365922
24,random_phase,16,1,1,0.22094615476365373
24,random_phase,16,2,1,0.22094615476365756
24,random_phase,16,3,1,0.22094615476365798
24,random_phase,16,4,1,0.22094615476365798
24,random_phase,16,5,1,0.22094615476365395
24,random_phase,16,6,1,0.22094615476365756
24,random_phase,16,7,1,0.22094615476365922
24,random_phase,16,8,1,0.22094615476365798
24,random_phase,16,9,1,0.22094615476365922
24,random_phase,17,0,1,0.2086212680945344
24,random_phase,17,1,1,0.2086212680945376
24,random_phase,17,2,1,0.20862126809453815
24,random_phase,17,3,1,0.2086212680945376
24,random_phase,17,4,1,0.2086212680945343
24,random_phase,17,5,1,0.20862126809453996
24,random_phase,17,6,1,0.20862126809453824
24,random_phase,17,7,1,0.20862126809453904
24,random_phase,17,8,1,0.20862126809453777
24,random_phase,17,9,1,0.20862126809453882
24,random_phase,18,0,1,0.2288741176108129
24,random_phase,18,1,1,0.22887411761081494
24,random_phase,18,2,1,0.22887411761081594
24,random_phase,18,3,1,0.22887411761081516
24,random_phase,18,4,1,0.22887411761081516
24,random_phase,18,5,1,0.22887411761081755
24,random_phase,18,6,1,0.22887411761081566
24,random_phase,18,7,1,0.22887411761081516
24,random_phase,18,8,1,0.2288741176108136
24,random_phase,18,9,1,0.22887411761081547
24,random_phase,19,0,1,0.22409768362506804
24,random_phase,19,1,1,0.22409768362506644
24,random_phase,19,2,1,0.22409768362506718
24,random_phase,19,3,1,0.22409768362506505
24,random_phase,19,4,1,0.22409768362506718
24,random_phase,19,5,1,0.22409768362506718
24,random_phase,19,6,1,0.2240976836250666
24,random_phase,19,7,1,0.22409768362506718
24,random_phase,19,8,1,0.22409768362506718
24,random_phase,19,9,1,0.2240976836250666
24,random_phase,20,0,1,0.20777842925351078
24,random_phase,20,1,1,0.20777842925351162
24,random_phase,20,2,1,0.2077784292535072
24,random_phase,20,3,1,0.20777842925351045
24,random_phase,20,4,1,0.20777842925351067
24,random_phase,20,5,1,0.20777842925351037
24,random_phase,20,6,1,0.20777842925351134
24,random_phase,20,7,1,0.20777842925351162
24,random_phase,20,8,1,0.20777842925351078
24,random_phase,20,9,1,0.20777842925351162
24,random_phase,21,0,1,0.2271982235134656
24,random_phase,21,1,1,0.2271982235134656
24,random_phase,21,2,1,0.22719822351346447
24,random_phase,21,3,1,0.2271982235134666
24,random_phase,21,4,1,0.22719822351346664
24,random_phase,21,5,1,0.2271982235134683
24,random_phase,21,6,1,0.22719822351346572
24,random_phase,21,7,1,0.22719822351346614
24,random_phase,21,8,1,0.22719822351346566
24,random_phase,21,9,1,0.22719822351346702
24,random_phase,22,0,1,0.22094615476365725
24,random_phase,22,1,1,0.22094615476365695
24,random_phase,22,2,1,0.22094615476365728
24,random_phase,22,3,1,0.22094615476365367
24,random_phase,22,4,1,0.22094615476365762
24,random_phase,22,5,1,0.2209461547636552
24,random_phase,22,6,1,0.22094615476365725
24,random_phase,22,7,1,0.220946154763653
24,random_phase,22,8,1,0.2209461547636569
24,random_phase,22,9,1,0.22094615476365598
24,random_phase,23,0,1,0.2086212680945386
24,random_phase,23,1,1,0.20862126809453893
24,random_phase,23,2,1,0.20862126809453904
24,random_phase,23,3,1,0.2086212680945407
24,random_phase,23,4,1,0.20862126809453904
24,random_phase,23,5,1,0.20862126809453904
24,random_phase,23,6,1,0.2086212680945386
24,random_phase,23,7,1,0.20862126809453946
24,random_phase,23,8,1,0.20862126809453904
24,random_phase,23,9,1,0.20862126809453832
24,dropout_25,0,0,1,0.4013662894721535
24,dropout_25,0,1,1,0.367183908190933
24,dropout_25,0,2,1,0.3103858428219682
24,dropout_25,0,3,1,0.37478123821929654
24,dropout_25,0,4,1,0.3897205051531309
24,dropout_25,0,5,1,0.41796990637483494
24,dropout_25,0,6,1,0.36348150701383003
24,dropout_25,0,7,1,0.3885229023169718
24,dropout_25,0,8,1,0.41167882272861267
24,dropout_25,0,9,1,0.3861601187987487
24,dropout_25,1,0,1,0.42633082676501277
24,dropout_25,1,1,1,0.41634734404964263
24,dropout_25,1,2,1,0.37866049870046026
24,dropout_25,1,3,1,0.4028219435559024
24,dropout_25,1,4,1,0.41811057265026425
24,dropout_25,1,5,1,0.402658414090578
24,dropout_25,1,6,1,0.37213381097044473
24,dropout_25,1,7,1,0.41311208514782005
24,dropout_25,1,8,1,0.4113208566824923
24,dropout_25,1,9,1,0.42353549575111243
24,dropout_25,2,0,1,0.157789200571494
24,dropout_25,2,1,1,0.15885554122533657
24,dropout_25,2,2,1,0.16687556466694853
24,dropout_25,2,3,1,0.175942850018801
24,dropout_25,2,4,1,0.15812805431662938
24,dropout_25,2,5,1,0.17384497403202348
24,dropout_25,2,6,1,0.15975343522234756
24,dropout_25,2,7,1,0.16595033471309445
24,dropout_25,2,8,1,0.1569968958060508
24,dropout_25,2,9,1,0.14579596357774297
24,dropout_25,3,0,1,0.35478325212458395
24,dropout_25,3,1,1,0.3443605107167151
24,dropout_25,3,2,1,0.36146289351994415
24,dropout_25,3,3,1,0.3535336378440975
24,dropout_25,3,4,1,0.37348495163368417
24,dropout_25,3,5,1,0.3650937464174201
24,dropout_25,3,6,1,0.4063591749764125
24,dropout_25,3,7,1,0.37952859252650795
24,dropout_25,3,8,1,0.37361918329716637
24,dropout_25,3,9,1,0.36846495949676195
24,dropout_25,4,0,1,0.3905236075378661
24,dropout_25,4,1,1,0.3792395394127215
24,dropout_25,4,2,1,0.373823537997954
24,dropout_25,4,3,1,0.3263452084448758
24,dropout_25,4,4,1,0.3499962101718009
24,dropout_25,4,5,1,0.3974875205630019
24,dropout_25,4,6,1,0.4096024331865437
24,dropout_25,4,7,1,0.42293335151155953
24,dropout_25,4,8,1,0.3571296139155073
24,dropout_25,4,9,1,0.3537084476258564
24,dropout_25,5,0,1,0.317099669929912
24,dropout_25,5,1,1,0.32213544154730983
24,dropout_25,5,2,1,0.3095962461519532
24,dropout_25,5,3,1,0.2936401700009457
24,dropout_25,5,4,1,0.3150733245033408
24,dropout_25,5,5,1,0.3006333464865296
24,dropout_25,5,6,1,0.3008707148477001
24,dropout_25,5,7,1,0.3055709811135288
24,dropout_25,5,8,1,0.32792282905890524
24,dropout_25,5,9,1,0.2848875797308044
24,dropout_25,6,0,1,0.42137104647459334
24,dropout_25,6,1,1,0.4055384016315356
24,dropout_25,6,2,1,0.4303976223307773
24,dropout_25,6,3,1,0.42892015922544635
24,dropout_25,6,4,1,0.424467637678643
24,dropout_25,6,5,1,0.4333018298781204
24,dropout_25,6,6,1,0.4245204292165808
24,dropout_25,6,7,1,0.4269069474644005
24,dropout_25,6,8,1,0.4183652676743732
24,dropout_25,6,9,1,0.4253573655983122
24,dropout_25,7,0,1,0.4392320906040161
24,dropout_25,7,1,1,0.42755576894348385
24,dropout_25,7,2,1,0.4075477337947752
24,dropout_25,7,3,1,0.3947719589738852
24,dropout_25,7,4,1,0.4230358752954366
24,dropout_25,7,5,1,0.4033698022818288
24,dropout_25,7,6,1,0.4277833248878344
24,dropout_25,7,7,1,0.43281090969405644
24,dropout_25,7,8,1,0.41655598132112137
24,dropout_25,7,9,1,0.4071422156446134
24,dropout_25,8,0,1,0.17232456524369627
24,dropout_25,8,1,1,0.1557151773922194
24,dropout_25,8,2,1,0.1621533480172525
24,dropout_25,8,3,1,0.1639656641646682
24,dropout_25,8,4,1,0.1526497813094091
24,dropout_25,8,5,1,0.14579051205100113
24,dropout_25,8,6,1,0.16955040429970603
24,dropout_25,8,7,1,0.17353251021327787
24,dropout_25,8,8,1,0.1740612092308525
24,dropout_25,8,9,1,0.14279533244054196
24,dropout_25,9,0,1,0.4112436451546951
24,dropout_25,9,1,1,0.41359357561325494
24,dropout_25,9,2,1,0.43545018814431447
24,dropout_25,9,3,1,0.4137835306951973
24,dropout_25,9,4,1,0.3961486251459295
24,dropout_25,9,5,1,0.4352190254710614
24,dropout_25,9,6,1,0.4323766984537078
24,dropout_25,9,7,1,0.434242255999756
24,dropout_25,9,8,1,0.42510687197389285
24,dropout_25,9,9,1,0.43406008310354555
24,dropout_25,10,0,1,0.39371336549601
24,dropout_25,10,1,1,0.4115753706012857
24,dropout_25,10,2,1,0.3832065797228801
24,dropout_25,10,3,1,0.4111899479594619
24,dropout_25,10,4,1,0.39708486478337396
24,dropout_25,10,5,1,0.4057495847075231
24,dropout_25,10,6,1,0.39917380163595906
24,dropout_25,10,7,1,0.39951807301177
24,dropout_25,10,8,1,0.39789345898973055
24,dropout_25,10,9,1,0.3687337189617764
24,dropout_25,11,0,1,0.3079021562673444
24,dropout_25,11,1,1,0.318349682856301
24,dropout_25,11,2,1,0.31905207844409983
24,dropout_25,11,3,1,0.31111329770451956
24,dropout_25,11,4,1,0.3178717556371177
24,dropout_25,11,5,1,0.3172629054094362
24,dropout_25,11,6,1,0.3304729672382834
24,dropout_25,11,7,1,0.3025684697431258
24,dropout_25,11,8,1,0.32721756204746116
24,dropout_25,11,9,1,0.3299639212571293
24,dropout_25,12,0,1,0.20636004197553914
24,dropout_25,12,1,1,0.20046313524189274
24,dropout_25,12,2,1,0.21479095530528194
24,dropout_25,12,3,1,0.20617881685451916
24,dropout_25,12,4,1,0.19969265734924765
24,dropout_25,12,5,1,0.20476272817907143
24,dropout_25,12,6,1,0.208230644784728
24,dropout_25,12,7,1,0.20536536294012747
24,dropout_25,12,8,1,0.21051556303090607
24,dropout_25,12,9,1,0.20531331857112964
24,dropout_25,13,0,1,0.19265033087944425
24,dropout_25,13,1,1,0.20133004571012303
24,dropout_25,13,2,1,0.2025936388959127
24,dropout_25,13,3,1,0.1955423809488744
24,dropout_25,13,4,1,0.21006019602642353
24,dropout_25,13,5,1,0.2009189966854281
24,dropout_25,13,6,1,0.19446564468956745
24,dropout_25,13,7,1,0.18970811388276348
24,dropout_25,13,8,1,0.2027987163882566
24,dropout_25,13,9,1,0.20338964178797075
24,dropout_25,14,0,1,0.15934612268969162
24,dropout_25,14,1,1,0.16210074213320605
24,dropout_25,14,2,1,0.16919222316485805
24,dropout_25,14,3,1,0.16433777860675908
24,dropout_25,14,4,1,0.1566357222112873
24,dropout_25,14,5,1,0.17280536297632557
24,dropout_25,14,6,1,0.16074551656050726
24,dropout_25,14,7,1,0.1671764403359634
24,dropout_25,14,8,1,0.17704219546406483
24,dropout_25,14,9,1,0.16887839641766625
24,dropout_25,15,0,1,0.2073321822744632
24,dropout_25,15,1,1,0.21581659126582525
24,dropout_25,15,2,1,0.20743683804535737
24,dropout_25,15,3,1,0.21168220340645122
24,dropout_25,15,4,1,0.21283198890315846
24,dropout_25,15,5,1,0.2052770611571919
24,dropout_25,15,6,1,0.20951645534744986
24,dropout_25,15,7,1,0.21764879143700464
24,dropout_25,15,8,1,0.20285967349691406
24,dropout_25,15,9,1,0.18096380665826078
24,dropout_25,16,0,1,0.181818904831986
24,dropout_25,16,1,1,0.2056899482329016
24,dropout_25,16,2,1,0.20782484077531138
24,dropout_25,16,3,1,0.1916851462859693
24,dropout_25,16,4,1,0.2032052562314926
24,dropout_25,16,5,1,0.20180347767972395
24,dropout_25,16,6,1,0.2097881383814325
24,dropout_25,16,7,1,0.20447507371267806
24,dropout_25,16,8,1,0.2035298141939361
24,dropout_25,16,9,1,0.19253192958446483
24,dropout_25,17,0,1,0.17241531383097194
24,dropout_25,17,1,1,0.1828191562194649
24,dropout_25,17,2,1,0.18406047177782003
24,dropout_25,17,3,1,0.19083768263422304
24,dropout_25,17,4,1,0.18481260784867773
24,dropout_25,17,5,1,0.17744145307915776
24,dropout_25,17,6,1,0.17880576402638976
24,dropout_25,17,7,1,0.18081871344440123
24,dropout_25,17,8,1,0.176823146013695
24,dropout_25,17,9,1,0.18478596973017408
24,dropout_25,18,0,1,0.20867657178177482
24,dropout_25,18,1,1,0.19406515944431404
24,dropout_25,18,2,1,0.17987678843785315
24,dropout_25,18,3,1,0.2058878624617175
24,dropout_25,18,4,1,0.17038702709426384
24,dropout_25,18,5,1,0.19368667524680064
24,dropout_25,18,6,1,0.1845673114912237
24,dropout_25,18,7,1,0.18374065960322722
24,dropout_25,18,8,1,0.18322245134459839
24,dropout_25,18,9,1,0.17845654343604458
24,dropout_25,19,0,1,0.19473418746447402
24,dropout_25,19,1,1,0.17620430433468792
24,dropout_25,19,2,1,0.17754498333166552
24,dropout_25,19,3,1,0.1692866570485919
24,dropout_25,19,4,1,0.1795261156086847
24,dropout_25,19,5,1,0.1622223181119502
24,dropout_25,19,6,1,0.19114447367574045
24,dropout_25,19,7,1,0.19051159100036238
24,dropout_25,19,8,1,0.1664409468768803
24,dropout_25,19,9,1,0.16769384325735476
24,dropout_25,20,0,1,0.1736998276220883
24,dropout_25,20,1,1,0.18343443273432483
24,dropout_25,20,2,1,0.18141589498942723
24,dropout_25,20,3,1,0.1919755804139106
24,dropout_25,20,4,1,0.18767933623594457
24,dropout_25,20,5,1,0.18254001214598492
24,dropout_25,20,6,1,0.1861173147447595
24,dropout_25,20,7,1,0.18709873939376973
24,dropout_25,20,8,1,0.16781774834856583
24,dropout_25,20,9,1,0.18056941278336675
24,dropout_25,21,0,1,0.17195609550750918
24,dropout_25,21,1,1,0.1808721486278903
24,dropout_25,21,2,1,0.14962360643393458
24,dropout_25,21,3,1,0.1669483858469364
24,dropout_25,21,4,1,0.19266247924581825
24,dropout_25,21,5,1,0.20219735788334195
24,dropout_25,21,6,1,0.1783751331501171
24,dropout_25,21,7,1,0.17795103535973097
24,dropout_25,21,8,1,0.20218146267386017
24,dropout_25,21,9,1,0.1289507775180522
24,dropout_25,22,0,1,0.166968706767228
24,dropout_25,22,1,1,0.1841812204697054
24,dropout_25,22,2,1,0.18610828907757965
24,dropout_25,22,3,1,0.17896787905658493
24,dropout_25,22,4,1,0.19611815848277256
24,dropout_25,22,5,1,0.1818888261319988
24,dropout_25,22,6,1,0.18458639412189537
24,dropout_25,22,7,1,0.17656450038461022
24,dropout_25,22,8,1,0.1925792774345232
24,dropout_25,22,9,1,0.16822578363583593
24,dropout_25,23,0,1,0.17140775437604244
24,dropout_25,23,1,1,0.15844642160351008
24,dropout_25,23,2,1,0.17628675594414747
24,dropout_25,23,3,1,0.16841238611576337
24,dropout_25,23,4,1,0.174332532677207
24,dropout_25,23,5,1,0.16369368733560932
24,dropout_25,23,6,1,0.17946486654238708
24,dropout_25,23,7,1,0.16332162930568117
24,dropout_25,23,8,1,0.18043613505783185
24,dropout_25,23,9,1,0.1719779678449579
24,dropout_50,0,0,1,0.39934151251053157
24,dropout_50,0,1,1,0.3187626187901006
24,dropout_50,0,2,1,0.3726028157804815
24,dropout_50,0,3,1,0.3495197471887173
24,dropout_50,0,4,1,0.4344303165716782
24,dropout_50,0,5,1,0.4020607784051997
24,dropout_50,0,6,1,0.29634172716040835
24,dropout_50,0,7,1,0.363829287922114
24,dropout_50,0,8,1,0.45243503391541245
24,dropout_50,0,9,1,0.31203956601547067
24,dropout_50,1,0,1,0.41714411684997227
24,dropout_50,1,1,1,0.3823208557324334
24,dropout_50,1,2,1,0.39409103637785614
24,dropout_50,1,3,1,0.3828477925721938
24,dropout_50,1,4,1,0.31457843257018164
24,dropout_50,1,5,1,0.4398163563830058
24,dropout_50,1,6,1,0.32371169284178947
24,dropout_50,1,7,1,0.3696314822871353
24,dropout_50,1,8,1,0.4184717616431954
24,dropout_50,1,9,1,0.4481623745762308
24,dropout_50,2,0,1,0.15113443964847847
24,dropout_50,2,1,1,0.1595379138194506
24,dropout_50,2,2,1,0.15461235740982918
24,dropout_50,2,3,1,0.15294099110358936
24,dropout_50,2,4,1,0.14847835947741614
24,dropout_50,2,5,1,0.1696445446193586
24,dropout_50,2,6,1,0.16328828031657086
24,dropout_50,2,7,1,0.16504233985850847
24,dropout_50,2,8,1,0.1680721078071009
24,dropout_50,2,9,1,0.14991565109406324
24,dropout_50,3,0,1,0.3433741262558354
24,dropout_50,3,1,1,0.30508251248836327
24,dropout_50,3,2,1,0.4145257685915277
24,dropout_50,3,3,1,0.3567579754186486
24,dropout_50,3,4,1,0.267472364827363
24,dropout_50,3,5,1,0.36083852708686476
24,dropout_50,3,6,1,0.4291039277833575
24,dropout_50,3,7,1,0.422123144529255
24,dropout_50,3,8,1,0.3471913985231611
24,dropout_50,3,9,1,0.3299060614121774
24,dropout_50,4,0,1,0.3884087119911808
24,dropout_50,4,1,1,0.2860979493661184
24,dropout_50,4,2,1,0.3545438768993461
24,dropout_50,4,3,1,0.3212274355379011
24,dropout_50,4,4,1,0.35878234258854486
24,dropout_50,4,5,1,0.4083919805147483
24,dropout_50,4,6,1,0.3485202441252434
24,dropout_50,4,7,1,0.44016200755440826
24,dropout_50,4,8,1,0.3365302529647686
24,dropout_50,4,9,1,0.3108958752672297
24,dropout_50,5,0,1,0.3041309821059292
24,dropout_50,5,1,1,0.2817755437465652
24,dropout_50,5,2,1,0.2738478451897084
24,dropout_50,5,3,1,0.2947891421038575
24,dropout_50,5,4,1,0.29823234645073204
24,dropout_50,5,5,1,0.21676516065400653
24,dropout_50,5,6,1,0.322894420555275
24,dropout_50,5,7,1,0.29236031273078267
24,dropout_50,5,8,1,0.32142215498535576
24,dropout_50,5,9,1,0.28828198402658917
24,dropout_50,6,0,1,0.41268230163326747
24,dropout_50,6,1,1,0.42778379951303136
24,dropout_50,6,2,1,0.41316297731360896
24,dropout_50,6,3,1,0.4505006583565348
24,dropout_50,6,4,1,0.3775104001587833
24,dropout_50,6,5,1,0.4233389886645458
24,dropout_50,6,6,1,0.43555204123212815
24,dropout_50,6,7,1,0.3829130798597469
24,dropout_50,6,8,1,0.3522409517956453
24,dropout_50,6,9,1,0.4274166403204248
24,dropout_50,7,0,1,0.43053038230835117
24,dropout_50,7,1,1,0.452583012283166
24,dropout_50,7,2,1,0.3850891721154154
24,dropout_50,7,3,1,0.3710956712544817
24,dropout_50,7,4,1,0.41886965997764325
24,dropout_50,7,5,1,0.4297890338276109
24,dropout_50,7,6,1,0.4214943441237402
24,dropout_50,7,7,1,0.40992186251345525
24,dropout_50,7,8,1,0.33387791606590517
24,dropout_50,7,9,1,0.4095722892337224
24,dropout_50,8,0,1,0.17159657711242685
24,dropout_50,8,1,1,0.1491602109987682
24,dropout_50,8,2,1,0.15684228051046376
24,dropout_50,8,3,1,0.17160126203357132
24,dropout_50,8,4,1,0.1520949572683264
24,dropout_50,8,5,1,0.15719230768784515
24,dropout_50,8,6,1,0.15567348037679704
24,dropout_50,8,7,1,0.15939384575480203
24,dropout_50,8,8,1,0.17081788342385695
24,dropout_50,8,9,1,0.13813592547366144
24,dropout_50,9,0,1,0.38454194258658847
24,dropout_50,9,1,1,0.3498834408975273
24,dropout_50,9,2,1,0.4129060961144238
24,dropout_50,9,3,1,0.41437778185782304
24,dropout_50,9,4,1,0.41035428730116913
24,dropout_50,9,5,1,0.41828866140627335
24,dropout_50,9,6,1,0.4423991821979837
24,dropout_50,9,7,1,0.44222032642165854
24,dropout_50,9,8,1,0.4116541906421204
24,dropout_50,9,9,1,0.41159823485797464
24,dropout_50,10,0,1,0.3907640556127773
24,dropout_50,10,1,1,0.39861955483774314
24,dropout_50,10,2,1,0.351026706243893
24,dropout_50,10,3,1,0.381839664336843
24,dropout_50,10,4,1,0.3989566946489291
24,dropout_50,10,5,1,0.402461144539717
24,dropout_50,10,6,1,0.36160499029429416
24,dropout_50,10,7,1,0.3894993133218806
24,dropout_50,10,8,1,0.41445768538557515
24,dropout_50,10,9,1,0.34662630924738824
24,dropout_50,11,0,1,0.30847064502984506
24,dropout_50,11,1,1,0.3114478518644337
24,dropout_50,11,2,1,0.2963242847939754
24,dropout_50,11,3,1,0.3105383822847855
24,dropout_50,11,4,1,0.2587309923894996
24,dropout_50,11,5,1,0.3149008775699664
24,dropout_50,11,6,1,0.33256224280795793
24,dropout_50,11,7,1,0.3046155332228967
24,dropout_50,11,8,1,0.3052281174145066
24,dropout_50,11,9,1,0.2853034700697069
24,dropout_50,12,0,1,0.1904939343930805
24,dropout_50,12,1,1,0.21258788959570757
24,dropout_50,12,2,1,0.21388553274438785
24,dropout_50,12,3,1,0.20275045683291779
24,dropout_50,12,4,1,0.1414971672201789
24,dropout_50,12,5,1,0.1954914499748432
24,dropout_50,12,6,1,0.2171047297819101
24,dropout_50,12,7,1,0.20854078598133421
24,dropout_50,12,8,1,0.20964696743821407
24,dropout_50,12,9,1,0.1896282113649506
24,dropout_50,13,0,1,0.18261269744963035
24,dropout_50,13,1,1,0.20637383233670728
24,dropout_50,13,2,1,0.18364726902382916
24,dropout_50,13,3,1,0.19004137233873436
24,dropout_50,13,4,1,0.2060899900427306
24,dropout_50,13,5,1,0.19288333228286975
24,dropout_50,13,6,1,0.18503275105744554
24,dropout_50,13,7,1,0.20138805622436462
24,dropout_50,13,8,1,0.20105682501523736
24,dropout_50,13,9,1,0.19541927452840555
24,dropout_50,14,0,1,0.1617387715023071
24,dropout_50,14,1,1,0.12648362846887184
24,dropout_50,14,2,1,0.15631128471410805
24,dropout_50,14,3,1,0.17212334173854194
24,dropout_50,14,4,1,0.13606900760029728
24,dropout_50,14,5,1,0.14966396535009402
24,dropout_50,14,6,1,0.1655670074695474
24,dropout_50,14,7,1,0.15830614525263645
24,dropout_50,14,8,1,0.16723949890436599
24,dropout_50,14,9,1,0.1680929074808544
24,dropout_50,15,0,1,0.20707924065831573
24,dropout_50,15,1,1,0.21396319264707936
24,dropout_50,15,2,1,0.19497843737413184
24,dropout_50,15,3,1,0.21337881183541027
24,dropout_50,15,4,1,0.1895121097026174
24,dropout_50,15,5,1,0.20704080386683504
24,dropout_50,15,6,1,0.20221788056204199
24,dropout_50,15,7,1,0.20271335699992218
24,dropout_50,15,8,1,0.19062778261820634
24,dropout_50,15,9,1,0.16863912527888134
24,dropout_50,16,0,1,0.15854641730164945
24,dropout_50,16,1,1,0.1934682863786652
24,dropout_50,16,2,1,0.19332353891657905
24,dropout_50,16,3,1,0.17379841895143258
24,dropout_50,16,4,1,0.20352345440431804
24,dropout_50,16,5,1,0.1811712373064961
24,dropout_50,16,6,1,0.18567679135495496
24,dropout_50,16,7,1,0.1850443672305564
24,dropout_50,16,8,1,0.19130391638915997
24,dropout_50,16,9,1,0.15237192215150544
24,dropout_50,17,0,1,0.17149452208191718
24,dropout_50,17,1,1,0.19592426913468505
24,dropout_50,17,2,1,0.17170385620054507
24,dropout_50,17,3,1,0.16973676732970913
24,dropout_50,17,4,1,0.16171915725287572
24,dropout_50,17,5,1,0.16561131068573903
24,dropout_50,17,6,1,0.17661638237324345
24,dropout_50,17,7,1,0.1693344988450177
24,dropout_50,17,8,1,0.17011245139713746
24,dropout_50,17,9,1,0.1601970561956187
24,dropout_50,18,0,1,0.1575160608231544
24,dropout_50,18,1,1,0.13167752419641338
24,dropout_50,18,2,1,0.17866962448924578
24,dropout_50,18,3,1,0.20040967986497094
24,dropout_50,18,4,1,0.20771263057882167
24,dropout_50,18,5,1,0.13241342111041668
24,dropout_50,18,6,1,0.1608782040476375
24,dropout_50,18,7,1,0.17229054088844306
24,dropout_50,18,8,1,0.1528581216267283
24,dropout_50,18,9,1,0.1128284681054702
24,dropout_50,19,0,1,0.1914438189342386
24,dropout_50,19,1,1,0.19325441199459487
24,dropout_50,19,2,1,0.16045678866127
24,dropout_50,19,3,1,0.145146552581908
24,dropout_50,19,4,1,0.16656690328671625
24,dropout_50,19,5,1,0.13826827634490935
24,dropout_50,19,6,1,0.18291598420038593
24,dropout_50,19,7,1,0.1721170296056262
24,dropout_50,19,8,1,0.1526717280238546
24,dropout_50,19,9,1,0.18394781341210378
24,dropout_50,20,0,1,0.17100971648205
24,dropout_50,20,1,1,0.17928313263839052
24,dropout_50,20,2,1,0.1835370359271441
24,dropout_50,20,3,1,0.1890957263438192
24,dropout_50,20,4,1,0.18548942047617678
24,dropout_50,20,5,1,0.1774037971567361
24,dropout_50,20,6,1,0.17821732255058276
24,dropout_50,20,7,1,0.18556743502715844
24,dropout_50,20,8,1,0.15640022525775898
24,dropout_50,20,9,1,0.15642624838650743
24,dropout_50,21,0,1,0.17258920335306022
24,dropout_50,21,1,1,0.17068471890580894
24,dropout_50,21,2,1,0.17701090230889704
24,dropout_50,21,3,1,0.13810669319287666
24,dropout_50,21,4,1,0.21268203554573678
24,dropout_50,21,5,1,0.14812379512022028
24,dropout_50,21,6,1,0.16301937761365448
24,dropout_50,21,7,1,0.17087433028828322
24,dropout_50,21,8,1,0.17686128024706368
24,dropout_50,21,9,1,0.13863343809231976
24,dropout_50,22,0,1,0.15214596579853995
24,dropout_50,22,1,1,0.17843334507486164
24,dropout_50,22,2,1,0.1806776091546692
24,dropout_50,22,3,1,0.16558141662414147
24,dropout_50,22,4,1,0.20363839347348234
24,dropout_50,22,5,1,0.20763214386137507
24,dropout_50,22,6,1,0.138529778002105
24,dropout_50,22,7,1,0.18437157117209213
24,dropout_50,22,8,1,0.1665058804174704
24,dropout_50,22,9,1,0.1702186937455098
24,dropout_50,23,0,1,0.16524024515758926
24,dropout_50,23,1,1,0.14805735051260607
24,dropout_50,23,2,1,0.1348160686576545
24,dropout_50,23,3,1,0.16671495993346297
24,dropout_50,23,4,1,0.1626124840724559
24,dropout_50,23,5,1,0.144140491685466
24,dropout_50,23,6,1,0.17968843947245824
24,dropout_50,23,7,1,0.16372662675990537
24,dropout_50,23,8,1,0.18939848453433028
24,dropout_50,23,9,1,0.17562055891824585
24,amp_noise,0,0,1,0.14909108089435552
24,amp_noise,0,1,1,0.08753022793054066
24,amp_noise,0,2,1,0.07644581563574915
24,amp_noise,0,3,1,0.23576458455912275
24,amp_noise,0,4,0,0.05621860252566813
24,amp_noise,0,5,1,0.16367529041457607
24,amp_noise,0,6,1,0.22470743071800303
24,amp_noise,0,7,1,0.13632742582842505
24,amp_noise,0,8,1,0.11876876811142023
24,amp_noise,0,9,1,0.2372072710396994
24,amp_noise,1,0,1,0.1315213975995314
24,amp_noise,1,1,1,0.023338127263538122
24,amp_noise,1,2,1,0.18941097689770126
24,amp_noise,1,3,1,0.02010484777103816
24,amp_noise,1,4,1,0.1421517879477654
24,amp_noise,1,5,1,0.19846896265891223
24,amp_noise,1,6,1,0.1510456612350103
24,amp_noise,1,7,1,0.1601905308591094
24,amp_noise,1,8,1,0.24715682660985294
24,amp_noise,1,9,1,0.09680067977865536
24,amp_noise,2,0,1,0.03914345372078332
24,amp_noise,2,1,1,0.024032712914925702
24,amp_noise,2,2,1,0.0228821613393424
24,amp_noise,2,3,1,0.03772821623048239
24,amp_noise,2,4,1,0.0240350083603994
24,amp_noise,2,5,1,0.037650177734975254
24,amp_noise,2,6,1,0.016540357916436044
24,amp_noise,2,7,1,0.02532558928984774
24,amp_noise,2,8,1,0.025103270944796918
24,amp_noise,2,9,1,0.026390348405498587
24,amp_noise,3,0,1,0.16121011962660292
24,amp_noise,3,1,1,0.07345537173213867
24,amp_noise,3,2,1,0.06153790306813378
24,amp_noise,3,3,1,0.10863339616660428
24,amp_noise,3,4,1,0.17052152257183817
24,amp_noise,3,5,1,0.09316453420749204
24,amp_noise,3,6,1,0.16605280863213234
24,amp_noise,3,7,1,0.09724377368712611
24,amp_noise,3,8,1,0.14044105586548072
24,amp_noise,3,9,0,0.08172617036589558
24,amp_noise,4,0,1,0.0659543883244531
24,amp_noise,4,1,1,0.09519874824620689
24,amp_noise,4,2,1,0.1946388137702788
24,amp_noise,4,3,1,0.1289132497755484
24,amp_noise,4,4,1,0.15035156627566504
24,amp_noise,4,5,1,0.057049307520288695
24,amp_noise,4,6,1,0.08902239682209734
24,amp_noise,4,7,1,0.04146752571502399
24,amp_noise,4,8,1,0.08885421119645032
24,amp_noise,4,9,1,0.12579360836645315
24,amp_noise,5,0,1,0.1417730221675847
24,amp_noise,5,1,1,0.11430021717547767
24,amp_noise,5,2,1,0.018278231378339282
24,amp_noise,5,3,1,0.03099616002844363
24,amp_noise,5,4,0,0.03571538164074206
24,amp_noise,5,5,1,0.07237406871795926
24,amp_noise,5,6,1,0.12194259054653167
24,amp_noise,5,7,1,0.11474120209034
24,amp_noise,5,8,0,0.007694162416891248
24,amp_noise,5,9,1,0.05513350950300289
24,amp_noise,6,0,1,0.08631424063842441
24,amp_noise,6,1,0,0.007798769115976989
24,amp_noise,6,2,1,0.004720078247598125
24,amp_noise,6,3,0,0.06770840262633726
24,amp_noise,6,4,1,0.06712394543074562
24,amp_noise,6,5,1,0.14061536872457547
24,amp_noise,6,6,1,0.04485422938145278
24,amp_noise,6,7,1,0.14494341010777279
24,amp_noise,6,8,1,0.18213838606235133
24,amp_noise,6,9,1,0.11948376248581238
24,amp_noise,7,0,1,0.09153677383231096
24,amp_noise,7,1,1,0.038662915309136237
24,amp_noise,7,2,1,0.03449800592450747
24,amp_noise,7,3,1,0.11517994084448935
24,amp_noise,7,4,1,0.07005008733826912
24,amp_noise,7,5,1,0.06601264053559963
24,amp_noise,7,6,1,0.10708531214356165
24,amp_noise,7,7,1,0.10784074621586981
24,amp_noise,7,8,1,0.05728564990298113
24,amp_noise,7,9,1,0.10493881510814662
24,amp_noise,8,0,1,0.015252186822633074
24,amp_noise,8,1,1,0.017656640377853083
24,amp_noise,8,2,0,0.024556262492074765
24,amp_noise,8,3,1,0.026639854660485573
24,amp_noise,8,4,1,0.02106582811663371
24,amp_noise,8,5,1,0.013288075389168319
24,amp_noise,8,6,1,0.009585398184785654
24,amp_noise,8,7,1,0.010587602988264666
24,amp_noise,8,8,1,0.008051025475204643
24,amp_noise,8,9,0,0.020478064588017264
24,amp_noise,9,0,1,0.05911642472626011
24,amp_noise,9,1,1,0.0038577637363157447
24,amp_noise,9,2,1,0.031188951371019402
24,amp_noise,9,3,1,0.05290670809862941
24,amp_noise,9,4,1,0.04040215194873664
24,amp_noise,9,5,1,0.0881304743179786
24,amp_noise,9,6,1,0.06646518911238797
24,amp_noise,9,7,1,0.06774620714416801
24,amp_noise,9,8,1,0.11163233661284577
24,amp_noise,9,9,1,0.03740003654482549
24,amp_noise,10,0,1,0.054690762554804984
24,amp_noise,10,1,1,0.02308360449056479
24,amp_noise,10,2,1,0.07594260937586195
24,amp_noise,10,3,1,0.053287516657466005
24,amp_noise,10,4,1,0.120557929866974
24,amp_noise,10,5,1,0.0015574115783489884
24,amp_noise,10,6,0,0.03667367884609929
24,amp_noise,10,7,1,0.07753077979407208
24,amp_noise,10,8,0,0.08686270828353049
24,amp_noise,10,9,1,0.14988996769948038
24,amp_noise,11,0,1,0.022955480035467213
24,amp_noise,11,1,1,0.02883587547075983
24,amp_noise,11,2,1,0.03663485922785725
24,amp_noise,11,3,0,0.05627071559738639
24,amp_noise,11,4,1,0.06715466681709514
24,amp_noise,11,5,0,0.04855641078115258
24,amp_noise,11,6,1,0.008323371931769463
24,amp_noise,11,7,0,0.017710742363734377
24,amp_noise,11,8,0,0.011743173737180035
24,amp_noise,11,9,1,0.012503513904318808
24,amp_noise,12,0,1,0.027050481935618542
24,amp_noise,12,1,1,0.006020500519082095
24,amp_noise,12,2,1,0.03192657147957512
24,amp_noise,12,3,0,0.008523374881174828
24,amp_noise,12,4,1,0.051883476306373466
24,amp_noise,12,5,1,0.018357886254082967
24,amp_noise,12,6,1,0.0609095534910461
24,amp_noise,12,7,1,0.024879545698626715
24,amp_noise,12,8,1,0.04576988412348593
24,amp_noise,12,9,1,0.029027297051049006
24,amp_noise,13,0,0,0.005955334512640964
24,amp_noise,13,1,1,0.004614722307767605
24,amp_noise,13,2,1,0.02039322255567977
24,amp_noise,13,3,1,0.015205721469535805
24,amp_noise,13,4,1,0.030857816384859738
24,amp_noise,13,5,1,0.06104607450587485
24,amp_noise,13,6,1,0.029112880503980088
24,amp_noise,13,7,1,0.022188289388036964
24,amp_noise,13,8,0,0.04975571451338312
24,amp_noise,13,9,1,0.006624112674860627
24,amp_noise,14,0,0,4.0610203034585624e-05
24,amp_noise,14,1,1,0.010574153433634548
24,amp_noise,14,2,1,0.009600970739109038
24,amp_noise,14,3,1,0.01679195354123697
24,amp_noise,14,4,1,0.009765824869892747
24,amp_noise,14,5,1,0.017747662020725974
24,amp_noise,14,6,1,0.023410667420389775
24,amp_noise,14,7,1,0.019014166710787483
24,amp_noise,14,8,1,0.01864798808268142
24,amp_noise,14,9,1,0.017066837455237738
24,amp_noise,15,0,0,0.054842131838228836
24,amp_noise,15,1,0,0.023652513008441955
24,amp_noise,15,2,1,0.02183581903264198
24,amp_noise,15,3,1,0.031228816864205422
24,amp_noise,15,4,1,0.049390730098729296
24,amp_noise,15,5,1,0.006639798425153498
24,amp_noise,15,6,0,0.048746165758040694
24,amp_noise,15,7,1,0.0006935488233417164
24,amp_noise,15,8,1,0.040126961231075176
24,amp_noise,15,9,1,0.02719637662682939
24,amp_noise,16,0,1,0.036790234421343326
24,amp_noise,16,1,0,0.008201132183369042
24,amp_noise,16,2,0,0.02885396098088977
24,amp_noise,16,3,1,0.02405956381827834
24,amp_noise,16,4,1,0.006191552358961849
24,amp_noise,16,5,1,0.016684061490765734
24,amp_noise,16,6,1,0.01307365405231753
24,amp_noise,16,7,1,0.054926469665686595
24,amp_noise,16,8,0,0.028098414159391294
24,amp_noise,16,9,1,0.010998132986795528
24,amp_noise,17,0,0,0.049896097920302696
24,amp_noise,17,1,1,0.0016650673459213117
24,amp_noise,17,2,1,0.021478973410373303
24,amp_noise,17,3,1,0.010557465598417415
24,amp_noise,17,4,1,0.007303377589635729
24,amp_noise,17,5,1,0.006534198520864454
24,amp_noise,17,6,1,0.047905752287058845
24,amp_noise,17,7,0,0.0034780117879480432
24,amp_noise,17,8,0,0.010912026074842096
24,amp_noise,17,9,1,0.01709336063275374
24,amp_noise,18,0,1,0.022849108081164582
24,amp_noise,18,1,1,0.036680300924755826
24,amp_noise,18,2,1,0.053456737363266504
24,amp_noise,18,3,1,0.05933313999107559
24,amp_noise,18,4,1,0.052774612394807296
24,amp_noise,18,5,1,0.08367508236725774
24,amp_noise,18,6,1,0.014384235595890749
24,amp_noise,18,7,1,0.04578040185954624
24,amp_noise,18,8,1,0.05919710227645414
24,amp_noise,18,9,1,0.013992626365975092
24,amp_noise,19,0,1,0.02767659741219375
24,amp_noise,19,1,1,0.019922491942883425
24,amp_noise,19,2,0,0.0015533325468429782
24,amp_noise,19,3,1,0.04529725821742692
24,amp_noise,19,4,1,0.0675256092194908
24,amp_noise,19,5,0,0.0009929492489509917
24,amp_noise,19,6,1,0.04198927360579874
24,amp_noise,19,7,1,0.03142128666702049
24,amp_noise,19,8,1,0.07741714952912226
24,amp_noise,19,9,1,0.023635800440581112
24,amp_noise,20,0,1,0.03498337860375167
24,amp_noise,20,1,1,0.04834337112755871
24,amp_noise,20,2,1,0.012318777037791162
24,amp_noise,20,3,1,0.0014030420029671475
24,amp_noise,20,4,1,0.028873797480522212
24,amp_noise,20,5,1,0.019523038388515768
24,amp_noise,20,6,1,0.04524187136456537
24,amp_noise,20,7,1,0.04026520901584407
24,amp_noise,20,8,1,0.023821216257160827
24,amp_noise,20,9,1,0.02285396673497786
24,amp_noise,21,0,1,0.07247612524885605
24,amp_noise,21,1,1,0.03591113736002083
24,amp_noise,21,2,1,0.004839727512598757
24,amp_noise,21,3,1,0.03648807676204724
24,amp_noise,21,4,1,0.07536907600673282
24,amp_noise,21,5,1,0.03528875342779125
24,amp_noise,21,6,1,0.0013923105602293706
24,amp_noise,21,7,1,0.027774191510981594
24,amp_noise,21,8,1,0.04810656182160278
24,amp_noise,21,9,1,0.017447237582241093
24,amp_noise,22,0,1,0.017343725253689546
24,amp_noise,22,1,1,0.018161052429502167
24,amp_noise,22,2,1,0.02815869176120822
24,amp_noise,22,3,0,0.006117602589439164
24,amp_noise,22,4,1,0.04552106138949363
24,amp_noise,22,5,0,0.02851584067011781
24,amp_noise,22,6,1,0.03652925455119804
24,amp_noise,22,7,1,0.0216451494252361
24,amp_noise,22,8,1,0.03727590230685163
24,amp_noise,22,9,1,0.0594445029496935
24,amp_noise,23,0,1,0.05910881177331628
24,amp_noise,23,1,1,0.05980066119746441
24,amp_noise,23,2,0,0.01246092131490606
24,amp_noise,23,3,0,0.0877349449105681
24,amp_noise,23,4,1,0.04231417037913299
24,amp_noise,23,5,0,0.0019783938849484706
24,amp_noise,23,6,1,0.03515361437538422
24,amp_noise,23,7,1,0.016953565641823376
24,amp_noise,23,8,1,0.009334509893327625
24,amp_noise,23,9,0,0.0010856546671887957
24,mixed,0,0,1,0.19960622728698157
24,mixed,0,1,1,0.12476585287480746
24,mixed,0,2,1,0.11706014862845537
24,mixed,0,3,1,0.26640646053225414
24,mixed,0,4,0,0.028943422591398926
24,mixed,0,5,1,0.1983404524322191
24,mixed,0,6,1,0.2534581065219239
24,mixed,0,7,1,0.17164227597901072
24,mixed,0,8,1,0.16921318573739785
24,mixed,0,9,1,0.27214045856951874
24,mixed,1,0,1,0.1586151982975817
24,mixed,1,1,1,0.07530955451167132
24,mixed,1,2,1,0.2240306835911301
24,mixed,1,3,1,0.0815449517825203
24,mixed,1,4,1,0.18532075964089378
24,mixed,1,5,1,0.2992962155130372
24,mixed,1,6,1,0.18958633925036583
24,mixed,1,7,1,0.20237811412490997
24,mixed,1,8,1,0.27578548190059493
24,mixed,1,9,1,0.14853942620345967
24,mixed,2,0,1,0.03631762022352891
24,mixed,2,1,1,0.03231903191345953
24,mixed,2,2,1,0.031314162158170955
24,mixed,2,3,1,0.03487756393276875
24,mixed,2,4,1,0.03343216724165865
24,mixed,2,5,1,0.03599090704283914
24,mixed,2,6,1,0.0230777984335806
24,mixed,2,7,1,0.034046558453764475
24,mixed,2,8,1,0.03461224172880717
24,mixed,2,9,1,0.03639511555736474
24,mixed,3,0,1,0.1855036270403585
24,mixed,3,1,1,0.11242302877883659
24,mixed,3,2,1,0.10428637051064182
24,mixed,3,3,1,0.16704107388267725
24,mixed,3,4,1,0.20009468460089141
24,mixed,3,5,1,0.13533178062520101
24,mixed,3,6,1,0.20419587950956541
24,mixed,3,7,1,0.1352217304228025
24,mixed,3,8,1,0.1717582346198835
24,mixed,3,9,0,0.026745460958849665
24,mixed,4,0,1,0.1218652206554785
24,mixed,4,1,1,0.1499029662110789
24,mixed,4,2,1,0.2173988782457934
24,mixed,4,3,1,0.1760268831745591
24,mixed,4,4,1,0.18982005046785677
24,mixed,4,5,1,0.10003334167593259
24,mixed,4,6,1,0.13676946898593267
24,mixed,4,7,1,0.08329222439376649
24,mixed,4,8,1,0.13277171587101477
24,mixed,4,9,1,0.17253361018156776
24,mixed,5,0,1,0.16524887840746405
24,mixed,5,1,1,0.13983763328032905
24,mixed,5,2,1,0.08831046490346117
24,mixed,5,3,1,0.05845221175597004
24,mixed,5,4,1,0.10881524220273542
24,mixed,5,5,1,0.12553422748367093
24,mixed,5,6,1,0.17418099910549334
24,mixed,5,7,1,0.15384790634552548
24,mixed,5,8,1,0.021842733755378152
24,mixed,5,9,1,0.07031956453365162
24,mixed,6,0,1,0.12519528737654861
24,mixed,6,1,1,0.046087745135008185
24,mixed,6,2,1,0.06033770314968806
24,mixed,6,3,1,0.00016756591983035918
24,mixed,6,4,1,0.11626712946639328
24,mixed,6,5,1,0.18076728433514389
24,mixed,6,6,1,0.10151405549933612
24,mixed,6,7,1,0.19517327481880226
24,mixed,6,8,1,0.23768561456625503
24,mixed,6,9,1,0.16320005487637623
24,mixed,7,0,1,0.1468502681665554
24,mixed,7,1,1,0.08068631650294622
24,mixed,7,2,1,0.08051808179555664
24,mixed,7,3,1,0.1629458287142348
24,mixed,7,4,1,0.11258538773698668
24,mixed,7,5,1,0.11366973400449754
24,mixed,7,6,1,0.15031007239579874
24,mixed,7,7,1,0.1712684738602276
24,mixed,7,8,1,0.10127018327604265
24,mixed,7,9,1,0.15576403834604435
24,mixed,8,0,1,0.023164236148134454
24,mixed,8,1,1,0.023908674960539944
24,mixed,8,2,1,0.01969745130532341
24,mixed,8,3,1,0.036137083399650716
24,mixed,8,4,1,0.029846982713030545
24,mixed,8,5,1,0.03262194024045484
24,mixed,8,6,1,0.014325036459213347
24,mixed,8,7,1,0.03376002018097257
24,mixed,8,8,1,0.023780441838507804
24,mixed,8,9,1,0.025028479524281
24,mixed,9,0,1,0.10880825113304082
24,mixed,9,1,1,0.08296223767999528
24,mixed,9,2,1,0.08048455019940881
24,mixed,9,3,1,0.09169936953083979
24,mixed,9,4,1,0.10441290667524916
24,mixed,9,5,1,0.12320462758160622
24,mixed,9,6,1,0.11754107811397763
24,mixed,9,7,1,0.11426926908073975
24,mixed,9,8,1,0.15207233223215066
24,mixed,9,9,1,0.07016203014964284
24,mixed,10,0,1,0.09453375559657218
24,mixed,10,1,1,0.07006005892894529
24,mixed,10,2,1,0.10870483564616706
24,mixed,10,3,1,0.10141973796725834
24,mixed,10,4,1,0.16258667745765565
24,mixed,10,5,1,0.04704067345845875
24,mixed,10,6,1,0.015288544472313759
24,mixed,10,7,1,0.12392499635001414
24,mixed,10,8,0,0.011042421364822474
24,mixed,10,9,1,0.18391112849687757
24,mixed,11,0,1,0.07303222391386766
24,mixed,11,1,1,0.05203725200529763
24,mixed,11,2,1,0.06924016509366093
24,mixed,11,3,0,0.020168612572708633
24,mixed,11,4,1,0.09120903141465342
24,mixed,11,5,0,0.008346507448123375
24,mixed,11,6,1,0.035317964910525856
24,mixed,11,7,1,0.011882973406828978
24,mixed,11,8,1,0.018416109680980397
24,mixed,11,9,1,0.05556320560331551
24,mixed,12,0,1,0.04202586371297756
24,mixed,12,1,1,0.01670728941140276
24,mixed,12,2,1,0.04079173803678526
24,mixed,12,3,1,0.01106410340884817
24,mixed,12,4,1,0.06555631024001085
24,mixed,12,5,1,0.08115907035945819
24,mixed,12,6,1,0.07744180215103147
24,mixed,12,7,1,0.034901462102059466
24,mixed,12,8,1,0.056240004756427986
24,mixed,12,9,1,0.041767230866007976
24,mixed,13,0,1,0.03593314140980719
24,mixed,13,1,1,0.031968607695830875
24,mixed,13,2,1,0.027620730610079303
24,mixed,13,3,1,0.02356515257125058
24,mixed,13,4,1,0.03165690862107429
24,mixed,13,5,1,0.07558153885453
24,mixed,13,6,1,0.04441340670039606
24,mixed,13,7,1,0.07583443441945903
24,mixed,13,8,1,0.019003105855743718
24,mixed,13,9,1,0.06087611576105256
24,mixed,14,0,1,0.012027086098143736
24,mixed,14,1,1,0.031623617294039175
24,mixed,14,2,1,0.01895198848464319
24,mixed,14,3,1,0.02523935813179745
24,mixed,14,4,1,0.029056755978294713
24,mixed,14,5,1,0.02850266695199133
24,mixed,14,6,1,0.03212469672992524
24,mixed,14,7,1,0.02811880735903427
24,mixed,14,8,1,0.027920453810277857
24,mixed,14,9,1,0.028008910558233957
24,mixed,15,0,0,0.04242795023496215
24,mixed,15,1,0,0.012358767533503623
24,mixed,15,2,1,0.034534101934327044
24,mixed,15,3,1,0.04081404483992057
24,mixed,15,4,1,0.06025628454450993
24,mixed,15,5,1,0.022522793071269587
24,mixed,15,6,0,0.004451290656901197
24,mixed,15,7,1,0.010232438068767169
24,mixed,15,8,1,0.06183494865155992
24,mixed,15,9,1,0.05315721052396982
24,mixed,16,0,1,0.04357351547046562
24,mixed,16,1,1,0.02574179609631355
24,mixed,16,2,1,0.00310795174215317
24,mixed,16,3,1,0.053064879144187116
24,mixed,16,4,1,0.016272163189225197
24,mixed,16,5,1,0.026143369871779454
24,mixed,16,6,1,0.049383251282539065
24,mixed,16,7,1,0.06816913210585152
24,mixed,16,8,1,0.02650856301913701
24,mixed,16,9,1,0.04581436629870361
24,mixed,17,0,0,0.018582280035898457
24,mixed,17,1,1,0.016024823420386358
24,mixed,17,2,1,0.032628249374631435
24,mixed,17,3,1,0.019392700253333173
24,mixed,17,4,1,0.019166022734977806
24,mixed,17,5,1,0.016256839151686187
24,mixed,17,6,1,0.04665108599829071
24,mixed,17,7,1,0.03511615858705086
24,mixed,17,8,0,0.0007080804537903385
24,mixed,17,9,1,0.050638218363579623
24,mixed,18,0,1,0.03207070865701822
24,mixed,18,1,1,0.04509325487067939
24,mixed,18,2,1,0.0542084877918545
24,mixed,18,3,1,0.06841062868300563
24,mixed,18,4,1,0.0664448509678624
24,mixed,18,5,1,0.09832508866292311
24,mixed,18,6,1,0.03196199532463928
24,mixed,18,7,1,0.05673787156511134
24,mixed,18,8,1,0.08028594292144231
24,mixed,18,9,1,0.025054975704746685
24,mixed,19,0,1,0.03891771262361887
24,mixed,19,1,1,0.03315969993174539
24,mixed,19,2,1,0.012483197660817402
24,mixed,19,3,1,0.056344156085597175
24,mixed,19,4,1,0.09544985427151048
24,mixed,19,5,1,0.012096491858321512
24,mixed,19,6,1,0.051858771879697785
24,mixed,19,7,1,0.037549583572779155
24,mixed,19,8,1,0.08899267571477382
24,mixed,19,9,1,0.024378421616355617
24,mixed,20,0,1,0.04308641737992169
24,mixed,20,1,1,0.058036972136019105
24,mixed,20,2,1,0.022666232494679805
24,mixed,20,3,0,0.002229759334037018
24,mixed,20,4,1,0.03366826556062108
24,mixed,20,5,1,0.034591187207120955
24,mixed,20,6,1,0.055925834381227946
24,mixed,20,7,1,0.049737570580013823
24,mixed,20,8,1,0.03481197258036883
24,mixed,20,9,1,0.03493818967033935
24,mixed,21,0,1,0.08676659336866893
24,mixed,21,1,1,0.048495750592312814
24,mixed,21,2,1,0.016866174136693002
24,mixed,21,3,1,0.047208804323347064
24,mixed,21,4,1,0.0857826761199596
24,mixed,21,5,1,0.04799223849633005
24,mixed,21,6,1,0.014024311355781638
24,mixed,21,7,1,0.044049568782434656
24,mixed,21,8,1,0.05920515092853618
24,mixed,21,9,1,0.028827123888491513
24,mixed,22,0,1,0.02730188319372595
24,mixed,22,1,1,0.029058429377571304
24,mixed,22,2,1,0.035303204899573726
24,mixed,22,3,0,0.014043449105154981
24,mixed,22,4,1,0.053165668620064666
24,mixed,22,5,1,0.019332261407525753
24,mixed,22,6,1,0.048179317796429255
24,mixed,22,7,1,0.03363429118106254
24,mixed,22,8,1,0.049941231013431175
24,mixed,22,9,1,0.07006920335704625
24,mixed,23,0,1,0.0691821313076808
24,mixed,23,1,1,0.05149247091355502
24,mixed,23,2,1,0.007972702354128613
24,mixed,23,3,1,0.02104146917938493
24,mixed,23,4,1,0.05726536007431143
24,mixed,23,5,0,0.002587018371238037
24,mixed,23,6,1,0.04552546876498886
24,mixed,23,7,1,0.027906087814943414
24,mixed,23,8,1,0.01883946141027726
24,mixed,23,9,1,0.009815593235870335
