corruption,target,seed,pred,correct,resolved,correct_resolved,wrong_resolved,margin
phase_wipe,0,20,0,1,True,1,0,0.1878226623265776
phase_wipe,0,21,0,1,True,1,0,0.1878226623265776
phase_wipe,0,22,0,1,True,1,0,0.1878226623265776
phase_wipe,0,23,0,1,True,1,0,0.1878226623265776
phase_wipe,0,24,0,1,True,1,0,0.1878226623265776
phase_wipe,0,25,0,1,True,1,0,0.1878226623265776
phase_wipe,0,26,0,1,True,1,0,0.1878226623265776
phase_wipe,0,27,0,1,True,1,0,0.1878226623265776
phase_wipe,0,28,0,1,True,1,0,0.1878226623265776
phase_wipe,0,29,0,1,True,1,0,0.1878226623265776
phase_wipe,0,30,0,1,True,1,0,0.1878226623265776
phase_wipe,0,31,0,1,True,1,0,0.1878226623265776
phase_wipe,0,32,0,1,True,1,0,0.1878226623265776
phase_wipe,0,33,0,1,True,1,0,0.1878226623265776
phase_wipe,0,34,0,1,True,1,0,0.1878226623265776
phase_wipe,0,35,0,1,True,1,0,0.1878226623265776
phase_wipe,0,36,0,1,True,1,0,0.1878226623265776
phase_wipe,0,37,0,1,True,1,0,0.1878226623265776
phase_wipe,0,38,0,1,True,1,0,0.1878226623265776
phase_wipe,0,39,0,1,True,1,0,0.1878226623265776
phase_wipe,1,20,1,1,True,1,0,0.18782261976671907
phase_wipe,1,21,1,1,True,1,0,0.18782261976671907
phase_wipe,1,22,1,1,True,1,0,0.18782261976671907
phase_wipe,1,23,1,1,True,1,0,0.18782261976671907
phase_wipe,1,24,1,1,True,1,0,0.18782261976671907
phase_wipe,1,25,1,1,True,1,0,0.18782261976671907
phase_wipe,1,26,1,1,True,1,0,0.18782261976671907
phase_wipe,1,27,1,1,True,1,0,0.18782261976671907
phase_wipe,1,28,1,1,True,1,0,0.18782261976671907
phase_wipe,1,29,1,1,True,1,0,0.18782261976671907
phase_wipe,1,30,1,1,True,1,0,0.18782261976671907
phase_wipe,1,31,1,1,True,1,0,0.18782261976671907
phase_wipe,1,32,1,1,True,1,0,0.18782261976671907
phase_wipe,1,33,1,1,True,1,0,0.18782261976671907
phase_wipe,1,34,1,1,True,1,0,0.18782261976671907
phase_wipe,1,35,1,1,True,1,0,0.18782261976671907
phase_wipe,1,36,1,1,True,1,0,0.18782261976671907
phase_wipe,1,37,1,1,True,1,0,0.18782261976671907
phase_wipe,1,38,1,1,True,1,0,0.18782261976671907
phase_wipe,1,39,1,1,True,1,0,0.18782261976671907
phase_wipe,2,20,2,1,True,1,0,0.18782267948467432
phase_wipe,2,21,2,1,True,1,0,0.18782267948467432
phase_wipe,2,22,2,1,True,1,0,0.18782267948467432
phase_wipe,2,23,2,1,True,1,0,0.18782267948467432
phase_wipe,2,24,2,1,True,1,0,0.18782267948467432
phase_wipe,2,25,2,1,True,1,0,0.18782267948467432
phase_wipe,2,26,2,1,True,1,0,0.18782267948467432
phase_wipe,2,27,2,1,True,1,0,0.18782267948467432
phase_wipe,2,28,2,1,True,1,0,0.18782267948467432
phase_wipe,2,29,2,1,True,1,0,0.18782267948467432
phase_wipe,2,30,2,1,True,1,0,0.18782267948467432
phase_wipe,2,31,2,1,True,1,0,0.18782267948467432
phase_wipe,2,32,2,1,True,1,0,0.18782267948467432
phase_wipe,2,33,2,1,True,1,0,0.18782267948467432
phase_wipe,2,34,2,1,True,1,0,0.18782267948467432
phase_wipe,2,35,2,1,True,1,0,0.18782267948467432
phase_wipe,2,36,2,1,True,1,0,0.18782267948467432
phase_wipe,2,37,2,1,True,1,0,0.18782267948467432
phase_wipe,2,38,2,1,True,1,0,0.18782267948467432
phase_wipe,2,39,2,1,True,1,0,0.18782267948467432
phase_wipe,3,20,3,1,True,1,0,0.1878226427500033
phase_wipe,3,21,3,1,True,1,0,0.1878226427500033
phase_wipe,3,22,3,1,True,1,0,0.1878226427500033
phase_wipe,3,23,3,1,True,1,0,0.1878226427500033
phase_wipe,3,24,3,1,True,1,0,0.1878226427500033
phase_wipe,3,25,3,1,True,1,0,0.1878226427500033
phase_wipe,3,26,3,1,True,1,0,0.1878226427500033
phase_wipe,3,27,3,1,True,1,0,0.1878226427500033
phase_wipe,3,28,3,1,True,1,0,0.1878226427500033
phase_wipe,3,29,3,1,True,1,0,0.1878226427500033
phase_wipe,3,30,3,1,True,1,0,0.1878226427500033
phase_wipe,3,31,3,1,True,1,0,0.1878226427500033
phase_wipe,3,32,3,1,True,1,0,0.1878226427500033
phase_wipe,3,33,3,1,True,1,0,0.1878226427500033
phase_wipe,3,34,3,1,True,1,0,0.1878226427500033
phase_wipe,3,35,3,1,True,1,0,0.1878226427500033
phase_wipe,3,36,3,1,True,1,0,0.1878226427500033
phase_wipe,3,37,3,1,True,1,0,0.1878226427500033
phase_wipe,3,38,3,1,True,1,0,0.1878226427500033
phase_wipe,3,39,3,1,True,1,0,0.1878226427500033
phase_wipe,4,20,4,1,True,1,0,0.18782260049577731
phase_wipe,4,21,4,1,True,1,0,0.18782260049577731
phase_wipe,4,22,4,1,True,1,0,0.18782260049577731
phase_wipe,4,23,4,1,True,1,0,0.18782260049577731
phase_wipe,4,24,4,1,True,1,0,0.18782260049577731
phase_wipe,4,25,4,1,True,1,0,0.18782260049577731
phase_wipe,4,26,4,1,True,1,0,0.18782260049577731
phase_wipe,4,27,4,1,True,1,0,0.18782260049577731
phase_wipe,4,28,4,1,True,1,0,0.18782260049577731
phase_wipe,4,29,4,1,True,1,0,0.18782260049577731
phase_wipe,4,30,4,1,True,1,0,0.18782260049577731
phase_wipe,4,31,4,1,True,1,0,0.18782260049577731
phase_wipe,4,32,4,1,True,1,0,0.18782260049577731
phase_wipe,4,33,4,1,True,1,0,0.18782260049577731
phase_wipe,4,34,4,1,True,1,0,0.18782260049577731
phase_wipe,4,35,4,1,True,1,0,0.18782260049577731
phase_wipe,4,36,4,1,True,1,0,0.18782260049577731
phase_wipe,4,37,4,1,True,1,0,0.18782260049577731
phase_wipe,4,38,4,1,True,1,0,0.18782260049577731
phase_wipe,4,39,4,1,True,1,0,0.18782260049577731
phase_wipe,5,20,5,1,True,1,0,0.18782265978836582
phase_wipe,5,21,5,1,True,1,0,0.18782265978836582
phase_wipe,5,22,5,1,True,1,0,0.18782265978836582
phase_wipe,5,23,5,1,True,1,0,0.18782265978836582
phase_wipe,5,24,5,1,True,1,0,0.18782265978836582
phase_wipe,5,25,5,1,True,1,0,0.18782265978836582
phase_wipe,5,26,5,1,True,1,0,0.18782265978836582
phase_wipe,5,27,5,1,True,1,0,0.18782265978836582
phase_wipe,5,28,5,1,True,1,0,0.18782265978836582
phase_wipe,5,29,5,1,True,1,0,0.18782265978836582
phase_wipe,5,30,5,1,True,1,0,0.18782265978836582
phase_wipe,5,31,5,1,True,1,0,0.18782265978836582
phase_wipe,5,32,5,1,True,1,0,0.18782265978836582
phase_wipe,5,33,5,1,True,1,0,0.18782265978836582
phase_wipe,5,34,5,1,True,1,0,0.18782265978836582
phase_wipe,5,35,5,1,True,1,0,0.18782265978836582
phase_wipe,5,36,5,1,True,1,0,0.18782265978836582
phase_wipe,5,37,5,1,True,1,0,0.18782265978836582
phase_wipe,5,38,5,1,True,1,0,0.18782265978836582
phase_wipe,5,39,5,1,True,1,0,0.18782265978836582
phase_wipe,6,20,6,1,True,1,0,0.1878226703294332
phase_wipe,6,21,6,1,True,1,0,0.1878226703294332
phase_wipe,6,22,6,1,True,1,0,0.1878226703294332
phase_wipe,6,23,6,1,True,1,0,0.1878226703294332
phase_wipe,6,24,6,1,True,1,0,0.1878226703294332
phase_wipe,6,25,6,1,True,1,0,0.1878226703294332
phase_wipe,6,26,6,1,True,1,0,0.1878226703294332
phase_wipe,6,27,6,1,True,1,0,0.1878226703294332
phase_wipe,6,28,6,1,True,1,0,0.1878226703294332
phase_wipe,6,29,6,1,True,1,0,0.1878226703294332
phase_wipe,6,30,6,1,True,1,0,0.1878226703294332
phase_wipe,6,31,6,1,True,1,0,0.1878226703294332
phase_wipe,6,32,6,1,True,1,0,0.1878226703294332
phase_wipe,6,33,6,1,True,1,0,0.1878226703294332
phase_wipe,6,34,6,1,True,1,0,0.1878226703294332
phase_wipe,6,35,6,1,True,1,0,0.1878226703294332
phase_wipe,6,36,6,1,True,1,0,0.1878226703294332
phase_wipe,6,37,6,1,True,1,0,0.1878226703294332
phase_wipe,6,38,6,1,True,1,0,0.1878226703294332
phase_wipe,6,39,6,1,True,1,0,0.1878226703294332
phase_wipe,7,20,7,1,True,1,0,0.1878226276473381
phase_wipe,7,21,7,1,True,1,0,0.1878226276473381
phase_wipe,7,22,7,1,True,1,0,0.1878226276473381
phase_wipe,7,23,7,1,True,1,0,0.1878226276473381
phase_wipe,7,24,7,1,True,1,0,0.1878226276473381
phase_wipe,7,25,7,1,True,1,0,0.1878226276473381
phase_wipe,7,26,7,1,True,1,0,0.1878226276473381
phase_wipe,7,27,7,1,True,1,0,0.1878226276473381
phase_wipe,7,28,7,1,True,1,0,0.1878226276473381
phase_wipe,7,29,7,1,True,1,0,0.1878226276473381
phase_wipe,7,30,7,1,True,1,0,0.1878226276473381
phase_wipe,7,31,7,1,True,1,0,0.1878226276473381
phase_wipe,7,32,7,1,True,1,0,0.1878226276473381
phase_wipe,7,33,7,1,True,1,0,0.1878226276473381
phase_wipe,7,34,7,1,True,1,0,0.1878226276473381
phase_wipe,7,35,7,1,True,1,0,0.1878226276473381
phase_wipe,7,36,7,1,True,1,0,0.1878226276473381
phase_wipe,7,37,7,1,True,1,0,0.1878226276473381
phase_wipe,7,38,7,1,True,1,0,0.1878226276473381
phase_wipe,7,39,7,1,True,1,0,0.1878226276473381
phase_wipe,8,20,8,1,True,1,0,0.1878226623265776
phase_wipe,8,21,8,1,True,1,0,0.1878226623265776
phase_wipe,8,22,8,1,True,1,0,0.1878226623265776
phase_wipe,8,23,8,1,True,1,0,0.1878226623265776
phase_wipe,8,24,8,1,True,1,0,0.1878226623265776
phase_wipe,8,25,8,1,True,1,0,0.1878226623265776
phase_wipe,8,26,8,1,True,1,0,0.1878226623265776
phase_wipe,8,27,8,1,True,1,0,0.1878226623265776
phase_wipe,8,28,8,1,True,1,0,0.1878226623265776
phase_wipe,8,29,8,1,True,1,0,0.1878226623265776
phase_wipe,8,30,8,1,True,1,0,0.1878226623265776
phase_wipe,8,31,8,1,True,1,0,0.1878226623265776
phase_wipe,8,32,8,1,True,1,0,0.1878226623265776
phase_wipe,8,33,8,1,True,1,0,0.1878226623265776
phase_wipe,8,34,8,1,True,1,0,0.1878226623265776
phase_wipe,8,35,8,1,True,1,0,0.1878226623265776
phase_wipe,8,36,8,1,True,1,0,0.1878226623265776
phase_wipe,8,37,8,1,True,1,0,0.1878226623265776
phase_wipe,8,38,8,1,True,1,0,0.1878226623265776
phase_wipe,8,39,8,1,True,1,0,0.1878226623265776
phase_wipe,9,20,9,1,True,1,0,0.18782261976671907
phase_wipe,9,21,9,1,True,1,0,0.18782261976671907
phase_wipe,9,22,9,1,True,1,0,0.18782261976671907
phase_wipe,9,23,9,1,True,1,0,0.18782261976671907
phase_wipe,9,24,9,1,True,1,0,0.18782261976671907
phase_wipe,9,25,9,1,True,1,0,0.18782261976671907
phase_wipe,9,26,9,1,True,1,0,0.18782261976671907
phase_wipe,9,27,9,1,True,1,0,0.18782261976671907
phase_wipe,9,28,9,1,True,1,0,0.18782261976671907
phase_wipe,9,29,9,1,True,1,0,0.18782261976671907
phase_wipe,9,30,9,1,True,1,0,0.18782261976671907
phase_wipe,9,31,9,1,True,1,0,0.18782261976671907
phase_wipe,9,32,9,1,True,1,0,0.18782261976671907
phase_wipe,9,33,9,1,True,1,0,0.18782261976671907
phase_wipe,9,34,9,1,True,1,0,0.18782261976671907
phase_wipe,9,35,9,1,True,1,0,0.18782261976671907
phase_wipe,9,36,9,1,True,1,0,0.18782261976671907
phase_wipe,9,37,9,1,True,1,0,0.18782261976671907
phase_wipe,9,38,9,1,True,1,0,0.18782261976671907
phase_wipe,9,39,9,1,True,1,0,0.18782261976671907
phase_wipe,10,20,10,1,True,1,0,0.18782267948467432
phase_wipe,10,21,10,1,True,1,0,0.18782267948467432
phase_wipe,10,22,10,1,True,1,0,0.18782267948467432
phase_wipe,10,23,10,1,True,1,0,0.18782267948467432
phase_wipe,10,24,10,1,True,1,0,0.18782267948467432
phase_wipe,10,25,10,1,True,1,0,0.18782267948467432
phase_wipe,10,26,10,1,True,1,0,0.18782267948467432
phase_wipe,10,27,10,1,True,1,0,0.18782267948467432
phase_wipe,10,28,10,1,True,1,0,0.18782267948467432
phase_wipe,10,29,10,1,True,1,0,0.18782267948467432
phase_wipe,10,30,10,1,True,1,0,0.18782267948467432
phase_wipe,10,31,10,1,True,1,0,0.18782267948467432
phase_wipe,10,32,10,1,True,1,0,0.18782267948467432
phase_wipe,10,33,10,1,True,1,0,0.18782267948467432
phase_wipe,10,34,10,1,True,1,0,0.18782267948467432
phase_wipe,10,35,10,1,True,1,0,0.18782267948467432
phase_wipe,10,36,10,1,True,1,0,0.18782267948467432
phase_wipe,10,37,10,1,True,1,0,0.18782267948467432
phase_wipe,10,38,10,1,True,1,0,0.18782267948467432
phase_wipe,10,39,10,1,True,1,0,0.18782267948467432
phase_wipe,11,20,11,1,True,1,0,0.1878226427500033
phase_wipe,11,21,11,1,True,1,0,0.1878226427500033
phase_wipe,11,22,11,1,True,1,0,0.1878226427500033
phase_wipe,11,23,11,1,True,1,0,0.1878226427500033
phase_wipe,11,24,11,1,True,1,0,0.1878226427500033
phase_wipe,11,25,11,1,True,1,0,0.1878226427500033
phase_wipe,11,26,11,1,True,1,0,0.1878226427500033
phase_wipe,11,27,11,1,True,1,0,0.1878226427500033
phase_wipe,11,28,11,1,True,1,0,0.1878226427500033
phase_wipe,11,29,11,1,True,1,0,0.1878226427500033
phase_wipe,11,30,11,1,True,1,0,0.1878226427500033
phase_wipe,11,31,11,1,True,1,0,0.1878226427500033
phase_wipe,11,32,11,1,True,1,0,0.1878226427500033
phase_wipe,11,33,11,1,True,1,0,0.1878226427500033
phase_wipe,11,34,11,1,True,1,0,0.1878226427500033
phase_wipe,11,35,11,1,True,1,0,0.1878226427500033
phase_wipe,11,36,11,1,True,1,0,0.1878226427500033
phase_wipe,11,37,11,1,True,1,0,0.1878226427500033
phase_wipe,11,38,11,1,True,1,0,0.1878226427500033
phase_wipe,11,39,11,1,True,1,0,0.1878226427500033
phase_wipe,12,20,12,1,True,1,0,0.18782260049577731
phase_wipe,12,21,12,1,True,1,0,0.18782260049577731
phase_wipe,12,22,12,1,True,1,0,0.18782260049577731
phase_wipe,12,23,12,1,True,1,0,0.18782260049577731
phase_wipe,12,24,12,1,True,1,0,0.18782260049577731
phase_wipe,12,25,12,1,True,1,0,0.18782260049577731
phase_wipe,12,26,12,1,True,1,0,0.18782260049577731
phase_wipe,12,27,12,1,True,1,0,0.18782260049577731
phase_wipe,12,28,12,1,True,1,0,0.18782260049577731
phase_wipe,12,29,12,1,True,1,0,0.18782260049577731
phase_wipe,12,30,12,1,True,1,0,0.18782260049577731
phase_wipe,12,31,12,1,True,1,0,0.18782260049577731
phase_wipe,12,32,12,1,True,1,0,0.18782260049577731
phase_wipe,12,33,12,1,True,1,0,0.18782260049577731
phase_wipe,12,34,12,1,True,1,0,0.18782260049577731
phase_wipe,12,35,12,1,True,1,0,0.18782260049577731
phase_wipe,12,36,12,1,True,1,0,0.18782260049577731
phase_wipe,12,37,12,1,True,1,0,0.18782260049577731
phase_wipe,12,38,12,1,True,1,0,0.18782260049577731
phase_wipe,12,39,12,1,True,1,0,0.18782260049577731
phase_wipe,13,20,13,1,True,1,0,0.18782265978836582
phase_wipe,13,21,13,1,True,1,0,0.18782265978836582
phase_wipe,13,22,13,1,True,1,0,0.18782265978836582
phase_wipe,13,23,13,1,True,1,0,0.18782265978836582
phase_wipe,13,24,13,1,True,1,0,0.18782265978836582
phase_wipe,13,25,13,1,True,1,0,0.18782265978836582
phase_wipe,13,26,13,1,True,1,0,0.18782265978836582
phase_wipe,13,27,13,1,True,1,0,0.18782265978836582
phase_wipe,13,28,13,1,True,1,0,0.18782265978836582
phase_wipe,13,29,13,1,True,1,0,0.18782265978836582
phase_wipe,13,30,13,1,True,1,0,0.18782265978836582
phase_wipe,13,31,13,1,True,1,0,0.18782265978836582
phase_wipe,13,32,13,1,True,1,0,0.18782265978836582
phase_wipe,13,33,13,1,True,1,0,0.18782265978836582
phase_wipe,13,34,13,1,True,1,0,0.18782265978836582
phase_wipe,13,35,13,1,True,1,0,0.18782265978836582
phase_wipe,13,36,13,1,True,1,0,0.18782265978836582
phase_wipe,13,37,13,1,True,1,0,0.18782265978836582
phase_wipe,13,38,13,1,True,1,0,0.18782265978836582
phase_wipe,13,39,13,1,True,1,0,0.18782265978836582
phase_wipe,14,20,14,1,True,1,0,0.1878226703294332
phase_wipe,14,21,14,1,True,1,0,0.1878226703294332
phase_wipe,14,22,14,1,True,1,0,0.1878226703294332
phase_wipe,14,23,14,1,True,1,0,0.1878226703294332
phase_wipe,14,24,14,1,True,1,0,0.1878226703294332
phase_wipe,14,25,14,1,True,1,0,0.1878226703294332
phase_wipe,14,26,14,1,True,1,0,0.1878226703294332
phase_wipe,14,27,14,1,True,1,0,0.1878226703294332
phase_wipe,14,28,14,1,True,1,0,0.1878226703294332
phase_wipe,14,29,14,1,True,1,0,0.1878226703294332
phase_wipe,14,30,14,1,True,1,0,0.1878226703294332
phase_wipe,14,31,14,1,True,1,0,0.1878226703294332
phase_wipe,14,32,14,1,True,1,0,0.1878226703294332
phase_wipe,14,33,14,1,True,1,0,0.1878226703294332
phase_wipe,14,34,14,1,True,1,0,0.1878226703294332
phase_wipe,14,35,14,1,True,1,0,0.1878226703294332
phase_wipe,14,36,14,1,True,1,0,0.1878226703294332
phase_wipe,14,37,14,1,True,1,0,0.1878226703294332
phase_wipe,14,38,14,1,True,1,0,0.1878226703294332
phase_wipe,14,39,14,1,True,1,0,0.1878226703294332
phase_wipe,15,20,15,1,True,1,0,0.1878226276473381
phase_wipe,15,21,15,1,True,1,0,0.1878226276473381
phase_wipe,15,22,15,1,True,1,0,0.1878226276473381
phase_wipe,15,23,15,1,True,1,0,0.1878226276473381
phase_wipe,15,24,15,1,True,1,0,0.1878226276473381
phase_wipe,15,25,15,1,True,1,0,0.1878226276473381
phase_wipe,15,26,15,1,True,1,0,0.1878226276473381
phase_wipe,15,27,15,1,True,1,0,0.1878226276473381
phase_wipe,15,28,15,1,True,1,0,0.1878226276473381
phase_wipe,15,29,15,1,True,1,0,0.1878226276473381
phase_wipe,15,30,15,1,True,1,0,0.1878226276473381
phase_wipe,15,31,15,1,True,1,0,0.1878226276473381
phase_wipe,15,32,15,1,True,1,0,0.1878226276473381
phase_wipe,15,33,15,1,True,1,0,0.1878226276473381
phase_wipe,15,34,15,1,True,1,0,0.1878226276473381
phase_wipe,15,35,15,1,True,1,0,0.1878226276473381
phase_wipe,15,36,15,1,True,1,0,0.1878226276473381
phase_wipe,15,37,15,1,True,1,0,0.1878226276473381
phase_wipe,15,38,15,1,True,1,0,0.1878226276473381
phase_wipe,15,39,15,1,True,1,0,0.1878226276473381
phase_wipe,16,20,16,1,True,1,0,0.1878229695001254
phase_wipe,16,21,16,1,True,1,0,0.1878229695001254
phase_wipe,16,22,16,1,True,1,0,0.1878229695001254
phase_wipe,16,23,16,1,True,1,0,0.1878229695001254
phase_wipe,16,24,16,1,True,1,0,0.1878229695001254
phase_wipe,16,25,16,1,True,1,0,0.1878229695001254
phase_wipe,16,26,16,1,True,1,0,0.1878229695001254
phase_wipe,16,27,16,1,True,1,0,0.1878229695001254
phase_wipe,16,28,16,1,True,1,0,0.1878229695001254
phase_wipe,16,29,16,1,True,1,0,0.1878229695001254
phase_wipe,16,30,16,1,True,1,0,0.1878229695001254
phase_wipe,16,31,16,1,True,1,0,0.1878229695001254
phase_wipe,16,32,16,1,True,1,0,0.1878229695001254
phase_wipe,16,33,16,1,True,1,0,0.1878229695001254
phase_wipe,16,34,16,1,True,1,0,0.1878229695001254
phase_wipe,16,35,16,1,True,1,0,0.1878229695001254
phase_wipe,16,36,16,1,True,1,0,0.1878229695001254
phase_wipe,16,37,16,1,True,1,0,0.1878229695001254
phase_wipe,16,38,16,1,True,1,0,0.1878229695001254
phase_wipe,16,39,16,1,True,1,0,0.1878229695001254
phase_wipe,17,20,17,1,True,1,0,0.18782296248999972
phase_wipe,17,21,17,1,True,1,0,0.18782296248999972
phase_wipe,17,22,17,1,True,1,0,0.18782296248999972
phase_wipe,17,23,17,1,True,1,0,0.18782296248999972
phase_wipe,17,24,17,1,True,1,0,0.18782296248999972
phase_wipe,17,25,17,1,True,1,0,0.18782296248999972
phase_wipe,17,26,17,1,True,1,0,0.18782296248999972
phase_wipe,17,27,17,1,True,1,0,0.18782296248999972
phase_wipe,17,28,17,1,True,1,0,0.18782296248999972
phase_wipe,17,29,17,1,True,1,0,0.18782296248999972
phase_wipe,17,30,17,1,True,1,0,0.18782296248999972
phase_wipe,17,31,17,1,True,1,0,0.18782296248999972
phase_wipe,17,32,17,1,True,1,0,0.18782296248999972
phase_wipe,17,33,17,1,True,1,0,0.18782296248999972
phase_wipe,17,34,17,1,True,1,0,0.18782296248999972
phase_wipe,17,35,17,1,True,1,0,0.18782296248999972
phase_wipe,17,36,17,1,True,1,0,0.18782296248999972
phase_wipe,17,37,17,1,True,1,0,0.18782296248999972
phase_wipe,17,38,17,1,True,1,0,0.18782296248999972
phase_wipe,17,39,17,1,True,1,0,0.18782296248999972
phase_wipe,18,20,18,1,True,1,0,0.18782297223591715
phase_wipe,18,21,18,1,True,1,0,0.18782297223591715
phase_wipe,18,22,18,1,True,1,0,0.18782297223591715
phase_wipe,18,23,18,1,True,1,0,0.18782297223591715
phase_wipe,18,24,18,1,True,1,0,0.18782297223591715
phase_wipe,18,25,18,1,True,1,0,0.18782297223591715
phase_wipe,18,26,18,1,True,1,0,0.18782297223591715
phase_wipe,18,27,18,1,True,1,0,0.18782297223591715
phase_wipe,18,28,18,1,True,1,0,0.18782297223591715
phase_wipe,18,29,18,1,True,1,0,0.18782297223591715
phase_wipe,18,30,18,1,True,1,0,0.18782297223591715
phase_wipe,18,31,18,1,True,1,0,0.18782297223591715
phase_wipe,18,32,18,1,True,1,0,0.18782297223591715
phase_wipe,18,33,18,1,True,1,0,0.18782297223591715
phase_wipe,18,34,18,1,True,1,0,0.18782297223591715
phase_wipe,18,35,18,1,True,1,0,0.18782297223591715
phase_wipe,18,36,18,1,True,1,0,0.18782297223591715
phase_wipe,18,37,18,1,True,1,0,0.18782297223591715
phase_wipe,18,38,18,1,True,1,0,0.18782297223591715
phase_wipe,18,39,18,1,True,1,0,0.18782297223591715
phase_wipe,19,20,19,1,True,1,0,0.18782296863794296
phase_wipe,19,21,19,1,True,1,0,0.18782296863794296
phase_wipe,19,22,19,1,True,1,0,0.18782296863794296
phase_wipe,19,23,19,1,True,1,0,0.18782296863794296
phase_wipe,19,24,19,1,True,1,0,0.18782296863794296
phase_wipe,19,25,19,1,True,1,0,0.18782296863794296
phase_wipe,19,26,19,1,True,1,0,0.18782296863794296
phase_wipe,19,27,19,1,True,1,0,0.18782296863794296
phase_wipe,19,28,19,1,True,1,0,0.18782296863794296
phase_wipe,19,29,19,1,True,1,0,0.18782296863794296
phase_wipe,19,30,19,1,True,1,0,0.18782296863794296
phase_wipe,19,31,19,1,True,1,0,0.18782296863794296
phase_wipe,19,32,19,1,True,1,0,0.18782296863794296
phase_wipe,19,33,19,1,True,1,0,0.18782296863794296
phase_wipe,19,34,19,1,True,1,0,0.18782296863794296
phase_wipe,19,35,19,1,True,1,0,0.18782296863794296
phase_wipe,19,36,19,1,True,1,0,0.18782296863794296
phase_wipe,19,37,19,1,True,1,0,0.18782296863794296
phase_wipe,19,38,19,1,True,1,0,0.18782296863794296
phase_wipe,19,39,19,1,True,1,0,0.18782296863794296
phase_wipe,20,20,20,1,True,1,0,0.18782296164028991
phase_wipe,20,21,20,1,True,1,0,0.18782296164028991
phase_wipe,20,22,20,1,True,1,0,0.18782296164028991
phase_wipe,20,23,20,1,True,1,0,0.18782296164028991
phase_wipe,20,24,20,1,True,1,0,0.18782296164028991
phase_wipe,20,25,20,1,True,1,0,0.18782296164028991
phase_wipe,20,26,20,1,True,1,0,0.18782296164028991
phase_wipe,20,27,20,1,True,1,0,0.18782296164028991
phase_wipe,20,28,20,1,True,1,0,0.18782296164028991
phase_wipe,20,29,20,1,True,1,0,0.18782296164028991
phase_wipe,20,30,20,1,True,1,0,0.18782296164028991
phase_wipe,20,31,20,1,True,1,0,0.18782296164028991
phase_wipe,20,32,20,1,True,1,0,0.18782296164028991
phase_wipe,20,33,20,1,True,1,0,0.18782296164028991
phase_wipe,20,34,20,1,True,1,0,0.18782296164028991
phase_wipe,20,35,20,1,True,1,0,0.18782296164028991
phase_wipe,20,36,20,1,True,1,0,0.18782296164028991
phase_wipe,20,37,20,1,True,1,0,0.18782296164028991
phase_wipe,20,38,20,1,True,1,0,0.18782296164028991
phase_wipe,20,39,20,1,True,1,0,0.18782296164028991
phase_wipe,21,20,21,1,True,1,0,0.18782297137012868
phase_wipe,21,21,21,1,True,1,0,0.18782297137012868
phase_wipe,21,22,21,1,True,1,0,0.18782297137012868
phase_wipe,21,23,21,1,True,1,0,0.18782297137012868
phase_wipe,21,24,21,1,True,1,0,0.18782297137012868
phase_wipe,21,25,21,1,True,1,0,0.18782297137012868
phase_wipe,21,26,21,1,True,1,0,0.18782297137012868
phase_wipe,21,27,21,1,True,1,0,0.18782297137012868
phase_wipe,21,28,21,1,True,1,0,0.18782297137012868
phase_wipe,21,29,21,1,True,1,0,0.18782297137012868
phase_wipe,21,30,21,1,True,1,0,0.18782297137012868
phase_wipe,21,31,21,1,True,1,0,0.18782297137012868
phase_wipe,21,32,21,1,True,1,0,0.18782297137012868
phase_wipe,21,33,21,1,True,1,0,0.18782297137012868
phase_wipe,21,34,21,1,True,1,0,0.18782297137012868
phase_wipe,21,35,21,1,True,1,0,0.18782297137012868
phase_wipe,21,36,21,1,True,1,0,0.18782297137012868
phase_wipe,21,37,21,1,True,1,0,0.18782297137012868
phase_wipe,21,38,21,1,True,1,0,0.18782297137012868
phase_wipe,21,39,21,1,True,1,0,0.18782297137012868
phase_wipe,22,20,22,1,True,1,0,0.18782296985255037
phase_wipe,22,21,22,1,True,1,0,0.18782296985255037
phase_wipe,22,22,22,1,True,1,0,0.18782296985255037
phase_wipe,22,23,22,1,True,1,0,0.18782296985255037
phase_wipe,22,24,22,1,True,1,0,0.18782296985255037
phase_wipe,22,25,22,1,True,1,0,0.18782296985255037
phase_wipe,22,26,22,1,True,1,0,0.18782296985255037
phase_wipe,22,27,22,1,True,1,0,0.18782296985255037
phase_wipe,22,28,22,1,True,1,0,0.18782296985255037
phase_wipe,22,29,22,1,True,1,0,0.18782296985255037
phase_wipe,22,30,22,1,True,1,0,0.18782296985255037
phase_wipe,22,31,22,1,True,1,0,0.18782296985255037
phase_wipe,22,32,22,1,True,1,0,0.18782296985255037
phase_wipe,22,33,22,1,True,1,0,0.18782296985255037
phase_wipe,22,34,22,1,True,1,0,0.18782296985255037
phase_wipe,22,35,22,1,True,1,0,0.18782296985255037
phase_wipe,22,36,22,1,True,1,0,0.18782296985255037
phase_wipe,22,37,22,1,True,1,0,0.18782296985255037
phase_wipe,22,38,22,1,True,1,0,0.18782296985255037
phase_wipe,22,39,22,1,True,1,0,0.18782296985255037
phase_wipe,23,20,23,1,True,1,0,0.1878229628374441
phase_wipe,23,21,23,1,True,1,0,0.1878229628374441
phase_wipe,23,22,23,1,True,1,0,0.1878229628374441
phase_wipe,23,23,23,1,True,1,0,0.1878229628374441
phase_wipe,23,24,23,1,True,1,0,0.1878229628374441
phase_wipe,23,25,23,1,True,1,0,0.1878229628374441
phase_wipe,23,26,23,1,True,1,0,0.1878229628374441
phase_wipe,23,27,23,1,True,1,0,0.1878229628374441
phase_wipe,23,28,23,1,True,1,0,0.1878229628374441
phase_wipe,23,29,23,1,True,1,0,0.1878229628374441
phase_wipe,23,30,23,1,True,1,0,0.1878229628374441
phase_wipe,23,31,23,1,True,1,0,0.1878229628374441
phase_wipe,23,32,23,1,True,1,0,0.1878229628374441
phase_wipe,23,33,23,1,True,1,0,0.1878229628374441
phase_wipe,23,34,23,1,True,1,0,0.1878229628374441
phase_wipe,23,35,23,1,True,1,0,0.1878229628374441
phase_wipe,23,36,23,1,True,1,0,0.1878229628374441
phase_wipe,23,37,23,1,True,1,0,0.1878229628374441
phase_wipe,23,38,23,1,True,1,0,0.1878229628374441
phase_wipe,23,39,23,1,True,1,0,0.1878229628374441
phase_wipe,24,20,24,1,True,1,0,0.18782334145454233
phase_wipe,24,21,24,1,True,1,0,0.18782334145454233
phase_wipe,24,22,24,1,True,1,0,0.18782334145454233
phase_wipe,24,23,24,1,True,1,0,0.18782334145454233
phase_wipe,24,24,24,1,True,1,0,0.18782334145454233
phase_wipe,24,25,24,1,True,1,0,0.18782334145454233
phase_wipe,24,26,24,1,True,1,0,0.18782334145454233
phase_wipe,24,27,24,1,True,1,0,0.18782334145454233
phase_wipe,24,28,24,1,True,1,0,0.18782334145454233
phase_wipe,24,29,24,1,True,1,0,0.18782334145454233
phase_wipe,24,30,24,1,True,1,0,0.18782334145454233
phase_wipe,24,31,24,1,True,1,0,0.18782334145454233
phase_wipe,24,32,24,1,True,1,0,0.18782334145454233
phase_wipe,24,33,24,1,True,1,0,0.18782334145454233
phase_wipe,24,34,24,1,True,1,0,0.18782334145454233
phase_wipe,24,35,24,1,True,1,0,0.18782334145454233
phase_wipe,24,36,24,1,True,1,0,0.18782334145454233
phase_wipe,24,37,24,1,True,1,0,0.18782334145454233
phase_wipe,24,38,24,1,True,1,0,0.18782334145454233
phase_wipe,24,39,24,1,True,1,0,0.18782334145454233
phase_wipe,25,20,25,1,True,1,0,0.1878233401572554
phase_wipe,25,21,25,1,True,1,0,0.1878233401572554
phase_wipe,25,22,25,1,True,1,0,0.1878233401572554
phase_wipe,25,23,25,1,True,1,0,0.1878233401572554
phase_wipe,25,24,25,1,True,1,0,0.1878233401572554
phase_wipe,25,25,25,1,True,1,0,0.1878233401572554
phase_wipe,25,26,25,1,True,1,0,0.1878233401572554
phase_wipe,25,27,25,1,True,1,0,0.1878233401572554
phase_wipe,25,28,25,1,True,1,0,0.1878233401572554
phase_wipe,25,29,25,1,True,1,0,0.1878233401572554
phase_wipe,25,30,25,1,True,1,0,0.1878233401572554
phase_wipe,25,31,25,1,True,1,0,0.1878233401572554
phase_wipe,25,32,25,1,True,1,0,0.1878233401572554
phase_wipe,25,33,25,1,True,1,0,0.1878233401572554
phase_wipe,25,34,25,1,True,1,0,0.1878233401572554
phase_wipe,25,35,25,1,True,1,0,0.1878233401572554
phase_wipe,25,36,25,1,True,1,0,0.1878233401572554
phase_wipe,25,37,25,1,True,1,0,0.1878233401572554
phase_wipe,25,38,25,1,True,1,0,0.1878233401572554
phase_wipe,25,39,25,1,True,1,0,0.1878233401572554
phase_wipe,26,20,26,1,True,1,0,0.18782334175951912
phase_wipe,26,21,26,1,True,1,0,0.18782334175951912
phase_wipe,26,22,26,1,True,1,0,0.18782334175951912
phase_wipe,26,23,26,1,True,1,0,0.18782334175951912
phase_wipe,26,24,26,1,True,1,0,0.18782334175951912
phase_wipe,26,25,26,1,True,1,0,0.18782334175951912
phase_wipe,26,26,26,1,True,1,0,0.18782334175951912
phase_wipe,26,27,26,1,True,1,0,0.18782334175951912
phase_wipe,26,28,26,1,True,1,0,0.18782334175951912
phase_wipe,26,29,26,1,True,1,0,0.18782334175951912
phase_wipe,26,30,26,1,True,1,0,0.18782334175951912
phase_wipe,26,31,26,1,True,1,0,0.18782334175951912
phase_wipe,26,32,26,1,True,1,0,0.18782334175951912
phase_wipe,26,33,26,1,True,1,0,0.18782334175951912
phase_wipe,26,34,26,1,True,1,0,0.18782334175951912
phase_wipe,26,35,26,1,True,1,0,0.18782334175951912
phase_wipe,26,36,26,1,True,1,0,0.18782334175951912
phase_wipe,26,37,26,1,True,1,0,0.18782334175951912
phase_wipe,26,38,26,1,True,1,0,0.18782334175951912
phase_wipe,26,39,26,1,True,1,0,0.18782334175951912
phase_wipe,27,20,27,1,True,1,0,0.1878233414240548
phase_wipe,27,21,27,1,True,1,0,0.1878233414240548
phase_wipe,27,22,27,1,True,1,0,0.1878233414240548
phase_wipe,27,23,27,1,True,1,0,0.1878233414240548
phase_wipe,27,24,27,1,True,1,0,0.1878233414240548
phase_wipe,27,25,27,1,True,1,0,0.1878233414240548
phase_wipe,27,26,27,1,True,1,0,0.1878233414240548
phase_wipe,27,27,27,1,True,1,0,0.1878233414240548
phase_wipe,27,28,27,1,True,1,0,0.1878233414240548
phase_wipe,27,29,27,1,True,1,0,0.1878233414240548
phase_wipe,27,30,27,1,True,1,0,0.1878233414240548
phase_wipe,27,31,27,1,True,1,0,0.1878233414240548
phase_wipe,27,32,27,1,True,1,0,0.1878233414240548
phase_wipe,27,33,27,1,True,1,0,0.1878233414240548
phase_wipe,27,34,27,1,True,1,0,0.1878233414240548
phase_wipe,27,35,27,1,True,1,0,0.1878233414240548
phase_wipe,27,36,27,1,True,1,0,0.1878233414240548
phase_wipe,27,37,27,1,True,1,0,0.1878233414240548
phase_wipe,27,38,27,1,True,1,0,0.1878233414240548
phase_wipe,27,39,27,1,True,1,0,0.1878233414240548
phase_wipe,28,20,28,1,True,1,0,0.18782334012671797
phase_wipe,28,21,28,1,True,1,0,0.18782334012671797
phase_wipe,28,22,28,1,True,1,0,0.18782334012671797
phase_wipe,28,23,28,1,True,1,0,0.18782334012671797
phase_wipe,28,24,28,1,True,1,0,0.18782334012671797
phase_wipe,28,25,28,1,True,1,0,0.18782334012671797
phase_wipe,28,26,28,1,True,1,0,0.18782334012671797
phase_wipe,28,27,28,1,True,1,0,0.18782334012671797
phase_wipe,28,28,28,1,True,1,0,0.18782334012671797
phase_wipe,28,29,28,1,True,1,0,0.18782334012671797
phase_wipe,28,30,28,1,True,1,0,0.18782334012671797
phase_wipe,28,31,28,1,True,1,0,0.18782334012671797
phase_wipe,28,32,28,1,True,1,0,0.18782334012671797
phase_wipe,28,33,28,1,True,1,0,0.18782334012671797
phase_wipe,28,34,28,1,True,1,0,0.18782334012671797
phase_wipe,28,35,28,1,True,1,0,0.18782334012671797
phase_wipe,28,36,28,1,True,1,0,0.18782334012671797
phase_wipe,28,37,28,1,True,1,0,0.18782334012671797
phase_wipe,28,38,28,1,True,1,0,0.18782334012671797
phase_wipe,28,39,28,1,True,1,0,0.18782334012671797
phase_wipe,29,20,29,1,True,1,0,0.18782334172972137
phase_wipe,29,21,29,1,True,1,0,0.18782334172972137
phase_wipe,29,22,29,1,True,1,0,0.18782334172972137
phase_wipe,29,23,29,1,True,1,0,0.18782334172972137
phase_wipe,29,24,29,1,True,1,0,0.18782334172972137
phase_wipe,29,25,29,1,True,1,0,0.18782334172972137
phase_wipe,29,26,29,1,True,1,0,0.18782334172972137
phase_wipe,29,27,29,1,True,1,0,0.18782334172972137
phase_wipe,29,28,29,1,True,1,0,0.18782334172972137
phase_wipe,29,29,29,1,True,1,0,0.18782334172972137
phase_wipe,29,30,29,1,True,1,0,0.18782334172972137
phase_wipe,29,31,29,1,True,1,0,0.18782334172972137
phase_wipe,29,32,29,1,True,1,0,0.18782334172972137
phase_wipe,29,33,29,1,True,1,0,0.18782334172972137
phase_wipe,29,34,29,1,True,1,0,0.18782334172972137
phase_wipe,29,35,29,1,True,1,0,0.18782334172972137
phase_wipe,29,36,29,1,True,1,0,0.18782334172972137
phase_wipe,29,37,29,1,True,1,0,0.18782334172972137
phase_wipe,29,38,29,1,True,1,0,0.18782334172972137
phase_wipe,29,39,29,1,True,1,0,0.18782334172972137
phase_wipe,30,20,30,1,True,1,0,0.18782334146695623
phase_wipe,30,21,30,1,True,1,0,0.18782334146695623
phase_wipe,30,22,30,1,True,1,0,0.18782334146695623
phase_wipe,30,23,30,1,True,1,0,0.18782334146695623
phase_wipe,30,24,30,1,True,1,0,0.18782334146695623
phase_wipe,30,25,30,1,True,1,0,0.18782334146695623
phase_wipe,30,26,30,1,True,1,0,0.18782334146695623
phase_wipe,30,27,30,1,True,1,0,0.18782334146695623
phase_wipe,30,28,30,1,True,1,0,0.18782334146695623
phase_wipe,30,29,30,1,True,1,0,0.18782334146695623
phase_wipe,30,30,30,1,True,1,0,0.18782334146695623
phase_wipe,30,31,30,1,True,1,0,0.18782334146695623
phase_wipe,30,32,30,1,True,1,0,0.18782334146695623
phase_wipe,30,33,30,1,True,1,0,0.18782334146695623
phase_wipe,30,34,30,1,True,1,0,0.18782334146695623
phase_wipe,30,35,30,1,True,1,0,0.18782334146695623
phase_wipe,30,36,30,1,True,1,0,0.18782334146695623
phase_wipe,30,37,30,1,True,1,0,0.18782334146695623
phase_wipe,30,38,30,1,True,1,0,0.18782334146695623
phase_wipe,30,39,30,1,True,1,0,0.18782334146695623
phase_wipe,31,20,31,1,True,1,0,0.1878233401696924
phase_wipe,31,21,31,1,True,1,0,0.1878233401696924
phase_wipe,31,22,31,1,True,1,0,0.1878233401696924
phase_wipe,31,23,31,1,True,1,0,0.1878233401696924
phase_wipe,31,24,31,1,True,1,0,0.1878233401696924
phase_wipe,31,25,31,1,True,1,0,0.1878233401696924
phase_wipe,31,26,31,1,True,1,0,0.1878233401696924
phase_wipe,31,27,31,1,True,1,0,0.1878233401696924
phase_wipe,31,28,31,1,True,1,0,0.1878233401696924
phase_wipe,31,29,31,1,True,1,0,0.1878233401696924
phase_wipe,31,30,31,1,True,1,0,0.1878233401696924
phase_wipe,31,31,31,1,True,1,0,0.1878233401696924
phase_wipe,31,32,31,1,True,1,0,0.1878233401696924
phase_wipe,31,33,31,1,True,1,0,0.1878233401696924
phase_wipe,31,34,31,1,True,1,0,0.1878233401696924
phase_wipe,31,35,31,1,True,1,0,0.1878233401696924
phase_wipe,31,36,31,1,True,1,0,0.1878233401696924
phase_wipe,31,37,31,1,True,1,0,0.1878233401696924
phase_wipe,31,38,31,1,True,1,0,0.1878233401696924
phase_wipe,31,39,31,1,True,1,0,0.1878233401696924
phase_wipe,32,20,32,1,True,1,0,0.18782376707798348
phase_wipe,32,21,32,1,True,1,0,0.18782376707798348
phase_wipe,32,22,32,1,True,1,0,0.18782376707798348
phase_wipe,32,23,32,1,True,1,0,0.18782376707798348
phase_wipe,32,24,32,1,True,1,0,0.18782376707798348
phase_wipe,32,25,32,1,True,1,0,0.18782376707798348
phase_wipe,32,26,32,1,True,1,0,0.18782376707798348
phase_wipe,32,27,32,1,True,1,0,0.18782376707798348
phase_wipe,32,28,32,1,True,1,0,0.18782376707798348
phase_wipe,32,29,32,1,True,1,0,0.18782376707798348
phase_wipe,32,30,32,1,True,1,0,0.18782376707798348
phase_wipe,32,31,32,1,True,1,0,0.18782376707798348
phase_wipe,32,32,32,1,True,1,0,0.18782376707798348
phase_wipe,32,33,32,1,True,1,0,0.18782376707798348
phase_wipe,32,34,32,1,True,1,0,0.18782376707798348
phase_wipe,32,35,32,1,True,1,0,0.18782376707798348
phase_wipe,32,36,32,1,True,1,0,0.18782376707798348
phase_wipe,32,37,32,1,True,1,0,0.18782376707798348
phase_wipe,32,38,32,1,True,1,0,0.18782376707798348
phase_wipe,32,39,32,1,True,1,0,0.18782376707798348
phase_wipe,33,20,33,1,True,1,0,0.18782376729856998
phase_wipe,33,21,33,1,True,1,0,0.18782376729856998
phase_wipe,33,22,33,1,True,1,0,0.18782376729856998
phase_wipe,33,23,33,1,True,1,0,0.18782376729856998
phase_wipe,33,24,33,1,True,1,0,0.18782376729856998
phase_wipe,33,25,33,1,True,1,0,0.18782376729856998
phase_wipe,33,26,33,1,True,1,0,0.18782376729856998
phase_wipe,33,27,33,1,True,1,0,0.18782376729856998
phase_wipe,33,28,33,1,True,1,0,0.18782376729856998
phase_wipe,33,29,33,1,True,1,0,0.18782376729856998
phase_wipe,33,30,33,1,True,1,0,0.18782376729856998
phase_wipe,33,31,33,1,True,1,0,0.18782376729856998
phase_wipe,33,32,33,1,True,1,0,0.18782376729856998
phase_wipe,33,33,33,1,True,1,0,0.18782376729856998
phase_wipe,33,34,33,1,True,1,0,0.18782376729856998
phase_wipe,33,35,33,1,True,1,0,0.18782376729856998
phase_wipe,33,36,33,1,True,1,0,0.18782376729856998
phase_wipe,33,37,33,1,True,1,0,0.18782376729856998
phase_wipe,33,38,33,1,True,1,0,0.18782376729856998
phase_wipe,33,39,33,1,True,1,0,0.18782376729856998
phase_wipe,34,20,34,1,True,1,0,0.18782376634562192
phase_wipe,34,21,34,1,True,1,0,0.18782376634562192
phase_wipe,34,22,34,1,True,1,0,0.18782376634562192
phase_wipe,34,23,34,1,True,1,0,0.18782376634562192
phase_wipe,34,24,34,1,True,1,0,0.18782376634562192
phase_wipe,34,25,34,1,True,1,0,0.18782376634562192
phase_wipe,34,26,34,1,True,1,0,0.18782376634562192
phase_wipe,34,27,34,1,True,1,0,0.18782376634562192
phase_wipe,34,28,34,1,True,1,0,0.18782376634562192
phase_wipe,34,29,34,1,True,1,0,0.18782376634562192
phase_wipe,34,30,34,1,True,1,0,0.18782376634562192
phase_wipe,34,31,34,1,True,1,0,0.18782376634562192
phase_wipe,34,32,34,1,True,1,0,0.18782376634562192
phase_wipe,34,33,34,1,True,1,0,0.18782376634562192
phase_wipe,34,34,34,1,True,1,0,0.18782376634562192
phase_wipe,34,35,34,1,True,1,0,0.18782376634562192
phase_wipe,34,36,34,1,True,1,0,0.18782376634562192
phase_wipe,34,37,34,1,True,1,0,0.18782376634562192
phase_wipe,34,38,34,1,True,1,0,0.18782376634562192
phase_wipe,34,39,34,1,True,1,0,0.18782376634562192
phase_wipe,35,20,35,1,True,1,0,0.18782376707728807
phase_wipe,35,21,35,1,True,1,0,0.18782376707728807
phase_wipe,35,22,35,1,True,1,0,0.18782376707728807
phase_wipe,35,23,35,1,True,1,0,0.18782376707728807
phase_wipe,35,24,35,1,True,1,0,0.18782376707728807
phase_wipe,35,25,35,1,True,1,0,0.18782376707728807
phase_wipe,35,26,35,1,True,1,0,0.18782376707728807
phase_wipe,35,27,35,1,True,1,0,0.18782376707728807
phase_wipe,35,28,35,1,True,1,0,0.18782376707728807
phase_wipe,35,29,35,1,True,1,0,0.18782376707728807
phase_wipe,35,30,35,1,True,1,0,0.18782376707728807
phase_wipe,35,31,35,1,True,1,0,0.18782376707728807
phase_wipe,35,32,35,1,True,1,0,0.18782376707728807
phase_wipe,35,33,35,1,True,1,0,0.18782376707728807
phase_wipe,35,34,35,1,True,1,0,0.18782376707728807
phase_wipe,35,35,35,1,True,1,0,0.18782376707728807
phase_wipe,35,36,35,1,True,1,0,0.18782376707728807
phase_wipe,35,37,35,1,True,1,0,0.18782376707728807
phase_wipe,35,38,35,1,True,1,0,0.18782376707728807
phase_wipe,35,39,35,1,True,1,0,0.18782376707728807
phase_wipe,36,20,36,1,True,1,0,0.18782376729765982
phase_wipe,36,21,36,1,True,1,0,0.18782376729765982
phase_wipe,36,22,36,1,True,1,0,0.18782376729765982
phase_wipe,36,23,36,1,True,1,0,0.18782376729765982
phase_wipe,36,24,36,1,True,1,0,0.18782376729765982
phase_wipe,36,25,36,1,True,1,0,0.18782376729765982
phase_wipe,36,26,36,1,True,1,0,0.18782376729765982
phase_wipe,36,27,36,1,True,1,0,0.18782376729765982
phase_wipe,36,28,36,1,True,1,0,0.18782376729765982
phase_wipe,36,29,36,1,True,1,0,0.18782376729765982
phase_wipe,36,30,36,1,True,1,0,0.18782376729765982
phase_wipe,36,31,36,1,True,1,0,0.18782376729765982
phase_wipe,36,32,36,1,True,1,0,0.18782376729765982
phase_wipe,36,33,36,1,True,1,0,0.18782376729765982
phase_wipe,36,34,36,1,True,1,0,0.18782376729765982
phase_wipe,36,35,36,1,True,1,0,0.18782376729765982
phase_wipe,36,36,36,1,True,1,0,0.18782376729765982
phase_wipe,36,37,36,1,True,1,0,0.18782376729765982
phase_wipe,36,38,36,1,True,1,0,0.18782376729765982
phase_wipe,36,39,36,1,True,1,0,0.18782376729765982
phase_wipe,37,20,37,1,True,1,0,0.18782376634522444
phase_wipe,37,21,37,1,True,1,0,0.18782376634522444
phase_wipe,37,22,37,1,True,1,0,0.18782376634522444
phase_wipe,37,23,37,1,True,1,0,0.18782376634522444
phase_wipe,37,24,37,1,True,1,0,0.18782376634522444
phase_wipe,37,25,37,1,True,1,0,0.18782376634522444
phase_wipe,37,26,37,1,True,1,0,0.18782376634522444
phase_wipe,37,27,37,1,True,1,0,0.18782376634522444
phase_wipe,37,28,37,1,True,1,0,0.18782376634522444
phase_wipe,37,29,37,1,True,1,0,0.18782376634522444
phase_wipe,37,30,37,1,True,1,0,0.18782376634522444
phase_wipe,37,31,37,1,True,1,0,0.18782376634522444
phase_wipe,37,32,37,1,True,1,0,0.18782376634522444
phase_wipe,37,33,37,1,True,1,0,0.18782376634522444
phase_wipe,37,34,37,1,True,1,0,0.18782376634522444
phase_wipe,37,35,37,1,True,1,0,0.18782376634522444
phase_wipe,37,36,37,1,True,1,0,0.18782376634522444
phase_wipe,37,37,37,1,True,1,0,0.18782376634522444
phase_wipe,37,38,37,1,True,1,0,0.18782376634522444
phase_wipe,37,39,37,1,True,1,0,0.18782376634522444
phase_wipe,38,20,38,1,True,1,0,0.18782376707819945
phase_wipe,38,21,38,1,True,1,0,0.18782376707819945
phase_wipe,38,22,38,1,True,1,0,0.18782376707819945
phase_wipe,38,23,38,1,True,1,0,0.18782376707819945
phase_wipe,38,24,38,1,True,1,0,0.18782376707819945
phase_wipe,38,25,38,1,True,1,0,0.18782376707819945
phase_wipe,38,26,38,1,True,1,0,0.18782376707819945
phase_wipe,38,27,38,1,True,1,0,0.18782376707819945
phase_wipe,38,28,38,1,True,1,0,0.18782376707819945
phase_wipe,38,29,38,1,True,1,0,0.18782376707819945
phase_wipe,38,30,38,1,True,1,0,0.18782376707819945
phase_wipe,38,31,38,1,True,1,0,0.18782376707819945
phase_wipe,38,32,38,1,True,1,0,0.18782376707819945
phase_wipe,38,33,38,1,True,1,0,0.18782376707819945
phase_wipe,38,34,38,1,True,1,0,0.18782376707819945
phase_wipe,38,35,38,1,True,1,0,0.18782376707819945
phase_wipe,38,36,38,1,True,1,0,0.18782376707819945
phase_wipe,38,37,38,1,True,1,0,0.18782376707819945
phase_wipe,38,38,38,1,True,1,0,0.18782376707819945
phase_wipe,38,39,38,1,True,1,0,0.18782376707819945
phase_wipe,39,20,39,1,True,1,0,0.1878237672988711
phase_wipe,39,21,39,1,True,1,0,0.1878237672988711
phase_wipe,39,22,39,1,True,1,0,0.1878237672988711
phase_wipe,39,23,39,1,True,1,0,0.1878237672988711
phase_wipe,39,24,39,1,True,1,0,0.1878237672988711
phase_wipe,39,25,39,1,True,1,0,0.1878237672988711
phase_wipe,39,26,39,1,True,1,0,0.1878237672988711
phase_wipe,39,27,39,1,True,1,0,0.1878237672988711
phase_wipe,39,28,39,1,True,1,0,0.1878237672988711
phase_wipe,39,29,39,1,True,1,0,0.1878237672988711
phase_wipe,39,30,39,1,True,1,0,0.1878237672988711
phase_wipe,39,31,39,1,True,1,0,0.1878237672988711
phase_wipe,39,32,39,1,True,1,0,0.1878237672988711
phase_wipe,39,33,39,1,True,1,0,0.1878237672988711
phase_wipe,39,34,39,1,True,1,0,0.1878237672988711
phase_wipe,39,35,39,1,True,1,0,0.1878237672988711
phase_wipe,39,36,39,1,True,1,0,0.1878237672988711
phase_wipe,39,37,39,1,True,1,0,0.1878237672988711
phase_wipe,39,38,39,1,True,1,0,0.1878237672988711
phase_wipe,39,39,39,1,True,1,0,0.1878237672988711
phase_wipe,40,20,40,1,True,1,0,0.18782425760743565
phase_wipe,40,21,40,1,True,1,0,0.18782425760743565
phase_wipe,40,22,40,1,True,1,0,0.18782425760743565
phase_wipe,40,23,40,1,True,1,0,0.18782425760743565
phase_wipe,40,24,40,1,True,1,0,0.18782425760743565
phase_wipe,40,25,40,1,True,1,0,0.18782425760743565
phase_wipe,40,26,40,1,True,1,0,0.18782425760743565
phase_wipe,40,27,40,1,True,1,0,0.18782425760743565
phase_wipe,40,28,40,1,True,1,0,0.18782425760743565
phase_wipe,40,29,40,1,True,1,0,0.18782425760743565
phase_wipe,40,30,40,1,True,1,0,0.18782425760743565
phase_wipe,40,31,40,1,True,1,0,0.18782425760743565
phase_wipe,40,32,40,1,True,1,0,0.18782425760743565
phase_wipe,40,33,40,1,True,1,0,0.18782425760743565
phase_wipe,40,34,40,1,True,1,0,0.18782425760743565
phase_wipe,40,35,40,1,True,1,0,0.18782425760743565
phase_wipe,40,36,40,1,True,1,0,0.18782425760743565
phase_wipe,40,37,40,1,True,1,0,0.18782425760743565
phase_wipe,40,38,40,1,True,1,0,0.18782425760743565
phase_wipe,40,39,40,1,True,1,0,0.18782425760743565
phase_wipe,41,20,41,1,True,1,0,0.18782425912138592
phase_wipe,41,21,41,1,True,1,0,0.18782425912138592
phase_wipe,41,22,41,1,True,1,0,0.18782425912138592
phase_wipe,41,23,41,1,True,1,0,0.18782425912138592
phase_wipe,41,24,41,1,True,1,0,0.18782425912138592
phase_wipe,41,25,41,1,True,1,0,0.18782425912138592
phase_wipe,41,26,41,1,True,1,0,0.18782425912138592
phase_wipe,41,27,41,1,True,1,0,0.18782425912138592
phase_wipe,41,28,41,1,True,1,0,0.18782425912138592
phase_wipe,41,29,41,1,True,1,0,0.18782425912138592
phase_wipe,41,30,41,1,True,1,0,0.18782425912138592
phase_wipe,41,31,41,1,True,1,0,0.18782425912138592
phase_wipe,41,32,41,1,True,1,0,0.18782425912138592
phase_wipe,41,33,41,1,True,1,0,0.18782425912138592
phase_wipe,41,34,41,1,True,1,0,0.18782425912138592
phase_wipe,41,35,41,1,True,1,0,0.18782425912138592
phase_wipe,41,36,41,1,True,1,0,0.18782425912138592
phase_wipe,41,37,41,1,True,1,0,0.18782425912138592
phase_wipe,41,38,41,1,True,1,0,0.18782425912138592
phase_wipe,41,39,41,1,True,1,0,0.18782425912138592
phase_wipe,42,20,42,1,True,1,0,0.18782425509083583
phase_wipe,42,21,42,1,True,1,0,0.18782425509083583
phase_wipe,42,22,42,1,True,1,0,0.18782425509083583
phase_wipe,42,23,42,1,True,1,0,0.18782425509083583
phase_wipe,42,24,42,1,True,1,0,0.18782425509083583
phase_wipe,42,25,42,1,True,1,0,0.18782425509083583
phase_wipe,42,26,42,1,True,1,0,0.18782425509083583
phase_wipe,42,27,42,1,True,1,0,0.18782425509083583
phase_wipe,42,28,42,1,True,1,0,0.18782425509083583
phase_wipe,42,29,42,1,True,1,0,0.18782425509083583
phase_wipe,42,30,42,1,True,1,0,0.18782425509083583
phase_wipe,42,31,42,1,True,1,0,0.18782425509083583
phase_wipe,42,32,42,1,True,1,0,0.18782425509083583
phase_wipe,42,33,42,1,True,1,0,0.18782425509083583
phase_wipe,42,34,42,1,True,1,0,0.18782425509083583
phase_wipe,42,35,42,1,True,1,0,0.18782425509083583
phase_wipe,42,36,42,1,True,1,0,0.18782425509083583
phase_wipe,42,37,42,1,True,1,0,0.18782425509083583
phase_wipe,42,38,42,1,True,1,0,0.18782425509083583
phase_wipe,42,39,42,1,True,1,0,0.18782425509083583
phase_wipe,43,20,43,1,True,1,0,0.1878242576074585
phase_wipe,43,21,43,1,True,1,0,0.1878242576074585
phase_wipe,43,22,43,1,True,1,0,0.1878242576074585
phase_wipe,43,23,43,1,True,1,0,0.1878242576074585
phase_wipe,43,24,43,1,True,1,0,0.1878242576074585
phase_wipe,43,25,43,1,True,1,0,0.1878242576074585
phase_wipe,43,26,43,1,True,1,0,0.1878242576074585
phase_wipe,43,27,43,1,True,1,0,0.1878242576074585
phase_wipe,43,28,43,1,True,1,0,0.1878242576074585
phase_wipe,43,29,43,1,True,1,0,0.1878242576074585
phase_wipe,43,30,43,1,True,1,0,0.1878242576074585
phase_wipe,43,31,43,1,True,1,0,0.1878242576074585
phase_wipe,43,32,43,1,True,1,0,0.1878242576074585
phase_wipe,43,33,43,1,True,1,0,0.1878242576074585
phase_wipe,43,34,43,1,True,1,0,0.1878242576074585
phase_wipe,43,35,43,1,True,1,0,0.1878242576074585
phase_wipe,43,36,43,1,True,1,0,0.1878242576074585
phase_wipe,43,37,43,1,True,1,0,0.1878242576074585
phase_wipe,43,38,43,1,True,1,0,0.1878242576074585
phase_wipe,43,39,43,1,True,1,0,0.1878242576074585
phase_wipe,44,20,44,1,True,1,0,0.18782425912143383
phase_wipe,44,21,44,1,True,1,0,0.18782425912143383
phase_wipe,44,22,44,1,True,1,0,0.18782425912143383
phase_wipe,44,23,44,1,True,1,0,0.18782425912143383
phase_wipe,44,24,44,1,True,1,0,0.18782425912143383
phase_wipe,44,25,44,1,True,1,0,0.18782425912143383
phase_wipe,44,26,44,1,True,1,0,0.18782425912143383
phase_wipe,44,27,44,1,True,1,0,0.18782425912143383
phase_wipe,44,28,44,1,True,1,0,0.18782425912143383
phase_wipe,44,29,44,1,True,1,0,0.18782425912143383
phase_wipe,44,30,44,1,True,1,0,0.18782425912143383
phase_wipe,44,31,44,1,True,1,0,0.18782425912143383
phase_wipe,44,32,44,1,True,1,0,0.18782425912143383
phase_wipe,44,33,44,1,True,1,0,0.18782425912143383
phase_wipe,44,34,44,1,True,1,0,0.18782425912143383
phase_wipe,44,35,44,1,True,1,0,0.18782425912143383
phase_wipe,44,36,44,1,True,1,0,0.18782425912143383
phase_wipe,44,37,44,1,True,1,0,0.18782425912143383
phase_wipe,44,38,44,1,True,1,0,0.18782425912143383
phase_wipe,44,39,44,1,True,1,0,0.18782425912143383
phase_wipe,45,20,45,1,True,1,0,0.18782425509028342
phase_wipe,45,21,45,1,True,1,0,0.18782425509028342
phase_wipe,45,22,45,1,True,1,0,0.18782425509028342
phase_wipe,45,23,45,1,True,1,0,0.18782425509028342
phase_wipe,45,24,45,1,True,1,0,0.18782425509028342
phase_wipe,45,25,45,1,True,1,0,0.18782425509028342
phase_wipe,45,26,45,1,True,1,0,0.18782425509028342
phase_wipe,45,27,45,1,True,1,0,0.18782425509028342
phase_wipe,45,28,45,1,True,1,0,0.18782425509028342
phase_wipe,45,29,45,1,True,1,0,0.18782425509028342
phase_wipe,45,30,45,1,True,1,0,0.18782425509028342
phase_wipe,45,31,45,1,True,1,0,0.18782425509028342
phase_wipe,45,32,45,1,True,1,0,0.18782425509028342
phase_wipe,45,33,45,1,True,1,0,0.18782425509028342
phase_wipe,45,34,45,1,True,1,0,0.18782425509028342
phase_wipe,45,35,45,1,True,1,0,0.18782425509028342
phase_wipe,45,36,45,1,True,1,0,0.18782425509028342
phase_wipe,45,37,45,1,True,1,0,0.18782425509028342
phase_wipe,45,38,45,1,True,1,0,0.18782425509028342
phase_wipe,45,39,45,1,True,1,0,0.18782425509028342
phase_wipe,46,20,46,1,True,1,0,0.187824257607337
phase_wipe,46,21,46,1,True,1,0,0.187824257607337
phase_wipe,46,22,46,1,True,1,0,0.187824257607337
phase_wipe,46,23,46,1,True,1,0,0.187824257607337
phase_wipe,46,24,46,1,True,1,0,0.187824257607337
phase_wipe,46,25,46,1,True,1,0,0.187824257607337
phase_wipe,46,26,46,1,True,1,0,0.187824257607337
phase_wipe,46,27,46,1,True,1,0,0.187824257607337
phase_wipe,46,28,46,1,True,1,0,0.187824257607337
phase_wipe,46,29,46,1,True,1,0,0.187824257607337
phase_wipe,46,30,46,1,True,1,0,0.187824257607337
phase_wipe,46,31,46,1,True,1,0,0.187824257607337
phase_wipe,46,32,46,1,True,1,0,0.187824257607337
phase_wipe,46,33,46,1,True,1,0,0.187824257607337
phase_wipe,46,34,46,1,True,1,0,0.187824257607337
phase_wipe,46,35,46,1,True,1,0,0.187824257607337
phase_wipe,46,36,46,1,True,1,0,0.187824257607337
phase_wipe,46,37,46,1,True,1,0,0.187824257607337
phase_wipe,46,38,46,1,True,1,0,0.187824257607337
phase_wipe,46,39,46,1,True,1,0,0.187824257607337
phase_wipe,47,20,47,1,True,1,0,0.1878242591212718
phase_wipe,47,21,47,1,True,1,0,0.1878242591212718
phase_wipe,47,22,47,1,True,1,0,0.1878242591212718
phase_wipe,47,23,47,1,True,1,0,0.1878242591212718
phase_wipe,47,24,47,1,True,1,0,0.1878242591212718
phase_wipe,47,25,47,1,True,1,0,0.1878242591212718
phase_wipe,47,26,47,1,True,1,0,0.1878242591212718
phase_wipe,47,27,47,1,True,1,0,0.1878242591212718
phase_wipe,47,28,47,1,True,1,0,0.1878242591212718
phase_wipe,47,29,47,1,True,1,0,0.1878242591212718
phase_wipe,47,30,47,1,True,1,0,0.1878242591212718
phase_wipe,47,31,47,1,True,1,0,0.1878242591212718
phase_wipe,47,32,47,1,True,1,0,0.1878242591212718
phase_wipe,47,33,47,1,True,1,0,0.1878242591212718
phase_wipe,47,34,47,1,True,1,0,0.1878242591212718
phase_wipe,47,35,47,1,True,1,0,0.1878242591212718
phase_wipe,47,36,47,1,True,1,0,0.1878242591212718
phase_wipe,47,37,47,1,True,1,0,0.1878242591212718
phase_wipe,47,38,47,1,True,1,0,0.1878242591212718
phase_wipe,47,39,47,1,True,1,0,0.1878242591212718
dropout_50,0,20,0,1,True,1,0,0.18716832202166472
dropout_50,0,21,0,1,True,1,0,0.18625863601183731
dropout_50,0,22,0,1,True,1,0,0.16549976024366803
dropout_50,0,23,0,1,True,1,0,0.18440509949631687
dropout_50,0,24,0,1,True,1,0,0.18640744262318104
dropout_50,0,25,0,1,True,1,0,0.18680737854593904
dropout_50,0,26,0,1,True,1,0,0.18517410730450795
dropout_50,0,27,0,1,True,1,0,0.18682435564696673
dropout_50,0,28,0,1,True,1,0,0.18643980103510077
dropout_50,0,29,0,1,True,1,0,0.16549880499610553
dropout_50,0,30,0,1,True,1,0,0.18612669245561456
dropout_50,0,31,0,1,True,1,0,0.18741691579303854
dropout_50,0,32,0,1,True,1,0,0.18572008201626788
dropout_50,0,33,0,1,True,1,0,0.1863015882042894
dropout_50,0,34,0,1,True,1,0,0.1867436959205622
dropout_50,0,35,0,1,True,1,0,0.1867858494208441
dropout_50,0,36,0,1,True,1,0,0.18685545764576444
dropout_50,0,37,0,1,True,1,0,0.18722653596190655
dropout_50,0,38,0,1,True,1,0,0.16548444788953942
dropout_50,0,39,0,1,True,1,0,0.18561452957922112
dropout_50,1,20,1,1,True,1,0,0.1865287728733272
dropout_50,1,21,1,1,True,1,0,0.18683248179590636
dropout_50,1,22,1,1,True,1,0,0.18556015029926592
dropout_50,1,23,1,1,True,1,0,0.18658150246597943
dropout_50,1,24,1,1,True,1,0,0.16547489164750606
dropout_50,1,25,1,1,True,1,0,0.18633512786743892
dropout_50,1,26,1,1,True,1,0,0.186292224494483
dropout_50,1,27,1,1,True,1,0,0.1872159996415074
dropout_50,1,28,1,1,True,1,0,0.18673726421928724
dropout_50,1,29,1,1,True,1,0,0.18710839541595023
dropout_50,1,30,1,1,True,1,0,0.18710287910215279
dropout_50,1,31,1,1,True,1,0,0.18700380679940548
dropout_50,1,32,1,1,True,1,0,0.1872069916415835
dropout_50,1,33,1,1,True,1,0,0.18724189094588825
dropout_50,1,34,1,1,True,1,0,0.18594339642445865
dropout_50,1,35,1,1,True,1,0,0.18721716789225365
dropout_50,1,36,1,1,True,1,0,0.18693319564015315
dropout_50,1,37,1,1,True,1,0,0.18565391468973766
dropout_50,1,38,1,1,True,1,0,0.185584531086934
dropout_50,1,39,1,1,True,1,0,0.18589053829521487
dropout_50,2,20,2,1,True,1,0,0.18626159149284188
dropout_50,2,21,2,1,True,1,0,0.18728914467540594
dropout_50,2,22,2,1,True,1,0,0.16547846696095125
dropout_50,2,23,2,1,True,1,0,0.18526964660785566
dropout_50,2,24,2,1,True,1,0,0.18717802419170676
dropout_50,2,25,2,1,True,1,0,0.18654923084825908
dropout_50,2,26,2,1,True,1,0,0.1861614383216077
dropout_50,2,27,2,1,True,1,0,0.18578785860458258
dropout_50,2,28,2,1,True,1,0,0.18753137504594658
dropout_50,2,29,2,1,True,1,0,0.18619654823715476
dropout_50,2,30,2,1,True,1,0,0.18739351799519666
dropout_50,2,31,2,1,True,1,0,0.1843741692382088
dropout_50,2,32,2,1,True,1,0,0.18538366395037875
dropout_50,2,33,2,1,True,1,0,0.18493862255961016
dropout_50,2,34,2,1,True,1,0,0.1867611099774904
dropout_50,2,35,2,1,True,1,0,0.1854301606794893
dropout_50,2,36,2,1,True,1,0,0.18732845762494146
dropout_50,2,37,2,1,True,1,0,0.18642907346181176
dropout_50,2,38,2,1,True,1,0,0.18630627050660564
dropout_50,2,39,2,1,True,1,0,0.1875771545936533
dropout_50,3,20,3,1,True,1,0,0.18714889177005353
dropout_50,3,21,3,1,True,1,0,0.18682304799458788
dropout_50,3,22,3,1,True,1,0,0.18645229598000132
dropout_50,3,23,3,1,True,1,0,0.18669092074025168
dropout_50,3,24,3,1,True,1,0,0.18634288108955066
dropout_50,3,25,3,1,True,1,0,0.18538498486855542
dropout_50,3,26,3,1,True,1,0,0.18724486224679807
dropout_50,3,27,3,1,True,1,0,0.18718233262693643
dropout_50,3,28,3,1,False,0,0,0.11146546435299703
dropout_50,3,29,3,1,True,1,0,0.18638008681752546
dropout_50,3,30,3,1,True,1,0,0.18751434604307976
dropout_50,3,31,3,1,True,1,0,0.1871044343898897
dropout_50,3,32,3,1,True,1,0,0.18768371102606965
dropout_50,3,33,3,1,True,1,0,0.18677390276178268
dropout_50,3,34,3,1,True,1,0,0.18529098203948713
dropout_50,3,35,3,1,True,1,0,0.18669400389591495
dropout_50,3,36,3,1,True,1,0,0.18607689674678446
dropout_50,3,37,3,1,True,1,0,0.18644983462626402
dropout_50,3,38,3,1,True,1,0,0.18753227975331516
dropout_50,3,39,3,1,True,1,0,0.18656423691807447
dropout_50,4,20,4,1,True,1,0,0.18672442667431852
dropout_50,4,21,4,1,True,1,0,0.1863715288751938
dropout_50,4,22,4,1,True,1,0,0.18624807943090882
dropout_50,4,23,4,1,True,1,0,0.18698894693928791
dropout_50,4,24,4,1,True,1,0,0.1864635455018227
dropout_50,4,25,4,1,True,1,0,0.18714268469474732
dropout_50,4,26,4,1,True,1,0,0.1867135743007085
dropout_50,4,27,4,1,True,1,0,0.16550047169194204
dropout_50,4,28,4,1,True,1,0,0.187112046514683
dropout_50,4,29,4,1,True,1,0,0.1860289876837435
dropout_50,4,30,4,1,True,1,0,0.18701002701438393
dropout_50,4,31,4,1,True,1,0,0.18752214508752993
dropout_50,4,32,4,1,True,1,0,0.16549487158141268
dropout_50,4,33,4,1,True,1,0,0.16549810936692033
dropout_50,4,34,4,1,True,1,0,0.18755445042152652
dropout_50,4,35,4,1,True,1,0,0.1865893732388957
dropout_50,4,36,4,1,True,1,0,0.1654982712565024
dropout_50,4,37,4,1,True,1,0,0.1874306084342261
dropout_50,4,38,4,1,True,1,0,0.18731692157183188
dropout_50,4,39,4,1,True,1,0,0.1874538421014451
dropout_50,5,20,5,1,True,1,0,0.18659024169993854
dropout_50,5,21,5,1,True,1,0,0.18716727301158856
dropout_50,5,22,5,1,True,1,0,0.1875683784240172
dropout_50,5,23,5,1,True,1,0,0.18748690987558783
dropout_50,5,24,5,1,True,1,0,0.1860612463519167
dropout_50,5,25,5,1,True,1,0,0.186876786599544
dropout_50,5,26,5,1,True,1,0,0.18671948308099914
dropout_50,5,27,5,1,True,1,0,0.18699267989172386
dropout_50,5,28,5,1,True,1,0,0.18764306005463477
dropout_50,5,29,5,1,True,1,0,0.18697783088058242
dropout_50,5,30,5,1,True,1,0,0.18732695828793164
dropout_50,5,31,5,1,True,1,0,0.18711276636391258
dropout_50,5,32,5,1,True,1,0,0.18509672287353857
dropout_50,5,33,5,1,True,1,0,0.18762791650982907
dropout_50,5,34,5,1,True,1,0,0.1865726333349081
dropout_50,5,35,5,1,True,1,0,0.18540722492017622
dropout_50,5,36,5,1,True,1,0,0.18690279879768457
dropout_50,5,37,5,1,True,1,0,0.18699028920891067
dropout_50,5,38,5,1,True,1,0,0.18567397709051692
dropout_50,5,39,5,1,True,1,0,0.18751286805523187
dropout_50,6,20,6,1,True,1,0,0.16550058153442732
dropout_50,6,21,6,1,True,1,0,0.16548628066042137
dropout_50,6,22,6,1,True,1,0,0.18535242685815662
dropout_50,6,23,6,1,True,1,0,0.1872352679021133
dropout_50,6,24,6,1,True,1,0,0.1868275156660089
dropout_50,6,25,6,1,True,1,0,0.18726094357711515
dropout_50,6,26,6,1,True,1,0,0.18635017432189135
dropout_50,6,27,6,1,True,1,0,0.18622507694852736
dropout_50,6,28,6,1,True,1,0,0.18459308772783642
dropout_50,6,29,6,1,True,1,0,0.1871080073868947
dropout_50,6,30,6,1,True,1,0,0.18520802044215615
dropout_50,6,31,6,1,True,1,0,0.18434082212635974
dropout_50,6,32,6,1,True,1,0,0.18472288435813847
dropout_50,6,33,6,1,True,1,0,0.18725334616131944
dropout_50,6,34,6,1,True,1,0,0.18696388722201493
dropout_50,6,35,6,1,True,1,0,0.18453713832403335
dropout_50,6,36,6,1,True,1,0,0.18689673195668105
dropout_50,6,37,6,1,True,1,0,0.18610508432246856
dropout_50,6,38,6,1,True,1,0,0.1874107605686627
dropout_50,6,39,6,1,True,1,0,0.18615572159041988
dropout_50,7,20,7,1,True,1,0,0.18731316722588925
dropout_50,7,21,7,1,True,1,0,0.18707642744250505
dropout_50,7,22,7,1,True,1,0,0.18735616115021617
dropout_50,7,23,7,1,True,1,0,0.18479607876844056
dropout_50,7,24,7,1,True,1,0,0.1875101173882952
dropout_50,7,25,7,1,True,1,0,0.18675635698923593
dropout_50,7,26,7,1,True,1,0,0.1860679502377695
dropout_50,7,27,7,1,True,1,0,0.18576316379745386
dropout_50,7,28,7,1,True,1,0,0.18723167005225352
dropout_50,7,29,7,1,True,1,0,0.18711060651997347
dropout_50,7,30,7,1,True,1,0,0.18546116780355348
dropout_50,7,31,7,1,False,0,0,0.12491032830017014
dropout_50,7,32,7,1,True,1,0,0.18644675027933405
dropout_50,7,33,7,1,True,1,0,0.18761945582771886
dropout_50,7,34,7,1,True,1,0,0.18702069088335752
dropout_50,7,35,7,1,True,1,0,0.18626953114329053
dropout_50,7,36,7,1,True,1,0,0.18693888590772678
dropout_50,7,37,7,1,True,1,0,0.18761136261289207
dropout_50,7,38,7,1,True,1,0,0.1865943532359119
dropout_50,7,39,7,1,True,1,0,0.18585080942721763
dropout_50,8,20,8,1,True,1,0,0.1863518184303287
dropout_50,8,21,8,1,True,1,0,0.18730207486641193
dropout_50,8,22,8,1,True,1,0,0.18584062404484275
dropout_50,8,23,8,1,True,1,0,0.18647927450502322
dropout_50,8,24,8,1,True,1,0,0.18502325984830173
dropout_50,8,25,8,1,True,1,0,0.1855380549630238
dropout_50,8,26,8,1,True,1,0,0.18711897324408583
dropout_50,8,27,8,1,True,1,0,0.185942294848196
dropout_50,8,28,8,1,True,1,0,0.1851128107861166
dropout_50,8,29,8,1,True,1,0,0.18654643307948432
dropout_50,8,30,8,1,True,1,0,0.1864087292693574
dropout_50,8,31,8,1,True,1,0,0.18391463749877568
dropout_50,8,32,8,1,True,1,0,0.1864395511800343
dropout_50,8,33,8,1,True,1,0,0.1862031173207122
dropout_50,8,34,8,1,True,1,0,0.18651837340844923
dropout_50,8,35,8,1,True,1,0,0.18663678606905032
dropout_50,8,36,8,1,True,1,0,0.18584318402028774
dropout_50,8,37,8,1,True,1,0,0.18412103175535588
dropout_50,8,38,8,1,True,1,0,0.18661807855260718
dropout_50,8,39,8,1,True,1,0,0.18491241623872726
dropout_50,9,20,9,1,True,1,0,0.18532125422195087
dropout_50,9,21,9,1,True,1,0,0.18747404382442184
dropout_50,9,22,9,1,True,1,0,0.1861718109512406
dropout_50,9,23,9,1,True,1,0,0.1858435423655422
dropout_50,9,24,9,1,True,1,0,0.18735640555967573
dropout_50,9,25,9,1,True,1,0,0.18663610417732804
dropout_50,9,26,9,1,True,1,0,0.18744592531444348
dropout_50,9,27,9,1,True,1,0,0.18692858656109676
dropout_50,9,28,9,1,True,1,0,0.18631892895378493
dropout_50,9,29,9,1,True,1,0,0.18567746264977172
dropout_50,9,30,9,1,True,1,0,0.18753650297060168
dropout_50,9,31,9,1,True,1,0,0.18631283697888898
dropout_50,9,32,9,1,True,1,0,0.1857719971575823
dropout_50,9,33,9,1,True,1,0,0.18729645700274117
dropout_50,9,34,9,1,True,1,0,0.18695128993333682
dropout_50,9,35,9,1,True,1,0,0.18690250300377123
dropout_50,9,36,9,1,True,1,0,0.18669866145752806
dropout_50,9,37,9,1,True,1,0,0.187549813017363
dropout_50,9,38,9,1,True,1,0,0.18759616910741603
dropout_50,9,39,9,1,True,1,0,0.18451674689984573
dropout_50,10,20,10,1,True,1,0,0.1875200292591104
dropout_50,10,21,10,1,True,1,0,0.18743851714408605
dropout_50,10,22,10,1,True,1,0,0.1869668140147378
dropout_50,10,23,10,1,False,0,0,2.3475838946407368e-07
dropout_50,10,24,10,1,True,1,0,0.18735255431065787
dropout_50,10,25,10,1,True,1,0,0.1848500664163823
dropout_50,10,26,10,1,True,1,0,0.18722360897594206
dropout_50,10,27,10,1,True,1,0,0.18611391030979346
dropout_50,10,28,10,1,True,1,0,0.1869843657430342
dropout_50,10,29,10,1,True,1,0,0.18758913677539388
dropout_50,10,30,10,1,True,1,0,0.187586150369834
dropout_50,10,31,10,1,True,1,0,0.18748900950194952
dropout_50,10,32,10,1,True,1,0,0.18672227751652326
dropout_50,10,33,10,1,True,1,0,0.18611709477251057
dropout_50,10,34,10,1,True,1,0,0.18689305585986274
dropout_50,10,35,10,1,True,1,0,0.1868556573000252
dropout_50,10,36,10,1,True,1,0,0.18577691022643963
dropout_50,10,37,10,1,True,1,0,0.18743182943382738
dropout_50,10,38,10,1,False,0,0,1.3410310667066883e-06
dropout_50,10,39,10,1,True,1,0,0.185032756298754
dropout_50,11,20,11,1,False,0,0,2.702435146648141e-06
dropout_50,11,21,11,1,True,1,0,0.18614461783226208
dropout_50,11,22,11,1,True,1,0,0.1868845717787112
dropout_50,11,23,11,1,True,1,0,0.18680739818646894
dropout_50,11,24,11,1,True,1,0,0.18617085147022458
dropout_50,11,25,11,1,True,1,0,0.18676532549398353
dropout_50,11,26,11,1,True,1,0,0.18510370917105232
dropout_50,11,27,11,1,True,1,0,0.18655682470324558
dropout_50,11,28,11,1,True,1,0,0.18612893224860927
dropout_50,11,29,11,1,True,1,0,0.18638218058439548
dropout_50,11,30,11,1,False,0,0,9.847452424327496e-07
dropout_50,11,31,11,1,True,1,0,0.1859614140067999
dropout_50,11,32,11,1,True,1,0,0.1864124713488749
dropout_50,11,33,11,1,True,1,0,0.1856215525039491
dropout_50,11,34,11,1,True,1,0,0.187113225460819
dropout_50,11,35,11,1,True,1,0,0.18723407611038395
dropout_50,11,36,11,1,True,1,0,0.18571705049591541
dropout_50,11,37,11,1,True,1,0,0.1875270498238547
dropout_50,11,38,11,1,True,1,0,0.18750940121019066
dropout_50,11,39,11,1,True,1,0,0.18563343515206898
dropout_50,12,20,12,1,True,1,0,0.18582065827111213
dropout_50,12,21,12,1,True,1,0,0.18566254505614863
dropout_50,12,22,12,1,True,1,0,0.1870804364553666
dropout_50,12,23,12,1,True,1,0,0.18533462368900339
dropout_50,12,24,12,1,True,1,0,0.18704457159114476
dropout_50,12,25,12,1,True,1,0,0.18664112973432942
dropout_50,12,26,12,1,True,1,0,0.1858001684975738
dropout_50,12,27,12,1,True,1,0,0.18724715715560356
dropout_50,12,28,12,1,True,1,0,0.1868897780328484
dropout_50,12,29,12,1,True,1,0,0.18763026494471283
dropout_50,12,30,12,1,True,1,0,0.18681237166269526
dropout_50,12,31,12,1,True,1,0,0.18750714780413316
dropout_50,12,32,12,1,True,1,0,0.18721955547851726
dropout_50,12,33,12,1,True,1,0,0.18716182303130482
dropout_50,12,34,12,1,True,1,0,0.1870579487178765
dropout_50,12,35,12,1,True,1,0,0.18726686241324406
dropout_50,12,36,12,1,True,1,0,0.1864435851498927
dropout_50,12,37,12,1,True,1,0,0.1859830433232046
dropout_50,12,38,12,1,True,1,0,0.18682209751813658
dropout_50,12,39,12,1,True,1,0,0.1866286315163736
dropout_50,13,20,13,1,True,1,0,0.18624589870979028
dropout_50,13,21,13,1,True,1,0,0.1874715410267209
dropout_50,13,22,13,1,True,1,0,0.18702691884981598
dropout_50,13,23,13,1,True,1,0,0.18584723489688426
dropout_50,13,24,13,1,True,1,0,0.18687525727780233
dropout_50,13,25,13,1,True,1,0,0.18584686930514183
dropout_50,13,26,13,1,True,1,0,0.18566125451660082
dropout_50,13,27,13,1,True,1,0,0.18669087954782515
dropout_50,13,28,13,1,True,1,0,0.1868542615499453
dropout_50,13,29,13,1,True,1,0,0.18702191748185626
dropout_50,13,30,13,1,True,1,0,0.18632398984534893
dropout_50,13,31,13,1,True,1,0,0.18700425217049696
dropout_50,13,32,13,1,True,1,0,0.18754006747009286
dropout_50,13,33,13,1,True,1,0,0.18437306298712242
dropout_50,13,34,13,1,True,1,0,0.18586597533369698
dropout_50,13,35,13,1,True,1,0,0.18741666972052953
dropout_50,13,36,13,1,True,1,0,0.18674828601136068
dropout_50,13,37,13,1,True,1,0,0.18612720651359138
dropout_50,13,38,13,1,True,1,0,0.1868497455947176
dropout_50,13,39,13,1,True,1,0,0.18589075010051542
dropout_50,14,20,14,1,True,1,0,0.18574841703208617
dropout_50,14,21,14,1,True,1,0,0.18641279830519605
dropout_50,14,22,14,1,True,1,0,0.18764852058998727
dropout_50,14,23,14,1,True,1,0,0.18592172065300436
dropout_50,14,24,14,1,True,1,0,0.1859777318409826
dropout_50,14,25,14,1,True,1,0,0.18759979436460408
dropout_50,14,26,14,1,True,1,0,0.1868009047635032
dropout_50,14,27,14,1,True,1,0,0.1874511147950071
dropout_50,14,28,14,1,True,1,0,0.1841869995988114
dropout_50,14,29,14,1,True,1,0,0.18585291804964366
dropout_50,14,30,14,1,True,1,0,0.18700772392424603
dropout_50,14,31,14,1,True,1,0,0.18670511878108323
dropout_50,14,32,14,1,True,1,0,0.18689352342838247
dropout_50,14,33,14,1,True,1,0,0.18658533207319633
dropout_50,14,34,14,1,True,1,0,0.1866164396891277
dropout_50,14,35,14,1,True,1,0,0.18517270036228448
dropout_50,14,36,14,1,True,1,0,0.18412819449684378
dropout_50,14,37,6,0,False,0,0,1.2744150780230612e-06
dropout_50,14,38,14,1,True,1,0,0.18679662533895397
dropout_50,14,39,14,1,True,1,0,0.18661180830923263
dropout_50,15,20,15,1,True,1,0,0.1864684790289404
dropout_50,15,21,15,1,True,1,0,0.18770539202657013
dropout_50,15,22,15,1,True,1,0,0.18658380154545948
dropout_50,15,23,15,1,True,1,0,0.18676293204233865
dropout_50,15,24,15,1,True,1,0,0.18743965760623885
dropout_50,15,25,15,1,True,1,0,0.1875915311793657
dropout_50,15,26,15,1,True,1,0,0.18545320201901855
dropout_50,15,27,15,1,True,1,0,0.1870371238895863
dropout_50,15,28,15,1,True,1,0,0.18759637657625403
dropout_50,15,29,15,1,True,1,0,0.18689658006360063
dropout_50,15,30,15,1,True,1,0,0.18575601986191934
dropout_50,15,31,15,1,True,1,0,0.18582424659834604
dropout_50,15,32,15,1,True,1,0,0.1864453565416409
dropout_50,15,33,15,1,True,1,0,0.18613812300424218
dropout_50,15,34,15,1,True,1,0,0.1870080609592245
dropout_50,15,35,15,1,True,1,0,0.18313246008930736
dropout_50,15,36,15,1,True,1,0,0.18752747877098047
dropout_50,15,37,15,1,True,1,0,0.1856226005642067
dropout_50,15,38,15,1,True,1,0,0.18739421217656504
dropout_50,15,39,15,1,True,1,0,0.1864345308265003
dropout_50,16,20,16,1,True,1,0,0.18647038487949058
dropout_50,16,21,16,1,True,1,0,0.18661480689669127
dropout_50,16,22,16,1,True,1,0,0.18746363535864302
dropout_50,16,23,16,1,True,1,0,0.18698188103287974
dropout_50,16,24,16,1,True,1,0,0.18659007197353703
dropout_50,16,25,16,1,True,1,0,0.18638613524387868
dropout_50,16,26,16,1,True,1,0,0.18583163904202002
dropout_50,16,27,16,1,True,1,0,0.18665145888341475
dropout_50,16,28,16,1,True,1,0,0.18727725039768625
dropout_50,16,29,16,1,True,1,0,0.18551724828433583
dropout_50,16,30,16,1,True,1,0,0.18670421077077243
dropout_50,16,31,16,1,True,1,0,0.18685860193612436
dropout_50,16,32,16,1,True,1,0,0.1849976403107677
dropout_50,16,33,16,1,True,1,0,0.18698018672717745
dropout_50,16,34,16,1,True,1,0,0.1862495675788985
dropout_50,16,35,16,1,True,1,0,0.18688981417896455
dropout_50,16,36,16,1,True,1,0,0.18706481350440438
dropout_50,16,37,16,1,True,1,0,0.1865926498324659
dropout_50,16,38,16,1,True,1,0,0.18596269517681438
dropout_50,16,39,16,1,True,1,0,0.18699483599737787
dropout_50,17,20,17,1,True,1,0,0.18688548897866586
dropout_50,17,21,17,1,True,1,0,0.1874475965781522
dropout_50,17,22,17,1,True,1,0,0.186789764128609
dropout_50,17,23,17,1,True,1,0,0.18646167847662753
dropout_50,17,24,17,1,True,1,0,0.18698538693723826
dropout_50,17,25,17,1,True,1,0,0.18413769697879562
dropout_50,17,26,17,1,True,1,0,0.18768062761252097
dropout_50,17,27,17,1,True,1,0,0.18669885295760164
dropout_50,17,28,17,1,True,1,0,0.18720973751658113
dropout_50,17,29,17,1,True,1,0,0.18644396747761305
dropout_50,17,30,17,1,True,1,0,0.1871205477214297
dropout_50,17,31,17,1,True,1,0,0.18590671896627783
dropout_50,17,32,17,1,True,1,0,0.18690978966781283
dropout_50,17,33,17,1,True,1,0,0.18718056149415005
dropout_50,17,34,17,1,True,1,0,0.18741375889259934
dropout_50,17,35,17,1,True,1,0,0.18611151407542534
dropout_50,17,36,17,1,True,1,0,0.1871703264511738
dropout_50,17,37,17,1,True,1,0,0.18536139239531488
dropout_50,17,38,17,1,True,1,0,0.18732250855136015
dropout_50,17,39,17,1,True,1,0,0.18415882440582695
dropout_50,18,20,18,1,True,1,0,0.18613364511602257
dropout_50,18,21,18,1,True,1,0,0.18649512906725565
dropout_50,18,22,18,1,True,1,0,0.18633209365204595
dropout_50,18,23,18,1,True,1,0,0.1873654502790895
dropout_50,18,24,18,1,True,1,0,0.18442427462469702
dropout_50,18,25,18,1,True,1,0,0.18708234575306998
dropout_50,18,26,18,1,True,1,0,0.1842425431837616
dropout_50,18,27,18,1,True,1,0,0.18644248208554545
dropout_50,18,28,18,1,True,1,0,0.18637411129665687
dropout_50,18,29,18,1,True,1,0,0.18712572851466913
dropout_50,18,30,18,1,True,1,0,0.1874801136592064
dropout_50,18,31,18,1,True,1,0,0.18627691112947323
dropout_50,18,32,18,1,True,1,0,0.185683112079046
dropout_50,18,33,18,1,True,1,0,0.18713886200029434
dropout_50,18,34,18,1,True,1,0,0.1859224782510486
dropout_50,18,35,18,1,True,1,0,0.18581291664529737
dropout_50,18,36,18,1,True,1,0,0.18673419233925403
dropout_50,18,37,18,1,True,1,0,0.18748560858968447
dropout_50,18,38,18,1,True,1,0,0.18636453481737986
dropout_50,18,39,18,1,True,1,0,0.18738256667741823
dropout_50,19,20,19,1,True,1,0,0.1870046454681404
dropout_50,19,21,19,1,True,1,0,0.18687732068535223
dropout_50,19,22,19,1,True,1,0,0.1863673409030967
dropout_50,19,23,19,1,True,1,0,0.18640582652467666
dropout_50,19,24,19,1,True,1,0,0.18557988590428331
dropout_50,19,25,19,1,True,1,0,0.18690626472892785
dropout_50,19,26,19,1,True,1,0,0.18641608951227215
dropout_50,19,27,19,1,True,1,0,0.18668805370975144
dropout_50,19,28,19,1,True,1,0,0.18520541867715287
dropout_50,19,29,19,1,True,1,0,0.18616857395714762
dropout_50,19,30,19,1,True,1,0,0.18547371362266526
dropout_50,19,31,19,1,True,1,0,0.18699016178522662
dropout_50,19,32,19,1,True,1,0,0.18752242041155232
dropout_50,19,33,19,1,False,0,0,8.472890783262077e-06
dropout_50,19,34,19,1,True,1,0,0.1869348518911488
dropout_50,19,35,19,1,True,1,0,0.18760521578758532
dropout_50,19,36,19,1,True,1,0,0.18670073883813404
dropout_50,19,37,19,1,True,1,0,0.18707847379321194
dropout_50,19,38,19,1,True,1,0,0.18601824227569538
dropout_50,19,39,19,1,True,1,0,0.1868358993152721
dropout_50,20,20,20,1,True,1,0,0.18547483055420486
dropout_50,20,21,20,1,True,1,0,0.1870511173293626
dropout_50,20,22,20,1,True,1,0,0.18612704578528097
dropout_50,20,23,20,1,True,1,0,0.18748585787243335
dropout_50,20,24,20,1,True,1,0,0.18592030423101447
dropout_50,20,25,20,1,True,1,0,0.18710154847341745
dropout_50,20,26,20,1,True,1,0,0.18648249691704774
dropout_50,20,27,20,1,True,1,0,0.18674630588187024
dropout_50,20,28,20,1,True,1,0,0.1872197719743579
dropout_50,20,29,20,1,True,1,0,0.18378187853792902
dropout_50,20,30,20,1,True,1,0,0.18712195667280698
dropout_50,20,31,20,1,True,1,0,0.18540550021016314
dropout_50,20,32,20,1,True,1,0,0.1871534380647236
dropout_50,20,33,20,1,True,1,0,0.18525404830986927
dropout_50,20,34,20,1,True,1,0,0.18692347184260666
dropout_50,20,35,20,1,True,1,0,0.187134732969079
dropout_50,20,36,20,1,True,1,0,0.18527641667389053
dropout_50,20,37,20,1,True,1,0,0.18674990157571425
dropout_50,20,38,20,1,True,1,0,0.18722155400209975
dropout_50,20,39,20,1,True,1,0,0.18725918064440275
dropout_50,21,20,21,1,True,1,0,0.18585542622019413
dropout_50,21,21,21,1,True,1,0,0.18740816457147363
dropout_50,21,22,21,1,True,1,0,0.18631267253671716
dropout_50,21,23,21,1,True,1,0,0.18663403418068428
dropout_50,21,24,21,1,True,1,0,0.1870688534725275
dropout_50,21,25,21,1,True,1,0,0.1872273447155961
dropout_50,21,26,21,1,True,1,0,0.18658810862715658
dropout_50,21,27,21,1,True,1,0,0.18704252517834866
dropout_50,21,28,21,1,False,0,0,0.1274255304138
dropout_50,21,29,21,1,True,1,0,0.1853151322329742
dropout_50,21,30,21,1,True,1,0,0.18598990625693756
dropout_50,21,31,21,1,True,1,0,0.1874571371752581
dropout_50,21,32,21,1,True,1,0,0.18654055404246797
dropout_50,21,33,21,1,True,1,0,0.18710842992766963
dropout_50,21,34,21,1,True,1,0,0.18573988020788418
dropout_50,21,35,21,1,True,1,0,0.18592231924330702
dropout_50,21,36,21,1,True,1,0,0.18667536512899655
dropout_50,21,37,21,1,True,1,0,0.18734922225688874
dropout_50,21,38,21,1,True,1,0,0.18729924069320789
dropout_50,21,39,21,1,True,1,0,0.18711230170872184
dropout_50,22,20,22,1,True,1,0,0.18689538833334743
dropout_50,22,21,22,1,True,1,0,0.18716393984325347
dropout_50,22,22,22,1,True,1,0,0.18637796804506657
dropout_50,22,23,22,1,True,1,0,0.18651783071321018
dropout_50,22,24,22,1,True,1,0,0.1868205499071375
dropout_50,22,25,22,1,True,1,0,0.18531913581135567
dropout_50,22,26,22,1,True,1,0,0.18609579971786386
dropout_50,22,27,22,1,True,1,0,0.18533848252892512
dropout_50,22,28,22,1,True,1,0,0.1869288242207522
dropout_50,22,29,22,1,True,1,0,0.18605399187073327
dropout_50,22,30,22,1,True,1,0,0.18668402639649082
dropout_50,22,31,22,1,True,1,0,0.18663997145631595
dropout_50,22,32,22,1,True,1,0,0.18677081235066648
dropout_50,22,33,22,1,True,1,0,0.18537252144269542
dropout_50,22,34,22,1,True,1,0,0.186473452387024
dropout_50,22,35,22,1,True,1,0,0.18622813024925958
dropout_50,22,36,22,1,True,1,0,0.1865794884250453
dropout_50,22,37,22,1,True,1,0,0.1860679340999704
dropout_50,22,38,22,1,True,1,0,0.18557925601883127
dropout_50,22,39,22,1,True,1,0,0.18760931872124806
dropout_50,23,20,23,1,True,1,0,0.18560856146264532
dropout_50,23,21,23,1,True,1,0,0.18656214626779918
dropout_50,23,22,23,1,True,1,0,0.18606849239629628
dropout_50,23,23,23,1,True,1,0,0.18682524796521022
dropout_50,23,24,23,1,True,1,0,0.18674575995992704
dropout_50,23,25,23,1,True,1,0,0.18683027436642644
dropout_50,23,26,23,1,True,1,0,0.18702614255230865
dropout_50,23,27,23,1,True,1,0,0.18722267835405307
dropout_50,23,28,23,1,True,1,0,0.18723912636141807
dropout_50,23,29,23,1,True,1,0,0.18662816141390853
dropout_50,23,30,23,1,True,1,0,0.18634816685657346
dropout_50,23,31,23,1,True,1,0,0.1859956472761725
dropout_50,23,32,23,1,True,1,0,0.1869251839945182
dropout_50,23,33,23,1,True,1,0,0.18692074188572227
dropout_50,23,34,23,1,True,1,0,0.18666251273905504
dropout_50,23,35,23,1,True,1,0,0.18663826035160752
dropout_50,23,36,23,1,True,1,0,0.18480096938195567
dropout_50,23,37,23,1,True,1,0,0.18731749051632063
dropout_50,23,38,23,1,True,1,0,0.18572214812218032
dropout_50,23,39,23,1,True,1,0,0.18657518477308496
dropout_50,24,20,24,1,True,1,0,0.18521420262194804
dropout_50,24,21,24,1,True,1,0,0.1868418371113865
dropout_50,24,22,24,1,True,1,0,0.18684078253472544
dropout_50,24,23,24,1,True,1,0,0.1876226683983723
dropout_50,24,24,24,1,True,1,0,0.18736352686147492
dropout_50,24,25,24,1,True,1,0,0.1866180074512056
dropout_50,24,26,24,1,True,1,0,0.18528244529719057
dropout_50,24,27,24,1,True,1,0,0.1874177776656832
dropout_50,24,28,24,1,True,1,0,0.18449330793625995
dropout_50,24,29,24,1,True,1,0,0.18649498699775968
dropout_50,24,30,24,1,True,1,0,0.18641595003951505
dropout_50,24,31,24,1,True,1,0,0.1855876689138186
dropout_50,24,32,24,1,True,1,0,0.1865053472992193
dropout_50,24,33,24,1,True,1,0,0.1862106602874764
dropout_50,24,34,24,1,True,1,0,0.18501562110422826
dropout_50,24,35,24,1,True,1,0,0.18540475848526786
dropout_50,24,36,24,1,True,1,0,0.18433962050854746
dropout_50,24,37,24,1,True,1,0,0.1865790970748446
dropout_50,24,38,24,1,True,1,0,0.18676245468803043
dropout_50,24,39,24,1,True,1,0,0.18578707096320196
dropout_50,25,20,25,1,True,1,0,0.18706101045781104
dropout_50,25,21,25,1,True,1,0,0.18699353710944605
dropout_50,25,22,25,1,True,1,0,0.18680478545830417
dropout_50,25,23,25,1,True,1,0,0.18524076599318823
dropout_50,25,24,25,1,True,1,0,0.1859696631705774
dropout_50,25,25,25,1,True,1,0,0.18728039669320154
dropout_50,25,26,25,1,True,1,0,0.18613526315915663
dropout_50,25,27,25,1,True,1,0,0.1861262462892032
dropout_50,25,28,25,1,True,1,0,0.18591355098118642
dropout_50,25,29,25,1,True,1,0,0.1867162412248741
dropout_50,25,30,25,1,True,1,0,0.1871934787751251
dropout_50,25,31,25,1,True,1,0,0.18711527301073874
dropout_50,25,32,25,1,True,1,0,0.1857896717062345
dropout_50,25,33,25,1,True,1,0,0.18734606326439093
dropout_50,25,34,25,1,True,1,0,0.1868174948640854
dropout_50,25,35,25,1,True,1,0,0.18619089062562516
dropout_50,25,36,25,1,True,1,0,0.1859813440256925
dropout_50,25,37,25,1,True,1,0,0.18658842580010263
dropout_50,25,38,25,1,True,1,0,0.18636896642945605
dropout_50,25,39,25,1,True,1,0,0.18493100560996686
dropout_50,26,20,26,1,True,1,0,0.18621070527726155
dropout_50,26,21,26,1,True,1,0,0.1867138337075969
dropout_50,26,22,26,1,True,1,0,0.18697127119257426
dropout_50,26,23,26,1,True,1,0,0.1867566274916218
dropout_50,26,24,26,1,True,1,0,0.1867165644441019
dropout_50,26,25,26,1,True,1,0,0.18676478205617236
dropout_50,26,26,26,1,True,1,0,0.18704540665634398
dropout_50,26,27,26,1,True,1,0,0.18654398788170462
dropout_50,26,28,26,1,True,1,0,0.18637361000151184
dropout_50,26,29,26,1,True,1,0,0.1860759655175794
dropout_50,26,30,26,1,True,1,0,0.18674955160279968
dropout_50,26,31,26,1,True,1,0,0.18576657720395992
dropout_50,26,32,26,1,True,1,0,0.1853191401539899
dropout_50,26,33,26,1,True,1,0,0.18627594191308328
dropout_50,26,34,26,1,True,1,0,0.1859118830577341
dropout_50,26,35,26,1,True,1,0,0.1849738743557744
dropout_50,26,36,26,1,True,1,0,0.1865879410328989
dropout_50,26,37,26,1,True,1,0,0.1865717276769617
dropout_50,26,38,26,1,True,1,0,0.1870296667943501
dropout_50,26,39,26,1,True,1,0,0.18612575684628802
dropout_50,27,20,27,1,False,0,0,6.639557424914511e-06
dropout_50,27,21,27,1,True,1,0,0.18704422430766043
dropout_50,27,22,27,1,True,1,0,0.18687014221576023
dropout_50,27,23,27,1,True,1,0,0.18662154523699848
dropout_50,27,24,27,1,True,1,0,0.18545133624634816
dropout_50,27,25,27,1,True,1,0,0.1868470923053143
dropout_50,27,26,27,1,True,1,0,0.18713236632527983
dropout_50,27,27,27,1,True,1,0,0.18603404404613372
dropout_50,27,28,27,1,True,1,0,0.1866363379216525
dropout_50,27,29,27,1,True,1,0,0.18694096533800367
dropout_50,27,30,27,1,True,1,0,0.18539671524172902
dropout_50,27,31,27,1,True,1,0,0.18735943635231153
dropout_50,27,32,27,1,True,1,0,0.18693977209534415
dropout_50,27,33,27,1,True,1,0,0.18576029261613075
dropout_50,27,34,27,1,True,1,0,0.1829098589079717
dropout_50,27,35,27,1,True,1,0,0.187230843740157
dropout_50,27,36,27,1,True,1,0,0.18529788444899836
dropout_50,27,37,27,1,True,1,0,0.18578449102788455
dropout_50,27,38,27,1,True,1,0,0.1868278836389899
dropout_50,27,39,27,1,True,1,0,0.1870519806204361
dropout_50,28,20,28,1,True,1,0,0.18758798093804682
dropout_50,28,21,28,1,True,1,0,0.1871177913503395
dropout_50,28,22,28,1,True,1,0,0.18674639500374374
dropout_50,28,23,28,1,True,1,0,0.18696864562844795
dropout_50,28,24,28,1,True,1,0,0.18746225678360773
dropout_50,28,25,28,1,True,1,0,0.18598297330226668
dropout_50,28,26,28,1,True,1,0,0.18724075545134702
dropout_50,28,27,28,1,True,1,0,0.1869406721130364
dropout_50,28,28,28,1,True,1,0,0.18717082051840714
dropout_50,28,29,28,1,True,1,0,0.1845106435831062
dropout_50,28,30,28,1,True,1,0,0.1873919255991177
dropout_50,28,31,28,1,True,1,0,0.18693104287211212
dropout_50,28,32,28,1,True,1,0,0.18598805769038249
dropout_50,28,33,28,1,True,1,0,0.18677498372622614
dropout_50,28,34,28,1,True,1,0,0.18721804564442251
dropout_50,28,35,28,1,True,1,0,0.18678418566983931
dropout_50,28,36,28,1,True,1,0,0.1871040274718103
dropout_50,28,37,28,1,True,1,0,0.1874862205753898
dropout_50,28,38,28,1,True,1,0,0.18760705938112182
dropout_50,28,39,28,1,True,1,0,0.1860932600827052
dropout_50,29,20,29,1,True,1,0,0.18713094836085353
dropout_50,29,21,29,1,True,1,0,0.18708570314392747
dropout_50,29,22,29,1,True,1,0,0.1873111082116503
dropout_50,29,23,29,1,True,1,0,0.18700512909356076
dropout_50,29,24,29,1,True,1,0,0.18686596017742377
dropout_50,29,25,29,1,True,1,0,0.18751180704700401
dropout_50,29,26,29,1,True,1,0,0.18582142879371746
dropout_50,29,27,29,1,True,1,0,0.1874550249511524
dropout_50,29,28,29,1,True,1,0,0.18698830678572975
dropout_50,29,29,29,1,True,1,0,0.18689632932364836
dropout_50,29,30,29,1,True,1,0,0.18695321432987713
dropout_50,29,31,29,1,True,1,0,0.18672070087079323
dropout_50,29,32,29,1,True,1,0,0.18688804334238276
dropout_50,29,33,29,1,True,1,0,0.18682713913392696
dropout_50,29,34,29,1,True,1,0,0.18733399193406833
dropout_50,29,35,29,1,True,1,0,0.18422380638783273
dropout_50,29,36,29,1,True,1,0,0.1865662208768144
dropout_50,29,37,29,1,True,1,0,0.18584552414439204
dropout_50,29,38,29,1,True,1,0,0.18730588913081275
dropout_50,29,39,29,1,True,1,0,0.18757987301803475
dropout_50,30,20,30,1,True,1,0,0.18761022788766132
dropout_50,30,21,30,1,True,1,0,0.18663673065102507
dropout_50,30,22,30,1,True,1,0,0.18731366874522845
dropout_50,30,23,30,1,True,1,0,0.18704531494908505
dropout_50,30,24,30,1,True,1,0,0.18714910215781624
dropout_50,30,25,30,1,True,1,0,0.18778731936870063
dropout_50,30,26,30,1,True,1,0,0.186667898043253
dropout_50,30,27,30,1,True,1,0,0.18569692368567414
dropout_50,30,28,30,1,True,1,0,0.18748817628421083
dropout_50,30,29,30,1,True,1,0,0.18505839374450742
dropout_50,30,30,30,1,True,1,0,0.18701492262658287
dropout_50,30,31,30,1,True,1,0,0.18724063594073978
dropout_50,30,32,30,1,True,1,0,0.18653548632267797
dropout_50,30,33,30,1,True,1,0,0.18697737561124897
dropout_50,30,34,30,1,True,1,0,0.1868182366961025
dropout_50,30,35,30,1,True,1,0,0.1863334655783647
dropout_50,30,36,30,1,True,1,0,0.18604450327880975
dropout_50,30,37,30,1,True,1,0,0.18596796873980823
dropout_50,30,38,30,1,True,1,0,0.18639328891608642
dropout_50,30,39,30,1,True,1,0,0.18581839392916988
dropout_50,31,20,31,1,True,1,0,0.18639399771070075
dropout_50,31,21,31,1,True,1,0,0.18651267769120103
dropout_50,31,22,31,1,True,1,0,0.18690018698264085
dropout_50,31,23,31,1,True,1,0,0.18690512253089295
dropout_50,31,24,31,1,True,1,0,0.1866474677186606
dropout_50,31,25,31,1,True,1,0,0.18529546265501268
dropout_50,31,26,31,1,True,1,0,0.18653261903097157
dropout_50,31,27,31,1,True,1,0,0.1865689653601363
dropout_50,31,28,31,1,True,1,0,0.18750314946460506
dropout_50,31,29,31,1,True,1,0,0.18732438639737825
dropout_50,31,30,31,1,True,1,0,0.18601499116104164
dropout_50,31,31,31,1,True,1,0,0.1858687044967275
dropout_50,31,32,31,1,True,1,0,0.18678788655793502
dropout_50,31,33,31,1,True,1,0,0.1855688583776958
dropout_50,31,34,31,1,True,1,0,0.18653652430802534
dropout_50,31,35,31,1,True,1,0,0.18607186504881892
dropout_50,31,36,31,1,True,1,0,0.1862081063105757
dropout_50,31,37,31,1,True,1,0,0.18507147737895913
dropout_50,31,38,31,1,True,1,0,0.18682875709144275
dropout_50,31,39,31,1,True,1,0,0.18694753274647527
dropout_50,32,20,32,1,True,1,0,0.1837183116683253
dropout_50,32,21,32,1,True,1,0,0.18556885894842592
dropout_50,32,22,32,1,True,1,0,0.18767424763163915
dropout_50,32,23,32,1,True,1,0,0.18725585252256655
dropout_50,32,24,32,1,True,1,0,0.18657887483237018
dropout_50,32,25,32,1,True,1,0,0.18582879663985488
dropout_50,32,26,32,1,True,1,0,0.18684197780950934
dropout_50,32,27,32,1,True,1,0,0.1844799843604169
dropout_50,32,28,32,1,True,1,0,0.1876504884139257
dropout_50,32,29,32,1,True,1,0,0.18626128350845716
dropout_50,32,30,32,1,True,1,0,0.1862706654327573
dropout_50,32,31,32,1,True,1,0,0.18571826198843597
dropout_50,32,32,32,1,True,1,0,0.18654380065547127
dropout_50,32,33,32,1,True,1,0,0.18598477045597864
dropout_50,32,34,32,1,True,1,0,0.18644012092952691
dropout_50,32,35,32,1,True,1,0,0.18562846916807565
dropout_50,32,36,32,1,True,1,0,0.18665428442583487
dropout_50,32,37,32,1,True,1,0,0.18484549906194755
dropout_50,32,38,32,1,True,1,0,0.18595207757671764
dropout_50,32,39,32,1,True,1,0,0.18681543394402716
dropout_50,33,20,33,1,True,1,0,0.18624200547736164
dropout_50,33,21,33,1,True,1,0,0.18719111515905779
dropout_50,33,22,33,1,True,1,0,0.18681283068352283
dropout_50,33,23,33,1,True,1,0,0.18543770164929066
dropout_50,33,24,33,1,True,1,0,0.18617461133362365
dropout_50,33,25,33,1,True,1,0,0.1870971325180597
dropout_50,33,26,33,1,True,1,0,0.18613133310466928
dropout_50,33,27,33,1,True,1,0,0.18740042218308772
dropout_50,33,28,33,1,True,1,0,0.18703779722738811
dropout_50,33,29,33,1,True,1,0,0.18623648425433356
dropout_50,33,30,33,1,True,1,0,0.1873239952577
dropout_50,33,31,33,1,True,1,0,0.18518732219779618
dropout_50,33,32,33,1,False,0,0,0.12851267175815997
dropout_50,33,33,33,1,True,1,0,0.1871797945371697
dropout_50,33,34,33,1,True,1,0,0.18689950598339977
dropout_50,33,35,33,1,True,1,0,0.18733978445457483
dropout_50,33,36,33,1,True,1,0,0.18634717822506175
dropout_50,33,37,33,1,True,1,0,0.18670130818826428
dropout_50,33,38,33,1,True,1,0,0.18598830808220002
dropout_50,33,39,33,1,True,1,0,0.18515593629823007
dropout_50,34,20,34,1,True,1,0,0.18581224443641506
dropout_50,34,21,34,1,True,1,0,0.18261546468733617
dropout_50,34,22,34,1,True,1,0,0.1870360034139167
dropout_50,34,23,34,1,True,1,0,0.18622547301969375
dropout_50,34,24,34,1,True,1,0,0.18695100860715955
dropout_50,34,25,34,1,True,1,0,0.1854966777799726
dropout_50,34,26,34,1,True,1,0,0.18713781771329116
dropout_50,34,27,34,1,True,1,0,0.18676055228876803
dropout_50,34,28,34,1,True,1,0,0.18693936047007484
dropout_50,34,29,34,1,True,1,0,0.18611980384992746
dropout_50,34,30,34,1,True,1,0,0.18694470516813166
dropout_50,34,31,34,1,True,1,0,0.1863621324134473
dropout_50,34,32,34,1,True,1,0,0.1862680331676479
dropout_50,34,33,34,1,True,1,0,0.18662606122171038
dropout_50,34,34,34,1,True,1,0,0.18652286765159912
dropout_50,34,35,34,1,True,1,0,0.1871141039163977
dropout_50,34,36,34,1,True,1,0,0.18672849923397244
dropout_50,34,37,34,1,True,1,0,0.18417888474323546
dropout_50,34,38,34,1,True,1,0,0.18724868530728628
dropout_50,34,39,34,1,True,1,0,0.18670548441145554
dropout_50,35,20,35,1,True,1,0,0.18733328727102705
dropout_50,35,21,35,1,True,1,0,0.18736889432048723
dropout_50,35,22,35,1,True,1,0,0.18734608578583636
dropout_50,35,23,35,1,True,1,0,0.1865371090153647
dropout_50,35,24,35,1,True,1,0,0.18735956760642453
dropout_50,35,25,35,1,True,1,0,0.18656285327804875
dropout_50,35,26,35,1,True,1,0,0.18658432768268166
dropout_50,35,27,35,1,True,1,0,0.18677667104336024
dropout_50,35,28,35,1,True,1,0,0.1869676669139067
dropout_50,35,29,35,1,True,1,0,0.18667746047155429
dropout_50,35,30,35,1,True,1,0,0.18697406823544627
dropout_50,35,31,35,1,True,1,0,0.18665873609191888
dropout_50,35,32,35,1,True,1,0,0.18671370488897718
dropout_50,35,33,35,1,True,1,0,0.1870069043345856
dropout_50,35,34,35,1,True,1,0,0.18707698381103904
dropout_50,35,35,35,1,True,1,0,0.1866355335572089
dropout_50,35,36,35,1,True,1,0,0.18695524101781755
dropout_50,35,37,35,1,True,1,0,0.18708787057384932
dropout_50,35,38,35,1,True,1,0,0.18638731915154627
dropout_50,35,39,35,1,True,1,0,0.18662008009678754
dropout_50,36,20,36,1,True,1,0,0.18765464559577316
dropout_50,36,21,36,1,True,1,0,0.18624357595542035
dropout_50,36,22,36,1,True,1,0,0.18728209268540635
dropout_50,36,23,36,1,True,1,0,0.18709772335031835
dropout_50,36,24,36,1,True,1,0,0.18690194678599503
dropout_50,36,25,36,1,True,1,0,0.18768319985850815
dropout_50,36,26,36,1,True,1,0,0.18668518506671009
dropout_50,36,27,36,1,True,1,0,0.18747012107758892
dropout_50,36,28,36,1,True,1,0,0.18434865762218444
dropout_50,36,29,36,1,True,1,0,0.18720618597115302
dropout_50,36,30,36,1,True,1,0,0.1877196553189757
dropout_50,36,31,36,1,True,1,0,0.18713965059435753
dropout_50,36,32,36,1,True,1,0,0.1872534590793813
dropout_50,36,33,36,1,True,1,0,0.1868935181543999
dropout_50,36,34,36,1,True,1,0,0.18599184105628155
dropout_50,36,35,36,1,True,1,0,0.18666701329371596
dropout_50,36,36,36,1,True,1,0,0.18580714087540934
dropout_50,36,37,36,1,True,1,0,0.18524548733913213
dropout_50,36,38,36,1,True,1,0,0.18635486675471188
dropout_50,36,39,36,1,True,1,0,0.1851397334077208
dropout_50,37,20,37,1,True,1,0,0.18640943256100995
dropout_50,37,21,37,1,True,1,0,0.18661631527634057
dropout_50,37,22,37,1,False,0,0,0.1285448279364459
dropout_50,37,23,37,1,True,1,0,0.18448391701969385
dropout_50,37,24,37,1,True,1,0,0.1870687811463446
dropout_50,37,25,37,1,True,1,0,0.1863766359377392
dropout_50,37,26,37,1,True,1,0,0.1868437991904223
dropout_50,37,27,37,1,True,1,0,0.18718610737315353
dropout_50,37,28,37,1,True,1,0,0.18656756930555055
dropout_50,37,29,37,1,True,1,0,0.18584487243118297
dropout_50,37,30,37,1,True,1,0,0.18706513122361285
dropout_50,37,31,37,1,True,1,0,0.18674505600896232
dropout_50,37,32,37,1,True,1,0,0.1844699457335119
dropout_50,37,33,37,1,True,1,0,0.18655235502804893
dropout_50,37,34,37,1,True,1,0,0.18760827416228748
dropout_50,37,35,37,1,True,1,0,0.18661623065560212
dropout_50,37,36,37,1,True,1,0,0.18707143849264837
dropout_50,37,37,37,1,True,1,0,0.1857028776419547
dropout_50,37,38,37,1,True,1,0,0.18721714764433114
dropout_50,37,39,37,1,True,1,0,0.18512949011604138
dropout_50,38,20,38,1,True,1,0,0.1863328321765243
dropout_50,38,21,38,1,True,1,0,0.18437595573897694
dropout_50,38,22,38,1,True,1,0,0.18679589621209303
dropout_50,38,23,38,1,True,1,0,0.1861034952495857
dropout_50,38,24,38,1,True,1,0,0.18654730943121436
dropout_50,38,25,38,1,True,1,0,0.18669927406297113
dropout_50,38,26,38,1,True,1,0,0.18703770502541178
dropout_50,38,27,38,1,True,1,0,0.18726506719609026
dropout_50,38,28,38,1,True,1,0,0.187180906883966
dropout_50,38,29,38,1,True,1,0,0.18715693154671972
dropout_50,38,30,38,1,True,1,0,0.18700287448679273
dropout_50,38,31,38,1,True,1,0,0.18691768917237622
dropout_50,38,32,38,1,True,1,0,0.18689740174456682
dropout_50,38,33,38,1,True,1,0,0.1867019821967728
dropout_50,38,34,38,1,True,1,0,0.18526921988072198
dropout_50,38,35,38,1,True,1,0,0.18740692918320104
dropout_50,38,36,38,1,True,1,0,0.18755050097153725
dropout_50,38,37,38,1,True,1,0,0.18736711930076247
dropout_50,38,38,38,1,True,1,0,0.1864587058646412
dropout_50,38,39,38,1,True,1,0,0.18717370063298547
dropout_50,39,20,39,1,True,1,0,0.18652208799750905
dropout_50,39,21,39,1,True,1,0,0.1852541352233265
dropout_50,39,22,39,1,True,1,0,0.1862417405868264
dropout_50,39,23,39,1,True,1,0,0.1864035186652405
dropout_50,39,24,39,1,True,1,0,0.18658863570874126
dropout_50,39,25,39,1,True,1,0,0.18636132002915137
dropout_50,39,26,39,1,True,1,0,0.1856711221563196
dropout_50,39,27,39,1,True,1,0,0.1845014118945666
dropout_50,39,28,39,1,True,1,0,0.18637746132259722
dropout_50,39,29,39,1,True,1,0,0.1870808004920946
dropout_50,39,30,39,1,True,1,0,0.18636364205698747
dropout_50,39,31,39,1,True,1,0,0.18713797823977135
dropout_50,39,32,39,1,True,1,0,0.18747174091470742
dropout_50,39,33,39,1,True,1,0,0.1872085892997056
dropout_50,39,34,39,1,True,1,0,0.18571818425162248
dropout_50,39,35,39,1,True,1,0,0.18584954047755473
dropout_50,39,36,39,1,True,1,0,0.18721029252182333
dropout_50,39,37,39,1,True,1,0,0.1861300537636769
dropout_50,39,38,39,1,True,1,0,0.1863259922725624
dropout_50,39,39,39,1,True,1,0,0.1869428152070073
dropout_50,40,20,40,1,True,1,0,0.1865152702878334
dropout_50,40,21,40,1,True,1,0,0.1850920847427358
dropout_50,40,22,40,1,True,1,0,0.187268907372307
dropout_50,40,23,40,1,True,1,0,0.18562508144252773
dropout_50,40,24,40,1,True,1,0,0.18575034059060683
dropout_50,40,25,40,1,True,1,0,0.18563496209451863
dropout_50,40,26,40,1,True,1,0,0.18701968498713473
dropout_50,40,27,40,1,True,1,0,0.18602064894220988
dropout_50,40,28,40,1,True,1,0,0.1873888756228294
dropout_50,40,29,40,1,True,1,0,0.18476182778315753
dropout_50,40,30,40,1,True,1,0,0.18635588499620193
dropout_50,40,31,40,1,True,1,0,0.18602356102411222
dropout_50,40,32,40,1,True,1,0,0.1865088181051651
dropout_50,40,33,40,1,True,1,0,0.18603006532362742
dropout_50,40,34,40,1,True,1,0,0.18627189135136
dropout_50,40,35,40,1,True,1,0,0.1860064457417505
dropout_50,40,36,40,1,True,1,0,0.18574043225291875
dropout_50,40,37,40,1,True,1,0,0.18603450515617012
dropout_50,40,38,40,1,True,1,0,0.1333305191749367
dropout_50,40,39,40,1,True,1,0,0.18538546504070358
dropout_50,41,20,41,1,True,1,0,0.18655776679394298
dropout_50,41,21,41,1,True,1,0,0.18667917370188647
dropout_50,41,22,41,1,True,1,0,0.18706646735519475
dropout_50,41,23,41,1,True,1,0,0.1857695500894118
dropout_50,41,24,41,1,True,1,0,0.18454745330958627
dropout_50,41,25,41,1,True,1,0,0.1870771690379506
dropout_50,41,26,41,1,True,1,0,0.18469910567053824
dropout_50,41,27,41,1,True,1,0,0.18578599400802517
dropout_50,41,28,41,1,True,1,0,0.18630131141901132
dropout_50,41,29,41,1,True,1,0,0.1866929564067505
dropout_50,41,30,41,1,True,1,0,0.18576869508821986
dropout_50,41,31,41,1,True,1,0,0.18568183676225142
dropout_50,41,32,41,1,True,1,0,0.1872087820944701
dropout_50,41,33,41,1,True,1,0,0.17937055156720524
dropout_50,41,34,41,1,True,1,0,0.1869929464093473
dropout_50,41,35,41,1,True,1,0,0.1848843976485548
dropout_50,41,36,41,1,True,1,0,0.1870264210205349
dropout_50,41,37,41,1,True,1,0,0.18560408354635882
dropout_50,41,38,41,1,True,1,0,0.18599617897211884
dropout_50,41,39,41,1,True,1,0,0.18661931413070684
dropout_50,42,20,42,1,True,1,0,0.18612113782435874
dropout_50,42,21,42,1,True,1,0,0.1869468896929761
dropout_50,42,22,42,1,True,1,0,0.18616284644576284
dropout_50,42,23,42,1,True,1,0,0.1871554324259601
dropout_50,42,24,42,1,True,1,0,0.18459475447192444
dropout_50,42,25,42,1,True,1,0,0.18754299834802546
dropout_50,42,26,42,1,True,1,0,0.18683422539656874
dropout_50,42,27,42,1,True,1,0,0.18299736102226538
dropout_50,42,28,42,1,True,1,0,0.18712144640667627
dropout_50,42,29,42,1,True,1,0,0.18593913535528878
dropout_50,42,30,42,1,True,1,0,0.1850137089490579
dropout_50,42,31,42,1,True,1,0,0.18749620082567847
dropout_50,42,32,42,1,True,1,0,0.18571630696273314
dropout_50,42,33,42,1,True,1,0,0.18717251545098285
dropout_50,42,34,42,1,True,1,0,0.18542669723547572
dropout_50,42,35,42,1,True,1,0,0.18723399614805133
dropout_50,42,36,42,1,True,1,0,0.18676520963863366
dropout_50,42,37,42,1,True,1,0,0.1860912790626975
dropout_50,42,38,42,1,True,1,0,0.18539331965352465
dropout_50,42,39,42,1,True,1,0,0.1855880045905447
dropout_50,43,20,43,1,True,1,0,0.18761597267554325
dropout_50,43,21,43,1,True,1,0,0.1857861809436613
dropout_50,43,22,43,1,True,1,0,0.18540498076772266
dropout_50,43,23,43,1,True,1,0,0.1874175078485909
dropout_50,43,24,43,1,True,1,0,0.18762721158308093
dropout_50,43,25,43,1,True,1,0,0.18701377102359254
dropout_50,43,26,43,1,True,1,0,0.18619872777638408
dropout_50,43,27,43,1,True,1,0,0.18755824074763536
dropout_50,43,28,43,1,True,1,0,0.18669473025135228
dropout_50,43,29,43,1,True,1,0,0.18708522651180817
dropout_50,43,30,43,1,True,1,0,0.18736627898627004
dropout_50,43,31,43,1,True,1,0,0.18496839744116073
dropout_50,43,32,43,1,True,1,0,0.1836556260367983
dropout_50,43,33,43,1,True,1,0,0.18724337193722768
dropout_50,43,34,43,1,True,1,0,0.18717078845707963
dropout_50,43,35,43,1,True,1,0,0.1863568139136006
dropout_50,43,36,43,1,True,1,0,0.18533322423269638
dropout_50,43,37,43,1,True,1,0,0.1856703562182198
dropout_50,43,38,43,1,True,1,0,0.18740748439640262
dropout_50,43,39,43,1,True,1,0,0.1849992412808663
dropout_50,44,20,44,1,True,1,0,0.18718305439073554
dropout_50,44,21,44,1,True,1,0,0.18616121505071453
dropout_50,44,22,44,1,True,1,0,0.18673994234917052
dropout_50,44,23,44,1,True,1,0,0.1859601938604381
dropout_50,44,24,44,1,True,1,0,0.18734775556597558
dropout_50,44,25,44,1,True,1,0,0.18678701817876334
dropout_50,44,26,44,1,True,1,0,0.18648618352892843
dropout_50,44,27,44,1,True,1,0,0.18640283241896483
dropout_50,44,28,44,1,True,1,0,0.18717225190545914
dropout_50,44,29,44,1,True,1,0,0.18535278338598643
dropout_50,44,30,44,1,True,1,0,0.18683286293919155
dropout_50,44,31,44,1,True,1,0,0.1862756871822965
dropout_50,44,32,44,1,True,1,0,0.1872338903453301
dropout_50,44,33,44,1,True,1,0,0.18713215136184885
dropout_50,44,34,44,1,True,1,0,0.18704694537170888
dropout_50,44,35,44,1,True,1,0,0.18690685822682956
dropout_50,44,36,44,1,True,1,0,0.18756130463373383
dropout_50,44,37,44,1,True,1,0,0.18742882298334088
dropout_50,44,38,44,1,True,1,0,0.18679071883231405
dropout_50,44,39,44,1,True,1,0,0.1854881054263101
dropout_50,45,20,45,1,True,1,0,0.18366242151685128
dropout_50,45,21,45,1,True,1,0,0.18667264656070598
dropout_50,45,22,45,1,True,1,0,0.18720108297170562
dropout_50,45,23,45,1,True,1,0,0.1867593148004802
dropout_50,45,24,45,1,True,1,0,0.18615277428923852
dropout_50,45,25,45,1,True,1,0,0.18750096745196446
dropout_50,45,26,45,1,True,1,0,0.187374423352305
dropout_50,45,27,45,1,True,1,0,0.1863526872559813
dropout_50,45,28,45,1,True,1,0,0.1858339864660557
dropout_50,45,29,45,1,True,1,0,0.1862762872835138
dropout_50,45,30,45,1,True,1,0,0.18607440392146313
dropout_50,45,31,45,1,True,1,0,0.1869209182855238
dropout_50,45,32,45,1,True,1,0,0.18726335458281837
dropout_50,45,33,45,1,True,1,0,0.18720984485906975
dropout_50,45,34,45,1,True,1,0,0.1875128941469189
dropout_50,45,35,45,1,True,1,0,0.1855657675277327
dropout_50,45,36,45,1,True,1,0,0.1865930583542294
dropout_50,45,37,45,1,True,1,0,0.18756565422361604
dropout_50,45,38,45,1,True,1,0,0.18750454454945067
dropout_50,45,39,45,1,True,1,0,0.18648416010853114
dropout_50,46,20,46,1,True,1,0,0.18627612060772716
dropout_50,46,21,46,1,True,1,0,0.18590758558114934
dropout_50,46,22,46,1,True,1,0,0.18549220926426804
dropout_50,46,23,46,1,True,1,0,0.18422765185153253
dropout_50,46,24,46,1,True,1,0,0.18737600691385012
dropout_50,46,25,46,1,True,1,0,0.18627885329126578
dropout_50,46,26,46,1,True,1,0,0.18639639282242107
dropout_50,46,27,46,1,True,1,0,0.18654901949152267
dropout_50,46,28,46,1,True,1,0,0.18558499225941408
dropout_50,46,29,46,1,True,1,0,0.1870833506435615
dropout_50,46,30,46,1,True,1,0,0.18661195506549602
dropout_50,46,31,46,1,True,1,0,0.18599256287053278
dropout_50,46,32,46,1,True,1,0,0.18717217625130728
dropout_50,46,33,46,1,True,1,0,0.1862564220366389
dropout_50,46,34,46,1,True,1,0,0.1862993298525233
dropout_50,46,35,46,1,True,1,0,0.18685319157226105
dropout_50,46,36,46,1,True,1,0,0.18659249306701162
dropout_50,46,37,46,1,True,1,0,0.18652453643023914
dropout_50,46,38,46,1,True,1,0,0.18690051115140813
dropout_50,46,39,46,1,True,1,0,0.18767606316472135
dropout_50,47,20,47,1,True,1,0,0.18603391444165776
dropout_50,47,21,47,1,True,1,0,0.1859492211548001
dropout_50,47,22,47,1,True,1,0,0.18682554380122804
dropout_50,47,23,47,1,True,1,0,0.1848724265302695
dropout_50,47,24,47,1,True,1,0,0.1863186583601577
dropout_50,47,25,47,1,True,1,0,0.1864231475742194
dropout_50,47,26,47,1,True,1,0,0.18711757941038037
dropout_50,47,27,47,1,True,1,0,0.185766377580833
dropout_50,47,28,47,1,True,1,0,0.1867020414833465
dropout_50,47,29,47,1,True,1,0,0.18621776875922955
dropout_50,47,30,47,1,True,1,0,0.1871237010990196
dropout_50,47,31,47,1,True,1,0,0.18698917793896644
dropout_50,47,32,47,1,True,1,0,0.1867966440555101
dropout_50,47,33,47,1,True,1,0,0.18755148814307276
dropout_50,47,34,47,1,True,1,0,0.18621796845002386
dropout_50,47,35,47,1,True,1,0,0.18744735215001157
dropout_50,47,36,47,1,True,1,0,0.18660622423398426
dropout_50,47,37,47,1,True,1,0,0.18722328789346168
dropout_50,47,38,47,1,True,1,0,0.1333331614801474
dropout_50,47,39,47,1,True,1,0,0.18714537927627026
mixed,0,20,0,1,True,1,0,0.15486351402678145
mixed,0,21,0,1,True,1,0,0.15934202533792
mixed,0,22,0,1,True,1,0,0.16149602890550105
mixed,0,23,0,1,True,1,0,0.1671199904397046
mixed,0,24,0,1,True,1,0,0.16113135666469144
mixed,0,25,0,1,True,1,0,0.17419463220662312
mixed,0,26,0,1,True,1,0,0.17872339958528458
mixed,0,27,0,1,True,1,0,0.15310331072262834
mixed,0,28,0,1,True,1,0,0.17617182040359183
mixed,0,29,0,1,True,1,0,0.1734755039336113
mixed,0,30,0,1,True,1,0,0.13555719231920207
mixed,0,31,0,1,True,1,0,0.14889625005818716
mixed,0,32,0,1,True,1,0,0.16427631505874563
mixed,0,33,0,1,True,1,0,0.1650824244555366
mixed,0,34,0,1,True,1,0,0.16336672570421434
mixed,0,35,0,1,True,1,0,0.1598258129713108
mixed,0,36,0,1,True,1,0,0.14269623748101304
mixed,0,37,0,1,True,1,0,0.15057395110817595
mixed,0,38,0,1,True,1,0,0.16067650702655917
mixed,0,39,0,1,True,1,0,0.16879146346994867
mixed,1,20,1,1,True,1,0,0.17886113092091424
mixed,1,21,1,1,True,1,0,0.17744700371855585
mixed,1,22,1,1,True,1,0,0.1491390039338
mixed,1,23,1,1,True,1,0,0.17056468352635257
mixed,1,24,1,1,False,0,0,0.11035161867929065
mixed,1,25,1,1,True,1,0,0.14370977166512064
mixed,1,26,1,1,True,1,0,0.17275504160266328
mixed,1,27,1,1,True,1,0,0.15602309670800557
mixed,1,28,1,1,True,1,0,0.16709719793345973
mixed,1,29,1,1,True,1,0,0.15201367426528464
mixed,1,30,1,1,True,1,0,0.14097637844062208
mixed,1,31,1,1,True,1,0,0.15119269882446526
mixed,1,32,1,1,True,1,0,0.17086502896210226
mixed,1,33,1,1,True,1,0,0.17709806695894484
mixed,1,34,1,1,True,1,0,0.16605532504717735
mixed,1,35,1,1,True,1,0,0.16928291953017122
mixed,1,36,1,1,True,1,0,0.17539292848334317
mixed,1,37,1,1,True,1,0,0.15646930494465872
mixed,1,38,1,1,True,1,0,0.1734380328000049
mixed,1,39,1,1,True,1,0,0.15041357482524048
mixed,2,20,2,1,True,1,0,0.16895987886163727
mixed,2,21,2,1,True,1,0,0.17499711995141518
mixed,2,22,2,1,True,1,0,0.1796328105434009
mixed,2,23,2,1,True,1,0,0.15869545226256113
mixed,2,24,2,1,True,1,0,0.1683944961763974
mixed,2,25,2,1,True,1,0,0.16509095394011106
mixed,2,26,2,1,True,1,0,0.17415669902727127
mixed,2,27,2,1,True,1,0,0.15197961648086586
mixed,2,28,2,1,False,0,0,0.12080409880331894
mixed,2,29,2,1,True,1,0,0.16324470331281457
mixed,2,30,2,1,False,0,0,0.10652701386269829
mixed,2,31,2,1,True,1,0,0.15822709612696265
mixed,2,32,2,1,True,1,0,0.18014545852934988
mixed,2,33,2,1,True,1,0,0.16382036797253074
mixed,2,34,2,1,True,1,0,0.16046738212836972
mixed,2,35,2,1,True,1,0,0.16710230256272868
mixed,2,36,2,1,True,1,0,0.16242304612657665
mixed,2,37,2,1,False,0,0,0.12791322149492398
mixed,2,38,2,1,True,1,0,0.1641293722362202
mixed,2,39,2,1,False,0,0,0.11963309617129908
mixed,3,20,3,1,True,1,0,0.15385827840904984
mixed,3,21,3,1,True,1,0,0.1693999843785263
mixed,3,22,3,1,True,1,0,0.1733054718596335
mixed,3,23,3,1,False,0,0,0.12118319938063347
mixed,3,24,3,1,True,1,0,0.15874647795851057
mixed,3,25,3,1,True,1,0,0.17538896092815692
mixed,3,26,3,1,True,1,0,0.1631819616809256
mixed,3,27,3,1,True,1,0,0.1591774917300038
mixed,3,28,3,1,True,1,0,0.17241847527947995
mixed,3,29,3,1,True,1,0,0.1546774578280179
mixed,3,30,3,1,True,1,0,0.1526492667643183
mixed,3,31,3,1,True,1,0,0.17631214145430849
mixed,3,32,3,1,True,1,0,0.16574876510595138
mixed,3,33,3,1,True,1,0,0.15547085915930295
mixed,3,34,3,1,True,1,0,0.17114952964625246
mixed,3,35,3,1,True,1,0,0.16546474186633
mixed,3,36,3,1,True,1,0,0.15929544867237702
mixed,3,37,3,1,True,1,0,0.1524155239271455
mixed,3,38,3,1,True,1,0,0.14260339553016949
mixed,3,39,3,1,True,1,0,0.15724108996402447
mixed,4,20,4,1,True,1,0,0.15475752933086867
mixed,4,21,4,1,True,1,0,0.1631408403093112
mixed,4,22,4,1,True,1,0,0.13638902313274495
mixed,4,23,4,1,True,1,0,0.15326063958956887
mixed,4,24,4,1,True,1,0,0.17651823706209263
mixed,4,25,4,1,True,1,0,0.1652266901442721
mixed,4,26,4,1,True,1,0,0.1612466403272637
mixed,4,27,4,1,True,1,0,0.17948439613811165
mixed,4,28,4,1,True,1,0,0.16658584074121227
mixed,4,29,4,1,False,0,0,5.001768396600825e-06
mixed,4,30,4,1,True,1,0,0.1735305345942154
mixed,4,31,4,1,True,1,0,0.16456362327636195
mixed,4,32,4,1,True,1,0,0.13285085172268987
mixed,4,33,4,1,True,1,0,0.166367102923543
mixed,4,34,4,1,True,1,0,0.14305879031845278
mixed,4,35,4,1,True,1,0,0.15322512482776096
mixed,4,36,4,1,True,1,0,0.15298760580033635
mixed,4,37,4,1,True,1,0,0.14023630421091485
mixed,4,38,4,1,True,1,0,0.16283560406897687
mixed,4,39,4,1,True,1,0,0.16686196492451022
mixed,5,20,5,1,True,1,0,0.17441947582313808
mixed,5,21,5,1,True,1,0,0.1628625394076333
mixed,5,22,5,1,True,1,0,0.16910354013461557
mixed,5,23,5,1,True,1,0,0.1696463533466317
mixed,5,24,5,1,True,1,0,0.16778400122285397
mixed,5,25,5,1,True,1,0,0.16974454383454313
mixed,5,26,5,1,False,0,0,0.12680112527205362
mixed,5,27,5,1,True,1,0,0.17170211864166213
mixed,5,28,5,1,True,1,0,0.15704243443144167
mixed,5,29,5,1,True,1,0,0.14067612324442325
mixed,5,30,5,1,True,1,0,0.16137787701484188
mixed,5,31,5,1,True,1,0,0.16286710898641157
mixed,5,32,5,1,True,1,0,0.17383891912479746
mixed,5,33,5,1,True,1,0,0.15878856308985112
mixed,5,34,5,1,True,1,0,0.16679982025350124
mixed,5,35,5,1,True,1,0,0.15465521381653902
mixed,5,36,5,1,True,1,0,0.16628737969926718
mixed,5,37,5,1,True,1,0,0.15981953298506274
mixed,5,38,5,1,True,1,0,0.17682802873899012
mixed,5,39,5,1,False,0,0,0.10841481085677661
mixed,6,20,6,1,True,1,0,0.16860979447940713
mixed,6,21,6,1,True,1,0,0.15989324711704478
mixed,6,22,6,1,True,1,0,0.16489561544240006
mixed,6,23,6,1,True,1,0,0.16448977018469746
mixed,6,24,6,1,True,1,0,0.1390629745674675
mixed,6,25,6,1,True,1,0,0.16389184809996732
mixed,6,26,6,1,True,1,0,0.14210983354465961
mixed,6,27,6,1,True,1,0,0.16568279151493212
mixed,6,28,6,1,True,1,0,0.15213629959943387
mixed,6,29,6,1,True,1,0,0.17587962009211786
mixed,6,30,6,1,True,1,0,0.14973787133793542
mixed,6,31,6,1,True,1,0,0.1625277564503933
mixed,6,32,6,1,True,1,0,0.1704476700125579
mixed,6,33,6,1,True,1,0,0.15080428961469175
mixed,6,34,6,1,True,1,0,0.17436573286401186
mixed,6,35,6,1,True,1,0,0.17465520840261228
mixed,6,36,6,1,True,1,0,0.16268557199169986
mixed,6,37,6,1,True,1,0,0.16313407052089005
mixed,6,38,6,1,True,1,0,0.1559041030857042
mixed,6,39,6,1,True,1,0,0.17317264686955777
mixed,7,20,7,1,False,0,0,2.7124649863083383e-05
mixed,7,21,7,1,True,1,0,0.16955986315843002
mixed,7,22,7,1,True,1,0,0.15280937760664767
mixed,7,23,7,1,True,1,0,0.17578644355235395
mixed,7,24,7,1,True,1,0,0.1766836343588491
mixed,7,25,7,1,True,1,0,0.13961069498301065
mixed,7,26,7,1,True,1,0,0.16557893442820792
mixed,7,27,7,1,True,1,0,0.16174207312178535
mixed,7,28,7,1,True,1,0,0.16344253731495267
mixed,7,29,7,1,True,1,0,0.1552850300636876
mixed,7,30,7,1,True,1,0,0.17045025283022788
mixed,7,31,7,1,True,1,0,0.16249370513516487
mixed,7,32,7,1,True,1,0,0.15707170864086412
mixed,7,33,7,1,True,1,0,0.17924482738692443
mixed,7,34,7,1,True,1,0,0.15214226831880925
mixed,7,35,7,1,True,1,0,0.16110757964804404
mixed,7,36,7,1,True,1,0,0.17505709173450382
mixed,7,37,7,1,True,1,0,0.17357992509745504
mixed,7,38,7,1,True,1,0,0.17266278806374724
mixed,7,39,7,1,True,1,0,0.16067117151470225
mixed,8,20,0,0,False,0,0,2.4560159313610774e-05
mixed,8,21,8,1,True,1,0,0.1713954424383711
mixed,8,22,8,1,True,1,0,0.17939286828473197
mixed,8,23,8,1,True,1,0,0.16998902029515517
mixed,8,24,8,1,True,1,0,0.1559519417889622
mixed,8,25,8,1,True,1,0,0.16188771359658471
mixed,8,26,8,1,True,1,0,0.14897109304487421
mixed,8,27,8,1,True,1,0,0.15676080000393006
mixed,8,28,8,1,True,1,0,0.15964670593979832
mixed,8,29,8,1,True,1,0,0.1782615741509731
mixed,8,30,8,1,False,0,0,0.12421693737773593
mixed,8,31,8,1,True,1,0,0.16233311468467335
mixed,8,32,8,1,True,1,0,0.1639896747622225
mixed,8,33,8,1,True,1,0,0.1768394487562949
mixed,8,34,8,1,True,1,0,0.1564767633893045
mixed,8,35,8,1,True,1,0,0.1683886828136547
mixed,8,36,8,1,True,1,0,0.1581536996239914
mixed,8,37,8,1,True,1,0,0.1819445018738019
mixed,8,38,8,1,True,1,0,0.18351403873111777
mixed,8,39,8,1,True,1,0,0.15912057604668461
mixed,9,20,9,1,True,1,0,0.15940228973668558
mixed,9,21,9,1,True,1,0,0.16249641177703894
mixed,9,22,9,1,True,1,0,0.15494229194550924
mixed,9,23,9,1,True,1,0,0.16912186375089763
mixed,9,24,9,1,True,1,0,0.15306351121143358
mixed,9,25,9,1,True,1,0,0.170735568521016
mixed,9,26,9,1,True,1,0,0.15316723217538208
mixed,9,27,9,1,True,1,0,0.15938579023197094
mixed,9,28,9,1,True,1,0,0.17677801655661432
mixed,9,29,9,1,True,1,0,0.16718451664581335
mixed,9,30,9,1,True,1,0,0.17476679427063446
mixed,9,31,9,1,True,1,0,0.15904621784102796
mixed,9,32,9,1,True,1,0,0.15574774679349834
mixed,9,33,9,1,True,1,0,0.16923427184023415
mixed,9,34,9,1,True,1,0,0.17623628426236113
mixed,9,35,9,1,True,1,0,0.16925725264051578
mixed,9,36,9,1,True,1,0,0.1669402376358223
mixed,9,37,1,0,False,0,0,4.234358022409124e-05
mixed,9,38,9,1,True,1,0,0.16709234911199317
mixed,9,39,9,1,True,1,0,0.168628807235322
mixed,10,20,10,1,False,0,0,0.12003961177652325
mixed,10,21,10,1,True,1,0,0.17257694747437913
mixed,10,22,10,1,True,1,0,0.16916288281572542
mixed,10,23,2,0,False,0,0,3.661043982507162e-05
mixed,10,24,10,1,True,1,0,0.15305461519097635
mixed,10,25,10,1,True,1,0,0.16934001885898461
mixed,10,26,10,1,True,1,0,0.17386880779915564
mixed,10,27,10,1,True,1,0,0.15709847300808785
mixed,10,28,10,1,True,1,0,0.18345509301645407
mixed,10,29,2,0,False,0,0,6.639457323598386e-06
mixed,10,30,10,1,True,1,0,0.15989933279124613
mixed,10,31,10,1,True,1,0,0.13861998077457216
mixed,10,32,10,1,True,1,0,0.167578326177665
mixed,10,33,10,1,True,1,0,0.15218465518190874
mixed,10,34,10,1,True,1,0,0.15197098151306243
mixed,10,35,10,1,True,1,0,0.16840335716708613
mixed,10,36,10,1,True,1,0,0.16816419897192303
mixed,10,37,10,1,True,1,0,0.16941708820775864
mixed,10,38,10,1,True,1,0,0.17537523656197274
mixed,10,39,10,1,True,1,0,0.15883732956378008
mixed,11,20,11,1,True,1,0,0.16142982745618278
mixed,11,21,11,1,True,1,0,0.15832674644074446
mixed,11,22,11,1,True,1,0,0.14857301578233423
mixed,11,23,11,1,True,1,0,0.1637276587895929
mixed,11,24,11,1,True,1,0,0.1534929035648829
mixed,11,25,11,1,True,1,0,0.15761167153446837
mixed,11,26,11,1,True,1,0,0.16316468416244373
mixed,11,27,11,1,True,1,0,0.17317659507947175
mixed,11,28,11,1,True,1,0,0.17238939847457457
mixed,11,29,11,1,True,1,0,0.18178304403388879
mixed,11,30,11,1,True,1,0,0.16955366217407655
mixed,11,31,11,1,True,1,0,0.1729373216583961
mixed,11,32,11,1,True,1,0,0.14836054255584302
mixed,11,33,11,1,True,1,0,0.17424997429800798
mixed,11,34,11,1,True,1,0,0.16143656153074115
mixed,11,35,11,1,True,1,0,0.16834680947273414
mixed,11,36,11,1,True,1,0,0.1634256766904068
mixed,11,37,11,1,True,1,0,0.1823369091750638
mixed,11,38,11,1,True,1,0,0.16780337377423407
mixed,11,39,11,1,True,1,0,0.14474218312113854
mixed,12,20,12,1,True,1,0,0.17054265528737875
mixed,12,21,12,1,True,1,0,0.1485891350817122
mixed,12,22,12,1,True,1,0,0.16333444426241214
mixed,12,23,12,1,True,1,0,0.16312381751562752
mixed,12,24,12,1,False,0,0,0.11302459084880305
mixed,12,25,12,1,True,1,0,0.16573850143219399
mixed,12,26,12,1,True,1,0,0.15415969775431151
mixed,12,27,12,1,True,1,0,0.15280720812501045
mixed,12,28,12,1,True,1,0,0.14403933724574838
mixed,12,29,12,1,True,1,0,0.16468025064934186
mixed,12,30,12,1,True,1,0,0.16623165333489812
mixed,12,31,12,1,True,1,0,0.16677271920632591
mixed,12,32,12,1,False,0,0,2.3526528430573013e-05
mixed,12,33,12,1,True,1,0,0.1670081422117367
mixed,12,34,12,1,True,1,0,0.15831548814827126
mixed,12,35,12,1,True,1,0,0.16086151332580054
mixed,12,36,12,1,True,1,0,0.17575024989381077
mixed,12,37,12,1,True,1,0,0.16840275296602272
mixed,12,38,12,1,True,1,0,0.1589801814577665
mixed,12,39,12,1,True,1,0,0.15843158273053848
mixed,13,20,13,1,True,1,0,0.16893316231152203
mixed,13,21,13,1,True,1,0,0.14840129646893213
mixed,13,22,13,1,True,1,0,0.17126120398439018
mixed,13,23,13,1,True,1,0,0.17371062744328253
mixed,13,24,13,1,True,1,0,0.16276268371848174
mixed,13,25,13,1,True,1,0,0.1644928166017829
mixed,13,26,13,1,True,1,0,0.15739869933892817
mixed,13,27,13,1,True,1,0,0.15351877705628603
mixed,13,28,13,1,False,0,0,0.12312485287516635
mixed,13,29,13,1,True,1,0,0.1712601786935859
mixed,13,30,13,1,True,1,0,0.16346022549012335
mixed,13,31,13,1,True,1,0,0.13591224075900435
mixed,13,32,13,1,True,1,0,0.1642194878401173
mixed,13,33,13,1,True,1,0,0.17210224970480112
mixed,13,34,13,1,True,1,0,0.14200110945623506
mixed,13,35,13,1,True,1,0,0.1474121603251965
mixed,13,36,13,1,True,1,0,0.17551047412139598
mixed,13,37,13,1,True,1,0,0.16345125572291758
mixed,13,38,13,1,True,1,0,0.17443632116824914
mixed,13,39,13,1,True,1,0,0.1514487136697667
mixed,14,20,14,1,True,1,0,0.1468587150306724
mixed,14,21,14,1,True,1,0,0.14054874941966208
mixed,14,22,14,1,True,1,0,0.13501365298121215
mixed,14,23,14,1,True,1,0,0.16455805338402774
mixed,14,24,14,1,True,1,0,0.1588395607707359
mixed,14,25,14,1,True,1,0,0.15293947464275345
mixed,14,26,14,1,True,1,0,0.1674914648162707
mixed,14,27,14,1,True,1,0,0.15805932413909035
mixed,14,28,14,1,True,1,0,0.15299128146351915
mixed,14,29,14,1,True,1,0,0.14413236806838228
mixed,14,30,22,0,False,0,0,0.0061756271554088416
mixed,14,31,14,1,True,1,0,0.15490488539272532
mixed,14,32,6,0,False,0,0,6.540793416576207e-05
mixed,14,33,14,1,True,1,0,0.15467071398336152
mixed,14,34,14,1,True,1,0,0.1764546973544907
mixed,14,35,14,1,True,1,0,0.14318452426840506
mixed,14,36,14,1,True,1,0,0.16002901758210944
mixed,14,37,14,1,True,1,0,0.16415596229267412
mixed,14,38,14,1,True,1,0,0.17552363181337372
mixed,14,39,14,1,True,1,0,0.17372954160113951
mixed,15,20,15,1,True,1,0,0.17079089379162116
mixed,15,21,15,1,True,1,0,0.1718511360533765
mixed,15,22,15,1,True,1,0,0.14957735006500858
mixed,15,23,7,0,False,0,0,3.0075068325988163e-05
mixed,15,24,15,1,True,1,0,0.1659240644217618
mixed,15,25,15,1,True,1,0,0.15555574300037256
mixed,15,26,15,1,True,1,0,0.14647497132622364
mixed,15,27,15,1,True,1,0,0.1460163868990858
mixed,15,28,15,1,True,1,0,0.15334522437239215
mixed,15,29,15,1,True,1,0,0.1564699738367226
mixed,15,30,15,1,True,1,0,0.17737517213274795
mixed,15,31,15,1,True,1,0,0.17689089353716758
mixed,15,32,15,1,True,1,0,0.16217214755504114
mixed,15,33,15,1,True,1,0,0.17139628448961494
mixed,15,34,15,1,True,1,0,0.1550761518388806
mixed,15,35,15,1,True,1,0,0.1737963102808605
mixed,15,36,23,0,False,0,0,2.618137349787164e-05
mixed,15,37,15,1,True,1,0,0.1604079448935925
mixed,15,38,15,1,True,1,0,0.14660739655860228
mixed,15,39,7,0,False,0,0,4.570161241543302e-06
mixed,16,20,16,1,True,1,0,0.15647412194756538
mixed,16,21,16,1,True,1,0,0.1616019941949498
mixed,16,22,16,1,True,1,0,0.14369113743055484
mixed,16,23,16,1,True,1,0,0.14161486683967658
mixed,16,24,16,1,True,1,0,0.17247544874173992
mixed,16,25,16,1,True,1,0,0.16785351685769107
mixed,16,26,16,1,True,1,0,0.14677650084027072
mixed,16,27,16,1,True,1,0,0.16995100786374914
mixed,16,28,16,1,True,1,0,0.15959598742768633
mixed,16,29,16,1,True,1,0,0.15823905077267225
mixed,16,30,16,1,False,0,0,0.1244400364925047
mixed,16,31,16,1,True,1,0,0.164022048742739
mixed,16,32,16,1,True,1,0,0.1490440660309252
mixed,16,33,16,1,True,1,0,0.15548959415480426
mixed,16,34,16,1,True,1,0,0.1714826344272079
mixed,16,35,16,1,True,1,0,0.17773582034416702
mixed,16,36,16,1,True,1,0,0.15748996229952
mixed,16,37,16,1,True,1,0,0.17671602503578687
mixed,16,38,16,1,True,1,0,0.16375320710690433
mixed,16,39,16,1,True,1,0,0.1584707402381619
mixed,17,20,17,1,True,1,0,0.17372097200061212
mixed,17,21,17,1,True,1,0,0.14415626306753815
mixed,17,22,17,1,True,1,0,0.17219346919039658
mixed,17,23,17,1,True,1,0,0.13918780807272596
mixed,17,24,17,1,True,1,0,0.17524742318648132
mixed,17,25,17,1,True,1,0,0.17126506269948466
mixed,17,26,9,0,False,0,0,1.1553765016103501e-05
mixed,17,27,17,1,True,1,0,0.15916393175541027
mixed,17,28,17,1,True,1,0,0.14612056736786447
mixed,17,29,17,1,True,1,0,0.16361701866744927
mixed,17,30,17,1,True,1,0,0.17772694297163036
mixed,17,31,17,1,True,1,0,0.13582666645582486
mixed,17,32,17,1,True,1,0,0.1731841255224589
mixed,17,33,17,1,True,1,0,0.16383965609503107
mixed,17,34,17,1,True,1,0,0.17138175154869625
mixed,17,35,17,1,True,1,0,0.17110669421336577
mixed,17,36,17,1,True,1,0,0.17015955897278331
mixed,17,37,17,1,True,1,0,0.16531303882610926
mixed,17,38,17,1,True,1,0,0.14432940585759105
mixed,17,39,17,1,True,1,0,0.1665161500667536
mixed,18,20,18,1,True,1,0,0.16879471469032703
mixed,18,21,18,1,True,1,0,0.1509561153699242
mixed,18,22,18,1,True,1,0,0.14054684309097892
mixed,18,23,18,1,True,1,0,0.16602664318119736
mixed,18,24,18,1,False,0,0,0.12661980856529173
mixed,18,25,18,1,False,0,0,0.10969816835752574
mixed,18,26,18,1,True,1,0,0.15595387981568606
mixed,18,27,18,1,True,1,0,0.14716428998021014
mixed,18,28,18,1,True,1,0,0.13638994716255856
mixed,18,29,18,1,True,1,0,0.16542529517696977
mixed,18,30,18,1,True,1,0,0.15236543875012948
mixed,18,31,18,1,True,1,0,0.14480354147458052
mixed,18,32,18,1,True,1,0,0.16517590416921366
mixed,18,33,18,1,True,1,0,0.16750769699162993
mixed,18,34,18,1,True,1,0,0.15834660744295698
mixed,18,35,18,1,True,1,0,0.16803548841911908
mixed,18,36,18,1,True,1,0,0.15871989986122836
mixed,18,37,18,1,True,1,0,0.16222302647063586
mixed,18,38,18,1,True,1,0,0.14268181938455668
mixed,18,39,18,1,True,1,0,0.16742882038114948
mixed,19,20,19,1,True,1,0,0.1660275288946941
mixed,19,21,19,1,True,1,0,0.16145322666380563
mixed,19,22,19,1,True,1,0,0.16437667467806083
mixed,19,23,19,1,True,1,0,0.17184111824909315
mixed,19,24,19,1,True,1,0,0.16947707986817495
mixed,19,25,19,1,True,1,0,0.15546188379120696
mixed,19,26,19,1,True,1,0,0.16407120710821016
mixed,19,27,19,1,True,1,0,0.17002604859931536
mixed,19,28,19,1,True,1,0,0.1493124065269537
mixed,19,29,19,1,True,1,0,0.17083399616039874
mixed,19,30,19,1,True,1,0,0.17469164969428091
mixed,19,31,19,1,True,1,0,0.15764211793295935
mixed,19,32,19,1,True,1,0,0.17332637346294286
mixed,19,33,19,1,True,1,0,0.17112409242083337
mixed,19,34,19,1,True,1,0,0.15187375587528124
mixed,19,35,19,1,True,1,0,0.17301584389324415
mixed,19,36,19,1,True,1,0,0.17432104805808213
mixed,19,37,19,1,True,1,0,0.1661471970999196
mixed,19,38,19,1,False,0,0,0.12688763181173968
mixed,19,39,19,1,True,1,0,0.15750214380454802
mixed,20,20,20,1,True,1,0,0.16817954708514074
mixed,20,21,20,1,True,1,0,0.13875464472739338
mixed,20,22,20,1,True,1,0,0.15185519732624783
mixed,20,23,20,1,True,1,0,0.1759906543041319
mixed,20,24,20,1,True,1,0,0.16734386729207795
mixed,20,25,20,1,True,1,0,0.154037801001286
mixed,20,26,20,1,True,1,0,0.1711041472210217
mixed,20,27,20,1,True,1,0,0.153346137052276
mixed,20,28,20,1,True,1,0,0.15031737962225766
mixed,20,29,20,1,False,0,0,0.1202362185383181
mixed,20,30,20,1,True,1,0,0.1462255938913614
mixed,20,31,20,1,True,1,0,0.161433723108144
mixed,20,32,20,1,True,1,0,0.1723518595412923
mixed,20,33,28,0,False,0,0,2.6150047629153184e-05
mixed,20,34,28,0,False,0,0,0.005031793199800905
mixed,20,35,20,1,True,1,0,0.14303558665315586
mixed,20,36,20,1,True,1,0,0.17239080831869402
mixed,20,37,20,1,True,1,0,0.17958205272933264
mixed,20,38,20,1,True,1,0,0.15228651849692154
mixed,20,39,20,1,True,1,0,0.16198401151668987
mixed,21,20,21,1,True,1,0,0.1642307380098976
mixed,21,21,21,1,True,1,0,0.1587206959007334
mixed,21,22,21,1,True,1,0,0.16649488614452698
mixed,21,23,21,1,False,0,0,0.12076127945512848
mixed,21,24,21,1,True,1,0,0.14969755048235894
mixed,21,25,21,1,True,1,0,0.15223926880543365
mixed,21,26,21,1,True,1,0,0.1463947639739443
mixed,21,27,21,1,True,1,0,0.17542871414245131
mixed,21,28,21,1,True,1,0,0.17222913220156655
mixed,21,29,21,1,True,1,0,0.16172986711415338
mixed,21,30,21,1,True,1,0,0.15932708656559208
mixed,21,31,21,1,True,1,0,0.15033866317764533
mixed,21,32,21,1,True,1,0,0.16885941715416924
mixed,21,33,21,1,True,1,0,0.16813396122352742
mixed,21,34,21,1,True,1,0,0.16695561692566185
mixed,21,35,21,1,True,1,0,0.16631190835489795
mixed,21,36,21,1,True,1,0,0.1632471197233009
mixed,21,37,21,1,True,1,0,0.16430147135151354
mixed,21,38,21,1,True,1,0,0.15705223665588203
mixed,21,39,21,1,True,1,0,0.1634890073249919
mixed,22,20,22,1,True,1,0,0.14943381175500697
mixed,22,21,22,1,True,1,0,0.1640704782125285
mixed,22,22,22,1,True,1,0,0.16830344742285486
mixed,22,23,22,1,True,1,0,0.16979222938129115
mixed,22,24,22,1,True,1,0,0.15457768338937894
mixed,22,25,22,1,True,1,0,0.15605292903360965
mixed,22,26,22,1,True,1,0,0.17689238647598396
mixed,22,27,22,1,True,1,0,0.16342845105585915
mixed,22,28,22,1,True,1,0,0.16682495774013617
mixed,22,29,22,1,True,1,0,0.1607120205682454
mixed,22,30,22,1,True,1,0,0.14302496061757874
mixed,22,31,30,0,False,0,0,1.9779216415993783e-05
mixed,22,32,22,1,True,1,0,0.17846090389537167
mixed,22,33,22,1,True,1,0,0.17338236827527148
mixed,22,34,22,1,True,1,0,0.16893142687001655
mixed,22,35,22,1,True,1,0,0.1608108970053853
mixed,22,36,22,1,True,1,0,0.1483184234674943
mixed,22,37,22,1,True,1,0,0.182718974196032
mixed,22,38,22,1,True,1,0,0.1780807918370125
mixed,22,39,22,1,False,0,0,4.439399066233363e-06
mixed,23,20,23,1,True,1,0,0.17514988332989964
mixed,23,21,23,1,True,1,0,0.16447428834777905
mixed,23,22,23,1,True,1,0,0.172161211196145
mixed,23,23,23,1,True,1,0,0.1709329905845213
mixed,23,24,31,0,False,0,0,1.782034935213228e-05
mixed,23,25,23,1,True,1,0,0.1534996383202834
mixed,23,26,23,1,True,1,0,0.16574195285415871
mixed,23,27,23,1,False,0,0,0.005817046051026592
mixed,23,28,23,1,True,1,0,0.1480044559615014
mixed,23,29,23,1,True,1,0,0.1524484768109049
mixed,23,30,23,1,True,1,0,0.16178252999971768
mixed,23,31,23,1,True,1,0,0.16265199915934
mixed,23,32,23,1,True,1,0,0.17861149925026598
mixed,23,33,23,1,True,1,0,0.13765430207716103
mixed,23,34,23,1,True,1,0,0.14108014995381218
mixed,23,35,23,1,True,1,0,0.1639530444696727
mixed,23,36,23,1,True,1,0,0.17239071418989294
mixed,23,37,15,0,False,0,0,2.7055812476181607e-05
mixed,23,38,23,1,True,1,0,0.16753161490366747
mixed,23,39,23,1,True,1,0,0.15623270360799163
mixed,24,20,24,1,True,1,0,0.16690635803119785
mixed,24,21,24,1,True,1,0,0.16123961361087585
mixed,24,22,24,1,False,0,0,0.1266860686945313
mixed,24,23,24,1,True,1,0,0.16914888889058877
mixed,24,24,24,1,True,1,0,0.17398600708512713
mixed,24,25,24,1,True,1,0,0.16130287629856035
mixed,24,26,24,1,False,0,0,5.007487753219686e-05
mixed,24,27,24,1,True,1,0,0.17065500580510387
mixed,24,28,24,1,True,1,0,0.16862891278924222
mixed,24,29,24,1,True,1,0,0.15576487804255174
mixed,24,30,24,1,True,1,0,0.1790224546299023
mixed,24,31,24,1,True,1,0,0.15820314453946904
mixed,24,32,24,1,True,1,0,0.17636960680825434
mixed,24,33,24,1,True,1,0,0.16532988277515814
mixed,24,34,24,1,True,1,0,0.16789782946788134
mixed,24,35,24,1,True,1,0,0.15369463807844358
mixed,24,36,24,1,True,1,0,0.16395204856609358
mixed,24,37,24,1,True,1,0,0.1455861789217673
mixed,24,38,24,1,True,1,0,0.15212932891689468
mixed,24,39,24,1,True,1,0,0.13949415712507723
mixed,25,20,25,1,True,1,0,0.1761536892728699
mixed,25,21,25,1,True,1,0,0.15279166968524235
mixed,25,22,25,1,True,1,0,0.1602477690386066
mixed,25,23,25,1,True,1,0,0.13998918130778687
mixed,25,24,25,1,True,1,0,0.15410510570453614
mixed,25,25,25,1,True,1,0,0.17113456767823668
mixed,25,26,25,1,True,1,0,0.153610722881072
mixed,25,27,25,1,True,1,0,0.15808099786050134
mixed,25,28,25,1,False,0,0,0.12687626192840734
mixed,25,29,25,1,True,1,0,0.1740634193925596
mixed,25,30,25,1,True,1,0,0.16336903050803211
mixed,25,31,33,0,False,0,0,3.357810186266352e-05
mixed,25,32,25,1,True,1,0,0.16810294279105045
mixed,25,33,25,1,True,1,0,0.17611948201117072
mixed,25,34,25,1,True,1,0,0.16038667712907753
mixed,25,35,25,1,True,1,0,0.162705909326627
mixed,25,36,25,1,True,1,0,0.16166239319201509
mixed,25,37,25,1,True,1,0,0.17207606311210707
mixed,25,38,25,1,True,1,0,0.15262721439939075
mixed,25,39,25,1,False,0,0,0.12639662633404955
mixed,26,20,26,1,True,1,0,0.15867903397811256
mixed,26,21,26,1,True,1,0,0.17575467933046202
mixed,26,22,26,1,True,1,0,0.15289621195544323
mixed,26,23,26,1,True,1,0,0.17219508083942422
mixed,26,24,26,1,True,1,0,0.15261580583715836
mixed,26,25,26,1,True,1,0,0.17008301020695415
mixed,26,26,26,1,True,1,0,0.163555114208993
mixed,26,27,26,1,True,1,0,0.16091064420691262
mixed,26,28,26,1,True,1,0,0.15142825249890976
mixed,26,29,26,1,True,1,0,0.15449158601718982
mixed,26,30,26,1,True,1,0,0.15835105036294467
mixed,26,31,26,1,True,1,0,0.147956878700205
mixed,26,32,26,1,True,1,0,0.15966379204699283
mixed,26,33,26,1,True,1,0,0.15099645087619812
mixed,26,34,26,1,False,0,0,0.12308163667883391
mixed,26,35,26,1,True,1,0,0.16305702425789811
mixed,26,36,26,1,True,1,0,0.16037290332083312
mixed,26,37,26,1,True,1,0,0.16746969868781855
mixed,26,38,34,0,False,0,0,1.5723314530924348e-06
mixed,26,39,26,1,False,0,0,0.12568101123298475
mixed,27,20,27,1,True,1,0,0.17235390788563829
mixed,27,21,27,1,True,1,0,0.16378527451691552
mixed,27,22,27,1,True,1,0,0.16839425865704744
mixed,27,23,27,1,True,1,0,0.15478631505198878
mixed,27,24,27,1,True,1,0,0.1736775800850949
mixed,27,25,27,1,True,1,0,0.16821275883253353
mixed,27,26,27,1,True,1,0,0.17740706090531994
mixed,27,27,27,1,False,0,0,0.126830651266153
mixed,27,28,27,1,True,1,0,0.16154887140525265
mixed,27,29,27,1,True,1,0,0.15203077175778756
mixed,27,30,27,1,True,1,0,0.16013519832600326
mixed,27,31,27,1,True,1,0,0.16900876263175504
mixed,27,32,27,1,True,1,0,0.15473756181211967
mixed,27,33,27,1,True,1,0,0.17138625521431086
mixed,27,34,27,1,True,1,0,0.16272733890216454
mixed,27,35,27,1,True,1,0,0.1534056349984246
mixed,27,36,27,1,True,1,0,0.17078809709724502
mixed,27,37,27,1,True,1,0,0.17227201241622409
mixed,27,38,27,1,True,1,0,0.17419365902485306
mixed,27,39,27,1,False,0,0,8.42213997666319e-06
mixed,28,20,28,1,True,1,0,0.17752599774927535
mixed,28,21,28,1,True,1,0,0.1726286588392495
mixed,28,22,28,1,True,1,0,0.153304955584193
mixed,28,23,28,1,True,1,0,0.17514448073608094
mixed,28,24,28,1,True,1,0,0.1814593044254907
mixed,28,25,28,1,True,1,0,0.16314957787146914
mixed,28,26,28,1,True,1,0,0.16045556324687835
mixed,28,27,20,0,False,0,0,2.0153569155217932e-05
mixed,28,28,28,1,True,1,0,0.15433449621124706
mixed,28,29,28,1,True,1,0,0.14494788397836444
mixed,28,30,28,1,True,1,0,0.17214863067406444
mixed,28,31,28,1,True,1,0,0.1757179321368871
mixed,28,32,28,1,True,1,0,0.15783684051149877
mixed,28,33,28,1,True,1,0,0.15542949976400472
mixed,28,34,28,1,True,1,0,0.16295622158124434
mixed,28,35,28,1,False,0,0,0.12617933786483743
mixed,28,36,28,1,True,1,0,0.17072795879087616
mixed,28,37,28,1,True,1,0,0.17948042473818548
mixed,28,38,28,1,True,1,0,0.14680522713257635
mixed,28,39,28,1,True,1,0,0.1661089598901246
mixed,29,20,29,1,True,1,0,0.17429268316745902
mixed,29,21,29,1,True,1,0,0.15575713417590176
mixed,29,22,29,1,True,1,0,0.17383006547670496
mixed,29,23,29,1,True,1,0,0.15721616331663524
mixed,29,24,29,1,True,1,0,0.14395862116320016
mixed,29,25,29,1,True,1,0,0.1611945563159552
mixed,29,26,29,1,True,1,0,0.16362337807349303
mixed,29,27,29,1,True,1,0,0.17591152876311777
mixed,29,28,29,1,True,1,0,0.15140317612963766
mixed,29,29,29,1,True,1,0,0.15366317817973252
mixed,29,30,29,1,True,1,0,0.1629597151747649
mixed,29,31,29,1,True,1,0,0.18114325211986781
mixed,29,32,29,1,True,1,0,0.1749777278541689
mixed,29,33,29,1,True,1,0,0.16625195162343387
mixed,29,34,29,1,True,1,0,0.17926126284304825
mixed,29,35,29,1,True,1,0,0.1766685901838558
mixed,29,36,29,1,True,1,0,0.16783286978714024
mixed,29,37,29,1,True,1,0,0.14512648877271497
mixed,29,38,29,1,False,0,0,0.1254605744301913
mixed,29,39,29,1,True,1,0,0.1739686789419319
mixed,30,20,30,1,True,1,0,0.17766192144579965
mixed,30,21,30,1,True,1,0,0.172075704149769
mixed,30,22,30,1,True,1,0,0.17992306433356814
mixed,30,23,30,1,True,1,0,0.1631979175369151
mixed,30,24,30,1,True,1,0,0.17080837380512623
mixed,30,25,30,1,True,1,0,0.14757273266966744
mixed,30,26,30,1,True,1,0,0.1671634640667605
mixed,30,27,30,1,True,1,0,0.16628784759295342
mixed,30,28,30,1,True,1,0,0.1614200166114593
mixed,30,29,30,1,True,1,0,0.17611697941994808
mixed,30,30,30,1,True,1,0,0.16633649868304054
mixed,30,31,30,1,True,1,0,0.15439897415939519
mixed,30,32,30,1,True,1,0,0.17057884891822572
mixed,30,33,30,1,True,1,0,0.1493756245748844
mixed,30,34,30,1,True,1,0,0.15667212617542076
mixed,30,35,30,1,True,1,0,0.1586091105314393
mixed,30,36,30,1,True,1,0,0.156899259758924
mixed,30,37,30,1,True,1,0,0.15648199450660794
mixed,30,38,30,1,True,1,0,0.14522906734068902
mixed,30,39,30,1,True,1,0,0.15218140330232188
mixed,31,20,31,1,True,1,0,0.16106635016451418
mixed,31,21,31,1,True,1,0,0.16571266735840168
mixed,31,22,31,1,True,1,0,0.15578802006741965
mixed,31,23,31,1,True,1,0,0.15443727683031286
mixed,31,24,31,1,True,1,0,0.1420086732623751
mixed,31,25,31,1,True,1,0,0.15361757077903915
mixed,31,26,31,1,True,1,0,0.16470628956750943
mixed,31,27,31,1,True,1,0,0.14285256606934343
mixed,31,28,31,1,True,1,0,0.17716444296789322
mixed,31,29,31,1,True,1,0,0.1328695178321696
mixed,31,30,31,1,False,0,0,0.12637061596775911
mixed,31,31,31,1,True,1,0,0.1768818683630174
mixed,31,32,31,1,True,1,0,0.1699936566317286
mixed,31,33,31,1,True,1,0,0.14524279562995296
mixed,31,34,31,1,True,1,0,0.1448136310280788
mixed,31,35,31,1,True,1,0,0.15826080981156126
mixed,31,36,31,1,True,1,0,0.1637942616635144
mixed,31,37,31,1,True,1,0,0.15672364702511643
mixed,31,38,31,1,True,1,0,0.1568176152646793
mixed,31,39,31,1,True,1,0,0.17145527627716983
mixed,32,20,32,1,True,1,0,0.1741445419845248
mixed,32,21,32,1,True,1,0,0.15747993179140188
mixed,32,22,32,1,True,1,0,0.15592205048990665
mixed,32,23,32,1,True,1,0,0.17796418859289911
mixed,32,24,32,1,True,1,0,0.16289928102217147
mixed,32,25,32,1,True,1,0,0.16685533383780865
mixed,32,26,32,1,True,1,0,0.1589765938668527
mixed,32,27,32,1,True,1,0,0.17475847320334836
mixed,32,28,32,1,True,1,0,0.16587261863135092
mixed,32,29,32,1,True,1,0,0.16955658934794188
mixed,32,30,32,1,True,1,0,0.1598352763381081
mixed,32,31,32,1,False,0,0,0.1275604360963704
mixed,32,32,32,1,True,1,0,0.15090328518053397
mixed,32,33,32,1,True,1,0,0.15649843889996487
mixed,32,34,32,1,True,1,0,0.1614029632201522
mixed,32,35,32,1,True,1,0,0.1615649001775754
mixed,32,36,32,1,True,1,0,0.15647549918949263
mixed,32,37,32,1,True,1,0,0.16768873491352757
mixed,32,38,32,1,True,1,0,0.16054760819167754
mixed,32,39,32,1,True,1,0,0.14717227650198017
mixed,33,20,33,1,False,0,0,0.11903988549720973
mixed,33,21,33,1,True,1,0,0.15905355914685904
mixed,33,22,25,0,False,0,0,1.692433799216353e-05
mixed,33,23,33,1,True,1,0,0.1775504834891657
mixed,33,24,33,1,True,1,0,0.15782616935046084
mixed,33,25,33,1,True,1,0,0.1482377277643623
mixed,33,26,33,1,True,1,0,0.1459639511735773
mixed,33,27,33,1,True,1,0,0.14905599319812868
mixed,33,28,33,1,True,1,0,0.15693821079811335
mixed,33,29,33,1,True,1,0,0.15795912123451789
mixed,33,30,41,0,False,0,0,1.6466939577269857e-05
mixed,33,31,25,0,False,0,0,9.933242652970797e-06
mixed,33,32,33,1,True,1,0,0.1551320160035808
mixed,33,33,33,1,True,1,0,0.16697359448496746
mixed,33,34,33,1,True,1,0,0.13606366708405065
mixed,33,35,33,1,True,1,0,0.15703163184327293
mixed,33,36,33,1,True,1,0,0.17035768265826168
mixed,33,37,33,1,True,1,0,0.16981054404523377
mixed,33,38,33,1,True,1,0,0.134403435902048
mixed,33,39,33,1,True,1,0,0.17599058363566072
mixed,34,20,34,1,False,0,0,0.1260272721849554
mixed,34,21,34,1,True,1,0,0.1575517299555113
mixed,34,22,34,1,True,1,0,0.17855862105227377
mixed,34,23,34,1,True,1,0,0.1772264996748919
mixed,34,24,34,1,True,1,0,0.17873030012860616
mixed,34,25,34,1,True,1,0,0.17188181745422162
mixed,34,26,34,1,True,1,0,0.16122838948517218
mixed,34,27,34,1,True,1,0,0.1767773369329501
mixed,34,28,34,1,True,1,0,0.1520383547145876
mixed,34,29,34,1,False,0,0,0.12304582499111788
mixed,34,30,34,1,True,1,0,0.14314009212245243
mixed,34,31,34,1,True,1,0,0.17289099211924233
mixed,34,32,34,1,True,1,0,0.16530665268854108
mixed,34,33,34,1,True,1,0,0.165736966299766
mixed,34,34,34,1,True,1,0,0.14886484253699178
mixed,34,35,34,1,False,0,0,0.12439308396642561
mixed,34,36,34,1,True,1,0,0.1676114790707234
mixed,34,37,34,1,True,1,0,0.16576901679044478
mixed,34,38,34,1,True,1,0,0.1617160287791102
mixed,34,39,34,1,True,1,0,0.17642271998621922
mixed,35,20,35,1,True,1,0,0.17300385631163895
mixed,35,21,35,1,True,1,0,0.1736883550776284
mixed,35,22,35,1,True,1,0,0.17903275684555708
mixed,35,23,35,1,True,1,0,0.13904513298901336
mixed,35,24,35,1,True,1,0,0.15730784014653246
mixed,35,25,35,1,True,1,0,0.16689711019555056
mixed,35,26,35,1,True,1,0,0.16422313070935943
mixed,35,27,35,1,True,1,0,0.15955254925795034
mixed,35,28,35,1,True,1,0,0.15720854096065523
mixed,35,29,35,1,True,1,0,0.14686514106049922
mixed,35,30,35,1,True,1,0,0.16425266397248284
mixed,35,31,35,1,True,1,0,0.14933918543872532
mixed,35,32,35,1,True,1,0,0.14400241339820383
mixed,35,33,35,1,True,1,0,0.16730740984077874
mixed,35,34,35,1,False,0,0,0.12415963350142532
mixed,35,35,35,1,True,1,0,0.15621345098014486
mixed,35,36,35,1,True,1,0,0.15994748580749102
mixed,35,37,35,1,True,1,0,0.16407479473722256
mixed,35,38,35,1,True,1,0,0.18104027077427448
mixed,35,39,35,1,True,1,0,0.14501536857418262
mixed,36,20,36,1,True,1,0,0.1606051093467596
mixed,36,21,36,1,True,1,0,0.17014372590580368
mixed,36,22,36,1,True,1,0,0.15684849318491936
mixed,36,23,36,1,True,1,0,0.15139665832018767
mixed,36,24,36,1,True,1,0,0.1613251096836384
mixed,36,25,36,1,True,1,0,0.14635785403273815
mixed,36,26,36,1,True,1,0,0.14670447022618172
mixed,36,27,36,1,False,0,0,0.12527279326055418
mixed,36,28,36,1,True,1,0,0.15625980704826684
mixed,36,29,36,1,True,1,0,0.16620189672947525
mixed,36,30,36,1,True,1,0,0.1623410558926503
mixed,36,31,36,1,True,1,0,0.16888882696668883
mixed,36,32,36,1,True,1,0,0.14219969493260226
mixed,36,33,36,1,True,1,0,0.16601946709268808
mixed,36,34,36,1,True,1,0,0.14387276535750565
mixed,36,35,36,1,True,1,0,0.1459228262668827
mixed,36,36,36,1,True,1,0,0.1689315107139521
mixed,36,37,36,1,True,1,0,0.1687742933838257
mixed,36,38,36,1,True,1,0,0.17060564419453
mixed,36,39,36,1,True,1,0,0.16926091348484465
mixed,37,20,37,1,True,1,0,0.16275502247793652
mixed,37,21,37,1,True,1,0,0.15107060976723188
mixed,37,22,37,1,True,1,0,0.16024069565180715
mixed,37,23,37,1,True,1,0,0.14905787925648525
mixed,37,24,37,1,True,1,0,0.1611226060466834
mixed,37,25,37,1,True,1,0,0.17019166810820027
mixed,37,26,37,1,True,1,0,0.16946239378358674
mixed,37,27,37,1,True,1,0,0.16543744620902445
mixed,37,28,37,1,True,1,0,0.16590806124440904
mixed,37,29,37,1,True,1,0,0.14319160042325144
mixed,37,30,37,1,True,1,0,0.1688350648858307
mixed,37,31,37,1,True,1,0,0.16579722103102185
mixed,37,32,37,1,True,1,0,0.17714864531191152
mixed,37,33,37,1,True,1,0,0.16306507216407018
mixed,37,34,37,1,True,1,0,0.17059419623655628
mixed,37,35,37,1,True,1,0,0.16601710824695276
mixed,37,36,37,1,True,1,0,0.17810855006517357
mixed,37,37,37,1,True,1,0,0.15123985458438324
mixed,37,38,37,1,True,1,0,0.15009859840691014
mixed,37,39,37,1,True,1,0,0.1778389173901721
mixed,38,20,38,1,False,0,0,0.004283225359818621
mixed,38,21,38,1,True,1,0,0.1572205339180824
mixed,38,22,38,1,False,0,0,7.078971572066495e-06
mixed,38,23,38,1,False,0,0,0.1273987408006772
mixed,38,24,38,1,True,1,0,0.14010910726449463
mixed,38,25,38,1,True,1,0,0.16271421435597702
mixed,38,26,38,1,True,1,0,0.15874934465471374
mixed,38,27,38,1,True,1,0,0.17168250208045216
mixed,38,28,38,1,True,1,0,0.17428141597531616
mixed,38,29,38,1,True,1,0,0.145418374295328
mixed,38,30,38,1,True,1,0,0.16544410674562965
mixed,38,31,38,1,False,0,0,0.00424860601041907
mixed,38,32,38,1,True,1,0,0.17214248400222035
mixed,38,33,38,1,True,1,0,0.1702868343193436
mixed,38,34,38,1,True,1,0,0.16391774799563685
mixed,38,35,38,1,True,1,0,0.16575778105149674
mixed,38,36,38,1,True,1,0,0.13877425381239783
mixed,38,37,38,1,True,1,0,0.15893242836995675
mixed,38,38,38,1,True,1,0,0.15711557235808452
mixed,38,39,38,1,True,1,0,0.1511304589372284
mixed,39,20,39,1,True,1,0,0.17867413960145345
mixed,39,21,39,1,True,1,0,0.1480537786438699
mixed,39,22,39,1,True,1,0,0.15277134391085534
mixed,39,23,39,1,True,1,0,0.1621703076053862
mixed,39,24,39,1,True,1,0,0.15334842495624185
mixed,39,25,39,1,True,1,0,0.15590954578083582
mixed,39,26,39,1,True,1,0,0.1608656066663693
mixed,39,27,39,1,True,1,0,0.18017334994200784
mixed,39,28,39,1,True,1,0,0.15290747098653018
mixed,39,29,39,1,True,1,0,0.1576601738815584
mixed,39,30,39,1,True,1,0,0.17525448652341155
mixed,39,31,39,1,True,1,0,0.15634486079599777
mixed,39,32,39,1,True,1,0,0.15656869136793264
mixed,39,33,39,1,True,1,0,0.1791971214716291
mixed,39,34,39,1,True,1,0,0.16768113159917986
mixed,39,35,39,1,True,1,0,0.16835277966483647
mixed,39,36,39,1,True,1,0,0.15667052348399876
mixed,39,37,39,1,True,1,0,0.17089219303761183
mixed,39,38,39,1,True,1,0,0.15682279308003633
mixed,39,39,39,1,True,1,0,0.15745124146846154
mixed,40,20,40,1,False,0,0,1.5025525688716623e-05
mixed,40,21,40,1,True,1,0,0.17088046516219793
mixed,40,22,40,1,True,1,0,0.17843757313555994
mixed,40,23,40,1,True,1,0,0.1760483005637865
mixed,40,24,40,1,True,1,0,0.1774496304403446
mixed,40,25,40,1,True,1,0,0.13985747545849653
mixed,40,26,40,1,True,1,0,0.17765817895943567
mixed,40,27,40,1,False,0,0,0.12719044729585005
mixed,40,28,40,1,False,0,0,0.1284529420426943
mixed,40,29,40,1,True,1,0,0.16384907076391236
mixed,40,30,40,1,True,1,0,0.14595910932071654
mixed,40,31,40,1,True,1,0,0.15194727280400447
mixed,40,32,40,1,True,1,0,0.15182115967364623
mixed,40,33,40,1,True,1,0,0.16094495425436975
mixed,40,34,40,1,True,1,0,0.1675220163998032
mixed,40,35,40,1,True,1,0,0.16731087416842255
mixed,40,36,40,1,True,1,0,0.17417476040633506
mixed,40,37,40,1,True,1,0,0.15660478343343165
mixed,40,38,40,1,True,1,0,0.17505423588254587
mixed,40,39,40,1,True,1,0,0.14502544785648336
mixed,41,20,41,1,True,1,0,0.15869097713789665
mixed,41,21,41,1,True,1,0,0.16509886322849118
mixed,41,22,41,1,True,1,0,0.15497762640648963
mixed,41,23,41,1,True,1,0,0.15587475879618262
mixed,41,24,41,1,True,1,0,0.16289915414126968
mixed,41,25,41,1,True,1,0,0.1781172123589248
mixed,41,26,41,1,True,1,0,0.17570516360496913
mixed,41,27,41,1,True,1,0,0.1519810209747229
mixed,41,28,41,1,True,1,0,0.16589566570673434
mixed,41,29,41,1,True,1,0,0.15182228699174827
mixed,41,30,41,1,True,1,0,0.14637393637857082
mixed,41,31,41,1,True,1,0,0.1601348764924793
mixed,41,32,41,1,True,1,0,0.1698020999001824
mixed,41,33,41,1,True,1,0,0.17592477154271355
mixed,41,34,41,1,True,1,0,0.17111795346175923
mixed,41,35,41,1,True,1,0,0.149163411609679
mixed,41,36,41,1,True,1,0,0.15605767100888368
mixed,41,37,41,1,True,1,0,0.17645682267008803
mixed,41,38,41,1,True,1,0,0.16441365449901846
mixed,41,39,41,1,True,1,0,0.16594644039482645
mixed,42,20,42,1,True,1,0,0.14261982952543578
mixed,42,21,42,1,True,1,0,0.17350126940144148
mixed,42,22,42,1,True,1,0,0.1734045819957157
mixed,42,23,42,1,True,1,0,0.1779809356672246
mixed,42,24,42,1,True,1,0,0.1466854968102369
mixed,42,25,42,1,True,1,0,0.13824180773911648
mixed,42,26,42,1,True,1,0,0.1533720037243811
mixed,42,27,42,1,True,1,0,0.15371703453577296
mixed,42,28,42,1,True,1,0,0.16229919051258074
mixed,42,29,34,0,False,0,0,2.1198785942561083e-05
mixed,42,30,42,1,True,1,0,0.13785076273850677
mixed,42,31,42,1,False,0,0,0.12930584225349845
mixed,42,32,42,1,False,0,0,9.963138435806207e-06
mixed,42,33,42,1,True,1,0,0.1640250481222565
mixed,42,34,42,1,True,1,0,0.17121384475911736
mixed,42,35,42,1,True,1,0,0.17255346844440078
mixed,42,36,42,1,True,1,0,0.16172873120115033
mixed,42,37,42,1,True,1,0,0.1537562644034225
mixed,42,38,42,1,True,1,0,0.15963493777753995
mixed,42,39,42,1,True,1,0,0.14612137957593838
mixed,43,20,43,1,True,1,0,0.1523196460944619
mixed,43,21,43,1,True,1,0,0.1715833926099882
mixed,43,22,43,1,True,1,0,0.16887139876591556
mixed,43,23,43,1,True,1,0,0.17248518854092385
mixed,43,24,43,1,True,1,0,0.17174596072423656
mixed,43,25,43,1,True,1,0,0.15431988043622752
mixed,43,26,43,1,True,1,0,0.1787803135433522
mixed,43,27,43,1,True,1,0,0.1675924707198837
mixed,43,28,43,1,True,1,0,0.14755298110504791
mixed,43,29,35,0,False,0,0,3.979053032773794e-05
mixed,43,30,43,1,True,1,0,0.15543829088232153
mixed,43,31,43,1,True,1,0,0.16400651249269393
mixed,43,32,43,1,True,1,0,0.14345835679279612
mixed,43,33,43,1,True,1,0,0.1659324726271444
mixed,43,34,43,1,True,1,0,0.17377353481181762
mixed,43,35,43,1,True,1,0,0.1696233765748015
mixed,43,36,43,1,True,1,0,0.13843706385902882
mixed,43,37,43,1,True,1,0,0.15145878421454265
mixed,43,38,43,1,True,1,0,0.1797534956156569
mixed,43,39,43,1,True,1,0,0.15018976053501998
mixed,44,20,44,1,True,1,0,0.17232607026713473
mixed,44,21,44,1,True,1,0,0.1394171971529994
mixed,44,22,44,1,True,1,0,0.13867859099222996
mixed,44,23,44,1,True,1,0,0.1669269632333668
mixed,44,24,44,1,True,1,0,0.14125334009619128
mixed,44,25,44,1,True,1,0,0.1486118353144888
mixed,44,26,44,1,True,1,0,0.14407284334106277
mixed,44,27,44,1,True,1,0,0.16688006999154528
mixed,44,28,44,1,True,1,0,0.18237102505188776
mixed,44,29,44,1,True,1,0,0.17478029388036231
mixed,44,30,44,1,True,1,0,0.16307665623046458
mixed,44,31,44,1,True,1,0,0.16341643396951128
mixed,44,32,44,1,True,1,0,0.17092187278283907
mixed,44,33,44,1,True,1,0,0.14927347477761155
mixed,44,34,44,1,True,1,0,0.15507764275134556
mixed,44,35,44,1,True,1,0,0.16472431381171734
mixed,44,36,36,0,False,0,0,2.759070866278912e-05
mixed,44,37,44,1,False,0,0,0.12835977629041756
mixed,44,38,44,1,True,1,0,0.14319467941351882
mixed,44,39,44,1,True,1,0,0.1504241386193889
mixed,45,20,45,1,True,1,0,0.1594253321991287
mixed,45,21,45,1,True,1,0,0.14593107490322174
mixed,45,22,45,1,True,1,0,0.1494229702571845
mixed,45,23,45,1,False,0,0,0.12875472711227878
mixed,45,24,45,1,True,1,0,0.15821153367103438
mixed,45,25,45,1,True,1,0,0.167049623428849
mixed,45,26,45,1,True,1,0,0.151569555597945
mixed,45,27,45,1,True,1,0,0.15574091251433164
mixed,45,28,45,1,True,1,0,0.18127349318853817
mixed,45,29,45,1,True,1,0,0.1557003831835899
mixed,45,30,45,1,True,1,0,0.16360055244715346
mixed,45,31,45,1,True,1,0,0.14705385136765786
mixed,45,32,45,1,True,1,0,0.15037825656753118
mixed,45,33,45,1,True,1,0,0.1551669818129187
mixed,45,34,45,1,True,1,0,0.15776794935373895
mixed,45,35,45,1,True,1,0,0.15673601977231982
mixed,45,36,45,1,True,1,0,0.15875476968291727
mixed,45,37,45,1,True,1,0,0.1729283114807424
mixed,45,38,45,1,True,1,0,0.1632604255099084
mixed,45,39,45,1,True,1,0,0.17043839351043671
mixed,46,20,46,1,True,1,0,0.1664622965318278
mixed,46,21,46,1,True,1,0,0.1549922817960936
mixed,46,22,46,1,True,1,0,0.1616537671531938
mixed,46,23,46,1,True,1,0,0.16596656485463096
mixed,46,24,46,1,False,0,0,0.12419869914290632
mixed,46,25,46,1,True,1,0,0.144729933604015
mixed,46,26,46,1,True,1,0,0.15737387935309954
mixed,46,27,38,0,False,0,0,3.7059220430984974e-05
mixed,46,28,46,1,True,1,0,0.17559694945776938
mixed,46,29,46,1,True,1,0,0.16743601686503648
mixed,46,30,46,1,True,1,0,0.15330482592911754
mixed,46,31,46,1,True,1,0,0.15299834325118303
mixed,46,32,46,1,True,1,0,0.16658282915088313
mixed,46,33,46,1,True,1,0,0.16914396797386774
mixed,46,34,46,1,True,1,0,0.16195004335856572
mixed,46,35,46,1,True,1,0,0.16255982974279995
mixed,46,36,46,1,True,1,0,0.15179536459778775
mixed,46,37,46,1,True,1,0,0.17557211699616346
mixed,46,38,46,1,True,1,0,0.17216016877902307
mixed,46,39,46,1,True,1,0,0.15491149989683312
mixed,47,20,47,1,True,1,0,0.14648317040459696
mixed,47,21,47,1,True,1,0,0.15612448788879996
mixed,47,22,47,1,True,1,0,0.1750099343056918
mixed,47,23,47,1,True,1,0,0.140849270179715
mixed,47,24,47,1,True,1,0,0.14957166691431062
mixed,47,25,47,1,True,1,0,0.1703016678148943
mixed,47,26,47,1,True,1,0,0.1625526786471972
mixed,47,27,47,1,False,0,0,0.12264352607767282
mixed,47,28,47,1,True,1,0,0.15308842802340006
mixed,47,29,47,1,True,1,0,0.15492421595045242
mixed,47,30,47,1,True,1,0,0.164623424958107
mixed,47,31,47,1,True,1,0,0.1540911343427234
mixed,47,32,47,1,True,1,0,0.16948974920613907
mixed,47,33,47,1,True,1,0,0.1477014204730048
mixed,47,34,47,1,True,1,0,0.15711030480397653
mixed,47,35,47,1,True,1,0,0.1679932230695105
mixed,47,36,47,1,True,1,0,0.15837502994083666
mixed,47,37,47,1,True,1,0,0.17236268014971845
mixed,47,38,47,1,True,1,0,0.17364232934356497
mixed,47,39,47,1,True,1,0,0.17003962507649145
amp_noise,0,20,0,1,True,1,0,0.14390205964731995
amp_noise,0,21,0,1,True,1,0,0.14962215966091763
amp_noise,0,22,0,1,True,1,0,0.15346391875724386
amp_noise,0,23,0,1,False,0,0,0.12083810937436551
amp_noise,0,24,0,1,False,0,0,0.11810510227344087
amp_noise,0,25,0,1,True,1,0,0.1693117915615298
amp_noise,0,26,0,1,True,1,0,0.17474567404535302
amp_noise,0,27,0,1,True,1,0,0.15905514095682163
amp_noise,0,28,0,1,True,1,0,0.172039024721738
amp_noise,0,29,0,1,True,1,0,0.16826028903040657
amp_noise,0,30,0,1,False,0,0,0.11974436689140812
amp_noise,0,31,0,1,True,1,0,0.13618191685623246
amp_noise,0,32,0,1,True,1,0,0.16309671298148845
amp_noise,0,33,0,1,True,1,0,0.16468518584570718
amp_noise,0,34,0,1,True,1,0,0.16145307793084332
amp_noise,0,35,0,1,True,1,0,0.14982923687913352
amp_noise,0,36,0,1,False,0,0,0.12818259921447667
amp_noise,0,37,0,1,True,1,0,0.13814318730121294
amp_noise,0,38,0,1,True,1,0,0.1566638028667849
amp_noise,0,39,0,1,True,1,0,0.1617108152593796
amp_noise,1,20,1,1,False,0,0,0.12410256307591394
amp_noise,1,21,1,1,True,1,0,0.17346986185404617
amp_noise,1,22,9,0,False,0,0,2.4793261597433336e-05
amp_noise,1,23,1,1,True,1,0,0.16400374727533815
amp_noise,1,24,1,1,False,0,0,0.10106375897137498
amp_noise,1,25,1,1,False,0,0,0.12969759262503294
amp_noise,1,26,1,1,True,1,0,0.16732532962831287
amp_noise,1,27,1,1,True,1,0,0.14522639879277435
amp_noise,1,28,1,1,True,1,0,0.163294401237702
amp_noise,1,29,1,1,True,1,0,0.1400651023086159
amp_noise,1,30,1,1,False,0,0,0.12612191907071046
amp_noise,1,31,1,1,False,0,0,0.11249937566798121
amp_noise,1,32,1,1,True,1,0,0.16475456955687248
amp_noise,1,33,1,1,True,1,0,0.17345294545955273
amp_noise,1,34,1,1,True,1,0,0.15816038062366738
amp_noise,1,35,1,1,True,1,0,0.16265857301650677
amp_noise,1,36,1,1,True,1,0,0.1706956801402781
amp_noise,1,37,1,1,True,1,0,0.14522228197596274
amp_noise,1,38,1,1,True,1,0,0.16798388341734138
amp_noise,1,39,1,1,False,0,0,6.86309110271427e-05
amp_noise,2,20,2,1,True,1,0,0.1623297264340752
amp_noise,2,21,2,1,True,1,0,0.17061864245872413
amp_noise,2,22,2,1,True,1,0,0.17629692691885812
amp_noise,2,23,2,1,True,1,0,0.14864323537278956
amp_noise,2,24,2,1,True,1,0,0.16120227399622553
amp_noise,2,25,2,1,True,1,0,0.15678152369858303
amp_noise,2,26,2,1,True,1,0,0.1686453519399456
amp_noise,2,27,2,1,True,1,0,0.1399675710298617
amp_noise,2,28,2,1,False,0,0,0.10297876745303154
amp_noise,2,29,2,1,True,1,0,0.15409947297584503
amp_noise,2,30,2,1,False,0,0,0.095280693798117
amp_noise,2,31,2,1,True,1,0,0.1485657157824043
amp_noise,2,32,2,1,True,1,0,0.16521182947850982
amp_noise,2,33,2,1,True,1,0,0.1622386148316616
amp_noise,2,34,2,1,True,1,0,0.16167276820140952
amp_noise,2,35,2,1,True,1,0,0.15920084025884607
amp_noise,2,36,2,1,True,1,0,0.15962330837739905
amp_noise,2,37,2,1,True,1,0,0.1456044460103427
amp_noise,2,38,2,1,True,1,0,0.16254421309075326
amp_noise,2,39,2,1,False,0,0,0.08906568608402529
amp_noise,3,20,3,1,True,1,0,0.15944885647153453
amp_noise,3,21,3,1,True,1,0,0.16249014367088238
amp_noise,3,22,3,1,True,1,0,0.1644656688881571
amp_noise,3,23,3,1,False,0,0,0.11783546297748868
amp_noise,3,24,3,1,True,1,0,0.14884631997298808
amp_noise,3,25,3,1,True,1,0,0.17069013625184634
amp_noise,3,26,3,1,True,1,0,0.16106529060488717
amp_noise,3,27,3,1,True,1,0,0.1613086772813511
amp_noise,3,28,3,1,True,1,0,0.1664506017521276
amp_noise,3,29,3,1,True,1,0,0.1433587688607808
amp_noise,3,30,3,1,True,1,0,0.14156135316141938
amp_noise,3,31,3,1,True,1,0,0.1713375985395024
amp_noise,3,32,3,1,True,1,0,0.1583924356630462
amp_noise,3,33,3,1,True,1,0,0.1441047839820306
amp_noise,3,34,3,1,True,1,0,0.16539768243877603
amp_noise,3,35,3,1,True,1,0,0.16287304979375872
amp_noise,3,36,3,1,True,1,0,0.1494897760301429
amp_noise,3,37,3,1,True,1,0,0.1405559916112279
amp_noise,3,38,3,1,False,0,0,0.12790750107612558
amp_noise,3,39,3,1,True,1,0,0.14653780532506114
amp_noise,4,20,4,1,True,1,0,0.14281029218254135
amp_noise,4,21,4,1,True,1,0,0.16094375090350327
amp_noise,4,22,4,1,False,0,0,0.09671719943053467
amp_noise,4,23,4,1,True,1,0,0.1411034376120844
amp_noise,4,24,4,1,True,1,0,0.17216665216470936
amp_noise,4,25,4,1,True,1,0,0.16486279843396723
amp_noise,4,26,4,1,True,1,0,0.15760116392278448
amp_noise,4,27,4,1,True,1,0,0.17633629308936136
amp_noise,4,28,4,1,True,1,0,0.15881692885520274
amp_noise,4,29,4,1,False,0,0,6.503335249125053e-06
amp_noise,4,30,4,1,True,1,0,0.16759773483783
amp_noise,4,31,4,1,True,1,0,0.16361841370483315
amp_noise,4,32,4,1,False,0,0,0.11723461904523623
amp_noise,4,33,4,1,True,1,0,0.15758580297088037
amp_noise,4,34,4,1,True,1,0,0.15429774393159731
amp_noise,4,35,4,1,True,1,0,0.14151631241704718
amp_noise,4,36,4,1,True,1,0,0.14106070849407465
amp_noise,4,37,4,1,False,0,0,0.10526857958186953
amp_noise,4,38,4,1,True,1,0,0.1619074885098806
amp_noise,4,39,4,1,True,1,0,0.15911938908178516
amp_noise,5,20,5,1,True,1,0,0.16924556108800143
amp_noise,5,21,5,1,True,1,0,0.15437121121816072
amp_noise,5,22,5,1,True,1,0,0.1622668700167864
amp_noise,5,23,5,1,False,0,0,0.12178216277330348
amp_noise,5,24,5,1,True,1,0,0.16049973263443915
amp_noise,5,25,5,1,True,1,0,0.16303909837320316
amp_noise,5,26,5,1,False,0,0,0.09424121511919623
amp_noise,5,27,5,1,True,1,0,0.16592138718749966
amp_noise,5,28,5,1,True,1,0,0.1465936427194074
amp_noise,5,29,5,1,False,0,0,0.12552741657938876
amp_noise,5,30,5,1,True,1,0,0.1517238864393644
amp_noise,5,31,5,1,True,1,0,0.16049642290694388
amp_noise,5,32,5,1,True,1,0,0.16845740679961546
amp_noise,5,33,5,1,True,1,0,0.16107929889331357
amp_noise,5,34,5,1,True,1,0,0.15955900829331526
amp_noise,5,35,5,1,True,1,0,0.14433046926235632
amp_noise,5,36,5,1,True,1,0,0.16318805472006728
amp_noise,5,37,5,1,False,0,0,0.11759155801453695
amp_noise,5,38,5,1,True,1,0,0.17306780246941092
amp_noise,5,39,5,1,False,0,0,0.10571695267827314
amp_noise,6,20,6,1,True,1,0,0.16181317876375764
amp_noise,6,21,6,1,True,1,0,0.15515965668211085
amp_noise,6,22,6,1,True,1,0,0.16433565392633354
amp_noise,6,23,6,1,True,1,0,0.16353748857281594
amp_noise,6,24,6,1,False,0,0,0.12377367872807452
amp_noise,6,25,6,1,True,1,0,0.16232065295990122
amp_noise,6,26,6,1,False,0,0,0.12751986881546118
amp_noise,6,27,6,1,True,1,0,0.1582135673131841
amp_noise,6,28,6,1,True,1,0,0.1408212946034189
amp_noise,6,29,6,1,True,1,0,0.1720984746660604
amp_noise,6,30,6,1,True,1,0,0.13698681763359827
amp_noise,6,31,6,1,True,1,0,0.1598891103945647
amp_noise,6,32,6,1,True,1,0,0.16397762448179715
amp_noise,6,33,6,1,True,1,0,0.13892148231915386
amp_noise,6,34,6,1,True,1,0,0.1690452632114094
amp_noise,6,35,6,1,True,1,0,0.16915791237361347
amp_noise,6,36,6,1,True,1,0,0.15341530495642952
amp_noise,6,37,6,1,True,1,0,0.16117595918408484
amp_noise,6,38,6,1,True,1,0,0.1449611707653019
amp_noise,6,39,6,1,True,1,0,0.16454592970728002
amp_noise,7,20,15,0,False,0,0,0.007854426949958498
amp_noise,7,21,7,1,True,1,0,0.16255142614106305
amp_noise,7,22,7,1,True,1,0,0.14082596886088147
amp_noise,7,23,7,1,True,1,0,0.17108669654064035
amp_noise,7,24,7,1,True,1,0,0.16489852840833993
amp_noise,7,25,7,1,False,0,0,0.12443394582762465
amp_noise,7,26,15,0,False,0,0,7.406068366244689e-06
amp_noise,7,27,7,1,True,1,0,0.16194298564524873
amp_noise,7,28,7,1,False,0,0,0.10786842826938924
amp_noise,7,29,7,1,True,1,0,0.14424167132786395
amp_noise,7,30,7,1,True,1,0,0.1641588775908193
amp_noise,7,31,7,1,True,1,0,0.15343037739514528
amp_noise,7,32,7,1,True,1,0,0.16059451756199164
amp_noise,7,33,7,1,True,1,0,0.17559159552315345
amp_noise,7,34,7,1,False,0,0,0.11315331668517033
amp_noise,7,35,7,1,True,1,0,0.1515601853971628
amp_noise,7,36,7,1,False,0,0,0.12331466161370096
amp_noise,7,37,7,1,True,1,0,0.1689202646325717
amp_noise,7,38,7,1,False,0,0,1.3566323084218679e-05
amp_noise,7,39,7,1,True,1,0,0.15071855092263914
amp_noise,8,20,0,0,False,0,0,3.4039878740357854e-05
amp_noise,8,21,8,1,False,0,0,0.007855980604435348
amp_noise,8,22,8,1,True,1,0,0.17612351995445932
amp_noise,8,23,8,1,True,1,0,0.16359612009438246
amp_noise,8,24,8,1,True,1,0,0.14495802108139325
amp_noise,8,25,8,1,True,1,0,0.1526410705659932
amp_noise,8,26,8,1,True,1,0,0.134814395558203
amp_noise,8,27,8,1,True,1,0,0.14634023445224872
amp_noise,8,28,8,1,False,0,0,5.29219625754751e-05
amp_noise,8,29,8,1,True,1,0,0.17440087524154502
amp_noise,8,30,8,1,False,0,0,0.09416192213065533
amp_noise,8,31,0,0,False,0,0,4.270841464706909e-05
amp_noise,8,32,8,1,True,1,0,0.15483325093066116
amp_noise,8,33,16,0,False,0,0,8.052396392024819e-06
amp_noise,8,34,8,1,False,0,0,0.0075402241801718894
amp_noise,8,35,8,1,True,1,0,0.16183602876414596
amp_noise,8,36,8,1,True,1,0,0.1479587235386329
amp_noise,8,37,8,1,True,1,0,0.17956599862935382
amp_noise,8,38,8,1,True,1,0,0.18195271692644352
amp_noise,8,39,8,1,True,1,0,0.14923122017228393
amp_noise,9,20,9,1,False,0,0,0.09593073349846017
amp_noise,9,21,9,1,True,1,0,0.15346611890962913
amp_noise,9,22,9,1,True,1,0,0.14345697767654284
amp_noise,9,23,9,1,True,1,0,0.16370748368161286
amp_noise,9,24,9,1,True,1,0,0.141620567132763
amp_noise,9,25,9,1,True,1,0,0.1641157362597269
amp_noise,9,26,9,1,False,0,0,2.5262505889064868e-05
amp_noise,9,27,17,0,False,0,0,0.005928395654913821
amp_noise,9,28,9,1,False,0,0,0.12558605995536046
amp_noise,9,29,1,0,False,0,0,3.3667595951691887e-06
amp_noise,9,30,1,0,False,0,0,2.366985406479505e-05
amp_noise,9,31,9,1,False,0,0,0.10698535795408409
amp_noise,9,32,9,1,True,1,0,0.14445436388647392
amp_noise,9,33,9,1,False,0,0,0.1233118655916682
amp_noise,9,34,9,1,False,0,0,6.646525566536554e-05
amp_noise,9,35,9,1,True,1,0,0.16200797380171017
amp_noise,9,36,9,1,True,1,0,0.15932163097438493
amp_noise,9,37,1,0,False,0,0,5.6023974164931545e-05
amp_noise,9,38,9,1,True,1,0,0.15956573421443845
amp_noise,9,39,9,1,False,0,0,0.12329127203648071
amp_noise,10,20,10,1,False,0,0,0.11430488896651955
amp_noise,10,21,10,1,False,0,0,0.1240991900972686
amp_noise,10,22,10,1,True,1,0,0.16303515565542995
amp_noise,10,23,2,0,False,0,0,4.8995531570270034e-05
amp_noise,10,24,10,1,True,1,0,0.14213574560480885
amp_noise,10,25,10,1,True,1,0,0.1623834441397746
amp_noise,10,26,10,1,False,0,0,0.1246202133087877
amp_noise,10,27,10,1,True,1,0,0.1469071896363522
amp_noise,10,28,10,1,True,1,0,0.18203920112511474
amp_noise,10,29,10,1,False,0,0,0.007772505327569235
amp_noise,10,30,10,1,True,1,0,0.15030204282653875
amp_noise,10,31,10,1,False,0,0,0.12334224370844003
amp_noise,10,32,10,1,True,1,0,0.15962904434353653
amp_noise,10,33,10,1,True,1,0,0.14013182103804434
amp_noise,10,34,10,1,True,1,0,0.14002152845909607
amp_noise,10,35,10,1,True,1,0,0.1608200777855232
amp_noise,10,36,10,1,True,1,0,0.16091838492389884
amp_noise,10,37,10,1,True,1,0,0.1633160439719036
amp_noise,10,38,10,1,True,1,0,0.17022046766641313
amp_noise,10,39,10,1,True,1,0,0.14873889806062895
amp_noise,11,20,11,1,True,1,0,0.15210841050337678
amp_noise,11,21,11,1,True,1,0,0.14806979981655108
amp_noise,11,22,11,1,True,1,0,0.13532585971054362
amp_noise,11,23,11,1,True,1,0,0.15530669976675432
amp_noise,11,24,11,1,True,1,0,0.14164956912771584
amp_noise,11,25,11,1,False,0,0,0.007450910198102317
amp_noise,11,26,11,1,True,1,0,0.15438401227585796
amp_noise,11,27,11,1,True,1,0,0.1672858591101603
amp_noise,11,28,11,1,False,0,0,2.725761484796696e-05
amp_noise,11,29,11,1,False,0,0,0.12620075251147733
amp_noise,11,30,11,1,True,1,0,0.16268518937143908
amp_noise,11,31,11,1,True,1,0,0.16713482430671486
amp_noise,11,32,11,1,True,1,0,0.1358427607412378
amp_noise,11,33,11,1,True,1,0,0.1696043526324492
amp_noise,11,34,11,1,True,1,0,0.15240627303160906
amp_noise,11,35,11,1,True,1,0,0.16193018458642947
amp_noise,11,36,3,0,False,0,0,2.8137649322731995e-05
amp_noise,11,37,11,1,True,1,0,0.18024702894828407
amp_noise,11,38,11,1,False,0,0,5.642539710598582e-05
amp_noise,11,39,11,1,False,0,0,0.13102896884823662
amp_noise,12,20,4,0,False,0,0,6.825760562446936e-05
amp_noise,12,21,12,1,True,1,0,0.1352864639048631
amp_noise,12,22,12,1,True,1,0,0.15458920075050614
amp_noise,12,23,12,1,False,0,0,0.12074592591350243
amp_noise,12,24,12,1,False,0,0,0.10390584245761421
amp_noise,12,25,12,1,False,0,0,0.1219560687019681
amp_noise,12,26,12,1,True,1,0,0.1431028376919024
amp_noise,12,27,12,1,True,1,0,0.14156949941866914
amp_noise,12,28,12,1,False,0,0,0.13026112514587476
amp_noise,12,29,12,1,False,0,0,0.09749177377234716
amp_noise,12,30,12,1,True,1,0,0.15866465202313143
amp_noise,12,31,12,1,True,1,0,0.15965870294640686
amp_noise,12,32,12,1,False,0,0,3.235806554835463e-05
amp_noise,12,33,12,1,False,0,0,2.0803656679016513e-05
amp_noise,12,34,12,1,True,1,0,0.1484104209531034
amp_noise,12,35,12,1,True,1,0,0.15182158903254622
amp_noise,12,36,12,1,True,1,0,0.17118652290876368
amp_noise,12,37,12,1,True,1,0,0.16092635965158564
amp_noise,12,38,12,1,True,1,0,0.14897621727022975
amp_noise,12,39,12,1,True,1,0,0.14769942173562625
amp_noise,13,20,13,1,True,1,0,0.16218101203143157
amp_noise,13,21,13,1,True,1,0,0.13496119598886833
amp_noise,13,22,13,1,True,1,0,0.16540650114302183
amp_noise,13,23,13,1,True,1,0,0.16848926640680403
amp_noise,13,24,13,1,True,1,0,0.1541042411854827
amp_noise,13,25,13,1,True,1,0,0.15619351232654927
amp_noise,13,26,13,1,True,1,0,0.14722849935248739
amp_noise,13,27,13,1,True,1,0,0.14146618173511633
amp_noise,13,28,13,1,False,0,0,0.12050761605999495
amp_noise,13,29,13,1,True,1,0,0.16538368017244318
amp_noise,13,30,13,1,True,1,0,0.15506968481599168
amp_noise,13,31,13,1,False,0,0,0.10324176033118054
amp_noise,13,32,13,1,True,1,0,0.15646467987519067
amp_noise,13,33,13,1,True,1,0,0.16623182489852434
amp_noise,13,34,13,1,False,0,0,0.12768857140187045
amp_noise,13,35,13,1,True,1,0,0.13379680400684624
amp_noise,13,36,13,1,True,1,0,0.1708097762639135
amp_noise,13,37,13,1,True,1,0,0.15463893149465202
amp_noise,13,38,13,1,True,1,0,0.170124031098295
amp_noise,13,39,13,1,True,1,0,0.13880627457022504
amp_noise,14,20,14,1,True,1,0,0.13336166696306584
amp_noise,14,21,14,1,False,0,0,0.12587387617836326
amp_noise,14,22,14,1,False,0,0,0.11882756255738426
amp_noise,14,23,14,1,False,0,0,0.12153771461826673
amp_noise,14,24,14,1,True,1,0,0.14896792528096675
amp_noise,14,25,14,1,True,1,0,0.1404862406863366
amp_noise,14,26,14,1,True,1,0,0.1602496942276793
amp_noise,14,27,14,1,False,0,0,0.11822097728200835
amp_noise,14,28,14,1,True,1,0,0.14021713410909653
amp_noise,14,29,14,1,False,0,0,0.006919944822590229
amp_noise,14,30,22,0,False,0,0,0.006147528565929927
amp_noise,14,31,6,0,False,0,0,4.563916854780081e-05
amp_noise,14,32,6,0,False,0,0,8.649018402276387e-05
amp_noise,14,33,6,0,False,0,0,2.9056764475343666e-05
amp_noise,14,34,14,1,True,1,0,0.17206863777168946
amp_noise,14,35,14,1,False,0,0,0.1288720958354092
amp_noise,14,36,14,1,True,1,0,0.15007028369333625
amp_noise,14,37,14,1,True,1,0,0.15576048339899423
amp_noise,14,38,14,1,False,0,0,0.10859120462455937
amp_noise,14,39,14,1,True,1,0,0.16922620184466716
amp_noise,15,20,15,1,True,1,0,0.16516697141454584
amp_noise,15,21,15,1,True,1,0,0.16488798665276894
amp_noise,15,22,15,1,False,0,0,2.9922035299376204e-05
amp_noise,15,23,7,0,False,0,0,4.1311705511165586e-05
amp_noise,15,24,15,1,False,0,0,3.517743771708215e-05
amp_noise,15,25,15,1,True,1,0,0.14468102651653267
amp_noise,15,26,15,1,True,1,0,0.13332332786685636
amp_noise,15,27,15,1,True,1,0,0.13236877355674487
amp_noise,15,28,15,1,True,1,0,0.14171290326017844
amp_noise,15,29,15,1,False,0,0,0.007462171667206086
amp_noise,15,30,15,1,True,1,0,0.17399474789838323
amp_noise,15,31,15,1,True,1,0,0.1726867498570731
amp_noise,15,32,15,1,True,1,0,0.1530865296865304
amp_noise,15,33,15,1,True,1,0,0.16520635555334298
amp_noise,15,34,15,1,False,0,0,0.11626306170174057
amp_noise,15,35,15,1,True,1,0,0.1687264409187939
amp_noise,15,36,23,0,False,0,0,3.630163504848849e-05
amp_noise,15,37,23,0,False,0,0,8.162048304075076e-06
amp_noise,15,38,15,1,True,1,0,0.1330296151159997
amp_noise,15,39,7,0,False,0,0,5.212561996884024e-06
amp_noise,16,20,16,1,True,1,0,0.14569729414420024
amp_noise,16,21,16,1,True,1,0,0.15270971361725288
amp_noise,16,22,8,0,False,0,0,4.309842770419681e-05
amp_noise,16,23,16,1,False,0,0,0.12723211620877128
amp_noise,16,24,16,1,False,0,0,0.12519223088570752
amp_noise,16,25,16,1,False,0,0,0.12364457104453122
amp_noise,16,26,8,0,False,0,0,2.7786467088064537e-06
amp_noise,16,27,16,1,True,1,0,0.16331017587403948
amp_noise,16,28,24,0,False,0,0,6.627836777489682e-06
amp_noise,16,29,16,1,True,1,0,0.14823123890904466
amp_noise,16,30,16,1,False,0,0,0.12169627185740331
amp_noise,16,31,8,0,False,0,0,2.8697263541335727e-05
amp_noise,16,32,16,1,True,1,0,0.13556008531470726
amp_noise,16,33,16,1,True,1,0,0.14410076359944352
amp_noise,16,34,16,1,True,1,0,0.16574915629281442
amp_noise,16,35,16,1,True,1,0,0.17406311729824017
amp_noise,16,36,16,1,False,0,0,0.11914602392187514
amp_noise,16,37,16,1,False,0,0,1.705968509403688e-05
amp_noise,16,38,16,1,True,1,0,0.15507138773573434
amp_noise,16,39,16,1,True,1,0,0.14868783235953634
amp_noise,17,20,17,1,True,1,0,0.16862673146359533
amp_noise,17,21,17,1,False,0,0,0.13038731229583828
amp_noise,17,22,17,1,True,1,0,0.16552656308929575
amp_noise,17,23,17,1,False,0,0,0.1246050493746778
amp_noise,17,24,17,1,True,1,0,0.17038658652144298
amp_noise,17,25,17,1,False,0,0,0.1248080989560202
amp_noise,17,26,9,0,False,0,0,1.5147757993133615e-05
amp_noise,17,27,17,1,False,0,0,1.3590739161781218e-05
amp_noise,17,28,17,1,True,1,0,0.1326331545633701
amp_noise,17,29,17,1,True,1,0,0.15518237638249033
amp_noise,17,30,17,1,True,1,0,0.17403530897830052
amp_noise,17,31,17,1,False,0,0,0.12019097054760822
amp_noise,17,32,17,1,True,1,0,0.16772265793821647
amp_noise,17,33,17,1,True,1,0,0.15620835173322536
amp_noise,17,34,17,1,True,1,0,0.16543156787496344
amp_noise,17,35,17,1,True,1,0,0.16472753124215725
amp_noise,17,36,17,1,True,1,0,0.16362111234655177
amp_noise,17,37,17,1,True,1,0,0.15772167228036654
amp_noise,17,38,17,1,False,0,0,0.1304579190452163
amp_noise,17,39,17,1,True,1,0,0.15922978970301316
amp_noise,18,20,18,1,True,1,0,0.16216443646236958
amp_noise,18,21,18,1,False,0,0,0.11478268594141472
amp_noise,18,22,18,1,False,0,0,0.12459866454580693
amp_noise,18,23,18,1,True,1,0,0.15769475592912313
amp_noise,18,24,18,1,False,0,0,0.1258273334577387
amp_noise,18,25,18,1,False,0,0,0.09899998845316446
amp_noise,18,26,18,1,False,0,0,0.11784162991091451
amp_noise,18,27,18,1,True,1,0,0.13371806737947906
amp_noise,18,28,18,1,False,0,0,0.12193613536691128
amp_noise,18,29,18,1,False,0,0,0.10668378209406454
amp_noise,18,30,18,1,True,1,0,0.14032817151895355
amp_noise,18,31,18,1,False,0,0,0.1313352090269044
amp_noise,18,32,18,1,True,1,0,0.1572927928465474
amp_noise,18,33,18,1,True,1,0,0.16015339104129053
amp_noise,18,34,18,1,True,1,0,0.14836120983642637
amp_noise,18,35,18,1,False,0,0,0.12384084773304228
amp_noise,18,36,18,1,False,0,0,5.4153873573214995e-06
amp_noise,18,37,18,1,True,1,0,0.15261869726899663
amp_noise,18,38,18,1,False,0,0,0.12880854424770966
amp_noise,18,39,18,1,True,1,0,0.15962301194428344
amp_noise,19,20,19,1,True,1,0,0.15837155889472962
amp_noise,19,21,19,1,True,1,0,0.1517337622753572
amp_noise,19,22,19,1,False,0,0,0.12216014715769959
amp_noise,19,23,27,0,False,0,0,9.80893165986041e-06
amp_noise,19,24,27,0,False,0,0,5.3839440122244175e-05
amp_noise,19,25,19,1,True,1,0,0.14398700302829467
amp_noise,19,26,19,1,True,1,0,0.15402453765538382
amp_noise,19,27,19,1,True,1,0,0.16380939820663792
amp_noise,19,28,19,1,True,1,0,0.13647447447969127
amp_noise,19,29,19,1,False,0,0,0.12470757934026235
amp_noise,19,30,19,1,True,1,0,0.17015690317529344
amp_noise,19,31,19,1,True,1,0,0.1462550749646182
amp_noise,19,32,19,1,True,1,0,0.16779363043860518
amp_noise,19,33,19,1,True,1,0,0.16552286376718997
amp_noise,19,34,19,1,True,1,0,0.14008235622167342
amp_noise,19,35,19,1,True,1,0,0.16747495723099007
amp_noise,19,36,19,1,False,0,0,0.12568588881862372
amp_noise,19,37,19,1,True,1,0,0.15833958906532014
amp_noise,19,38,19,1,False,0,0,0.12629270906869045
amp_noise,19,39,19,1,True,1,0,0.14690137955170993
amp_noise,20,20,20,1,True,1,0,0.1609149589137651
amp_noise,20,21,20,1,False,0,0,0.12374615857840052
amp_noise,20,22,20,1,True,1,0,0.13991766481327517
amp_noise,20,23,20,1,True,1,0,0.17137038825465686
amp_noise,20,24,20,1,True,1,0,0.16001754337430765
amp_noise,20,25,20,1,False,0,0,7.758780754513195e-06
amp_noise,20,26,20,1,True,1,0,0.16488697607473238
amp_noise,20,27,20,1,True,1,0,0.14066909417392465
amp_noise,20,28,20,1,False,0,0,0.11426931469915803
amp_noise,20,29,20,1,False,0,0,0.11457077232430887
amp_noise,20,30,20,1,True,1,0,0.1329732069922948
amp_noise,20,31,20,1,True,1,0,0.15187809366248223
amp_noise,20,32,20,1,True,1,0,0.16685899703370574
amp_noise,20,33,28,0,False,0,0,3.815556839986689e-05
amp_noise,20,34,28,0,False,0,0,0.004965441117068009
amp_noise,20,35,20,1,False,0,0,0.12877538736587282
amp_noise,20,36,20,1,True,1,0,0.16657075141048042
amp_noise,20,37,20,1,True,1,0,0.17643745485021645
amp_noise,20,38,20,1,True,1,0,0.1400668521934208
amp_noise,20,39,20,1,True,1,0,0.15279420701433355
amp_noise,21,20,21,1,True,1,0,0.15557844409127483
amp_noise,21,21,21,1,False,0,0,7.460549052579202e-05
amp_noise,21,22,21,1,True,1,0,0.15805434871884944
amp_noise,21,23,21,1,False,0,0,0.11543377996692426
amp_noise,21,24,21,1,False,0,0,4.4628283956654746e-05
amp_noise,21,25,21,1,True,1,0,0.14139442417031914
amp_noise,21,26,21,1,False,0,0,0.11173752606854291
amp_noise,21,27,21,1,True,1,0,0.1707144540822934
amp_noise,21,28,21,1,True,1,0,0.16626997984265257
amp_noise,21,29,21,1,True,1,0,0.1524616743689089
amp_noise,21,30,21,1,True,1,0,0.1500863295970604
amp_noise,21,31,29,0,False,0,0,2.9673176237601795e-05
amp_noise,21,32,21,1,False,0,0,0.1236216915201154
amp_noise,21,33,21,1,True,1,0,0.16027340831740353
amp_noise,21,34,21,1,True,1,0,0.1594972140738426
amp_noise,21,35,21,1,False,0,0,0.12297514980818773
amp_noise,21,36,21,1,True,1,0,0.15441824933519938
amp_noise,21,37,21,1,True,1,0,0.1555505613235236
amp_noise,21,38,21,1,True,1,0,0.14637099100161782
amp_noise,21,39,21,1,True,1,0,0.1541996470075736
amp_noise,22,20,22,1,True,1,0,0.13711804004689512
amp_noise,22,21,22,1,True,1,0,0.1560195331056158
amp_noise,22,22,22,1,True,1,0,0.16153713530460617
amp_noise,22,23,22,1,True,1,0,0.16311281318547183
amp_noise,22,24,22,1,False,0,0,0.11738407693322996
amp_noise,22,25,22,1,True,1,0,0.1453748037998484
amp_noise,22,26,22,1,True,1,0,0.17276636741205287
amp_noise,22,27,22,1,True,1,0,0.1548659174980572
amp_noise,22,28,14,0,False,0,0,2.1881105214949237e-06
amp_noise,22,29,22,1,False,0,0,0.12091198746198412
amp_noise,22,30,22,1,False,0,0,0.12951725082933135
amp_noise,22,31,30,0,False,0,0,0.004686351935169281
amp_noise,22,32,22,1,True,1,0,0.17475025375848105
amp_noise,22,33,22,1,True,1,0,0.16801142157526922
amp_noise,22,34,22,1,True,1,0,0.16253992752998944
amp_noise,22,35,22,1,True,1,0,0.1512313758476266
amp_noise,22,36,22,1,True,1,0,0.13545967713990398
amp_noise,22,37,22,1,True,1,0,0.1807202885337289
amp_noise,22,38,22,1,False,0,0,7.316990644004595e-06
amp_noise,22,39,22,1,False,0,0,4.743687358976789e-06
amp_noise,23,20,23,1,True,1,0,0.17033679542673144
amp_noise,23,21,23,1,True,1,0,0.1561435941290243
amp_noise,23,22,23,1,True,1,0,0.16647922566052037
amp_noise,23,23,15,0,False,0,0,6.186783493362935e-05
amp_noise,23,24,31,0,False,0,0,2.423263883732929e-05
amp_noise,23,25,23,1,True,1,0,0.1422140933543241
amp_noise,23,26,23,1,True,1,0,0.15787519620730547
amp_noise,23,27,23,1,False,0,0,0.005525494763314598
amp_noise,23,28,23,1,True,1,0,0.13521436980304652
amp_noise,23,29,23,1,False,0,0,4.571698445066108e-05
amp_noise,23,30,23,1,True,1,0,0.15296733070571253
amp_noise,23,31,23,1,False,0,0,0.12127731603724776
amp_noise,23,32,23,1,False,0,0,0.12665696422942285
amp_noise,23,33,23,1,False,0,0,0.12211511484626159
amp_noise,23,34,23,1,False,0,0,0.12715207576807372
amp_noise,23,35,23,1,False,0,0,0.12200953619868926
amp_noise,23,36,23,1,True,1,0,0.16528779159663584
amp_noise,23,37,15,0,False,0,0,3.70586196845879e-05
amp_noise,23,38,23,1,True,1,0,0.1607397530483239
amp_noise,23,39,23,1,True,1,0,0.14572934241666274
amp_noise,24,20,24,1,True,1,0,0.1590891733065631
amp_noise,24,21,24,1,True,1,0,0.15192300164351363
amp_noise,24,22,24,1,False,0,0,0.10568759205925204
amp_noise,24,23,32,0,False,0,0,0.0041406671976451925
amp_noise,24,24,24,1,True,1,0,0.16861233335831752
amp_noise,24,25,24,1,True,1,0,0.15204075574625675
amp_noise,24,26,24,1,False,0,0,6.668836091477948e-05
amp_noise,24,27,24,1,True,1,0,0.16424484399069894
amp_noise,24,28,24,1,True,1,0,0.16174495126764818
amp_noise,24,29,24,1,True,1,0,0.14508450941342715
amp_noise,24,30,24,1,False,0,0,0.12739817351989535
amp_noise,24,31,24,1,True,1,0,0.1477252364621143
amp_noise,24,32,24,1,True,1,0,0.1714651931795729
amp_noise,24,33,24,1,False,0,0,3.203173679947047e-05
amp_noise,24,34,24,1,False,0,0,0.12420017435770678
amp_noise,24,35,24,1,False,0,0,2.206912526143967e-05
amp_noise,24,36,16,0,False,0,0,1.070758528273763e-06
amp_noise,24,37,24,1,False,0,0,0.1319858870494717
amp_noise,24,38,24,1,True,1,0,0.1401526583704963
amp_noise,24,39,24,1,False,0,0,0.12457592067082271
amp_noise,25,20,25,1,False,0,0,3.830200940242723e-05
amp_noise,25,21,25,1,False,0,0,2.9701880654389723e-05
amp_noise,25,22,25,1,True,1,0,0.14986191916178956
amp_noise,25,23,25,1,False,0,0,0.12521075837777806
amp_noise,25,24,25,1,True,1,0,0.14257314630824225
amp_noise,25,25,25,1,True,1,0,0.16492443141399626
amp_noise,25,26,25,1,False,0,0,4.7797015183537184e-05
amp_noise,25,27,25,1,True,1,0,0.1480457420354369
amp_noise,25,28,25,1,False,0,0,0.004977583656781748
amp_noise,25,29,25,1,True,1,0,0.1692803187132695
amp_noise,25,30,25,1,True,1,0,0.15493312720195734
amp_noise,25,31,33,0,False,0,0,4.319798308416445e-05
amp_noise,25,32,25,1,True,1,0,0.16137570225680958
amp_noise,25,33,25,1,False,0,0,0.1269350025949893
amp_noise,25,34,25,1,True,1,0,0.15089652302841577
amp_noise,25,35,25,1,True,1,0,0.1544250004818784
amp_noise,25,36,25,1,True,1,0,0.1523016443795035
amp_noise,25,37,25,1,False,0,0,0.004995705218125701
amp_noise,25,38,25,1,True,1,0,0.1405826009513946
amp_noise,25,39,25,1,False,0,0,0.09723716913480479
amp_noise,26,20,26,1,True,1,0,0.14884745691085677
amp_noise,26,21,26,1,True,1,0,0.17079790713605927
amp_noise,26,22,26,1,False,0,0,2.4930143455198506e-05
amp_noise,26,23,26,1,True,1,0,0.16644896726638153
amp_noise,26,24,26,1,True,1,0,0.1409915585424465
amp_noise,26,25,26,1,True,1,0,0.16305165457161688
amp_noise,26,26,34,0,False,0,0,1.7360084816994692e-05
amp_noise,26,27,26,1,True,1,0,0.15071115374833077
amp_noise,26,28,26,1,False,0,0,0.11560202523599561
amp_noise,26,29,26,1,True,1,0,0.1435909545778534
amp_noise,26,30,26,1,True,1,0,0.1486045565632639
amp_noise,26,31,26,1,True,1,0,0.13476501113070627
amp_noise,26,32,18,0,False,0,0,6.176758314782593e-05
amp_noise,26,33,26,1,True,1,0,0.13885237011399426
amp_noise,26,34,26,1,False,0,0,0.11896025257945371
amp_noise,26,35,26,1,True,1,0,0.1539797280814053
amp_noise,26,36,26,1,True,1,0,0.15082888788173276
amp_noise,26,37,26,1,True,1,0,0.16075251526731912
amp_noise,26,38,34,0,False,0,0,3.756849451252986e-06
amp_noise,26,39,26,1,False,0,0,0.12370847417401443
amp_noise,27,20,27,1,True,1,0,0.16576875807578728
amp_noise,27,21,27,1,True,1,0,0.15537070325883337
amp_noise,27,22,27,1,True,1,0,0.16147578679858082
amp_noise,27,23,27,1,False,0,0,0.11775589038225179
amp_noise,27,24,27,1,True,1,0,0.16799153687637472
amp_noise,27,25,19,0,False,0,0,1.8133723258970114e-05
amp_noise,27,26,27,1,True,1,0,0.1734870263775787
amp_noise,27,27,27,1,False,0,0,0.12552773147946178
amp_noise,27,28,27,1,True,1,0,0.15199412622802616
amp_noise,27,29,27,1,True,1,0,0.13985079405188522
amp_noise,27,30,27,1,False,0,0,0.12073715960857782
amp_noise,27,31,27,1,True,1,0,0.1621577075808434
amp_noise,27,32,27,1,True,1,0,0.14390078778120954
amp_noise,27,33,27,1,False,0,0,4.616377924467063e-05
amp_noise,27,34,27,1,True,1,0,0.1534684267603092
amp_noise,27,35,27,1,True,1,0,0.1418777846236078
amp_noise,27,36,27,1,True,1,0,0.16453880761920975
amp_noise,27,37,27,1,True,1,0,0.1656136706256946
amp_noise,27,38,27,1,True,1,0,0.16917037415868955
amp_noise,27,39,27,1,False,0,0,1.0819410988488487e-05
amp_noise,28,20,28,1,False,0,0,0.1269706790242422
amp_noise,28,21,28,1,True,1,0,0.16699915282140107
amp_noise,28,22,28,1,True,1,0,0.1419024489087213
amp_noise,28,23,28,1,True,1,0,0.17075945282308486
amp_noise,28,24,28,1,True,1,0,0.17886705048366774
amp_noise,28,25,28,1,True,1,0,0.15433113406688392
amp_noise,28,26,28,1,False,0,0,5.344232786060055e-05
amp_noise,28,27,20,0,False,0,0,2.6023854328052765e-05
amp_noise,28,28,28,1,True,1,0,0.1425965268685496
amp_noise,28,29,36,0,False,0,0,1.1276427048845239e-05
amp_noise,28,30,28,1,True,1,0,0.1663860174192716
amp_noise,28,31,28,1,True,1,0,0.17012282315725316
amp_noise,28,32,28,1,False,0,0,3.100477479220376e-05
amp_noise,28,33,28,1,True,1,0,0.14379623075302161
amp_noise,28,34,28,1,True,1,0,0.1545407984547601
amp_noise,28,35,28,1,False,0,0,0.12438964439621887
amp_noise,28,36,28,1,True,1,0,0.1643427294598678
amp_noise,28,37,28,1,True,1,0,0.17654077735629753
amp_noise,28,38,28,1,True,1,0,0.13337784822058743
amp_noise,28,39,28,1,True,1,0,0.1577585604268075
amp_noise,29,20,29,1,True,1,0,0.16907703914846195
amp_noise,29,21,29,1,True,1,0,0.14491480224527348
amp_noise,29,22,29,1,True,1,0,0.1686070075400887
amp_noise,29,23,29,1,True,1,0,0.14621164957560917
amp_noise,29,24,29,1,False,0,0,0.09916847188702746
amp_noise,29,25,29,1,True,1,0,0.15180157626531549
amp_noise,29,26,29,1,False,0,0,0.12250664270840979
amp_noise,29,27,29,1,True,1,0,0.17139602070491344
amp_noise,29,28,29,1,False,0,0,6.976094959398882e-05
amp_noise,29,29,29,1,True,1,0,0.14184972427062206
amp_noise,29,30,29,1,False,0,0,0.12214270660070388
amp_noise,29,31,29,1,True,1,0,0.1791977646884558
amp_noise,29,32,29,1,True,1,0,0.17003827350878684
amp_noise,29,33,29,1,True,1,0,0.1580957140135369
amp_noise,29,34,29,1,False,0,0,0.1273372057595185
amp_noise,29,35,29,1,True,1,0,0.172294238672548
amp_noise,29,36,29,1,True,1,0,0.1611970910175017
amp_noise,29,37,29,1,False,0,0,0.13076913817298236
amp_noise,29,38,29,1,False,0,0,0.004878827961550758
amp_noise,29,39,29,1,True,1,0,0.1690805997994356
amp_noise,30,20,30,1,False,0,0,0.12714401692076108
amp_noise,30,21,30,1,True,1,0,0.166456138389382
amp_noise,30,22,30,1,True,1,0,0.176696970416798
amp_noise,30,23,30,1,False,0,0,0.12219579655560454
amp_noise,30,24,30,1,True,1,0,0.1641719696852652
amp_noise,30,25,30,1,True,1,0,0.1350174246579951
amp_noise,30,26,30,1,True,1,0,0.15966058009553116
amp_noise,30,27,30,1,True,1,0,0.15873273806994148
amp_noise,30,28,30,1,True,1,0,0.1520605612800894
amp_noise,30,29,30,1,False,0,0,0.12695845795097777
amp_noise,30,30,30,1,True,1,0,0.1586374938012607
amp_noise,30,31,30,1,True,1,0,0.14294622741536145
amp_noise,30,32,30,1,True,1,0,0.16411766076738546
amp_noise,30,33,30,1,True,1,0,0.13670151998028718
amp_noise,30,34,30,1,True,1,0,0.1458664379617844
amp_noise,30,35,30,1,True,1,0,0.14954931188594517
amp_noise,30,36,30,1,True,1,0,0.1461120100249414
amp_noise,30,37,30,1,True,1,0,0.14594819585797947
amp_noise,30,38,30,1,False,0,0,0.1320372193217865
amp_noise,30,39,30,1,False,0,0,2.2247825774965313e-05
amp_noise,31,20,31,1,True,1,0,0.15132187092511495
amp_noise,31,21,31,1,True,1,0,0.15656037567493875
amp_noise,31,22,31,1,True,1,0,0.1448610936321027
amp_noise,31,23,31,1,True,1,0,0.14319312220893812
amp_noise,31,24,31,1,False,0,0,0.12761829627946147
amp_noise,31,25,31,1,True,1,0,0.1418503490167921
amp_noise,31,26,31,1,True,1,0,0.15585193640035228
amp_noise,31,27,31,1,False,0,0,0.1292373737400587
amp_noise,31,28,31,1,True,1,0,0.173319201352653
amp_noise,31,29,31,1,False,0,0,0.1165804063720498
amp_noise,31,30,31,1,False,0,0,0.09690793117279639
amp_noise,31,31,31,1,True,1,0,0.17288314979979705
amp_noise,31,32,31,1,False,0,0,0.1249754880106324
amp_noise,31,33,31,1,False,0,0,0.1320104073848582
amp_noise,31,34,31,1,False,0,0,0.09955984995232078
amp_noise,31,35,31,1,False,0,0,0.11977428328789429
amp_noise,31,36,39,0,False,0,0,9.118368384841702e-05
amp_noise,31,37,31,1,False,0,0,0.11892533676113362
amp_noise,31,38,39,0,False,0,0,4.3056857807616256e-06
amp_noise,31,39,31,1,True,1,0,0.16472586529910305
amp_noise,32,20,32,1,True,1,0,0.16892770299104543
amp_noise,32,21,32,1,True,1,0,0.14781182369169799
amp_noise,32,22,32,1,True,1,0,0.14513404673037206
amp_noise,32,23,32,1,True,1,0,0.1743199615794089
amp_noise,32,24,32,1,True,1,0,0.15446494178890954
amp_noise,32,25,32,1,True,1,0,0.1593871347502226
amp_noise,32,26,32,1,True,1,0,0.14869759546593808
amp_noise,32,27,32,1,False,0,0,0.12697595155932778
amp_noise,32,28,40,0,False,0,0,5.587964137149237e-05
amp_noise,32,29,32,1,True,1,0,0.16273150976840914
amp_noise,32,30,32,1,True,1,0,0.1501956526767624
amp_noise,32,31,40,0,False,0,0,0.003691858226529371
amp_noise,32,32,32,1,True,1,0,0.13858943305863863
amp_noise,32,33,32,1,True,1,0,0.14500653301565886
amp_noise,32,34,32,1,False,0,0,0.12193178674445794
amp_noise,32,35,32,1,True,1,0,0.15265848651761157
amp_noise,32,36,32,1,False,0,0,0.11914008674028492
amp_noise,32,37,32,1,True,1,0,0.16072630793205472
amp_noise,32,38,32,1,True,1,0,0.15177824438422372
amp_noise,32,39,32,1,True,1,0,0.13427388943569185
amp_noise,33,20,33,1,False,0,0,0.11197912927878519
amp_noise,33,21,25,0,False,0,0,2.9745789497812036e-05
amp_noise,33,22,25,0,False,0,0,2.4364192436190923e-05
amp_noise,33,23,33,1,False,0,0,0.12742209952368388
amp_noise,33,24,42,0,False,0,0,0.00045015368165168823
amp_noise,33,25,33,1,True,1,0,0.1352161334017502
amp_noise,33,26,33,1,False,0,0,0.1317301406063983
amp_noise,33,27,33,1,True,1,0,0.13639859404259386
amp_noise,33,28,33,1,True,1,0,0.14688106467921055
amp_noise,33,29,33,1,False,0,0,0.12004478127968249
amp_noise,33,30,41,0,False,0,0,2.3258616395599452e-05
amp_noise,33,31,25,0,False,0,0,1.3166343938747493e-05
amp_noise,33,32,33,1,False,0,0,8.561487146781233e-05
amp_noise,33,33,33,1,True,1,0,0.1594963451164084
amp_noise,33,34,33,1,False,0,0,0.12075749527647789
amp_noise,33,35,33,1,True,1,0,0.14625009783066129
amp_noise,33,36,25,0,False,0,0,7.47847913166455e-05
amp_noise,33,37,33,1,True,1,0,0.16313364638272232
amp_noise,33,38,33,1,False,0,0,1.2856835821833945e-05
amp_noise,33,39,33,1,True,1,0,0.17159439619928665
amp_noise,34,20,34,1,False,0,0,0.12362252265801421
amp_noise,34,21,34,1,False,0,0,1.9360361461204234e-05
amp_noise,34,22,34,1,True,1,0,0.1747986418647557
amp_noise,34,23,34,1,False,0,0,0.12742197417309817
amp_noise,34,24,34,1,True,1,0,0.17508793843712753
amp_noise,34,25,34,1,False,0,0,0.004315807089458945
amp_noise,34,26,34,1,True,1,0,0.15168483218255982
amp_noise,34,27,34,1,True,1,0,0.17219252754723427
amp_noise,34,28,26,0,False,0,0,2.2471842132415487e-05
amp_noise,34,29,34,1,False,0,0,0.004083770561941424
amp_noise,34,30,34,1,False,0,0,0.12963387777719487
amp_noise,34,31,34,1,True,1,0,0.1675888437877525
amp_noise,34,32,34,1,True,1,0,0.15741682555130843
amp_noise,34,33,34,1,True,1,0,0.15735574340317043
amp_noise,34,34,34,1,True,1,0,0.13609215615415324
amp_noise,34,35,34,1,False,0,0,0.10514611921886223
amp_noise,34,36,34,1,False,0,0,0.12455193206495485
amp_noise,34,37,34,1,True,1,0,0.15771417207599653
amp_noise,34,38,34,1,True,1,0,0.15292303559364823
amp_noise,34,39,34,1,True,1,0,0.1711345653650267
amp_noise,35,20,35,1,True,1,0,0.1675881179740164
amp_noise,35,21,35,1,True,1,0,0.16864194661791873
amp_noise,35,22,35,1,True,1,0,0.17554326322079591
amp_noise,35,23,35,1,False,0,0,0.12429365368981998
amp_noise,35,24,35,1,True,1,0,0.1468234389724058
amp_noise,35,25,35,1,False,0,0,0.12429294310436426
amp_noise,35,26,35,1,False,0,0,0.12326057296432555
amp_noise,35,27,35,1,True,1,0,0.1486528563519022
amp_noise,35,28,35,1,True,1,0,0.14637792852345702
amp_noise,35,29,35,1,True,1,0,0.13301908287794967
amp_noise,35,30,35,1,True,1,0,0.15572753599118644
amp_noise,35,31,35,1,True,1,0,0.13657878893275294
amp_noise,35,32,35,1,False,0,0,0.13040378515989923
amp_noise,35,33,35,1,False,0,0,0.12469830018744277
amp_noise,35,34,35,1,False,0,0,0.10720958351800183
amp_noise,35,35,35,1,True,1,0,0.14526854803891026
amp_noise,35,36,35,1,True,1,0,0.15031133853394413
amp_noise,35,37,35,1,True,1,0,0.155916374548794
amp_noise,35,38,35,1,True,1,0,0.17812460992687545
amp_noise,35,39,35,1,False,0,0,0.1311019718600785
amp_noise,36,20,36,1,False,0,0,0.12157537048458616
amp_noise,36,21,36,1,False,0,0,0.1255813250714498
amp_noise,36,22,36,1,False,0,0,0.1193508001789683
amp_noise,36,23,36,1,True,1,0,0.14009391968744994
amp_noise,36,24,36,1,True,1,0,0.1519660571665008
amp_noise,36,25,36,1,True,1,0,0.13317285208262025
amp_noise,36,26,36,1,True,1,0,0.13313013710272448
amp_noise,36,27,36,1,False,0,0,0.1225337622009509
amp_noise,36,28,36,1,True,1,0,0.14605848342750194
amp_noise,36,29,36,1,True,1,0,0.15821474307350136
amp_noise,36,30,36,1,False,0,0,0.12235374443985793
amp_noise,36,31,36,1,True,1,0,0.16176254261485978
amp_noise,36,32,36,1,False,0,0,0.12755222906259894
amp_noise,36,33,36,1,True,1,0,0.15798180234349446
amp_noise,36,34,44,0,False,0,0,8.736424136124299e-06
amp_noise,36,35,36,1,True,1,0,0.1320711906715698
amp_noise,36,36,36,1,True,1,0,0.16221290104081673
amp_noise,36,37,36,1,False,0,0,0.1248913686357041
amp_noise,36,38,36,1,False,0,0,0.125757892689323
amp_noise,36,39,36,1,True,1,0,0.16260528992746345
amp_noise,37,20,37,1,True,1,0,0.1542227148553527
amp_noise,37,21,37,1,False,0,0,0.11594883385168261
amp_noise,37,22,37,1,True,1,0,0.1494277965107823
amp_noise,37,23,37,1,True,1,0,0.13558341979877625
amp_noise,37,24,37,1,False,0,0,0.12184863386690441
amp_noise,37,25,37,1,True,1,0,0.16325172446772618
amp_noise,37,26,37,1,False,0,0,0.1252860046454434
amp_noise,37,27,37,1,True,1,0,0.15724342738175973
amp_noise,37,28,37,1,False,0,0,0.1240567407577662
amp_noise,37,29,37,1,False,0,0,0.12919841933189097
amp_noise,37,30,37,1,True,1,0,0.16188586252402082
amp_noise,37,31,37,1,True,1,0,0.15784319081458792
amp_noise,37,32,29,0,False,0,0,3.90971532870793e-05
amp_noise,37,33,37,1,True,1,0,0.15382746124129912
amp_noise,37,34,37,1,True,1,0,0.16396627527143687
amp_noise,37,35,37,1,False,0,0,0.12401824222061952
amp_noise,37,36,29,0,False,0,0,5.2524093249531334e-05
amp_noise,37,37,37,1,True,1,0,0.1388546193408854
amp_noise,37,38,37,1,True,1,0,0.13814418087549785
amp_noise,37,39,37,1,True,1,0,0.17396596060434372
amp_noise,38,20,38,1,False,0,0,0.004265510819334795
amp_noise,38,21,38,1,True,1,0,0.14632687704343042
amp_noise,38,22,38,1,False,0,0,9.152847091367655e-06
amp_noise,38,23,38,1,False,0,0,6.781623154872296e-06
amp_noise,38,24,38,1,False,0,0,0.12563888457358385
amp_noise,38,25,38,1,True,1,0,0.1542110008531171
amp_noise,38,26,38,1,True,1,0,0.1481642679628432
amp_noise,38,27,38,1,True,1,0,0.16558931440547786
amp_noise,38,28,38,1,True,1,0,0.16911847598418522
amp_noise,38,29,38,1,True,1,0,0.1323754928907135
amp_noise,38,30,38,1,False,0,0,2.3186885445419803e-05
amp_noise,38,31,30,0,False,0,0,0.10314972060959196
amp_noise,38,32,38,1,True,1,0,0.1664643151975919
amp_noise,38,33,38,1,True,1,0,0.16383658157295033
amp_noise,38,34,38,1,True,1,0,0.1548712760878249
amp_noise,38,35,38,1,True,1,0,0.15748662149270848
amp_noise,38,36,38,1,False,0,0,0.12340387434338165
amp_noise,38,37,38,1,True,1,0,0.14881577329156204
amp_noise,38,38,38,1,True,1,0,0.14746644187455085
amp_noise,38,39,38,1,True,1,0,0.138675288452898
amp_noise,39,20,39,1,True,1,0,0.17463854652712185
amp_noise,39,21,39,1,True,1,0,0.1350660350403451
amp_noise,39,22,39,1,False,0,0,0.003999222523655671
amp_noise,39,23,39,1,True,1,0,0.15295935237486352
amp_noise,39,24,39,1,True,1,0,0.1419444091705312
amp_noise,39,25,39,1,True,1,0,0.1453677126347819
amp_noise,39,26,39,1,True,1,0,0.15199770118149578
amp_noise,39,27,39,1,True,1,0,0.17769849203647262
amp_noise,39,28,39,1,True,1,0,0.14152656823384147
amp_noise,39,29,39,1,False,0,0,0.11970658983388863
amp_noise,39,30,39,1,True,1,0,0.1703456499121446
amp_noise,39,31,39,1,True,1,0,0.1452079656924431
amp_noise,39,32,39,1,False,0,0,0.10609409168035466
amp_noise,39,33,39,1,True,1,0,0.17494057101929864
amp_noise,39,34,39,1,True,1,0,0.16021647492260666
amp_noise,39,35,39,1,False,0,0,0.12488882858940874
amp_noise,39,36,39,1,True,1,0,0.1459499289998047
amp_noise,39,37,39,1,False,0,0,0.125897658667452
amp_noise,39,38,39,1,True,1,0,0.14608575995298767
amp_noise,39,39,39,1,True,1,0,0.14721462685880465
amp_noise,40,20,40,1,False,0,0,1.884457345664725e-05
amp_noise,40,21,40,1,True,1,0,0.16489090294799053
amp_noise,40,22,40,1,True,1,0,0.17881945016990938
amp_noise,40,23,40,1,True,1,0,0.17146600105865759
amp_noise,40,24,40,1,False,0,0,8.407384023625952e-05
amp_noise,40,25,40,1,False,0,0,0.12564231539899529
amp_noise,40,26,40,1,True,1,0,0.17876660633173458
amp_noise,40,27,40,1,False,0,0,0.0033872703453840802
amp_noise,40,28,40,1,False,0,0,0.12439934798943555
amp_noise,40,29,40,1,True,1,0,0.1559246805888816
amp_noise,40,30,40,1,True,1,0,0.13207191376720945
amp_noise,40,31,40,1,True,1,0,0.14041876539493506
amp_noise,40,32,40,1,True,1,0,0.1396619617555561
amp_noise,40,33,40,1,True,1,0,0.1504667748219989
amp_noise,40,34,40,1,True,1,0,0.1601327215234478
amp_noise,40,35,40,1,True,1,0,0.15995693582004827
amp_noise,40,36,40,1,True,1,0,0.16927340069085606
amp_noise,40,37,40,1,True,1,0,0.14618638787158988
amp_noise,40,38,40,1,True,1,0,0.1670286987037366
amp_noise,40,39,40,1,False,0,0,0.13095633836401788
amp_noise,41,20,41,1,True,1,0,0.1490166465921292
amp_noise,41,21,41,1,False,0,0,0.12829233775928756
amp_noise,41,22,41,1,True,1,0,0.1442910855444682
amp_noise,41,23,41,1,False,0,0,0.123523992736853
amp_noise,41,24,41,1,True,1,0,0.15389562250446864
amp_noise,41,25,41,1,True,1,0,0.17457437675004336
amp_noise,41,26,41,1,True,1,0,0.17135560456379736
amp_noise,41,27,41,1,True,1,0,0.1406197260676223
amp_noise,41,28,41,1,True,1,0,0.15712755142675147
amp_noise,41,29,41,1,False,0,0,0.12129460943734754
amp_noise,41,30,41,1,True,1,0,0.13310472024878864
amp_noise,41,31,41,1,False,0,0,0.107265549747235
amp_noise,41,32,41,1,True,1,0,0.1628372903807718
amp_noise,41,33,41,1,True,1,0,0.17854657368856416
amp_noise,41,34,41,1,True,1,0,0.16506111974729207
amp_noise,41,35,41,1,True,1,0,0.13562357571227518
amp_noise,41,36,41,1,True,1,0,0.14474847408512354
amp_noise,41,37,41,1,True,1,0,0.1320865207126012
amp_noise,41,38,41,1,True,1,0,0.15625160434346796
amp_noise,41,39,41,1,False,0,0,0.1088530404856058
amp_noise,42,20,42,1,False,0,0,0.12845141964508272
amp_noise,42,21,42,1,False,0,0,0.13151211400653728
amp_noise,42,22,42,1,False,0,0,0.13136222971774533
amp_noise,42,23,42,1,True,1,0,0.174053461733348
amp_noise,42,24,42,1,True,1,0,0.13318496175900846
amp_noise,42,25,42,1,False,0,0,0.12361228356578793
amp_noise,42,26,42,1,True,1,0,0.14246848483786023
amp_noise,42,27,42,1,True,1,0,0.14342544280871336
amp_noise,42,28,42,1,True,1,0,0.1541297059259815
amp_noise,42,29,34,0,False,0,0,3.0596394757179124e-05
amp_noise,42,30,42,1,False,0,0,0.09807059954688377
amp_noise,42,31,42,1,False,0,0,0.12585304300670905
amp_noise,42,32,34,0,True,0,1,0.142356803088471
amp_noise,42,33,42,1,False,0,0,0.12761863290388942
amp_noise,42,34,42,1,True,1,0,0.16646708591043263
amp_noise,42,35,42,1,True,1,0,0.16633468900573198
amp_noise,42,36,42,1,True,1,0,0.15217413202925875
amp_noise,42,37,42,1,True,1,0,0.14229045346539457
amp_noise,42,38,34,0,False,0,0,2.091638077753033e-06
amp_noise,42,39,42,1,True,1,0,0.13269207614665546
amp_noise,43,20,43,1,True,1,0,0.14038142820530913
amp_noise,43,21,43,1,True,1,0,0.16560443963452615
amp_noise,43,22,43,1,True,1,0,0.16188233102301308
amp_noise,43,23,43,1,True,1,0,0.16664443100721993
amp_noise,43,24,43,1,True,1,0,0.16581785865426638
amp_noise,43,25,35,0,False,0,0,4.128715883801315e-05
amp_noise,43,26,43,1,True,1,0,0.17586783275046175
amp_noise,43,27,43,1,False,0,0,0.10928211930920458
amp_noise,43,28,43,1,False,0,0,0.11788305756712682
amp_noise,43,29,35,0,False,0,0,5.26873080998469e-05
amp_noise,43,30,43,1,False,0,0,0.12303559336965962
amp_noise,43,31,43,1,False,0,0,0.12777146941760384
amp_noise,43,32,43,1,False,0,0,0.12936662852928277
amp_noise,43,33,43,1,False,0,0,0.12879159552903363
amp_noise,43,34,43,1,True,1,0,0.16858256448659636
amp_noise,43,35,35,0,False,0,0,1.1652218156105176e-05
amp_noise,43,36,43,1,False,0,0,0.12314050046180726
amp_noise,43,37,43,1,True,1,0,0.1393488399969287
amp_noise,43,38,43,1,True,1,0,0.17620748375517456
amp_noise,43,39,43,1,True,1,0,0.13866316198532627
amp_noise,44,20,44,1,False,0,0,0.13092621938436422
amp_noise,44,21,44,1,False,0,0,0.12450686551148912
amp_noise,44,22,44,1,False,0,0,0.12399701470129372
amp_noise,44,23,44,1,True,1,0,0.15871826448319218
amp_noise,44,24,44,1,False,0,0,0.12674864091562676
amp_noise,44,25,44,1,False,0,0,0.11901972806589485
amp_noise,44,26,44,1,False,0,0,0.1305977201578551
amp_noise,44,27,44,1,True,1,0,0.1599583198411492
amp_noise,44,28,44,1,True,1,0,0.1805683510978143
amp_noise,44,29,44,1,True,1,0,0.17003679787977108
amp_noise,44,30,44,1,True,1,0,0.15409055089358525
amp_noise,44,31,44,1,True,1,0,0.17548665675674213
amp_noise,44,32,44,1,True,1,0,0.1648923779838379
amp_noise,44,33,44,1,True,1,0,0.1362787993847538
amp_noise,44,34,44,1,True,1,0,0.14338293302962174
amp_noise,44,35,44,1,True,1,0,0.1561400926542225
amp_noise,44,36,44,1,False,0,0,0.10550600083505075
amp_noise,44,37,44,1,False,0,0,0.12448863794487725
amp_noise,44,38,44,1,False,0,0,0.1297673750904132
amp_noise,44,39,44,1,True,1,0,0.13785501437094125
amp_noise,45,20,45,1,True,1,0,0.15016229689683339
amp_noise,45,21,45,1,True,1,0,0.1325907517518977
amp_noise,45,22,45,1,True,1,0,0.13659153267080626
amp_noise,45,23,45,1,False,0,0,0.12487410377052062
amp_noise,45,24,45,1,True,1,0,0.14695330056077208
amp_noise,45,25,45,1,True,1,0,0.15927373946523601
amp_noise,45,26,45,1,False,0,0,0.10247585626380828
amp_noise,45,27,45,1,True,1,0,0.14480672439612458
amp_noise,45,28,45,1,True,1,0,0.17866765608523189
amp_noise,45,29,45,1,True,1,0,0.1446115944000117
amp_noise,45,30,45,1,True,1,0,0.15514727082298754
amp_noise,45,31,37,0,False,0,0,1.1862288777503283e-05
amp_noise,45,32,37,0,False,0,0,0.025421395732143803
amp_noise,45,33,45,1,True,1,0,0.1436744854396546
amp_noise,45,34,45,1,False,0,0,0.121416693805739
amp_noise,45,35,45,1,False,0,0,0.12427233954410158
amp_noise,45,36,45,1,True,1,0,0.14943827611561852
amp_noise,45,37,45,1,False,0,0,0.10174657623933331
amp_noise,45,38,45,1,True,1,0,0.15486133439351651
amp_noise,45,39,45,1,False,0,0,4.6074236742646435e-05
amp_noise,46,20,46,1,False,0,0,0.12851898884730864
amp_noise,46,21,46,1,True,1,0,0.14359021968008798
amp_noise,46,22,46,1,True,1,0,0.15218441671824667
amp_noise,46,23,46,1,False,0,0,3.30698243663774e-05
amp_noise,46,24,46,1,False,0,0,0.11763640308485752
amp_noise,46,25,46,1,False,0,0,0.1315670900460026
amp_noise,46,26,46,1,False,0,0,0.12403127533848934
amp_noise,46,27,38,0,False,0,0,5.1505289227093964e-05
amp_noise,46,28,46,1,True,1,0,0.17123688041786655
amp_noise,46,29,46,1,True,1,0,0.15989484229551595
amp_noise,46,30,46,1,True,1,0,0.14139854200739738
amp_noise,46,31,46,1,True,1,0,0.17138715025959148
amp_noise,46,32,38,0,False,0,0,1.994554592732456e-05
amp_noise,46,33,46,1,True,1,0,0.16235839282467504
amp_noise,46,34,46,1,True,1,0,0.15275229702522836
amp_noise,46,35,46,1,True,1,0,0.15379391870753484
amp_noise,46,36,46,1,True,1,0,0.16139794354890324
amp_noise,46,37,46,1,True,1,0,0.17847084247257072
amp_noise,46,38,46,1,False,0,0,0.13113403383898856
amp_noise,46,39,46,1,True,1,0,0.1435989840517813
amp_noise,47,20,47,1,True,1,0,0.13276933264853277
amp_noise,47,21,47,1,True,1,0,0.14520659821815812
amp_noise,47,22,47,1,True,1,0,0.17037900406064405
amp_noise,47,23,47,1,False,0,0,0.11323728007516579
amp_noise,47,24,47,1,False,0,0,0.11998027867874156
amp_noise,47,25,47,1,True,1,0,0.16378098078485398
amp_noise,47,26,47,1,True,1,0,0.15279392198746433
amp_noise,47,27,47,1,False,0,0,0.11486836767086026
amp_noise,47,28,47,1,True,1,0,0.14158220360778884
amp_noise,47,29,47,1,True,1,0,0.14328654362849794
amp_noise,47,30,47,1,True,1,0,0.16526463595375868
amp_noise,47,31,47,1,True,1,0,0.1429534709995276
amp_noise,47,32,47,1,True,1,0,0.16302667147581143
amp_noise,47,33,47,1,True,1,0,0.13477136344160756
amp_noise,47,34,47,1,True,1,0,0.14582147364238127
amp_noise,47,35,47,1,True,1,0,0.17684698906339322
amp_noise,47,36,47,1,False,0,0,0.12491308738813972
amp_noise,47,37,47,1,True,1,0,0.17794066073845455
amp_noise,47,38,47,1,True,1,0,0.16748189979585745
amp_noise,47,39,47,1,True,1,0,0.16352585288108473
