group,corruption,target,seed,correct,margin
core_geometry,phase_wipe,0,0,1,0.38457659791498716
core_geometry,phase_wipe,0,1,1,0.38457659791498716
core_geometry,phase_wipe,0,2,1,0.38457659791498716
core_geometry,phase_wipe,0,3,1,0.38457659791498716
core_geometry,phase_wipe,0,4,1,0.38457659791498716
core_geometry,phase_wipe,0,5,1,0.38457659791498716
core_geometry,phase_wipe,0,6,1,0.38457659791498716
core_geometry,phase_wipe,0,7,1,0.38457659791498716
core_geometry,phase_wipe,0,8,1,0.38457659791498716
core_geometry,phase_wipe,0,9,1,0.38457659791498716
core_geometry,phase_wipe,0,10,1,0.38457659791498716
core_geometry,phase_wipe,0,11,1,0.38457659791498716
core_geometry,phase_wipe,1,0,1,0.3845765979149866
core_geometry,phase_wipe,1,1,1,0.3845765979149866
core_geometry,phase_wipe,1,2,1,0.3845765979149866
core_geometry,phase_wipe,1,3,1,0.3845765979149866
core_geometry,phase_wipe,1,4,1,0.3845765979149866
core_geometry,phase_wipe,1,5,1,0.3845765979149866
core_geometry,phase_wipe,1,6,1,0.3845765979149866
core_geometry,phase_wipe,1,7,1,0.3845765979149866
core_geometry,phase_wipe,1,8,1,0.3845765979149866
core_geometry,phase_wipe,1,9,1,0.3845765979149866
core_geometry,phase_wipe,1,10,1,0.3845765979149866
core_geometry,phase_wipe,1,11,1,0.3845765979149866
core_geometry,phase_wipe,2,0,1,0.38457659791498694
core_geometry,phase_wipe,2,1,1,0.38457659791498694
core_geometry,phase_wipe,2,2,1,0.38457659791498694
core_geometry,phase_wipe,2,3,1,0.38457659791498694
core_geometry,phase_wipe,2,4,1,0.38457659791498694
core_geometry,phase_wipe,2,5,1,0.38457659791498694
core_geometry,phase_wipe,2,6,1,0.38457659791498694
core_geometry,phase_wipe,2,7,1,0.38457659791498694
core_geometry,phase_wipe,2,8,1,0.38457659791498694
core_geometry,phase_wipe,2,9,1,0.38457659791498694
core_geometry,phase_wipe,2,10,1,0.38457659791498694
core_geometry,phase_wipe,2,11,1,0.38457659791498694
core_geometry,phase_wipe,3,0,1,0.38457659791498716
core_geometry,phase_wipe,3,1,1,0.38457659791498716
core_geometry,phase_wipe,3,2,1,0.38457659791498716
core_geometry,phase_wipe,3,3,1,0.38457659791498716
core_geometry,phase_wipe,3,4,1,0.38457659791498716
core_geometry,phase_wipe,3,5,1,0.38457659791498716
core_geometry,phase_wipe,3,6,1,0.38457659791498716
core_geometry,phase_wipe,3,7,1,0.38457659791498716
core_geometry,phase_wipe,3,8,1,0.38457659791498716
core_geometry,phase_wipe,3,9,1,0.38457659791498716
core_geometry,phase_wipe,3,10,1,0.38457659791498716
core_geometry,phase_wipe,3,11,1,0.38457659791498716
core_geometry,phase_wipe,4,0,1,0.3845765979149866
core_geometry,phase_wipe,4,1,1,0.3845765979149866
core_geometry,phase_wipe,4,2,1,0.3845765979149866
core_geometry,phase_wipe,4,3,1,0.3845765979149866
core_geometry,phase_wipe,4,4,1,0.3845765979149866
core_geometry,phase_wipe,4,5,1,0.3845765979149866
core_geometry,phase_wipe,4,6,1,0.3845765979149866
core_geometry,phase_wipe,4,7,1,0.3845765979149866
core_geometry,phase_wipe,4,8,1,0.3845765979149866
core_geometry,phase_wipe,4,9,1,0.3845765979149866
core_geometry,phase_wipe,4,10,1,0.3845765979149866
core_geometry,phase_wipe,4,11,1,0.3845765979149866
core_geometry,phase_wipe,5,0,1,0.3845765979149866
core_geometry,phase_wipe,5,1,1,0.3845765979149866
core_geometry,phase_wipe,5,2,1,0.3845765979149866
core_geometry,phase_wipe,5,3,1,0.3845765979149866
core_geometry,phase_wipe,5,4,1,0.3845765979149866
core_geometry,phase_wipe,5,5,1,0.3845765979149866
core_geometry,phase_wipe,5,6,1,0.3845765979149866
core_geometry,phase_wipe,5,7,1,0.3845765979149866
core_geometry,phase_wipe,5,8,1,0.3845765979149866
core_geometry,phase_wipe,5,9,1,0.3845765979149866
core_geometry,phase_wipe,5,10,1,0.3845765979149866
core_geometry,phase_wipe,5,11,1,0.3845765979149866
core_geometry,phase_wipe,6,0,1,0.38457659791498666
core_geometry,phase_wipe,6,1,1,0.38457659791498666
core_geometry,phase_wipe,6,2,1,0.38457659791498666
core_geometry,phase_wipe,6,3,1,0.38457659791498666
core_geometry,phase_wipe,6,4,1,0.38457659791498666
core_geometry,phase_wipe,6,5,1,0.38457659791498666
core_geometry,phase_wipe,6,6,1,0.38457659791498666
core_geometry,phase_wipe,6,7,1,0.38457659791498666
core_geometry,phase_wipe,6,8,1,0.38457659791498666
core_geometry,phase_wipe,6,9,1,0.38457659791498666
core_geometry,phase_wipe,6,10,1,0.38457659791498666
core_geometry,phase_wipe,6,11,1,0.38457659791498666
core_geometry,phase_wipe,7,0,1,0.3845765979149866
core_geometry,phase_wipe,7,1,1,0.3845765979149866
core_geometry,phase_wipe,7,2,1,0.3845765979149866
core_geometry,phase_wipe,7,3,1,0.3845765979149866
core_geometry,phase_wipe,7,4,1,0.3845765979149866
core_geometry,phase_wipe,7,5,1,0.3845765979149866
core_geometry,phase_wipe,7,6,1,0.3845765979149866
core_geometry,phase_wipe,7,7,1,0.3845765979149866
core_geometry,phase_wipe,7,8,1,0.3845765979149866
core_geometry,phase_wipe,7,9,1,0.3845765979149866
core_geometry,phase_wipe,7,10,1,0.3845765979149866
core_geometry,phase_wipe,7,11,1,0.3845765979149866
core_geometry,phase_wipe,8,0,1,0.38457659791498694
core_geometry,phase_wipe,8,1,1,0.38457659791498694
core_geometry,phase_wipe,8,2,1,0.38457659791498694
core_geometry,phase_wipe,8,3,1,0.38457659791498694
core_geometry,phase_wipe,8,4,1,0.38457659791498694
core_geometry,phase_wipe,8,5,1,0.38457659791498694
core_geometry,phase_wipe,8,6,1,0.38457659791498694
core_geometry,phase_wipe,8,7,1,0.38457659791498694
core_geometry,phase_wipe,8,8,1,0.38457659791498694
core_geometry,phase_wipe,8,9,1,0.38457659791498694
core_geometry,phase_wipe,8,10,1,0.38457659791498694
core_geometry,phase_wipe,8,11,1,0.38457659791498694
core_geometry,phase_wipe,9,0,1,0.38457659791498666
core_geometry,phase_wipe,9,1,1,0.38457659791498666
core_geometry,phase_wipe,9,2,1,0.38457659791498666
core_geometry,phase_wipe,9,3,1,0.38457659791498666
core_geometry,phase_wipe,9,4,1,0.38457659791498666
core_geometry,phase_wipe,9,5,1,0.38457659791498666
core_geometry,phase_wipe,9,6,1,0.38457659791498666
core_geometry,phase_wipe,9,7,1,0.38457659791498666
core_geometry,phase_wipe,9,8,1,0.38457659791498666
core_geometry,phase_wipe,9,9,1,0.38457659791498666
core_geometry,phase_wipe,9,10,1,0.38457659791498666
core_geometry,phase_wipe,9,11,1,0.38457659791498666
core_geometry,phase_wipe,10,0,1,0.3845765979149866
core_geometry,phase_wipe,10,1,1,0.3845765979149866
core_geometry,phase_wipe,10,2,1,0.3845765979149866
core_geometry,phase_wipe,10,3,1,0.3845765979149866
core_geometry,phase_wipe,10,4,1,0.3845765979149866
core_geometry,phase_wipe,10,5,1,0.3845765979149866
core_geometry,phase_wipe,10,6,1,0.3845765979149866
core_geometry,phase_wipe,10,7,1,0.3845765979149866
core_geometry,phase_wipe,10,8,1,0.3845765979149866
core_geometry,phase_wipe,10,9,1,0.3845765979149866
core_geometry,phase_wipe,10,10,1,0.3845765979149866
core_geometry,phase_wipe,10,11,1,0.3845765979149866
core_geometry,phase_wipe,11,0,1,0.3845765979149866
core_geometry,phase_wipe,11,1,1,0.3845765979149866
core_geometry,phase_wipe,11,2,1,0.3845765979149866
core_geometry,phase_wipe,11,3,1,0.3845765979149866
core_geometry,phase_wipe,11,4,1,0.3845765979149866
core_geometry,phase_wipe,11,5,1,0.3845765979149866
core_geometry,phase_wipe,11,6,1,0.3845765979149866
core_geometry,phase_wipe,11,7,1,0.3845765979149866
core_geometry,phase_wipe,11,8,1,0.3845765979149866
core_geometry,phase_wipe,11,9,1,0.3845765979149866
core_geometry,phase_wipe,11,10,1,0.3845765979149866
core_geometry,phase_wipe,11,11,1,0.3845765979149866
core_geometry,phase_wipe,12,0,1,0.38457659791498666
core_geometry,phase_wipe,12,1,1,0.38457659791498666
core_geometry,phase_wipe,12,2,1,0.38457659791498666
core_geometry,phase_wipe,12,3,1,0.38457659791498666
core_geometry,phase_wipe,12,4,1,0.38457659791498666
core_geometry,phase_wipe,12,5,1,0.38457659791498666
core_geometry,phase_wipe,12,6,1,0.38457659791498666
core_geometry,phase_wipe,12,7,1,0.38457659791498666
core_geometry,phase_wipe,12,8,1,0.38457659791498666
core_geometry,phase_wipe,12,9,1,0.38457659791498666
core_geometry,phase_wipe,12,10,1,0.38457659791498666
core_geometry,phase_wipe,12,11,1,0.38457659791498666
core_geometry,phase_wipe,13,0,1,0.38457659791498694
core_geometry,phase_wipe,13,1,1,0.38457659791498694
core_geometry,phase_wipe,13,2,1,0.38457659791498694
core_geometry,phase_wipe,13,3,1,0.38457659791498694
core_geometry,phase_wipe,13,4,1,0.38457659791498694
core_geometry,phase_wipe,13,5,1,0.38457659791498694
core_geometry,phase_wipe,13,6,1,0.38457659791498694
core_geometry,phase_wipe,13,7,1,0.38457659791498694
core_geometry,phase_wipe,13,8,1,0.38457659791498694
core_geometry,phase_wipe,13,9,1,0.38457659791498694
core_geometry,phase_wipe,13,10,1,0.38457659791498694
core_geometry,phase_wipe,13,11,1,0.38457659791498694
core_geometry,phase_wipe,14,0,1,0.38457659791498694
core_geometry,phase_wipe,14,1,1,0.38457659791498694
core_geometry,phase_wipe,14,2,1,0.38457659791498694
core_geometry,phase_wipe,14,3,1,0.38457659791498694
core_geometry,phase_wipe,14,4,1,0.38457659791498694
core_geometry,phase_wipe,14,5,1,0.38457659791498694
core_geometry,phase_wipe,14,6,1,0.38457659791498694
core_geometry,phase_wipe,14,7,1,0.38457659791498694
core_geometry,phase_wipe,14,8,1,0.38457659791498694
core_geometry,phase_wipe,14,9,1,0.38457659791498694
core_geometry,phase_wipe,14,10,1,0.38457659791498694
core_geometry,phase_wipe,14,11,1,0.38457659791498694
core_geometry,phase_wipe,15,0,1,0.38457659791498666
core_geometry,phase_wipe,15,1,1,0.38457659791498666
core_geometry,phase_wipe,15,2,1,0.38457659791498666
core_geometry,phase_wipe,15,3,1,0.38457659791498666
core_geometry,phase_wipe,15,4,1,0.38457659791498666
core_geometry,phase_wipe,15,5,1,0.38457659791498666
core_geometry,phase_wipe,15,6,1,0.38457659791498666
core_geometry,phase_wipe,15,7,1,0.38457659791498666
core_geometry,phase_wipe,15,8,1,0.38457659791498666
core_geometry,phase_wipe,15,9,1,0.38457659791498666
core_geometry,phase_wipe,15,10,1,0.38457659791498666
core_geometry,phase_wipe,15,11,1,0.38457659791498666
core_geometry,phase_wipe,16,0,1,0.38457659791498694
core_geometry,phase_wipe,16,1,1,0.38457659791498694
core_geometry,phase_wipe,16,2,1,0.38457659791498694
core_geometry,phase_wipe,16,3,1,0.38457659791498694
core_geometry,phase_wipe,16,4,1,0.38457659791498694
core_geometry,phase_wipe,16,5,1,0.38457659791498694
core_geometry,phase_wipe,16,6,1,0.38457659791498694
core_geometry,phase_wipe,16,7,1,0.38457659791498694
core_geometry,phase_wipe,16,8,1,0.38457659791498694
core_geometry,phase_wipe,16,9,1,0.38457659791498694
core_geometry,phase_wipe,16,10,1,0.38457659791498694
core_geometry,phase_wipe,16,11,1,0.38457659791498694
core_geometry,phase_wipe,17,0,1,0.38457659791498694
core_geometry,phase_wipe,17,1,1,0.38457659791498694
core_geometry,phase_wipe,17,2,1,0.38457659791498694
core_geometry,phase_wipe,17,3,1,0.38457659791498694
core_geometry,phase_wipe,17,4,1,0.38457659791498694
core_geometry,phase_wipe,17,5,1,0.38457659791498694
core_geometry,phase_wipe,17,6,1,0.38457659791498694
core_geometry,phase_wipe,17,7,1,0.38457659791498694
core_geometry,phase_wipe,17,8,1,0.38457659791498694
core_geometry,phase_wipe,17,9,1,0.38457659791498694
core_geometry,phase_wipe,17,10,1,0.38457659791498694
core_geometry,phase_wipe,17,11,1,0.38457659791498694
core_geometry,phase_wipe,18,0,1,0.3845765979149876
core_geometry,phase_wipe,18,1,1,0.3845765979149876
core_geometry,phase_wipe,18,2,1,0.3845765979149876
core_geometry,phase_wipe,18,3,1,0.3845765979149876
core_geometry,phase_wipe,18,4,1,0.3845765979149876
core_geometry,phase_wipe,18,5,1,0.3845765979149876
core_geometry,phase_wipe,18,6,1,0.3845765979149876
core_geometry,phase_wipe,18,7,1,0.3845765979149876
core_geometry,phase_wipe,18,8,1,0.3845765979149876
core_geometry,phase_wipe,18,9,1,0.3845765979149876
core_geometry,phase_wipe,18,10,1,0.3845765979149876
core_geometry,phase_wipe,18,11,1,0.3845765979149876
core_geometry,phase_wipe,19,0,1,0.38457659791498716
core_geometry,phase_wipe,19,1,1,0.38457659791498716
core_geometry,phase_wipe,19,2,1,0.38457659791498716
core_geometry,phase_wipe,19,3,1,0.38457659791498716
core_geometry,phase_wipe,19,4,1,0.38457659791498716
core_geometry,phase_wipe,19,5,1,0.38457659791498716
core_geometry,phase_wipe,19,6,1,0.38457659791498716
core_geometry,phase_wipe,19,7,1,0.38457659791498716
core_geometry,phase_wipe,19,8,1,0.38457659791498716
core_geometry,phase_wipe,19,9,1,0.38457659791498716
core_geometry,phase_wipe,19,10,1,0.38457659791498716
core_geometry,phase_wipe,19,11,1,0.38457659791498716
core_geometry,phase_wipe,20,0,1,0.38457659791498716
core_geometry,phase_wipe,20,1,1,0.38457659791498716
core_geometry,phase_wipe,20,2,1,0.38457659791498716
core_geometry,phase_wipe,20,3,1,0.38457659791498716
core_geometry,phase_wipe,20,4,1,0.38457659791498716
core_geometry,phase_wipe,20,5,1,0.38457659791498716
core_geometry,phase_wipe,20,6,1,0.38457659791498716
core_geometry,phase_wipe,20,7,1,0.38457659791498716
core_geometry,phase_wipe,20,8,1,0.38457659791498716
core_geometry,phase_wipe,20,9,1,0.38457659791498716
core_geometry,phase_wipe,20,10,1,0.38457659791498716
core_geometry,phase_wipe,20,11,1,0.38457659791498716
core_geometry,phase_wipe,21,0,1,0.3845765979149876
core_geometry,phase_wipe,21,1,1,0.3845765979149876
core_geometry,phase_wipe,21,2,1,0.3845765979149876
core_geometry,phase_wipe,21,3,1,0.3845765979149876
core_geometry,phase_wipe,21,4,1,0.3845765979149876
core_geometry,phase_wipe,21,5,1,0.3845765979149876
core_geometry,phase_wipe,21,6,1,0.3845765979149876
core_geometry,phase_wipe,21,7,1,0.3845765979149876
core_geometry,phase_wipe,21,8,1,0.3845765979149876
core_geometry,phase_wipe,21,9,1,0.3845765979149876
core_geometry,phase_wipe,21,10,1,0.3845765979149876
core_geometry,phase_wipe,21,11,1,0.3845765979149876
core_geometry,phase_wipe,22,0,1,0.38457659791498716
core_geometry,phase_wipe,22,1,1,0.38457659791498716
core_geometry,phase_wipe,22,2,1,0.38457659791498716
core_geometry,phase_wipe,22,3,1,0.38457659791498716
core_geometry,phase_wipe,22,4,1,0.38457659791498716
core_geometry,phase_wipe,22,5,1,0.38457659791498716
core_geometry,phase_wipe,22,6,1,0.38457659791498716
core_geometry,phase_wipe,22,7,1,0.38457659791498716
core_geometry,phase_wipe,22,8,1,0.38457659791498716
core_geometry,phase_wipe,22,9,1,0.38457659791498716
core_geometry,phase_wipe,22,10,1,0.38457659791498716
core_geometry,phase_wipe,22,11,1,0.38457659791498716
core_geometry,phase_wipe,23,0,1,0.38457659791498716
core_geometry,phase_wipe,23,1,1,0.38457659791498716
core_geometry,phase_wipe,23,2,1,0.38457659791498716
core_geometry,phase_wipe,23,3,1,0.38457659791498716
core_geometry,phase_wipe,23,4,1,0.38457659791498716
core_geometry,phase_wipe,23,5,1,0.38457659791498716
core_geometry,phase_wipe,23,6,1,0.38457659791498716
core_geometry,phase_wipe,23,7,1,0.38457659791498716
core_geometry,phase_wipe,23,8,1,0.38457659791498716
core_geometry,phase_wipe,23,9,1,0.38457659791498716
core_geometry,phase_wipe,23,10,1,0.38457659791498716
core_geometry,phase_wipe,23,11,1,0.38457659791498716
core_geometry,dropout_50,0,0,1,0.38457659791498716
core_geometry,dropout_50,0,1,1,0.38457659791498716
core_geometry,dropout_50,0,2,1,0.38457659791498716
core_geometry,dropout_50,0,3,1,0.38457659791498716
core_geometry,dropout_50,0,4,1,0.38457659791498716
core_geometry,dropout_50,0,5,1,0.38457659791498716
core_geometry,dropout_50,0,6,1,0.38457659791498716
core_geometry,dropout_50,0,7,1,0.38457659791498716
core_geometry,dropout_50,0,8,1,0.38457659791498716
core_geometry,dropout_50,0,9,1,0.38457659791498716
core_geometry,dropout_50,0,10,1,0.38457659791498716
core_geometry,dropout_50,0,11,1,0.38457659791498716
core_geometry,dropout_50,1,0,1,0.3845765979149866
core_geometry,dropout_50,1,1,1,0.3845765979149866
core_geometry,dropout_50,1,2,1,0.3845765979149866
core_geometry,dropout_50,1,3,1,0.3845765979149866
core_geometry,dropout_50,1,4,1,0.3845765979149866
core_geometry,dropout_50,1,5,1,0.3845765979149866
core_geometry,dropout_50,1,6,1,0.3845765979149866
core_geometry,dropout_50,1,7,1,0.3845765979149866
core_geometry,dropout_50,1,8,1,0.3845765979149866
core_geometry,dropout_50,1,9,1,0.3845765979149866
core_geometry,dropout_50,1,10,1,0.3845765979149866
core_geometry,dropout_50,1,11,1,0.3845765979149866
core_geometry,dropout_50,2,0,1,0.38457659791498694
core_geometry,dropout_50,2,1,1,0.38457659791498694
core_geometry,dropout_50,2,2,1,0.38457659791498694
core_geometry,dropout_50,2,3,1,0.38457659791498694
core_geometry,dropout_50,2,4,1,0.38457659791498694
core_geometry,dropout_50,2,5,1,0.38457659791498694
core_geometry,dropout_50,2,6,1,0.38457659791498694
core_geometry,dropout_50,2,7,1,0.38457659791498694
core_geometry,dropout_50,2,8,1,0.38457659791498694
core_geometry,dropout_50,2,9,1,0.38457659791498694
core_geometry,dropout_50,2,10,1,0.38457659791498694
core_geometry,dropout_50,2,11,1,0.38457659791498694
core_geometry,dropout_50,3,0,1,0.3032091604618662
core_geometry,dropout_50,3,1,1,0.38457659791498716
core_geometry,dropout_50,3,2,1,0.38457659791498716
core_geometry,dropout_50,3,3,1,0.38457659791498716
core_geometry,dropout_50,3,4,1,0.38457659791498716
core_geometry,dropout_50,3,5,1,0.38457659791498716
core_geometry,dropout_50,3,6,1,0.38457659791498716
core_geometry,dropout_50,3,7,1,0.38457659791498716
core_geometry,dropout_50,3,8,1,0.38457659791498716
core_geometry,dropout_50,3,9,1,0.38457659791498716
core_geometry,dropout_50,3,10,1,0.38457659791498716
core_geometry,dropout_50,3,11,1,0.3032091604618662
core_geometry,dropout_50,4,0,1,0.3845765979149866
core_geometry,dropout_50,4,1,1,0.3845765979149866
core_geometry,dropout_50,4,2,1,0.3845765979149866
core_geometry,dropout_50,4,3,1,0.3845765979149866
core_geometry,dropout_50,4,4,1,0.3845765979149866
core_geometry,dropout_50,4,5,1,0.3845765979149866
core_geometry,dropout_50,4,6,1,0.3845765979149866
core_geometry,dropout_50,4,7,1,0.3845765979149866
core_geometry,dropout_50,4,8,1,0.3845765979149866
core_geometry,dropout_50,4,9,1,0.3845765979149866
core_geometry,dropout_50,4,10,1,0.3845765979149866
core_geometry,dropout_50,4,11,1,0.3845765979149866
core_geometry,dropout_50,5,0,1,0.3845765979149866
core_geometry,dropout_50,5,1,1,0.3845765979149866
core_geometry,dropout_50,5,2,1,0.3845765979149866
core_geometry,dropout_50,5,3,1,0.3845765979149866
core_geometry,dropout_50,5,4,1,0.3845765979149866
core_geometry,dropout_50,5,5,1,0.3845765979149866
core_geometry,dropout_50,5,6,1,0.3845765979149866
core_geometry,dropout_50,5,7,1,0.3845765979149866
core_geometry,dropout_50,5,8,1,0.3845765979149866
core_geometry,dropout_50,5,9,1,0.3845765979149866
core_geometry,dropout_50,5,10,1,0.3845765979149866
core_geometry,dropout_50,5,11,1,0.3845765979149866
core_geometry,dropout_50,6,0,1,0.38457659791498666
core_geometry,dropout_50,6,1,1,0.38457659791498666
core_geometry,dropout_50,6,2,1,0.38457659791498666
core_geometry,dropout_50,6,3,1,0.38457659791498666
core_geometry,dropout_50,6,4,1,0.38457659791498666
core_geometry,dropout_50,6,5,1,0.38457659791498666
core_geometry,dropout_50,6,6,1,0.38457659791498666
core_geometry,dropout_50,6,7,1,0.38457659791498666
core_geometry,dropout_50,6,8,1,0.38457659791498666
core_geometry,dropout_50,6,9,1,0.38457659791498666
core_geometry,dropout_50,6,10,1,0.38457659791498666
core_geometry,dropout_50,6,11,1,0.38457659791498666
core_geometry,dropout_50,7,0,1,0.3845765979149866
core_geometry,dropout_50,7,1,1,0.3845765979149866
core_geometry,dropout_50,7,2,1,0.3845765979149866
core_geometry,dropout_50,7,3,1,0.3845765979149866
core_geometry,dropout_50,7,4,1,0.3845765979149866
core_geometry,dropout_50,7,5,1,0.3845765979149866
core_geometry,dropout_50,7,6,1,0.3845765979149866
core_geometry,dropout_50,7,7,1,0.3845765979149866
core_geometry,dropout_50,7,8,1,0.3845765979149866
core_geometry,dropout_50,7,9,1,0.3845765979149866
core_geometry,dropout_50,7,10,1,0.3845765979149866
core_geometry,dropout_50,7,11,1,0.3845765979149866
core_geometry,dropout_50,8,0,1,0.38457659791498694
core_geometry,dropout_50,8,1,1,0.38457659791498694
core_geometry,dropout_50,8,2,1,0.38457659791498694
core_geometry,dropout_50,8,3,1,0.38457659791498694
core_geometry,dropout_50,8,4,1,0.38457659791498694
core_geometry,dropout_50,8,5,1,0.38457659791498694
core_geometry,dropout_50,8,6,1,0.38457659791498694
core_geometry,dropout_50,8,7,1,0.38457659791498694
core_geometry,dropout_50,8,8,1,0.38457659791498694
core_geometry,dropout_50,8,9,1,0.38457659791498694
core_geometry,dropout_50,8,10,1,0.38457659791498694
core_geometry,dropout_50,8,11,1,0.38457659791498694
core_geometry,dropout_50,9,0,1,0.38457659791498666
core_geometry,dropout_50,9,1,1,0.38457659791498666
core_geometry,dropout_50,9,2,1,0.30479059305402534
core_geometry,dropout_50,9,3,1,0.38457659791498666
core_geometry,dropout_50,9,4,1,0.38457659791498666
core_geometry,dropout_50,9,5,1,0.38457659791498666
core_geometry,dropout_50,9,6,1,0.38457659791498666
core_geometry,dropout_50,9,7,1,0.38457659791498666
core_geometry,dropout_50,9,8,1,0.38457659791498666
core_geometry,dropout_50,9,9,1,0.38457659791498666
core_geometry,dropout_50,9,10,1,0.38457659791498666
core_geometry,dropout_50,9,11,1,0.38457659791498666
core_geometry,dropout_50,10,0,1,0.3845765979149866
core_geometry,dropout_50,10,1,1,0.3845765979149866
core_geometry,dropout_50,10,2,1,0.3845765979149866
core_geometry,dropout_50,10,3,1,0.3845765979149866
core_geometry,dropout_50,10,4,1,0.3845765979149866
core_geometry,dropout_50,10,5,1,0.3845765979149866
core_geometry,dropout_50,10,6,1,0.3845765979149866
core_geometry,dropout_50,10,7,1,0.3845765979149866
core_geometry,dropout_50,10,8,1,0.3845765979149866
core_geometry,dropout_50,10,9,1,0.3845765979149866
core_geometry,dropout_50,10,10,1,0.3845765979149866
core_geometry,dropout_50,10,11,1,0.3845765979149866
core_geometry,dropout_50,11,0,1,0.3845765979149866
core_geometry,dropout_50,11,1,1,0.3845765979149866
core_geometry,dropout_50,11,2,1,0.3845765979149866
core_geometry,dropout_50,11,3,1,0.3845765979149866
core_geometry,dropout_50,11,4,1,0.3845765979149866
core_geometry,dropout_50,11,5,1,0.3845765979149866
core_geometry,dropout_50,11,6,1,0.3845765979149866
core_geometry,dropout_50,11,7,1,0.3845765979149866
core_geometry,dropout_50,11,8,1,0.3845765979149866
core_geometry,dropout_50,11,9,1,0.3845765979149866
core_geometry,dropout_50,11,10,1,0.3845765979149866
core_geometry,dropout_50,11,11,1,0.3845765979149866
core_geometry,dropout_50,12,0,1,0.38457659791498666
core_geometry,dropout_50,12,1,1,0.38457659791498666
core_geometry,dropout_50,12,2,1,0.38457659791498666
core_geometry,dropout_50,12,3,1,0.38457659791498666
core_geometry,dropout_50,12,4,1,0.38457659791498666
core_geometry,dropout_50,12,5,1,0.38457659791498666
core_geometry,dropout_50,12,6,1,0.38457659791498666
core_geometry,dropout_50,12,7,1,0.38457659791498666
core_geometry,dropout_50,12,8,1,0.38457659791498666
core_geometry,dropout_50,12,9,1,0.38457659791498666
core_geometry,dropout_50,12,10,1,0.38457659791498666
core_geometry,dropout_50,12,11,1,0.38457659791498666
core_geometry,dropout_50,13,0,1,0.38457659791498694
core_geometry,dropout_50,13,1,1,0.38457659791498694
core_geometry,dropout_50,13,2,1,0.38457659791498694
core_geometry,dropout_50,13,3,1,0.38457659791498694
core_geometry,dropout_50,13,4,1,0.38457659791498694
core_geometry,dropout_50,13,5,1,0.38457659791498694
core_geometry,dropout_50,13,6,1,0.38457659791498694
core_geometry,dropout_50,13,7,1,0.38457659791498694
core_geometry,dropout_50,13,8,1,0.38457659791498694
core_geometry,dropout_50,13,9,1,0.38457659791498694
core_geometry,dropout_50,13,10,1,0.38457659791498694
core_geometry,dropout_50,13,11,1,0.38457659791498694
core_geometry,dropout_50,14,0,1,0.38457659791498694
core_geometry,dropout_50,14,1,1,0.38457659791498694
core_geometry,dropout_50,14,2,1,0.38457659791498694
core_geometry,dropout_50,14,3,1,0.38457659791498694
core_geometry,dropout_50,14,4,1,0.38457659791498694
core_geometry,dropout_50,14,5,1,0.38457659791498694
core_geometry,dropout_50,14,6,1,0.38457659791498694
core_geometry,dropout_50,14,7,1,0.38457659791498694
core_geometry,dropout_50,14,8,1,0.38457659791498694
core_geometry,dropout_50,14,9,1,0.38457659791498694
core_geometry,dropout_50,14,10,1,0.38457659791498694
core_geometry,dropout_50,14,11,1,0.38457659791498694
core_geometry,dropout_50,15,0,1,0.38457659791498666
core_geometry,dropout_50,15,1,1,0.38457659791498666
core_geometry,dropout_50,15,2,1,0.38457659791498666
core_geometry,dropout_50,15,3,1,0.38457659791498666
core_geometry,dropout_50,15,4,1,0.38457659791498666
core_geometry,dropout_50,15,5,1,0.38457659791498666
core_geometry,dropout_50,15,6,1,0.38457659791498666
core_geometry,dropout_50,15,7,1,0.38457659791498666
core_geometry,dropout_50,15,8,1,0.38457659791498666
core_geometry,dropout_50,15,9,1,0.38457659791498666
core_geometry,dropout_50,15,10,1,0.38457659791498666
core_geometry,dropout_50,15,11,1,0.38457659791498666
core_geometry,dropout_50,16,0,1,0.38457659791498694
core_geometry,dropout_50,16,1,1,0.38457659791498694
core_geometry,dropout_50,16,2,1,0.38457659791498694
core_geometry,dropout_50,16,3,1,0.38457659791498694
core_geometry,dropout_50,16,4,1,0.38457659791498694
core_geometry,dropout_50,16,5,1,0.38457659791498694
core_geometry,dropout_50,16,6,1,0.38457659791498694
core_geometry,dropout_50,16,7,1,0.38457659791498694
core_geometry,dropout_50,16,8,1,0.38457659791498694
core_geometry,dropout_50,16,9,1,0.38457659791498694
core_geometry,dropout_50,16,10,1,0.38457659791498694
core_geometry,dropout_50,16,11,1,0.38457659791498694
core_geometry,dropout_50,17,0,1,0.38457659791498694
core_geometry,dropout_50,17,1,1,0.38457659791498694
core_geometry,dropout_50,17,2,1,0.38457659791498694
core_geometry,dropout_50,17,3,1,0.38457659791498694
core_geometry,dropout_50,17,4,1,0.38457659791498694
core_geometry,dropout_50,17,5,1,0.38457659791498694
core_geometry,dropout_50,17,6,1,0.38457659791498694
core_geometry,dropout_50,17,7,1,0.38457659791498694
core_geometry,dropout_50,17,8,1,0.38457659791498694
core_geometry,dropout_50,17,9,1,0.38457659791498694
core_geometry,dropout_50,17,10,1,0.38457659791498694
core_geometry,dropout_50,17,11,1,0.38457659791498694
core_geometry,dropout_50,18,0,1,0.3845765979149876
core_geometry,dropout_50,18,1,1,0.3845765979149876
core_geometry,dropout_50,18,2,1,0.3845765979149876
core_geometry,dropout_50,18,3,1,0.3845765979149876
core_geometry,dropout_50,18,4,1,0.3845765979149876
core_geometry,dropout_50,18,5,1,0.3845765979149876
core_geometry,dropout_50,18,6,1,0.3845765979149876
core_geometry,dropout_50,18,7,1,0.3845765979149876
core_geometry,dropout_50,18,8,1,0.3845765979149876
core_geometry,dropout_50,18,9,1,0.3845765979149876
core_geometry,dropout_50,18,10,1,0.3845765979149876
core_geometry,dropout_50,18,11,1,0.3845765979149876
core_geometry,dropout_50,19,0,1,0.38457659791498716
core_geometry,dropout_50,19,1,1,0.38457659791498716
core_geometry,dropout_50,19,2,1,0.38457659791498716
core_geometry,dropout_50,19,3,1,0.38457659791498716
core_geometry,dropout_50,19,4,1,0.38457659791498716
core_geometry,dropout_50,19,5,1,0.38457659791498716
core_geometry,dropout_50,19,6,1,0.38457659791498716
core_geometry,dropout_50,19,7,1,0.38457659791498716
core_geometry,dropout_50,19,8,1,0.38457659791498716
core_geometry,dropout_50,19,9,1,0.38457659791498716
core_geometry,dropout_50,19,10,1,0.38457659791498716
core_geometry,dropout_50,19,11,1,0.38457659791498716
core_geometry,dropout_50,20,0,1,0.38457659791498716
core_geometry,dropout_50,20,1,1,0.38457659791498716
core_geometry,dropout_50,20,2,1,0.38457659791498716
core_geometry,dropout_50,20,3,1,0.38457659791498716
core_geometry,dropout_50,20,4,1,0.38457659791498716
core_geometry,dropout_50,20,5,1,0.38457659791498716
core_geometry,dropout_50,20,6,1,0.38457659791498716
core_geometry,dropout_50,20,7,1,0.38457659791498716
core_geometry,dropout_50,20,8,1,0.38457659791498716
core_geometry,dropout_50,20,9,1,0.38457659791498716
core_geometry,dropout_50,20,10,1,0.38457659791498716
core_geometry,dropout_50,20,11,1,0.38457659791498716
core_geometry,dropout_50,21,0,1,0.3845765979149876
core_geometry,dropout_50,21,1,1,0.3845765979149876
core_geometry,dropout_50,21,2,1,0.3845765979149876
core_geometry,dropout_50,21,3,1,0.3845765979149876
core_geometry,dropout_50,21,4,1,0.3845765979149876
core_geometry,dropout_50,21,5,1,0.3845765979149876
core_geometry,dropout_50,21,6,1,0.3845765979149876
core_geometry,dropout_50,21,7,1,0.3845765979149876
core_geometry,dropout_50,21,8,1,0.3845765979149876
core_geometry,dropout_50,21,9,1,0.3845765979149876
core_geometry,dropout_50,21,10,1,0.3845765979149876
core_geometry,dropout_50,21,11,1,0.3845765979149876
core_geometry,dropout_50,22,0,1,0.38457659791498716
core_geometry,dropout_50,22,1,1,0.38457659791498716
core_geometry,dropout_50,22,2,1,0.38457659791498716
core_geometry,dropout_50,22,3,1,0.38457659791498716
core_geometry,dropout_50,22,4,1,0.38457659791498716
core_geometry,dropout_50,22,5,1,0.38457659791498716
core_geometry,dropout_50,22,6,1,0.38457659791498716
core_geometry,dropout_50,22,7,1,0.38457659791498716
core_geometry,dropout_50,22,8,1,0.38457659791498716
core_geometry,dropout_50,22,9,1,0.38457659791498716
core_geometry,dropout_50,22,10,1,0.38457659791498716
core_geometry,dropout_50,22,11,1,0.38457659791498716
core_geometry,dropout_50,23,0,1,0.38457659791498716
core_geometry,dropout_50,23,1,1,0.38457659791498716
core_geometry,dropout_50,23,2,1,0.38457659791498716
core_geometry,dropout_50,23,3,1,0.38457659791498716
core_geometry,dropout_50,23,4,1,0.38457659791498716
core_geometry,dropout_50,23,5,1,0.38457659791498716
core_geometry,dropout_50,23,6,1,0.38457659791498716
core_geometry,dropout_50,23,7,1,0.38457659791498716
core_geometry,dropout_50,23,8,1,0.38457659791498716
core_geometry,dropout_50,23,9,1,0.38457659791498716
core_geometry,dropout_50,23,10,1,0.38457659791498716
core_geometry,dropout_50,23,11,1,0.38457659791498716
core_geometry,amp_noise,0,0,1,0.38457659791498716
core_geometry,amp_noise,0,1,1,0.3720312977585919
core_geometry,amp_noise,0,2,1,0.38457659791498716
core_geometry,amp_noise,0,3,1,0.38457659791498716
core_geometry,amp_noise,0,4,1,0.38457659791498716
core_geometry,amp_noise,0,5,1,0.3720312977585919
core_geometry,amp_noise,0,6,1,0.27124337746097793
core_geometry,amp_noise,0,7,1,0.30320916046186647
core_geometry,amp_noise,0,8,1,0.30320916046186647
core_geometry,amp_noise,0,9,1,0.38457659791498716
core_geometry,amp_noise,0,10,1,0.38457659791498716
core_geometry,amp_noise,0,11,1,0.1583538091643209
core_geometry,amp_noise,1,0,1,0.37203129775859134
core_geometry,amp_noise,1,1,1,0.30320916046186597
core_geometry,amp_noise,1,2,1,0.3845765979149866
core_geometry,amp_noise,1,3,1,0.3845765979149866
core_geometry,amp_noise,1,4,1,0.3845765979149866
core_geometry,amp_noise,1,5,1,0.3845765979149866
core_geometry,amp_noise,1,6,1,0.3845765979149866
core_geometry,amp_noise,1,7,1,0.3845765979149866
core_geometry,amp_noise,1,8,1,0.18200936198043285
core_geometry,amp_noise,1,9,1,0.3845765979149866
core_geometry,amp_noise,1,10,1,0.3486708263207948
core_geometry,amp_noise,1,11,1,0.30320916046186597
core_geometry,amp_noise,2,0,1,0.3720312977585916
core_geometry,amp_noise,2,1,1,0.30320916046186597
core_geometry,amp_noise,2,2,1,0.38457659791498694
core_geometry,amp_noise,2,3,1,0.38457659791498694
core_geometry,amp_noise,2,4,1,0.38457659791498694
core_geometry,amp_noise,2,5,1,0.38457659791498694
core_geometry,amp_noise,2,6,1,0.38457659791498694
core_geometry,amp_noise,2,7,1,0.34867082632079505
core_geometry,amp_noise,2,8,1,0.30320916046186597
core_geometry,amp_noise,2,9,1,0.38457659791498694
core_geometry,amp_noise,2,10,1,0.30320916046186625
core_geometry,amp_noise,2,11,1,0.18200936198043313
core_geometry,amp_noise,3,0,1,0.38457659791498716
core_geometry,amp_noise,3,1,1,0.3032091604618662
core_geometry,amp_noise,3,2,1,0.3720312977585919
core_geometry,amp_noise,3,3,1,0.38457659791498716
core_geometry,amp_noise,3,4,1,0.38457659791498716
core_geometry,amp_noise,3,5,1,0.38457659791498716
core_geometry,amp_noise,3,6,1,0.3032091604618662
core_geometry,amp_noise,3,7,1,0.3032091604618662
core_geometry,amp_noise,3,8,1,0.38457659791498716
core_geometry,amp_noise,3,9,1,0.38457659791498716
core_geometry,amp_noise,3,10,1,0.2712433774609777
core_geometry,amp_noise,3,11,1,0.38457659791498716
core_geometry,amp_noise,4,0,1,0.3845765979149866
core_geometry,amp_noise,4,1,1,0.3845765979149866
core_geometry,amp_noise,4,2,1,0.3845765979149866
core_geometry,amp_noise,4,3,1,0.3845765979149866
core_geometry,amp_noise,4,4,1,0.3845765979149866
core_geometry,amp_noise,4,5,1,0.3845765979149866
core_geometry,amp_noise,4,6,1,0.3845765979149866
core_geometry,amp_noise,4,7,1,0.30320916046186575
core_geometry,amp_noise,4,8,1,0.3845765979149866
core_geometry,amp_noise,4,9,1,0.18200936198043283
core_geometry,amp_noise,4,10,1,0.286079527008624
core_geometry,amp_noise,4,11,1,0.3845765979149866
core_geometry,amp_noise,5,0,1,0.3845765979149866
core_geometry,amp_noise,5,1,1,0.3845765979149866
core_geometry,amp_noise,5,2,1,0.37203129775859134
core_geometry,amp_noise,5,3,1,0.3845765979149866
core_geometry,amp_noise,5,4,1,0.3845765979149866
core_geometry,amp_noise,5,5,1,0.3845765979149866
core_geometry,amp_noise,5,6,1,0.3845765979149866
core_geometry,amp_noise,5,7,1,0.3845765979149866
core_geometry,amp_noise,5,8,1,0.30320916046186597
core_geometry,amp_noise,5,9,1,0.3845765979149866
core_geometry,amp_noise,5,10,1,0.3845765979149866
core_geometry,amp_noise,5,11,1,0.3845765979149866
core_geometry,amp_noise,6,0,1,0.18200936198043183
core_geometry,amp_noise,6,1,1,0.18200936198043183
core_geometry,amp_noise,6,2,1,0.38457659791498666
core_geometry,amp_noise,6,3,1,0.38457659791498666
core_geometry,amp_noise,6,4,1,0.38457659791498666
core_geometry,amp_noise,6,5,1,0.38457659791498666
core_geometry,amp_noise,6,6,1,0.38457659791498666
core_geometry,amp_noise,6,7,1,0.38457659791498666
core_geometry,amp_noise,6,8,1,0.38457659791498666
core_geometry,amp_noise,6,9,1,0.38457659791498666
core_geometry,amp_noise,6,10,1,0.16041735002345253
core_geometry,amp_noise,6,11,1,0.38457659791498666
core_geometry,amp_noise,7,0,1,0.3845765979149866
core_geometry,amp_noise,7,1,0,0.004835473966374404
core_geometry,amp_noise,7,2,1,0.3845765979149866
core_geometry,amp_noise,7,3,1,0.3845765979149866
core_geometry,amp_noise,7,4,1,0.3845765979149866
core_geometry,amp_noise,7,5,1,0.3845765979149866
core_geometry,amp_noise,7,6,1,0.3845765979149866
core_geometry,amp_noise,7,7,1,0.3845765979149866
core_geometry,amp_noise,7,8,1,0.3845765979149866
core_geometry,amp_noise,7,9,1,0.3845765979149866
core_geometry,amp_noise,7,10,1,0.3845765979149866
core_geometry,amp_noise,7,11,1,0.3047905930540259
core_geometry,amp_noise,8,0,1,0.38457659791498694
core_geometry,amp_noise,8,1,1,0.30479059305402567
core_geometry,amp_noise,8,2,1,0.38457659791498694
core_geometry,amp_noise,8,3,0,2.7755575615628914e-16
core_geometry,amp_noise,8,4,1,0.30479059305402567
core_geometry,amp_noise,8,5,1,0.38457659791498694
core_geometry,amp_noise,8,6,1,0.18200936198043205
core_geometry,amp_noise,8,7,1,0.30479059305402567
core_geometry,amp_noise,8,8,1,0.38457659791498694
core_geometry,amp_noise,8,9,1,0.38457659791498694
core_geometry,amp_noise,8,10,1,0.38457659791498694
core_geometry,amp_noise,8,11,1,0.18200936198043205
core_geometry,amp_noise,9,0,1,0.38457659791498666
core_geometry,amp_noise,9,1,1,0.38457659791498666
core_geometry,amp_noise,9,2,1,0.18200936198043288
core_geometry,amp_noise,9,3,1,0.38457659791498666
core_geometry,amp_noise,9,4,1,0.18200936198043183
core_geometry,amp_noise,9,5,1,0.38457659791498666
core_geometry,amp_noise,9,6,1,0.18200936198043288
core_geometry,amp_noise,9,7,0,0.042431397431692774
core_geometry,amp_noise,9,8,1,0.38457659791498666
core_geometry,amp_noise,9,9,1,0.38457659791498666
core_geometry,amp_noise,9,10,1,0.38457659791498666
core_geometry,amp_noise,9,11,1,0.18200936198043183
core_geometry,amp_noise,10,0,1,0.3845765979149866
core_geometry,amp_noise,10,1,1,0.3845765979149866
core_geometry,amp_noise,10,2,1,0.30479059305402567
core_geometry,amp_noise,10,3,1,0.3845765979149866
core_geometry,amp_noise,10,4,1,0.30479059305402567
core_geometry,amp_noise,10,5,1,0.3845765979149866
core_geometry,amp_noise,10,6,1,0.16041735002345262
core_geometry,amp_noise,10,7,1,0.3845765979149866
core_geometry,amp_noise,10,8,1,0.3845765979149866
core_geometry,amp_noise,10,9,1,0.3845765979149866
core_geometry,amp_noise,10,10,1,0.18200936198043177
core_geometry,amp_noise,10,11,1,0.3845765979149866
core_geometry,amp_noise,11,0,1,0.3845765979149866
core_geometry,amp_noise,11,1,1,0.3845765979149866
core_geometry,amp_noise,11,2,1,0.3845765979149866
core_geometry,amp_noise,11,3,1,0.1820093619804326
core_geometry,amp_noise,11,4,1,0.3845765979149866
core_geometry,amp_noise,11,5,1,0.3845765979149866
core_geometry,amp_noise,11,6,1,0.3845765979149866
core_geometry,amp_noise,11,7,1,0.3047905930540259
core_geometry,amp_noise,11,8,1,0.3845765979149866
core_geometry,amp_noise,11,9,1,0.3047905930540259
core_geometry,amp_noise,11,10,1,0.3845765979149866
core_geometry,amp_noise,11,11,1,0.3845765979149866
core_geometry,amp_noise,12,0,1,0.38457659791498666
core_geometry,amp_noise,12,1,1,0.38457659791498666
core_geometry,amp_noise,12,2,1,0.18200936198043285
core_geometry,amp_noise,12,3,1,0.38457659791498666
core_geometry,amp_noise,12,4,1,0.38457659791498666
core_geometry,amp_noise,12,5,1,0.38457659791498666
core_geometry,amp_noise,12,6,1,0.38457659791498666
core_geometry,amp_noise,12,7,1,0.004835473966374987
core_geometry,amp_noise,12,8,1,0.18200936198043285
core_geometry,amp_noise,12,9,1,0.38457659791498666
core_geometry,amp_noise,12,10,1,0.38457659791498666
core_geometry,amp_noise,12,11,1,0.28128049700780416
core_geometry,amp_noise,13,0,1,0.38457659791498694
core_geometry,amp_noise,13,1,1,0.38457659791498694
core_geometry,amp_noise,13,2,1,0.38457659791498694
core_geometry,amp_noise,13,3,1,0.38457659791498694
core_geometry,amp_noise,13,4,1,0.38457659791498694
core_geometry,amp_noise,13,5,1,0.18200936198043233
core_geometry,amp_noise,13,6,1,0.26438231679301893
core_geometry,amp_noise,13,7,1,0.16905355330491442
core_geometry,amp_noise,13,8,1,0.18200936198043233
core_geometry,amp_noise,13,9,1,0.38457659791498694
core_geometry,amp_noise,13,10,1,0.38457659791498694
core_geometry,amp_noise,13,11,1,0.38457659791498694
core_geometry,amp_noise,14,0,1,0.18200936198043313
core_geometry,amp_noise,14,1,1,0.38457659791498694
core_geometry,amp_noise,14,2,1,0.38457659791498694
core_geometry,amp_noise,14,3,1,0.38457659791498694
core_geometry,amp_noise,14,4,1,0.38457659791498694
core_geometry,amp_noise,14,5,1,0.38457659791498694
core_geometry,amp_noise,14,6,1,0.38457659791498694
core_geometry,amp_noise,14,7,1,0.3055721321693764
core_geometry,amp_noise,14,8,1,0.38457659791498694
core_geometry,amp_noise,14,9,1,0.38457659791498694
core_geometry,amp_noise,14,10,1,0.38457659791498694
core_geometry,amp_noise,14,11,1,0.3055721321693767
core_geometry,amp_noise,15,0,1,0.38457659791498666
core_geometry,amp_noise,15,1,1,0.38457659791498666
core_geometry,amp_noise,15,2,1,0.30557213216937684
core_geometry,amp_noise,15,3,1,0.38457659791498666
core_geometry,amp_noise,15,4,1,0.30557213216937684
core_geometry,amp_noise,15,5,1,0.38457659791498666
core_geometry,amp_noise,15,6,1,0.38457659791498666
core_geometry,amp_noise,15,7,1,0.38457659791498666
core_geometry,amp_noise,15,8,1,0.38457659791498666
core_geometry,amp_noise,15,9,1,0.30557213216937684
core_geometry,amp_noise,15,10,1,0.38457659791498666
core_geometry,amp_noise,15,11,1,0.38457659791498666
core_geometry,amp_noise,16,0,1,0.38457659791498694
core_geometry,amp_noise,16,1,1,0.38457659791498694
core_geometry,amp_noise,16,2,1,0.38457659791498694
core_geometry,amp_noise,16,3,1,0.38457659791498694
core_geometry,amp_noise,16,4,1,0.38457659791498694
core_geometry,amp_noise,16,5,1,0.3055721321693764
core_geometry,amp_noise,16,6,1,0.3055721321693764
core_geometry,amp_noise,16,7,1,0.38457659791498694
core_geometry,amp_noise,16,8,1,0.38457659791498694
core_geometry,amp_noise,16,9,1,0.38457659791498694
core_geometry,amp_noise,16,10,1,0.18200936198043233
core_geometry,amp_noise,16,11,1,0.38457659791498694
core_geometry,amp_noise,17,0,1,0.38457659791498694
core_geometry,amp_noise,17,1,1,0.38457659791498694
core_geometry,amp_noise,17,2,1,0.38457659791498694
core_geometry,amp_noise,17,3,1,0.18200936198043205
core_geometry,amp_noise,17,4,1,0.38457659791498694
core_geometry,amp_noise,17,5,1,0.38457659791498694
core_geometry,amp_noise,17,6,1,0.38457659791498694
core_geometry,amp_noise,17,7,1,0.38457659791498694
core_geometry,amp_noise,17,8,1,0.3055721321693767
core_geometry,amp_noise,17,9,1,0.38457659791498694
core_geometry,amp_noise,17,10,1,0.16151056533427732
core_geometry,amp_noise,17,11,1,0.38457659791498694
core_geometry,amp_noise,18,0,1,0.3845765979149876
core_geometry,amp_noise,18,1,1,0.3845765979149876
core_geometry,amp_noise,18,2,1,0.3845765979149876
core_geometry,amp_noise,18,3,1,0.3845765979149876
core_geometry,amp_noise,18,4,1,0.30966011926505743
core_geometry,amp_noise,18,5,1,0.37203129775859234
core_geometry,amp_noise,18,6,1,0.30966011926505743
core_geometry,amp_noise,18,7,1,0.30966011926505743
core_geometry,amp_noise,18,8,1,0.3845765979149876
core_geometry,amp_noise,18,9,1,0.3845765979149876
core_geometry,amp_noise,18,10,1,0.37203129775859234
core_geometry,amp_noise,18,11,1,0.3845765979149876
core_geometry,amp_noise,19,0,1,0.309660119265057
core_geometry,amp_noise,19,1,1,0.38457659791498716
core_geometry,amp_noise,19,2,1,0.3508368184022005
core_geometry,amp_noise,19,3,1,0.38457659791498716
core_geometry,amp_noise,19,4,1,0.38457659791498716
core_geometry,amp_noise,19,5,1,0.38457659791498716
core_geometry,amp_noise,19,6,1,0.309660119265057
core_geometry,amp_noise,19,7,1,0.309660119265057
core_geometry,amp_noise,19,8,1,0.18200936198043233
core_geometry,amp_noise,19,9,1,0.18200936198043233
core_geometry,amp_noise,19,10,1,0.38457659791498716
core_geometry,amp_noise,19,11,1,0.38457659791498716
core_geometry,amp_noise,20,0,1,0.38457659791498716
core_geometry,amp_noise,20,1,1,0.38457659791498716
core_geometry,amp_noise,20,2,1,0.309660119265057
core_geometry,amp_noise,20,3,1,0.38457659791498716
core_geometry,amp_noise,20,4,1,0.38457659791498716
core_geometry,amp_noise,20,5,1,0.309660119265057
core_geometry,amp_noise,20,6,1,0.38457659791498716
core_geometry,amp_noise,20,7,1,0.309660119265057
core_geometry,amp_noise,20,8,1,0.3096601192650567
core_geometry,amp_noise,20,9,1,0.309660119265057
core_geometry,amp_noise,20,10,1,0.38457659791498716
core_geometry,amp_noise,20,11,1,0.38457659791498716
core_geometry,amp_noise,21,0,1,0.3845765979149876
core_geometry,amp_noise,21,1,1,0.30966011926505715
core_geometry,amp_noise,21,2,1,0.30966011926505715
core_geometry,amp_noise,21,3,1,0.3845765979149876
core_geometry,amp_noise,21,4,1,0.37203129775859234
core_geometry,amp_noise,21,5,1,0.3845765979149876
core_geometry,amp_noise,21,6,1,0.3845765979149876
core_geometry,amp_noise,21,7,1,0.3845765979149876
core_geometry,amp_noise,21,8,1,0.18200936198043272
core_geometry,amp_noise,21,9,1,0.30966011926505715
core_geometry,amp_noise,21,10,1,0.3845765979149876
core_geometry,amp_noise,21,11,1,0.18200936198043283
core_geometry,amp_noise,22,0,1,0.38457659791498716
core_geometry,amp_noise,22,1,1,0.38457659791498716
core_geometry,amp_noise,22,2,1,0.3096601192650567
core_geometry,amp_noise,22,3,1,0.38457659791498716
core_geometry,amp_noise,22,4,1,0.38457659791498716
core_geometry,amp_noise,22,5,1,0.38457659791498716
core_geometry,amp_noise,22,6,1,0.38457659791498716
core_geometry,amp_noise,22,7,1,0.38457659791498716
core_geometry,amp_noise,22,8,1,0.38457659791498716
core_geometry,amp_noise,22,9,1,0.3096601192650567
core_geometry,amp_noise,22,10,1,0.38457659791498716
core_geometry,amp_noise,22,11,1,0.38457659791498716
core_geometry,amp_noise,23,0,1,0.38457659791498716
core_geometry,amp_noise,23,1,1,0.38457659791498716
core_geometry,amp_noise,23,2,1,0.38457659791498716
core_geometry,amp_noise,23,3,1,0.3720312977585919
core_geometry,amp_noise,23,4,1,0.38457659791498716
core_geometry,amp_noise,23,5,1,0.18200936198043233
core_geometry,amp_noise,23,6,1,0.38457659791498716
core_geometry,amp_noise,23,7,1,0.38457659791498716
core_geometry,amp_noise,23,8,1,0.38457659791498716
core_geometry,amp_noise,23,9,1,0.38457659791498716
core_geometry,amp_noise,23,10,1,0.38457659791498716
core_geometry,amp_noise,23,11,1,0.1682163192642029
core_geometry,mixed,0,0,1,0.38457659791498716
core_geometry,mixed,0,1,1,0.38457659791498716
core_geometry,mixed,0,2,1,0.38457659791498716
core_geometry,mixed,0,3,1,0.38457659791498716
core_geometry,mixed,0,4,1,0.38457659791498716
core_geometry,mixed,0,5,1,0.38457659791498716
core_geometry,mixed,0,6,1,0.30320916046186647
core_geometry,mixed,0,7,1,0.38457659791498716
core_geometry,mixed,0,8,1,0.38457659791498716
core_geometry,mixed,0,9,1,0.38457659791498716
core_geometry,mixed,0,10,1,0.38457659791498716
core_geometry,mixed,0,11,1,0.38457659791498716
core_geometry,mixed,1,0,1,0.3845765979149866
core_geometry,mixed,1,1,1,0.3845765979149866
core_geometry,mixed,1,2,1,0.3845765979149866
core_geometry,mixed,1,3,1,0.3845765979149866
core_geometry,mixed,1,4,1,0.3845765979149866
core_geometry,mixed,1,5,1,0.3845765979149866
core_geometry,mixed,1,6,1,0.3845765979149866
core_geometry,mixed,1,7,1,0.3845765979149866
core_geometry,mixed,1,8,1,0.3845765979149866
core_geometry,mixed,1,9,1,0.3845765979149866
core_geometry,mixed,1,10,1,0.3845765979149866
core_geometry,mixed,1,11,1,0.3845765979149866
core_geometry,mixed,2,0,1,0.38457659791498694
core_geometry,mixed,2,1,1,0.38457659791498694
core_geometry,mixed,2,2,1,0.38457659791498694
core_geometry,mixed,2,3,1,0.38457659791498694
core_geometry,mixed,2,4,1,0.38457659791498694
core_geometry,mixed,2,5,1,0.38457659791498694
core_geometry,mixed,2,6,1,0.38457659791498694
core_geometry,mixed,2,7,1,0.38457659791498694
core_geometry,mixed,2,8,1,0.30320916046186597
core_geometry,mixed,2,9,1,0.38457659791498694
core_geometry,mixed,2,10,1,0.30320916046186625
core_geometry,mixed,2,11,1,0.38457659791498694
core_geometry,mixed,3,0,1,0.38457659791498716
core_geometry,mixed,3,1,1,0.38457659791498716
core_geometry,mixed,3,2,1,0.38457659791498716
core_geometry,mixed,3,3,1,0.38457659791498716
core_geometry,mixed,3,4,1,0.38457659791498716
core_geometry,mixed,3,5,1,0.38457659791498716
core_geometry,mixed,3,6,1,0.38457659791498716
core_geometry,mixed,3,7,1,0.38457659791498716
core_geometry,mixed,3,8,1,0.38457659791498716
core_geometry,mixed,3,9,1,0.38457659791498716
core_geometry,mixed,3,10,1,0.2712433774609777
core_geometry,mixed,3,11,1,0.38457659791498716
core_geometry,mixed,4,0,1,0.3845765979149866
core_geometry,mixed,4,1,1,0.3845765979149866
core_geometry,mixed,4,2,1,0.3845765979149866
core_geometry,mixed,4,3,1,0.3845765979149866
core_geometry,mixed,4,4,1,0.3845765979149866
core_geometry,mixed,4,5,1,0.3845765979149866
core_geometry,mixed,4,6,1,0.3845765979149866
core_geometry,mixed,4,7,1,0.3845765979149866
core_geometry,mixed,4,8,1,0.3845765979149866
core_geometry,mixed,4,9,1,0.18200936198043283
core_geometry,mixed,4,10,1,0.3845765979149866
core_geometry,mixed,4,11,1,0.3845765979149866
core_geometry,mixed,5,0,1,0.3845765979149866
core_geometry,mixed,5,1,1,0.3845765979149866
core_geometry,mixed,5,2,1,0.3845765979149866
core_geometry,mixed,5,3,1,0.3845765979149866
core_geometry,mixed,5,4,1,0.3845765979149866
core_geometry,mixed,5,5,1,0.3845765979149866
core_geometry,mixed,5,6,1,0.3845765979149866
core_geometry,mixed,5,7,1,0.3845765979149866
core_geometry,mixed,5,8,1,0.3845765979149866
core_geometry,mixed,5,9,1,0.3845765979149866
core_geometry,mixed,5,10,1,0.3845765979149866
core_geometry,mixed,5,11,1,0.3845765979149866
core_geometry,mixed,6,0,1,0.38457659791498666
core_geometry,mixed,6,1,1,0.38457659791498666
core_geometry,mixed,6,2,1,0.38457659791498666
core_geometry,mixed,6,3,1,0.38457659791498666
core_geometry,mixed,6,4,1,0.38457659791498666
core_geometry,mixed,6,5,1,0.38457659791498666
core_geometry,mixed,6,6,1,0.38457659791498666
core_geometry,mixed,6,7,1,0.38457659791498666
core_geometry,mixed,6,8,1,0.38457659791498666
core_geometry,mixed,6,9,1,0.38457659791498666
core_geometry,mixed,6,10,1,0.18200936198043183
core_geometry,mixed,6,11,1,0.38457659791498666
core_geometry,mixed,7,0,1,0.3845765979149866
core_geometry,mixed,7,1,1,0.3845765979149866
core_geometry,mixed,7,2,1,0.3845765979149866
core_geometry,mixed,7,3,1,0.3845765979149866
core_geometry,mixed,7,4,1,0.3845765979149866
core_geometry,mixed,7,5,1,0.3845765979149866
core_geometry,mixed,7,6,1,0.3845765979149866
core_geometry,mixed,7,7,1,0.3845765979149866
core_geometry,mixed,7,8,1,0.3845765979149866
core_geometry,mixed,7,9,1,0.3845765979149866
core_geometry,mixed,7,10,1,0.3845765979149866
core_geometry,mixed,7,11,1,0.3845765979149866
core_geometry,mixed,8,0,1,0.38457659791498694
core_geometry,mixed,8,1,1,0.38457659791498694
core_geometry,mixed,8,2,1,0.38457659791498694
core_geometry,mixed,8,3,1,0.18200936198043205
core_geometry,mixed,8,4,1,0.38457659791498694
core_geometry,mixed,8,5,1,0.38457659791498694
core_geometry,mixed,8,6,1,0.18200936198043205
core_geometry,mixed,8,7,1,0.38457659791498694
core_geometry,mixed,8,8,1,0.38457659791498694
core_geometry,mixed,8,9,1,0.38457659791498694
core_geometry,mixed,8,10,1,0.38457659791498694
core_geometry,mixed,8,11,1,0.18200936198043205
core_geometry,mixed,9,0,1,0.38457659791498666
core_geometry,mixed,9,1,1,0.38457659791498666
core_geometry,mixed,9,2,1,0.38457659791498666
core_geometry,mixed,9,3,1,0.38457659791498666
core_geometry,mixed,9,4,1,0.18200936198043183
core_geometry,mixed,9,5,1,0.38457659791498666
core_geometry,mixed,9,6,1,0.18200936198043288
core_geometry,mixed,9,7,1,0.38457659791498666
core_geometry,mixed,9,8,1,0.38457659791498666
core_geometry,mixed,9,9,1,0.38457659791498666
core_geometry,mixed,9,10,1,0.38457659791498666
core_geometry,mixed,9,11,1,0.38457659791498666
core_geometry,mixed,10,0,1,0.3845765979149866
core_geometry,mixed,10,1,1,0.3845765979149866
core_geometry,mixed,10,2,1,0.3845765979149866
core_geometry,mixed,10,3,1,0.3845765979149866
core_geometry,mixed,10,4,1,0.30479059305402567
core_geometry,mixed,10,5,1,0.3845765979149866
core_geometry,mixed,10,6,1,0.16041735002345262
core_geometry,mixed,10,7,1,0.3845765979149866
core_geometry,mixed,10,8,1,0.3845765979149866
core_geometry,mixed,10,9,1,0.3845765979149866
core_geometry,mixed,10,10,1,0.3845765979149866
core_geometry,mixed,10,11,1,0.3845765979149866
core_geometry,mixed,11,0,1,0.3845765979149866
core_geometry,mixed,11,1,1,0.3845765979149866
core_geometry,mixed,11,2,1,0.3845765979149866
core_geometry,mixed,11,3,1,0.1820093619804326
core_geometry,mixed,11,4,1,0.3845765979149866
core_geometry,mixed,11,5,1,0.3845765979149866
core_geometry,mixed,11,6,1,0.3845765979149866
core_geometry,mixed,11,7,1,0.3845765979149866
core_geometry,mixed,11,8,1,0.3845765979149866
core_geometry,mixed,11,9,1,0.3047905930540259
core_geometry,mixed,11,10,1,0.3845765979149866
core_geometry,mixed,11,11,1,0.3845765979149866
core_geometry,mixed,12,0,1,0.38457659791498666
core_geometry,mixed,12,1,1,0.38457659791498666
core_geometry,mixed,12,2,1,0.38457659791498666
core_geometry,mixed,12,3,1,0.38457659791498666
core_geometry,mixed,12,4,1,0.38457659791498666
core_geometry,mixed,12,5,1,0.38457659791498666
core_geometry,mixed,12,6,1,0.38457659791498666
core_geometry,mixed,12,7,1,0.18200936198043272
core_geometry,mixed,12,8,1,0.38457659791498666
core_geometry,mixed,12,9,1,0.38457659791498666
core_geometry,mixed,12,10,1,0.38457659791498666
core_geometry,mixed,12,11,1,0.3055721321693772
core_geometry,mixed,13,0,1,0.38457659791498694
core_geometry,mixed,13,1,1,0.38457659791498694
core_geometry,mixed,13,2,1,0.38457659791498694
core_geometry,mixed,13,3,1,0.38457659791498694
core_geometry,mixed,13,4,1,0.38457659791498694
core_geometry,mixed,13,5,1,0.38457659791498694
core_geometry,mixed,13,6,1,0.3055721321693767
core_geometry,mixed,13,7,1,0.16905355330491442
core_geometry,mixed,13,8,1,0.38457659791498694
core_geometry,mixed,13,9,1,0.38457659791498694
core_geometry,mixed,13,10,1,0.38457659791498694
core_geometry,mixed,13,11,1,0.38457659791498694
core_geometry,mixed,14,0,1,0.38457659791498694
core_geometry,mixed,14,1,1,0.38457659791498694
core_geometry,mixed,14,2,1,0.38457659791498694
core_geometry,mixed,14,3,1,0.38457659791498694
core_geometry,mixed,14,4,1,0.38457659791498694
core_geometry,mixed,14,5,1,0.38457659791498694
core_geometry,mixed,14,6,1,0.38457659791498694
core_geometry,mixed,14,7,1,0.38457659791498694
core_geometry,mixed,14,8,1,0.38457659791498694
core_geometry,mixed,14,9,1,0.38457659791498694
core_geometry,mixed,14,10,1,0.38457659791498694
core_geometry,mixed,14,11,1,0.38457659791498694
core_geometry,mixed,15,0,1,0.38457659791498666
core_geometry,mixed,15,1,1,0.38457659791498666
core_geometry,mixed,15,2,1,0.38457659791498666
core_geometry,mixed,15,3,1,0.38457659791498666
core_geometry,mixed,15,4,1,0.38457659791498666
core_geometry,mixed,15,5,1,0.38457659791498666
core_geometry,mixed,15,6,1,0.38457659791498666
core_geometry,mixed,15,7,1,0.38457659791498666
core_geometry,mixed,15,8,1,0.38457659791498666
core_geometry,mixed,15,9,1,0.38457659791498666
core_geometry,mixed,15,10,1,0.38457659791498666
core_geometry,mixed,15,11,1,0.38457659791498666
core_geometry,mixed,16,0,1,0.38457659791498694
core_geometry,mixed,16,1,1,0.38457659791498694
core_geometry,mixed,16,2,1,0.38457659791498694
core_geometry,mixed,16,3,1,0.38457659791498694
core_geometry,mixed,16,4,1,0.38457659791498694
core_geometry,mixed,16,5,1,0.3055721321693764
core_geometry,mixed,16,6,1,0.38457659791498694
core_geometry,mixed,16,7,1,0.38457659791498694
core_geometry,mixed,16,8,1,0.38457659791498694
core_geometry,mixed,16,9,1,0.38457659791498694
core_geometry,mixed,16,10,1,0.18200936198043233
core_geometry,mixed,16,11,1,0.38457659791498694
core_geometry,mixed,17,0,1,0.38457659791498694
core_geometry,mixed,17,1,1,0.38457659791498694
core_geometry,mixed,17,2,1,0.38457659791498694
core_geometry,mixed,17,3,1,0.38457659791498694
core_geometry,mixed,17,4,1,0.38457659791498694
core_geometry,mixed,17,5,1,0.38457659791498694
core_geometry,mixed,17,6,1,0.38457659791498694
core_geometry,mixed,17,7,1,0.38457659791498694
core_geometry,mixed,17,8,1,0.38457659791498694
core_geometry,mixed,17,9,1,0.38457659791498694
core_geometry,mixed,17,10,1,0.3055721321693767
core_geometry,mixed,17,11,1,0.38457659791498694
core_geometry,mixed,18,0,1,0.3845765979149876
core_geometry,mixed,18,1,1,0.3845765979149876
core_geometry,mixed,18,2,1,0.3845765979149876
core_geometry,mixed,18,3,1,0.3845765979149876
core_geometry,mixed,18,4,1,0.30966011926505743
core_geometry,mixed,18,5,1,0.3845765979149876
core_geometry,mixed,18,6,1,0.3845765979149876
core_geometry,mixed,18,7,1,0.3845765979149876
core_geometry,mixed,18,8,1,0.3845765979149876
core_geometry,mixed,18,9,1,0.3845765979149876
core_geometry,mixed,18,10,1,0.3845765979149876
core_geometry,mixed,18,11,1,0.3845765979149876
core_geometry,mixed,19,0,1,0.38457659791498716
core_geometry,mixed,19,1,1,0.38457659791498716
core_geometry,mixed,19,2,1,0.38457659791498716
core_geometry,mixed,19,3,1,0.38457659791498716
core_geometry,mixed,19,4,1,0.38457659791498716
core_geometry,mixed,19,5,1,0.38457659791498716
core_geometry,mixed,19,6,1,0.38457659791498716
core_geometry,mixed,19,7,1,0.309660119265057
core_geometry,mixed,19,8,1,0.18200936198043233
core_geometry,mixed,19,9,1,0.38457659791498716
core_geometry,mixed,19,10,1,0.38457659791498716
core_geometry,mixed,19,11,1,0.38457659791498716
core_geometry,mixed,20,0,1,0.38457659791498716
core_geometry,mixed,20,1,1,0.38457659791498716
core_geometry,mixed,20,2,1,0.38457659791498716
core_geometry,mixed,20,3,1,0.38457659791498716
core_geometry,mixed,20,4,1,0.38457659791498716
core_geometry,mixed,20,5,1,0.309660119265057
core_geometry,mixed,20,6,1,0.38457659791498716
core_geometry,mixed,20,7,1,0.38457659791498716
core_geometry,mixed,20,8,1,0.38457659791498716
core_geometry,mixed,20,9,1,0.38457659791498716
core_geometry,mixed,20,10,1,0.38457659791498716
core_geometry,mixed,20,11,1,0.38457659791498716
core_geometry,mixed,21,0,1,0.3845765979149876
core_geometry,mixed,21,1,1,0.3845765979149876
core_geometry,mixed,21,2,1,0.30966011926505715
core_geometry,mixed,21,3,1,0.3845765979149876
core_geometry,mixed,21,4,1,0.3845765979149876
core_geometry,mixed,21,5,1,0.3845765979149876
core_geometry,mixed,21,6,1,0.3845765979149876
core_geometry,mixed,21,7,1,0.3845765979149876
core_geometry,mixed,21,8,1,0.3845765979149876
core_geometry,mixed,21,9,1,0.3845765979149876
core_geometry,mixed,21,10,1,0.3845765979149876
core_geometry,mixed,21,11,1,0.3845765979149876
core_geometry,mixed,22,0,1,0.38457659791498716
core_geometry,mixed,22,1,1,0.38457659791498716
core_geometry,mixed,22,2,1,0.38457659791498716
core_geometry,mixed,22,3,1,0.38457659791498716
core_geometry,mixed,22,4,1,0.38457659791498716
core_geometry,mixed,22,5,1,0.38457659791498716
core_geometry,mixed,22,6,1,0.38457659791498716
core_geometry,mixed,22,7,1,0.38457659791498716
core_geometry,mixed,22,8,1,0.38457659791498716
core_geometry,mixed,22,9,1,0.38457659791498716
core_geometry,mixed,22,10,1,0.38457659791498716
core_geometry,mixed,22,11,1,0.38457659791498716
core_geometry,mixed,23,0,1,0.38457659791498716
core_geometry,mixed,23,1,1,0.38457659791498716
core_geometry,mixed,23,2,1,0.38457659791498716
core_geometry,mixed,23,3,1,0.38457659791498716
core_geometry,mixed,23,4,1,0.38457659791498716
core_geometry,mixed,23,5,1,0.38457659791498716
core_geometry,mixed,23,6,1,0.38457659791498716
core_geometry,mixed,23,7,1,0.38457659791498716
core_geometry,mixed,23,8,1,0.38457659791498716
core_geometry,mixed,23,9,1,0.38457659791498716
core_geometry,mixed,23,10,1,0.38457659791498716
core_geometry,mixed,23,11,1,0.38457659791498716
global_moments,phase_wipe,0,0,1,0.001405292576123587
global_moments,phase_wipe,0,1,1,0.001405292576123587
global_moments,phase_wipe,0,2,1,0.001405292576123587
global_moments,phase_wipe,0,3,1,0.001405292576123587
global_moments,phase_wipe,0,4,1,0.001405292576123587
global_moments,phase_wipe,0,5,1,0.001405292576123587
global_moments,phase_wipe,0,6,1,0.001405292576123587
global_moments,phase_wipe,0,7,1,0.001405292576123587
global_moments,phase_wipe,0,8,1,0.001405292576123587
global_moments,phase_wipe,0,9,1,0.001405292576123587
global_moments,phase_wipe,0,10,1,0.001405292576123587
global_moments,phase_wipe,0,11,1,0.001405292576123587
global_moments,phase_wipe,1,0,1,0.0014065874570017615
global_moments,phase_wipe,1,1,1,0.0014065874570017615
global_moments,phase_wipe,1,2,1,0.0014065874570017615
global_moments,phase_wipe,1,3,1,0.0014065874570017615
global_moments,phase_wipe,1,4,1,0.0014065874570017615
global_moments,phase_wipe,1,5,1,0.0014065874570017615
global_moments,phase_wipe,1,6,1,0.0014065874570017615
global_moments,phase_wipe,1,7,1,0.0014065874570017615
global_moments,phase_wipe,1,8,1,0.0014065874570017615
global_moments,phase_wipe,1,9,1,0.0014065874570017615
global_moments,phase_wipe,1,10,1,0.0014065874570017615
global_moments,phase_wipe,1,11,1,0.0014065874570017615
global_moments,phase_wipe,2,0,1,0.0014015148028107738
global_moments,phase_wipe,2,1,1,0.0014015148028107738
global_moments,phase_wipe,2,2,1,0.0014015148028107738
global_moments,phase_wipe,2,3,1,0.0014015148028107738
global_moments,phase_wipe,2,4,1,0.0014015148028107738
global_moments,phase_wipe,2,5,1,0.0014015148028107738
global_moments,phase_wipe,2,6,1,0.0014015148028107738
global_moments,phase_wipe,2,7,1,0.0014015148028107738
global_moments,phase_wipe,2,8,1,0.0014015148028107738
global_moments,phase_wipe,2,9,1,0.0014015148028107738
global_moments,phase_wipe,2,10,1,0.0014015148028107738
global_moments,phase_wipe,2,11,1,0.0014015148028107738
global_moments,phase_wipe,3,0,1,0.0014053946798161174
global_moments,phase_wipe,3,1,1,0.0014053946798161174
global_moments,phase_wipe,3,2,1,0.0014053946798161174
global_moments,phase_wipe,3,3,1,0.0014053946798161174
global_moments,phase_wipe,3,4,1,0.0014053946798161174
global_moments,phase_wipe,3,5,1,0.0014053946798161174
global_moments,phase_wipe,3,6,1,0.0014053946798161174
global_moments,phase_wipe,3,7,1,0.0014053946798161174
global_moments,phase_wipe,3,8,1,0.0014053946798161174
global_moments,phase_wipe,3,9,1,0.0014053946798161174
global_moments,phase_wipe,3,10,1,0.0014053946798161174
global_moments,phase_wipe,3,11,1,0.0014053946798161174
global_moments,phase_wipe,4,0,1,0.0014066894449650152
global_moments,phase_wipe,4,1,1,0.0014066894449650152
global_moments,phase_wipe,4,2,1,0.0014066894449650152
global_moments,phase_wipe,4,3,1,0.0014066894449650152
global_moments,phase_wipe,4,4,1,0.0014066894449650152
global_moments,phase_wipe,4,5,1,0.0014066894449650152
global_moments,phase_wipe,4,6,1,0.0014066894449650152
global_moments,phase_wipe,4,7,1,0.0014066894449650152
global_moments,phase_wipe,4,8,1,0.0014066894449650152
global_moments,phase_wipe,4,9,1,0.0014066894449650152
global_moments,phase_wipe,4,10,1,0.0014066894449650152
global_moments,phase_wipe,4,11,1,0.0014066894449650152
global_moments,phase_wipe,5,0,1,0.0014063378320782057
global_moments,phase_wipe,5,1,1,0.0014063378320782057
global_moments,phase_wipe,5,2,1,0.0014063378320782057
global_moments,phase_wipe,5,3,1,0.0014063378320782057
global_moments,phase_wipe,5,4,1,0.0014063378320782057
global_moments,phase_wipe,5,5,1,0.0014063378320782057
global_moments,phase_wipe,5,6,1,0.0014063378320782057
global_moments,phase_wipe,5,7,1,0.0014063378320782057
global_moments,phase_wipe,5,8,1,0.0014063378320782057
global_moments,phase_wipe,5,9,1,0.0014063378320782057
global_moments,phase_wipe,5,10,1,0.0014063378320782057
global_moments,phase_wipe,5,11,1,0.0014063378320782057
global_moments,phase_wipe,6,0,1,0.001405292576123587
global_moments,phase_wipe,6,1,1,0.001405292576123587
global_moments,phase_wipe,6,2,1,0.001405292576123587
global_moments,phase_wipe,6,3,1,0.001405292576123587
global_moments,phase_wipe,6,4,1,0.001405292576123587
global_moments,phase_wipe,6,5,1,0.001405292576123587
global_moments,phase_wipe,6,6,1,0.001405292576123587
global_moments,phase_wipe,6,7,1,0.001405292576123587
global_moments,phase_wipe,6,8,1,0.001405292576123587
global_moments,phase_wipe,6,9,1,0.001405292576123587
global_moments,phase_wipe,6,10,1,0.001405292576123587
global_moments,phase_wipe,6,11,1,0.001405292576123587
global_moments,phase_wipe,7,0,1,0.0014065874570017615
global_moments,phase_wipe,7,1,1,0.0014065874570017615
global_moments,phase_wipe,7,2,1,0.0014065874570017615
global_moments,phase_wipe,7,3,1,0.0014065874570017615
global_moments,phase_wipe,7,4,1,0.0014065874570017615
global_moments,phase_wipe,7,5,1,0.0014065874570017615
global_moments,phase_wipe,7,6,1,0.0014065874570017615
global_moments,phase_wipe,7,7,1,0.0014065874570017615
global_moments,phase_wipe,7,8,1,0.0014065874570017615
global_moments,phase_wipe,7,9,1,0.0014065874570017615
global_moments,phase_wipe,7,10,1,0.0014065874570017615
global_moments,phase_wipe,7,11,1,0.0014065874570017615
global_moments,phase_wipe,8,0,1,0.0014015148028107738
global_moments,phase_wipe,8,1,1,0.0014015148028107738
global_moments,phase_wipe,8,2,1,0.0014015148028107738
global_moments,phase_wipe,8,3,1,0.0014015148028107738
global_moments,phase_wipe,8,4,1,0.0014015148028107738
global_moments,phase_wipe,8,5,1,0.0014015148028107738
global_moments,phase_wipe,8,6,1,0.0014015148028107738
global_moments,phase_wipe,8,7,1,0.0014015148028107738
global_moments,phase_wipe,8,8,1,0.0014015148028107738
global_moments,phase_wipe,8,9,1,0.0014015148028107738
global_moments,phase_wipe,8,10,1,0.0014015148028107738
global_moments,phase_wipe,8,11,1,0.0014015148028107738
global_moments,phase_wipe,9,0,1,0.0014053946798161174
global_moments,phase_wipe,9,1,1,0.0014053946798161174
global_moments,phase_wipe,9,2,1,0.0014053946798161174
global_moments,phase_wipe,9,3,1,0.0014053946798161174
global_moments,phase_wipe,9,4,1,0.0014053946798161174
global_moments,phase_wipe,9,5,1,0.0014053946798161174
global_moments,phase_wipe,9,6,1,0.0014053946798161174
global_moments,phase_wipe,9,7,1,0.0014053946798161174
global_moments,phase_wipe,9,8,1,0.0014053946798161174
global_moments,phase_wipe,9,9,1,0.0014053946798161174
global_moments,phase_wipe,9,10,1,0.0014053946798161174
global_moments,phase_wipe,9,11,1,0.0014053946798161174
global_moments,phase_wipe,10,0,1,0.0014066894449650152
global_moments,phase_wipe,10,1,1,0.0014066894449650152
global_moments,phase_wipe,10,2,1,0.0014066894449650152
global_moments,phase_wipe,10,3,1,0.0014066894449650152
global_moments,phase_wipe,10,4,1,0.0014066894449650152
global_moments,phase_wipe,10,5,1,0.0014066894449650152
global_moments,phase_wipe,10,6,1,0.0014066894449650152
global_moments,phase_wipe,10,7,1,0.0014066894449650152
global_moments,phase_wipe,10,8,1,0.0014066894449650152
global_moments,phase_wipe,10,9,1,0.0014066894449650152
global_moments,phase_wipe,10,10,1,0.0014066894449650152
global_moments,phase_wipe,10,11,1,0.0014066894449650152
global_moments,phase_wipe,11,0,1,0.0014063378320782057
global_moments,phase_wipe,11,1,1,0.0014063378320782057
global_moments,phase_wipe,11,2,1,0.0014063378320782057
global_moments,phase_wipe,11,3,1,0.0014063378320782057
global_moments,phase_wipe,11,4,1,0.0014063378320782057
global_moments,phase_wipe,11,5,1,0.0014063378320782057
global_moments,phase_wipe,11,6,1,0.0014063378320782057
global_moments,phase_wipe,11,7,1,0.0014063378320782057
global_moments,phase_wipe,11,8,1,0.0014063378320782057
global_moments,phase_wipe,11,9,1,0.0014063378320782057
global_moments,phase_wipe,11,10,1,0.0014063378320782057
global_moments,phase_wipe,11,11,1,0.0014063378320782057
global_moments,phase_wipe,12,0,1,0.001989165400769483
global_moments,phase_wipe,12,1,1,0.001989165400769483
global_moments,phase_wipe,12,2,1,0.001989165400769483
global_moments,phase_wipe,12,3,1,0.001989165400769483
global_moments,phase_wipe,12,4,1,0.001989165400769483
global_moments,phase_wipe,12,5,1,0.001989165400769483
global_moments,phase_wipe,12,6,1,0.001989165400769483
global_moments,phase_wipe,12,7,1,0.001989165400769483
global_moments,phase_wipe,12,8,1,0.001989165400769483
global_moments,phase_wipe,12,9,1,0.001989165400769483
global_moments,phase_wipe,12,10,1,0.001989165400769483
global_moments,phase_wipe,12,11,1,0.001989165400769483
global_moments,phase_wipe,13,0,1,0.001988253866785381
global_moments,phase_wipe,13,1,1,0.001988253866785381
global_moments,phase_wipe,13,2,1,0.001988253866785381
global_moments,phase_wipe,13,3,1,0.001988253866785381
global_moments,phase_wipe,13,4,1,0.001988253866785381
global_moments,phase_wipe,13,5,1,0.001988253866785381
global_moments,phase_wipe,13,6,1,0.001988253866785381
global_moments,phase_wipe,13,7,1,0.001988253866785381
global_moments,phase_wipe,13,8,1,0.001988253866785381
global_moments,phase_wipe,13,9,1,0.001988253866785381
global_moments,phase_wipe,13,10,1,0.001988253866785381
global_moments,phase_wipe,13,11,1,0.001988253866785381
global_moments,phase_wipe,14,0,1,0.001989644458301944
global_moments,phase_wipe,14,1,1,0.001989644458301944
global_moments,phase_wipe,14,2,1,0.001989644458301944
global_moments,phase_wipe,14,3,1,0.001989644458301944
global_moments,phase_wipe,14,4,1,0.001989644458301944
global_moments,phase_wipe,14,5,1,0.001989644458301944
global_moments,phase_wipe,14,6,1,0.001989644458301944
global_moments,phase_wipe,14,7,1,0.001989644458301944
global_moments,phase_wipe,14,8,1,0.001989644458301944
global_moments,phase_wipe,14,9,1,0.001989644458301944
global_moments,phase_wipe,14,10,1,0.001989644458301944
global_moments,phase_wipe,14,11,1,0.001989644458301944
global_moments,phase_wipe,15,0,1,0.001989165371806531
global_moments,phase_wipe,15,1,1,0.001989165371806531
global_moments,phase_wipe,15,2,1,0.001989165371806531
global_moments,phase_wipe,15,3,1,0.001989165371806531
global_moments,phase_wipe,15,4,1,0.001989165371806531
global_moments,phase_wipe,15,5,1,0.001989165371806531
global_moments,phase_wipe,15,6,1,0.001989165371806531
global_moments,phase_wipe,15,7,1,0.001989165371806531
global_moments,phase_wipe,15,8,1,0.001989165371806531
global_moments,phase_wipe,15,9,1,0.001989165371806531
global_moments,phase_wipe,15,10,1,0.001989165371806531
global_moments,phase_wipe,15,11,1,0.001989165371806531
global_moments,phase_wipe,16,0,1,0.0019882538221990867
global_moments,phase_wipe,16,1,1,0.0019882538221990867
global_moments,phase_wipe,16,2,1,0.0019882538221990867
global_moments,phase_wipe,16,3,1,0.0019882538221990867
global_moments,phase_wipe,16,4,1,0.0019882538221990867
global_moments,phase_wipe,16,5,1,0.0019882538221990867
global_moments,phase_wipe,16,6,1,0.0019882538221990867
global_moments,phase_wipe,16,7,1,0.0019882538221990867
global_moments,phase_wipe,16,8,1,0.0019882538221990867
global_moments,phase_wipe,16,9,1,0.0019882538221990867
global_moments,phase_wipe,16,10,1,0.0019882538221990867
global_moments,phase_wipe,16,11,1,0.0019882538221990867
global_moments,phase_wipe,17,0,1,0.001988253868225896
global_moments,phase_wipe,17,1,1,0.001988253868225896
global_moments,phase_wipe,17,2,1,0.001988253868225896
global_moments,phase_wipe,17,3,1,0.001988253868225896
global_moments,phase_wipe,17,4,1,0.001988253868225896
global_moments,phase_wipe,17,5,1,0.001988253868225896
global_moments,phase_wipe,17,6,1,0.001988253868225896
global_moments,phase_wipe,17,7,1,0.001988253868225896
global_moments,phase_wipe,17,8,1,0.001988253868225896
global_moments,phase_wipe,17,9,1,0.001988253868225896
global_moments,phase_wipe,17,10,1,0.001988253868225896
global_moments,phase_wipe,17,11,1,0.001988253868225896
global_moments,phase_wipe,18,0,1,0.0025549473424253616
global_moments,phase_wipe,18,1,1,0.0025549473424253616
global_moments,phase_wipe,18,2,1,0.0025549473424253616
global_moments,phase_wipe,18,3,1,0.0025549473424253616
global_moments,phase_wipe,18,4,1,0.0025549473424253616
global_moments,phase_wipe,18,5,1,0.0025549473424253616
global_moments,phase_wipe,18,6,1,0.0025549473424253616
global_moments,phase_wipe,18,7,1,0.0025549473424253616
global_moments,phase_wipe,18,8,1,0.0025549473424253616
global_moments,phase_wipe,18,9,1,0.0025549473424253616
global_moments,phase_wipe,18,10,1,0.0025549473424253616
global_moments,phase_wipe,18,11,1,0.0025549473424253616
global_moments,phase_wipe,19,0,1,0.0025487171064303314
global_moments,phase_wipe,19,1,1,0.0025487171064303314
global_moments,phase_wipe,19,2,1,0.0025487171064303314
global_moments,phase_wipe,19,3,1,0.0025487171064303314
global_moments,phase_wipe,19,4,1,0.0025487171064303314
global_moments,phase_wipe,19,5,1,0.0025487171064303314
global_moments,phase_wipe,19,6,1,0.0025487171064303314
global_moments,phase_wipe,19,7,1,0.0025487171064303314
global_moments,phase_wipe,19,8,1,0.0025487171064303314
global_moments,phase_wipe,19,9,1,0.0025487171064303314
global_moments,phase_wipe,19,10,1,0.0025487171064303314
global_moments,phase_wipe,19,11,1,0.0025487171064303314
global_moments,phase_wipe,20,0,1,0.002558901075034598
global_moments,phase_wipe,20,1,1,0.002558901075034598
global_moments,phase_wipe,20,2,1,0.002558901075034598
global_moments,phase_wipe,20,3,1,0.002558901075034598
global_moments,phase_wipe,20,4,1,0.002558901075034598
global_moments,phase_wipe,20,5,1,0.002558901075034598
global_moments,phase_wipe,20,6,1,0.002558901075034598
global_moments,phase_wipe,20,7,1,0.002558901075034598
global_moments,phase_wipe,20,8,1,0.002558901075034598
global_moments,phase_wipe,20,9,1,0.002558901075034598
global_moments,phase_wipe,20,10,1,0.002558901075034598
global_moments,phase_wipe,20,11,1,0.002558901075034598
global_moments,phase_wipe,21,0,1,0.002554947785582053
global_moments,phase_wipe,21,1,1,0.002554947785582053
global_moments,phase_wipe,21,2,1,0.002554947785582053
global_moments,phase_wipe,21,3,1,0.002554947785582053
global_moments,phase_wipe,21,4,1,0.002554947785582053
global_moments,phase_wipe,21,5,1,0.002554947785582053
global_moments,phase_wipe,21,6,1,0.002554947785582053
global_moments,phase_wipe,21,7,1,0.002554947785582053
global_moments,phase_wipe,21,8,1,0.002554947785582053
global_moments,phase_wipe,21,9,1,0.002554947785582053
global_moments,phase_wipe,21,10,1,0.002554947785582053
global_moments,phase_wipe,21,11,1,0.002554947785582053
global_moments,phase_wipe,22,0,1,0.002548720509136734
global_moments,phase_wipe,22,1,1,0.002548720509136734
global_moments,phase_wipe,22,2,1,0.002548720509136734
global_moments,phase_wipe,22,3,1,0.002548720509136734
global_moments,phase_wipe,22,4,1,0.002548720509136734
global_moments,phase_wipe,22,5,1,0.002548720509136734
global_moments,phase_wipe,22,6,1,0.002548720509136734
global_moments,phase_wipe,22,7,1,0.002548720509136734
global_moments,phase_wipe,22,8,1,0.002548720509136734
global_moments,phase_wipe,22,9,1,0.002548720509136734
global_moments,phase_wipe,22,10,1,0.002548720509136734
global_moments,phase_wipe,22,11,1,0.002548720509136734
global_moments,phase_wipe,23,0,1,0.002548708614297043
global_moments,phase_wipe,23,1,1,0.002548708614297043
global_moments,phase_wipe,23,2,1,0.002548708614297043
global_moments,phase_wipe,23,3,1,0.002548708614297043
global_moments,phase_wipe,23,4,1,0.002548708614297043
global_moments,phase_wipe,23,5,1,0.002548708614297043
global_moments,phase_wipe,23,6,1,0.002548708614297043
global_moments,phase_wipe,23,7,1,0.002548708614297043
global_moments,phase_wipe,23,8,1,0.002548708614297043
global_moments,phase_wipe,23,9,1,0.002548708614297043
global_moments,phase_wipe,23,10,1,0.002548708614297043
global_moments,phase_wipe,23,11,1,0.002548708614297043
global_moments,dropout_50,0,0,1,0.0005790811906098336
global_moments,dropout_50,0,1,1,0.0003734604786145427
global_moments,dropout_50,0,2,1,6.716790173783883e-05
global_moments,dropout_50,0,3,1,0.0002099905672201044
global_moments,dropout_50,0,4,1,0.0003451719169412844
global_moments,dropout_50,0,5,1,0.0003414298967066359
global_moments,dropout_50,0,6,0,7.390440996799582e-05
global_moments,dropout_50,0,7,0,0.00025193836760174435
global_moments,dropout_50,0,8,1,0.00016201514680736157
global_moments,dropout_50,0,9,0,8.421662715099327e-05
global_moments,dropout_50,0,10,1,9.200641198751176e-05
global_moments,dropout_50,0,11,1,0.0003642537253233395
global_moments,dropout_50,1,0,1,0.0001367735519967766
global_moments,dropout_50,1,1,1,8.711869977729879e-05
global_moments,dropout_50,1,2,1,0.000691104633145368
global_moments,dropout_50,1,3,1,0.00017826173968372473
global_moments,dropout_50,1,4,1,0.0009809241836962709
global_moments,dropout_50,1,5,1,0.0001981660067266679
global_moments,dropout_50,1,6,1,0.000506136595685735
global_moments,dropout_50,1,7,1,0.00019716340389162434
global_moments,dropout_50,1,8,1,9.644375262439497e-05
global_moments,dropout_50,1,9,0,0.00015773220945786062
global_moments,dropout_50,1,10,0,8.012568150264892e-05
global_moments,dropout_50,1,11,1,0.00042533899075604983
global_moments,dropout_50,2,0,1,0.0002528763298054157
global_moments,dropout_50,2,1,0,0.0004746407912289219
global_moments,dropout_50,2,2,1,0.0008618055209632505
global_moments,dropout_50,2,3,1,1.1329912829691202e-05
global_moments,dropout_50,2,4,0,0.00018491926526346503
global_moments,dropout_50,2,5,0,0.00025786266018508887
global_moments,dropout_50,2,6,1,0.001163953272036959
global_moments,dropout_50,2,7,0,0.00026550470315364855
global_moments,dropout_50,2,8,0,0.00020094324104006885
global_moments,dropout_50,2,9,0,0.0003170644014011219
global_moments,dropout_50,2,10,0,0.0004958613557926347
global_moments,dropout_50,2,11,0,0.000171677400382876
global_moments,dropout_50,3,0,0,5.371147294359543e-06
global_moments,dropout_50,3,1,1,0.00022478125318036888
global_moments,dropout_50,3,2,1,8.733429204522557e-05
global_moments,dropout_50,3,3,0,0.00019464044815361865
global_moments,dropout_50,3,4,1,0.0009655119154572886
global_moments,dropout_50,3,5,0,0.0001638467762483972
global_moments,dropout_50,3,6,1,3.6339074073392635e-05
global_moments,dropout_50,3,7,0,1.4997765074483034e-05
global_moments,dropout_50,3,8,0,1.7153147846498285e-05
global_moments,dropout_50,3,9,1,0.0004582641401975633
global_moments,dropout_50,3,10,1,0.00014095980239273425
global_moments,dropout_50,3,11,1,0.000423415926974281
global_moments,dropout_50,4,0,1,0.0002783903720072513
global_moments,dropout_50,4,1,1,0.00020347513754966117
global_moments,dropout_50,4,2,1,0.00021064997959843214
global_moments,dropout_50,4,3,1,0.00013065982618060048
global_moments,dropout_50,4,4,1,9.556935203871436e-05
global_moments,dropout_50,4,5,1,6.980817211385852e-05
global_moments,dropout_50,4,6,1,0.00021458795713225976
global_moments,dropout_50,4,7,1,4.898703038013277e-05
global_moments,dropout_50,4,8,1,3.010212209603614e-05
global_moments,dropout_50,4,9,1,0.0004468805654505865
global_moments,dropout_50,4,10,1,0.00024398673301414793
global_moments,dropout_50,4,11,1,8.051630374421824e-05
global_moments,dropout_50,5,0,1,0.001055237984296112
global_moments,dropout_50,5,1,1,6.473261360464373e-05
global_moments,dropout_50,5,2,0,0.00011312244575218539
global_moments,dropout_50,5,3,1,0.000987480143033306
global_moments,dropout_50,5,4,1,0.0007912284895294556
global_moments,dropout_50,5,5,0,2.831854668161951e-05
global_moments,dropout_50,5,6,1,0.0004410120277255345
global_moments,dropout_50,5,7,1,3.579679996403495e-05
global_moments,dropout_50,5,8,1,0.0005053348799447235
global_moments,dropout_50,5,9,0,4.541908104826217e-05
global_moments,dropout_50,5,10,1,0.0002877662404566937
global_moments,dropout_50,5,11,1,0.00024245168860564242
global_moments,dropout_50,6,0,1,0.0008773077456533456
global_moments,dropout_50,6,1,1,0.0004731610004200036
global_moments,dropout_50,6,2,1,0.0003599344666172697
global_moments,dropout_50,6,3,1,0.0009314871071612901
global_moments,dropout_50,6,4,1,7.866445488570678e-05
global_moments,dropout_50,6,5,0,0.00039217344804719136
global_moments,dropout_50,6,6,1,0.0003022228298871718
global_moments,dropout_50,6,7,1,0.0006056401633635716
global_moments,dropout_50,6,8,1,0.00028795027446052845
global_moments,dropout_50,6,9,1,0.000725924509013387
global_moments,dropout_50,6,10,1,0.0007219820896704309
global_moments,dropout_50,6,11,1,0.0001984124115847149
global_moments,dropout_50,7,0,1,0.0002124388541895196
global_moments,dropout_50,7,1,0,0.0001247612326851612
global_moments,dropout_50,7,2,1,0.00122526687335327
global_moments,dropout_50,7,3,1,0.000777463186524969
global_moments,dropout_50,7,4,1,0.00042296813262486413
global_moments,dropout_50,7,5,1,0.0006199181395615183
global_moments,dropout_50,7,6,1,0.000808496889685211
global_moments,dropout_50,7,7,1,1.2049261050385389e-05
global_moments,dropout_50,7,8,1,0.0008482562905955731
global_moments,dropout_50,7,9,1,0.0007831239281229308
global_moments,dropout_50,7,10,1,0.0005240100630182821
global_moments,dropout_50,7,11,0,0.0001399664572689606
global_moments,dropout_50,8,0,0,0.0003010135192843106
global_moments,dropout_50,8,1,0,1.7844490831980244e-05
global_moments,dropout_50,8,2,1,0.00016087917721029576
global_moments,dropout_50,8,3,1,0.0001838362638251895
global_moments,dropout_50,8,4,1,0.001198450555840429
global_moments,dropout_50,8,5,1,0.0001510851404933932
global_moments,dropout_50,8,6,1,0.0012187959426752072
global_moments,dropout_50,8,7,1,0.001139084649820034
global_moments,dropout_50,8,8,0,0.0002929707679039475
global_moments,dropout_50,8,9,0,0.00011336776690155708
global_moments,dropout_50,8,10,1,0.000969373055924648
global_moments,dropout_50,8,11,0,0.0002692482636901968
global_moments,dropout_50,9,0,1,0.00010923669355819132
global_moments,dropout_50,9,1,1,0.000285974970256616
global_moments,dropout_50,9,2,1,0.000393854223572587
global_moments,dropout_50,9,3,1,0.0007081016881565084
global_moments,dropout_50,9,4,1,0.000998253055171646
global_moments,dropout_50,9,5,1,0.0010526777936696778
global_moments,dropout_50,9,6,1,0.0001485238384586053
global_moments,dropout_50,9,7,1,0.0005891876820080738
global_moments,dropout_50,9,8,1,0.0011584147380252986
global_moments,dropout_50,9,9,1,0.0009161725728316222
global_moments,dropout_50,9,10,1,0.0005594740677664909
global_moments,dropout_50,9,11,1,0.000949662486184942
global_moments,dropout_50,10,0,1,0.0005779825269472407
global_moments,dropout_50,10,1,1,0.0008269555842738349
global_moments,dropout_50,10,2,1,0.0009133980615128965
global_moments,dropout_50,10,3,1,0.00033984215488254074
global_moments,dropout_50,10,4,1,0.0008514784107793976
global_moments,dropout_50,10,5,1,0.000491529589890401
global_moments,dropout_50,10,6,1,0.000639204182238705
global_moments,dropout_50,10,7,1,0.00012312591928451393
global_moments,dropout_50,10,8,1,0.0005640208246118095
global_moments,dropout_50,10,9,1,0.00039966743885358285
global_moments,dropout_50,10,10,1,0.0002392355472870468
global_moments,dropout_50,10,11,1,0.0008375845904917084
global_moments,dropout_50,11,0,1,0.0009164757573872951
global_moments,dropout_50,11,1,1,0.0004149379180901525
global_moments,dropout_50,11,2,1,0.00048786652425409
global_moments,dropout_50,11,3,1,0.0008337068991956209
global_moments,dropout_50,11,4,1,0.0012604824206263296
global_moments,dropout_50,11,5,1,0.00029282449575332783
global_moments,dropout_50,11,6,1,6.444064732784912e-05
global_moments,dropout_50,11,7,1,3.307378386175003e-05
global_moments,dropout_50,11,8,1,0.000468530260189792
global_moments,dropout_50,11,9,1,0.0010350700894777593
global_moments,dropout_50,11,10,1,0.0007375062721519984
global_moments,dropout_50,11,11,1,0.0003311702490037716
global_moments,dropout_50,12,0,1,0.0014148116662484203
global_moments,dropout_50,12,1,1,0.0008980176136988709
global_moments,dropout_50,12,2,1,0.0010743651442939176
global_moments,dropout_50,12,3,1,0.00012103871939772451
global_moments,dropout_50,12,4,1,0.0010069332613358048
global_moments,dropout_50,12,5,1,0.0005454331541153829
global_moments,dropout_50,12,6,1,0.00042637077057703894
global_moments,dropout_50,12,7,1,0.0005381442602233808
global_moments,dropout_50,12,8,1,0.0010078304207915226
global_moments,dropout_50,12,9,1,0.001213702122966391
global_moments,dropout_50,12,10,1,0.0016893474252215167
global_moments,dropout_50,12,11,1,0.0011705850718355618
global_moments,dropout_50,13,0,0,0.0005723243292695517
global_moments,dropout_50,13,1,1,0.000744628069062023
global_moments,dropout_50,13,2,1,0.0009864117079867508
global_moments,dropout_50,13,3,1,0.0013281771158163936
global_moments,dropout_50,13,4,1,0.0011351371099219845
global_moments,dropout_50,13,5,1,0.0010568063972692886
global_moments,dropout_50,13,6,1,0.0006041762248181369
global_moments,dropout_50,13,7,1,0.00022857142074180327
global_moments,dropout_50,13,8,1,0.0007124110476015833
global_moments,dropout_50,13,9,1,0.00041091006963441456
global_moments,dropout_50,13,10,1,0.0009517028277203413
global_moments,dropout_50,13,11,1,0.0018661012712926945
global_moments,dropout_50,14,0,1,0.0017598821777450875
global_moments,dropout_50,14,1,0,0.0002462238037026507
global_moments,dropout_50,14,2,1,0.0019064079407339813
global_moments,dropout_50,14,3,1,0.0011909244682143777
global_moments,dropout_50,14,4,1,0.0013853657595534427
global_moments,dropout_50,14,5,1,0.0007666783383409469
global_moments,dropout_50,14,6,1,0.001398381295958042
global_moments,dropout_50,14,7,1,0.0016698839011436398
global_moments,dropout_50,14,8,1,0.00042827533145829363
global_moments,dropout_50,14,9,0,0.00021259175014361198
global_moments,dropout_50,14,10,1,0.0015658042343026637
global_moments,dropout_50,14,11,1,0.0010791156192599563
global_moments,dropout_50,15,0,1,0.0009983673281091171
global_moments,dropout_50,15,1,1,0.0009817521495017931
global_moments,dropout_50,15,2,1,0.0009107563481380919
global_moments,dropout_50,15,3,1,0.0006725235606115996
global_moments,dropout_50,15,4,1,0.0004973923578799394
global_moments,dropout_50,15,5,1,0.0002916921249336412
global_moments,dropout_50,15,6,1,0.0008629424584476594
global_moments,dropout_50,15,7,1,0.0005542246155778494
global_moments,dropout_50,15,8,1,0.000896050994764549
global_moments,dropout_50,15,9,1,0.0005742665856301541
global_moments,dropout_50,15,10,1,0.00029288072512128043
global_moments,dropout_50,15,11,1,0.001072908357195701
global_moments,dropout_50,16,0,1,0.0013286518580587939
global_moments,dropout_50,16,1,1,0.001784990932822335
global_moments,dropout_50,16,2,1,0.0003849029175972754
global_moments,dropout_50,16,3,1,0.0009229832033588632
global_moments,dropout_50,16,4,1,0.0013379247748183062
global_moments,dropout_50,16,5,1,0.0004840748465382641
global_moments,dropout_50,16,6,1,9.89771871818079e-05
global_moments,dropout_50,16,7,0,0.0004769412241513917
global_moments,dropout_50,16,8,1,0.0011895563999491908
global_moments,dropout_50,16,9,1,0.0007126420285033211
global_moments,dropout_50,16,10,1,0.001123586615727616
global_moments,dropout_50,16,11,1,0.00029856661457652953
global_moments,dropout_50,17,0,1,0.0010174808187559169
global_moments,dropout_50,17,1,1,0.0001833176436883601
global_moments,dropout_50,17,2,1,0.0004517154570125503
global_moments,dropout_50,17,3,1,0.0008926189255744608
global_moments,dropout_50,17,4,1,0.00048740080442867756
global_moments,dropout_50,17,5,1,0.0008584054438088781
global_moments,dropout_50,17,6,1,0.0016607613113249265
global_moments,dropout_50,17,7,1,0.00044091592248074636
global_moments,dropout_50,17,8,1,0.0006826679517111039
global_moments,dropout_50,17,9,1,0.001220984206339968
global_moments,dropout_50,17,10,1,0.0018515965378364705
global_moments,dropout_50,17,11,1,0.0008007790045474043
global_moments,dropout_50,18,0,1,0.001264004691786824
global_moments,dropout_50,18,1,1,0.0020398634712356836
global_moments,dropout_50,18,2,1,0.0018517643316239213
global_moments,dropout_50,18,3,1,0.001990951651910566
global_moments,dropout_50,18,4,1,0.0015523473096644954
global_moments,dropout_50,18,5,1,0.0010069994788876615
global_moments,dropout_50,18,6,1,0.0019987808322006334
global_moments,dropout_50,18,7,1,0.0018383376458125118
global_moments,dropout_50,18,8,1,0.0013872936124015754
global_moments,dropout_50,18,9,1,0.0020355888801258915
global_moments,dropout_50,18,10,1,0.0017174948673310997
global_moments,dropout_50,18,11,1,0.0019312872396645183
global_moments,dropout_50,19,0,1,0.0010729080676217507
global_moments,dropout_50,19,1,1,0.0013614288967242335
global_moments,dropout_50,19,2,1,0.0021461606251542537
global_moments,dropout_50,19,3,1,0.0009848064872822306
global_moments,dropout_50,19,4,1,0.0012795048947821096
global_moments,dropout_50,19,5,1,0.0009873781500914737
global_moments,dropout_50,19,6,1,0.0021655558389453485
global_moments,dropout_50,19,7,1,0.0017764185180356809
global_moments,dropout_50,19,8,1,0.001915326297087515
global_moments,dropout_50,19,9,1,0.001154455968764131
global_moments,dropout_50,19,10,1,0.0019672146679776572
global_moments,dropout_50,19,11,1,0.001149281252991155
global_moments,dropout_50,20,0,1,0.0018406500858375557
global_moments,dropout_50,20,1,1,0.0017743729147186678
global_moments,dropout_50,20,2,1,0.0011377792315249557
global_moments,dropout_50,20,3,1,0.0024292167753606746
global_moments,dropout_50,20,4,1,0.0016915644683593257
global_moments,dropout_50,20,5,1,0.0012184025382212063
global_moments,dropout_50,20,6,1,0.0022804537339417394
global_moments,dropout_50,20,7,1,0.001426149568018406
global_moments,dropout_50,20,8,1,0.0017312944938698144
global_moments,dropout_50,20,9,1,0.0018965820923587456
global_moments,dropout_50,20,10,1,0.0022057648564587644
global_moments,dropout_50,20,11,1,0.0021168072206068293
global_moments,dropout_50,21,0,1,0.001464096622522005
global_moments,dropout_50,21,1,1,0.000884458105836176
global_moments,dropout_50,21,2,1,0.0021205159226777813
global_moments,dropout_50,21,3,1,0.00018519619383992707
global_moments,dropout_50,21,4,1,0.001452873930322551
global_moments,dropout_50,21,5,1,0.0019390153202867425
global_moments,dropout_50,21,6,1,0.0012294048392072906
global_moments,dropout_50,21,7,1,0.0015648965121675437
global_moments,dropout_50,21,8,1,0.001457858741601925
global_moments,dropout_50,21,9,1,0.0011367659099825104
global_moments,dropout_50,21,10,1,0.001810878009733175
global_moments,dropout_50,21,11,1,0.0018786758390087965
global_moments,dropout_50,22,0,1,0.0014709980500626683
global_moments,dropout_50,22,1,1,0.0010597148736972025
global_moments,dropout_50,22,2,1,0.0012082139480819435
global_moments,dropout_50,22,3,1,0.00184602919727661
global_moments,dropout_50,22,4,1,0.0018745176712526548
global_moments,dropout_50,22,5,1,0.0020593704051137898
global_moments,dropout_50,22,6,1,0.0019245203173651115
global_moments,dropout_50,22,7,1,0.0018951792153830108
global_moments,dropout_50,22,8,1,0.00048817241761592734
global_moments,dropout_50,22,9,1,0.0012987058303477518
global_moments,dropout_50,22,10,1,0.0016791046945205754
global_moments,dropout_50,22,11,1,0.0013522132959066543
global_moments,dropout_50,23,0,1,0.001203545900366974
global_moments,dropout_50,23,1,1,0.0008861567849763347
global_moments,dropout_50,23,2,1,0.0022927297347708165
global_moments,dropout_50,23,3,1,0.002201916608678117
global_moments,dropout_50,23,4,1,0.0014048663356107684
global_moments,dropout_50,23,5,1,0.0016938216071001196
global_moments,dropout_50,23,6,1,0.0017688705432739847
global_moments,dropout_50,23,7,1,0.0017053657334334354
global_moments,dropout_50,23,8,1,0.0012155644041394777
global_moments,dropout_50,23,9,1,0.002018146485316892
global_moments,dropout_50,23,10,1,0.0013814593905102025
global_moments,dropout_50,23,11,1,0.0022029585872743785
global_moments,amp_noise,0,0,1,0.0008252199782687424
global_moments,amp_noise,0,1,0,1.9815268099257488e-05
global_moments,amp_noise,0,2,0,0.0017442276100311897
global_moments,amp_noise,0,3,1,0.000261009998088646
global_moments,amp_noise,0,4,0,0.00010071026050489928
global_moments,amp_noise,0,5,0,0.00010259431342079378
global_moments,amp_noise,0,6,0,0.0007116759978459189
global_moments,amp_noise,0,7,1,0.00014297130119418633
global_moments,amp_noise,0,8,0,0.0004416541309182065
global_moments,amp_noise,0,9,0,0.0005099443147514662
global_moments,amp_noise,0,10,0,2.5674335491845945e-05
global_moments,amp_noise,0,11,0,0.00010344648191292632
global_moments,amp_noise,1,0,0,2.8691713611833647e-05
global_moments,amp_noise,1,1,0,1.2758662723662273e-05
global_moments,amp_noise,1,2,1,0.00018103583010281588
global_moments,amp_noise,1,3,0,1.2518051124663088e-05
global_moments,amp_noise,1,4,1,0.00021696342275458885
global_moments,amp_noise,1,5,0,0.0004024724146998414
global_moments,amp_noise,1,6,0,6.191236086432877e-05
global_moments,amp_noise,1,7,0,0.0008436367229756742
global_moments,amp_noise,1,8,1,5.482724300453351e-05
global_moments,amp_noise,1,9,0,5.8234872261073156e-05
global_moments,amp_noise,1,10,0,0.0010953076731881235
global_moments,amp_noise,1,11,0,4.7676037945504346e-05
global_moments,amp_noise,2,0,0,0.00048341691932503317
global_moments,amp_noise,2,1,0,9.186728731397018e-05
global_moments,amp_noise,2,2,0,0.0007492789343085254
global_moments,amp_noise,2,3,0,0.0011230056169024387
global_moments,amp_noise,2,4,0,0.0001517717551787444
global_moments,amp_noise,2,5,0,1.4156125257194785e-05
global_moments,amp_noise,2,6,0,0.0001247117165770091
global_moments,amp_noise,2,7,0,0.00031541954634847075
global_moments,amp_noise,2,8,0,0.0001961735125215469
global_moments,amp_noise,2,9,0,1.831833051361975e-05
global_moments,amp_noise,2,10,0,0.00020383821514682182
global_moments,amp_noise,2,11,0,0.0004055235850875111
global_moments,amp_noise,3,0,0,4.283160294019442e-05
global_moments,amp_noise,3,1,0,4.6349584637214725e-06
global_moments,amp_noise,3,2,0,3.7223710385947406e-05
global_moments,amp_noise,3,3,1,4.775352154401044e-05
global_moments,amp_noise,3,4,1,0.0006021594992262902
global_moments,amp_noise,3,5,1,0.0005731793297786177
global_moments,amp_noise,3,6,0,0.0006170791961207442
global_moments,amp_noise,3,7,0,0.0001925043583349481
global_moments,amp_noise,3,8,0,2.3934568432276704e-05
global_moments,amp_noise,3,9,0,0.0006032273066432781
global_moments,amp_noise,3,10,0,6.117216687134483e-05
global_moments,amp_noise,3,11,0,6.1196808969037064e-06
global_moments,amp_noise,4,0,0,2.944174184357426e-05
global_moments,amp_noise,4,1,0,0.0002603975463896877
global_moments,amp_noise,4,2,0,0.0010979434674387896
global_moments,amp_noise,4,3,0,0.0007153628580283677
global_moments,amp_noise,4,4,1,0.0003696860629234383
global_moments,amp_noise,4,5,0,0.0002539572231748388
global_moments,amp_noise,4,6,0,1.929169179945567e-06
global_moments,amp_noise,4,7,0,0.0002861565201570451
global_moments,amp_noise,4,8,0,0.0005907560146302393
global_moments,amp_noise,4,9,0,0.000790765108751413
global_moments,amp_noise,4,10,0,3.6634747728775396e-05
global_moments,amp_noise,4,11,1,0.0006867468939483826
global_moments,amp_noise,5,0,0,0.0004433589122216988
global_moments,amp_noise,5,1,0,0.00041022594461519873
global_moments,amp_noise,5,2,0,0.0006830266187277285
global_moments,amp_noise,5,3,0,7.81713979273839e-05
global_moments,amp_noise,5,4,0,0.00012480165176761981
global_moments,amp_noise,5,5,0,0.0005174245914364856
global_moments,amp_noise,5,6,0,0.0010705371984584856
global_moments,amp_noise,5,7,0,0.0009742168215903582
global_moments,amp_noise,5,8,0,6.166267647244456e-05
global_moments,amp_noise,5,9,0,0.0002854752507198896
global_moments,amp_noise,5,10,0,0.00020579975663408134
global_moments,amp_noise,5,11,0,3.8347033905157535e-05
global_moments,amp_noise,6,0,0,0.0001024727840394507
global_moments,amp_noise,6,1,0,0.0002042432577756409
global_moments,amp_noise,6,2,0,0.0008905591060693364
global_moments,amp_noise,6,3,0,0.00013294615274115143
global_moments,amp_noise,6,4,0,0.0003319845948168351
global_moments,amp_noise,6,5,0,0.00013170232316708427
global_moments,amp_noise,6,6,0,4.612196883669456e-05
global_moments,amp_noise,6,7,0,0.001052151929255913
global_moments,amp_noise,6,8,0,0.0007132798951292839
global_moments,amp_noise,6,9,0,0.0003211926711616901
global_moments,amp_noise,6,10,0,0.0013617240630453414
global_moments,amp_noise,6,11,0,9.596454854682301e-06
global_moments,amp_noise,7,0,0,0.00024558131190940274
global_moments,amp_noise,7,1,0,1.1570620237072449e-06
global_moments,amp_noise,7,2,0,0.00011198366789810787
global_moments,amp_noise,7,3,0,0.00012718270033171622
global_moments,amp_noise,7,4,0,0.001202901812976484
global_moments,amp_noise,7,5,0,3.807228913362687e-05
global_moments,amp_noise,7,6,0,0.0004120938760531073
global_moments,amp_noise,7,7,0,3.335990071042655e-05
global_moments,amp_noise,7,8,0,8.82226394217922e-06
global_moments,amp_noise,7,9,0,0.00021399385533763665
global_moments,amp_noise,7,10,0,7.251529538684215e-05
global_moments,amp_noise,7,11,0,0.0001803255855719818
global_moments,amp_noise,8,0,0,0.0004901828116035886
global_moments,amp_noise,8,1,0,0.0009612256981175286
global_moments,amp_noise,8,2,0,2.5751265397243317e-05
global_moments,amp_noise,8,3,0,6.811948741761685e-05
global_moments,amp_noise,8,4,0,0.0003161780217365469
global_moments,amp_noise,8,5,0,9.755535995881193e-05
global_moments,amp_noise,8,6,0,0.00042367765587663503
global_moments,amp_noise,8,7,0,0.00048128015365496435
global_moments,amp_noise,8,8,0,0.0003967569816464428
global_moments,amp_noise,8,9,0,6.929017445189353e-05
global_moments,amp_noise,8,10,0,0.0005488573075865914
global_moments,amp_noise,8,11,0,0.00033622480372656055
global_moments,amp_noise,9,0,0,5.680399497568281e-05
global_moments,amp_noise,9,1,0,0.0008237202443261669
global_moments,amp_noise,9,2,0,0.00017033736946277245
global_moments,amp_noise,9,3,0,0.0004336068776239835
global_moments,amp_noise,9,4,0,0.0009337600993819424
global_moments,amp_noise,9,5,0,6.138367139379985e-05
global_moments,amp_noise,9,6,0,2.7226162332340265e-05
global_moments,amp_noise,9,7,0,0.00017954042655746183
global_moments,amp_noise,9,8,0,0.00026338340754319955
global_moments,amp_noise,9,9,0,0.000657573666775265
global_moments,amp_noise,9,10,0,2.377740894433933e-05
global_moments,amp_noise,9,11,0,0.0006387857183876647
global_moments,amp_noise,10,0,0,1.5951422987992014e-05
global_moments,amp_noise,10,1,0,0.00030701760136914863
global_moments,amp_noise,10,2,0,8.098419662748435e-05
global_moments,amp_noise,10,3,0,0.00014629824635578603
global_moments,amp_noise,10,4,0,0.00035285735366774595
global_moments,amp_noise,10,5,0,0.00029497052330697965
global_moments,amp_noise,10,6,0,0.00011174112540461578
global_moments,amp_noise,10,7,0,0.0004022046390122942
global_moments,amp_noise,10,8,0,0.00014769838509008648
global_moments,amp_noise,10,9,0,0.0001357024156812478
global_moments,amp_noise,10,10,0,0.00016863050817021719
global_moments,amp_noise,10,11,0,0.00016855944356682084
global_moments,amp_noise,11,0,0,3.2961877743568554e-05
global_moments,amp_noise,11,1,0,0.0008868655028514555
global_moments,amp_noise,11,2,0,3.07156117751034e-05
global_moments,amp_noise,11,3,0,7.307249572223451e-05
global_moments,amp_noise,11,4,0,3.5415386216583467e-05
global_moments,amp_noise,11,5,0,0.0002222520315794188
global_moments,amp_noise,11,6,0,4.413615853849501e-05
global_moments,amp_noise,11,7,0,0.000496320685106251
global_moments,amp_noise,11,8,0,0.00017580235819554882
global_moments,amp_noise,11,9,0,0.0001712694454318875
global_moments,amp_noise,11,10,0,0.0007227031116805449
global_moments,amp_noise,11,11,0,9.462162399880014e-06
global_moments,amp_noise,12,0,0,4.798206783651615e-05
global_moments,amp_noise,12,1,1,2.4228560101979824e-05
global_moments,amp_noise,12,2,0,0.0008180172771182007
global_moments,amp_noise,12,3,0,0.00014748911455596259
global_moments,amp_noise,12,4,0,0.0015055974955097765
global_moments,amp_noise,12,5,0,6.534803734248307e-06
global_moments,amp_noise,12,6,0,0.0009860146628323588
global_moments,amp_noise,12,7,0,0.0006572880059177479
global_moments,amp_noise,12,8,0,0.00022070123308175899
global_moments,amp_noise,12,9,0,0.001130380389634266
global_moments,amp_noise,12,10,0,0.0008276847348468973
global_moments,amp_noise,12,11,0,7.16334119956058e-05
global_moments,amp_noise,13,0,0,7.239751414135631e-05
global_moments,amp_noise,13,1,0,7.492113071152356e-05
global_moments,amp_noise,13,2,0,0.00011212198919017397
global_moments,amp_noise,13,3,0,0.0021227093498516463
global_moments,amp_noise,13,4,0,0.001007814261376229
global_moments,amp_noise,13,5,0,6.195226317694258e-06
global_moments,amp_noise,13,6,0,1.292719532270531e-05
global_moments,amp_noise,13,7,0,0.00017573038896584459
global_moments,amp_noise,13,8,0,0.0016377950303444778
global_moments,amp_noise,13,9,0,0.0003461689784142047
global_moments,amp_noise,13,10,0,0.00029646660343042586
global_moments,amp_noise,13,11,0,0.0007732838519084045
global_moments,amp_noise,14,0,0,1.004753191286012e-06
global_moments,amp_noise,14,1,0,0.0013367278822720256
global_moments,amp_noise,14,2,0,0.0001470989550810889
global_moments,amp_noise,14,3,0,0.0010872146521158817
global_moments,amp_noise,14,4,0,0.00034717596474621165
global_moments,amp_noise,14,5,0,4.66804035830215e-05
global_moments,amp_noise,14,6,0,0.0001156527793189574
global_moments,amp_noise,14,7,0,0.0014192694944623226
global_moments,amp_noise,14,8,0,0.00102015854792014
global_moments,amp_noise,14,9,0,0.0003973077038748399
global_moments,amp_noise,14,10,0,0.0007012881277883437
global_moments,amp_noise,14,11,0,8.306900361586267e-05
global_moments,amp_noise,15,0,0,0.0008185740719516867
global_moments,amp_noise,15,1,0,0.00011680514449323443
global_moments,amp_noise,15,2,0,0.00014666206166112639
global_moments,amp_noise,15,3,0,0.00023850596032475024
global_moments,amp_noise,15,4,0,1.574853437887741e-05
global_moments,amp_noise,15,5,0,3.5316500348839264e-05
global_moments,amp_noise,15,6,0,0.0005007713501734359
global_moments,amp_noise,15,7,0,0.0003019876949872692
global_moments,amp_noise,15,8,0,0.0001202965646219245
global_moments,amp_noise,15,9,1,1.516315122584988e-05
global_moments,amp_noise,15,10,0,5.5636938001077385e-06
global_moments,amp_noise,15,11,0,0.00035653536548394503
global_moments,amp_noise,16,0,0,0.00040548264664486133
global_moments,amp_noise,16,1,0,0.0008541854251964409
global_moments,amp_noise,16,2,0,0.00034784216297457926
global_moments,amp_noise,16,3,0,0.0003946084139313591
global_moments,amp_noise,16,4,0,0.0005582978800819163
global_moments,amp_noise,16,5,0,9.205803686143654e-06
global_moments,amp_noise,16,6,0,0.00042306164564168483
global_moments,amp_noise,16,7,0,6.868537402185404e-06
global_moments,amp_noise,16,8,0,0.0003382154537267257
global_moments,amp_noise,16,9,0,0.00027973896206603954
global_moments,amp_noise,16,10,0,4.105224766062787e-05
global_moments,amp_noise,16,11,0,8.814230411542667e-05
global_moments,amp_noise,17,0,0,2.0129879064918754e-06
global_moments,amp_noise,17,1,0,3.253149524380661e-07
global_moments,amp_noise,17,2,0,0.00028196155794099446
global_moments,amp_noise,17,3,0,0.0004996579534898016
global_moments,amp_noise,17,4,0,0.0005353883253727959
global_moments,amp_noise,17,5,0,0.00030403387208130517
global_moments,amp_noise,17,6,0,0.00014378904351664695
global_moments,amp_noise,17,7,0,0.0008837970833521988
global_moments,amp_noise,17,8,0,0.0002414843126304425
global_moments,amp_noise,17,9,0,3.657324946362839e-05
global_moments,amp_noise,17,10,0,7.076330401355191e-05
global_moments,amp_noise,17,11,0,1.0003497286109608e-05
global_moments,amp_noise,18,0,1,0.0003409775134014803
global_moments,amp_noise,18,1,1,0.00040095793062012997
global_moments,amp_noise,18,2,0,1.7466754271069918e-06
global_moments,amp_noise,18,3,0,3.3771024583878484e-06
global_moments,amp_noise,18,4,0,0.00019598664264197999
global_moments,amp_noise,18,5,1,0.0002496960350295563
global_moments,amp_noise,18,6,1,2.9270145221475113e-05
global_moments,amp_noise,18,7,1,4.9902149502151216e-05
global_moments,amp_noise,18,8,0,3.318969510667652e-05
global_moments,amp_noise,18,9,0,5.986532272778816e-05
global_moments,amp_noise,18,10,0,0.0010186910802421345
global_moments,amp_noise,18,11,0,8.823178739778004e-07
global_moments,amp_noise,19,0,0,0.00015377560726622871
global_moments,amp_noise,19,1,1,2.9130067149309158e-05
global_moments,amp_noise,19,2,1,0.0007061429053486813
global_moments,amp_noise,19,3,1,0.00027419036999148244
global_moments,amp_noise,19,4,0,0.0003603968498331195
global_moments,amp_noise,19,5,1,0.0005866191923039332
global_moments,amp_noise,19,6,0,2.7982575271714993e-06
global_moments,amp_noise,19,7,0,0.0002875034739217002
global_moments,amp_noise,19,8,0,0.00028804585258754983
global_moments,amp_noise,19,9,0,0.0011078042463024164
global_moments,amp_noise,19,10,0,0.0007406650137326467
global_moments,amp_noise,19,11,0,0.0001406691850113842
global_moments,amp_noise,20,0,0,2.7117795418304252e-05
global_moments,amp_noise,20,1,0,0.00022009296588538368
global_moments,amp_noise,20,2,0,0.00042236819092428615
global_moments,amp_noise,20,3,0,6.46139432850662e-06
global_moments,amp_noise,20,4,0,6.683213396033866e-05
global_moments,amp_noise,20,5,0,0.0013665108871516798
global_moments,amp_noise,20,6,0,0.0006316623711801091
global_moments,amp_noise,20,7,0,0.0003909419320729697
global_moments,amp_noise,20,8,0,8.191592052006827e-05
global_moments,amp_noise,20,9,0,0.00035264634750776375
global_moments,amp_noise,20,10,0,0.00041633202348804327
global_moments,amp_noise,20,11,0,0.00012515699820623422
global_moments,amp_noise,21,0,0,1.850099065243971e-05
global_moments,amp_noise,21,1,0,0.00017433001329829334
global_moments,amp_noise,21,2,0,7.814173216629666e-05
global_moments,amp_noise,21,3,0,0.001968841318011498
global_moments,amp_noise,21,4,0,0.00011957084638512111
global_moments,amp_noise,21,5,1,0.00041483156974812807
global_moments,amp_noise,21,6,0,4.514699379703363e-05
global_moments,amp_noise,21,7,1,0.0011585360789170517
global_moments,amp_noise,21,8,0,0.0011293468589245945
global_moments,amp_noise,21,9,0,8.696383671307623e-05
global_moments,amp_noise,21,10,0,0.0010562591011581603
global_moments,amp_noise,21,11,0,2.797513743837965e-05
global_moments,amp_noise,22,0,0,0.0004788229677223227
global_moments,amp_noise,22,1,0,1.8615696367345336e-05
global_moments,amp_noise,22,2,0,0.0002712833614984221
global_moments,amp_noise,22,3,1,0.0011965988864504964
global_moments,amp_noise,22,4,1,0.0005434844977099951
global_moments,amp_noise,22,5,0,0.0019987860144755915
global_moments,amp_noise,22,6,0,0.0005763831947490014
global_moments,amp_noise,22,7,0,0.0002831777835597196
global_moments,amp_noise,22,8,0,0.0010879945428260256
global_moments,amp_noise,22,9,0,0.0007943305015453671
global_moments,amp_noise,22,10,0,0.000392930289056459
global_moments,amp_noise,22,11,0,0.0014509127629316922
global_moments,amp_noise,23,0,0,0.000171320827971215
global_moments,amp_noise,23,1,0,0.0006516912028707161
global_moments,amp_noise,23,2,0,1.0107711274102635e-05
global_moments,amp_noise,23,3,0,0.0004347344592143046
global_moments,amp_noise,23,4,0,0.00013466966176817544
global_moments,amp_noise,23,5,0,4.786302621718336e-05
global_moments,amp_noise,23,6,0,0.0009365219262286312
global_moments,amp_noise,23,7,0,2.297895865513433e-05
global_moments,amp_noise,23,8,0,0.0006984506124991796
global_moments,amp_noise,23,9,0,0.0004671468979199171
global_moments,amp_noise,23,10,0,0.00010451557327911115
global_moments,amp_noise,23,11,0,0.00034215687204525863
global_moments,mixed,0,0,1,0.0008307180487307983
global_moments,mixed,0,1,0,9.684829162567854e-06
global_moments,mixed,0,2,0,0.0013139910600342714
global_moments,mixed,0,3,1,0.0002601161145540237
global_moments,mixed,0,4,0,0.00011428966091286963
global_moments,mixed,0,5,0,1.7230142204137378e-05
global_moments,mixed,0,6,0,0.0007100346876622032
global_moments,mixed,0,7,1,0.00014729006833241048
global_moments,mixed,0,8,0,0.0003297150190022663
global_moments,mixed,0,9,0,0.00037446319702753514
global_moments,mixed,0,10,0,3.0877223133427e-05
global_moments,mixed,0,11,0,0.00015540438482655392
global_moments,mixed,1,0,1,8.715566804973554e-05
global_moments,mixed,1,1,0,9.012741915433511e-05
global_moments,mixed,1,2,1,0.00018771766592305672
global_moments,mixed,1,3,0,2.287901751250182e-05
global_moments,mixed,1,4,1,0.00023155520943768382
global_moments,mixed,1,5,0,0.000446261193762211
global_moments,mixed,1,6,0,6.584837561308607e-05
global_moments,mixed,1,7,1,0.0007983233332219519
global_moments,mixed,1,8,1,6.330977862981091e-05
global_moments,mixed,1,9,0,2.9816272349613565e-05
global_moments,mixed,1,10,0,0.000937313870839538
global_moments,mixed,1,11,0,6.72764391015726e-05
global_moments,mixed,2,0,0,0.0005279214518782473
global_moments,mixed,2,1,0,0.00033264790193843034
global_moments,mixed,2,2,0,0.0007457572256069599
global_moments,mixed,2,3,1,0.0008459407228843079
global_moments,mixed,2,4,0,0.0002674447476631245
global_moments,mixed,2,5,0,3.379864030401275e-05
global_moments,mixed,2,6,0,0.0003983225521343491
global_moments,mixed,2,7,0,0.0004623582534707734
global_moments,mixed,2,8,0,0.00024644764907546385
global_moments,mixed,2,9,0,3.226004322205017e-05
global_moments,mixed,2,10,0,1.6929678074397575e-05
global_moments,mixed,2,11,0,0.00043474994284467897
global_moments,mixed,3,0,0,7.830022653392693e-05
global_moments,mixed,3,1,0,5.7225660569100445e-05
global_moments,mixed,3,2,0,2.678854112868681e-05
global_moments,mixed,3,3,1,6.143576931540509e-05
global_moments,mixed,3,4,1,0.0006189307289910032
global_moments,mixed,3,5,1,0.0005952773559752544
global_moments,mixed,3,6,0,0.0008517029836298297
global_moments,mixed,3,7,0,3.399605330571889e-05
global_moments,mixed,3,8,0,1.0897771534894296e-05
global_moments,mixed,3,9,0,0.0005753783736448664
global_moments,mixed,3,10,0,0.00016221982996294376
global_moments,mixed,3,11,0,6.313068350755763e-05
global_moments,mixed,4,0,0,5.9647001330334626e-05
global_moments,mixed,4,1,0,4.048170040977031e-05
global_moments,mixed,4,2,0,0.0009571245455205837
global_moments,mixed,4,3,0,0.0006573064095918291
global_moments,mixed,4,4,1,0.00044155578709060943
global_moments,mixed,4,5,0,0.00042105442700219806
global_moments,mixed,4,6,0,7.816163769144846e-05
global_moments,mixed,4,7,0,0.0002986589297246413
global_moments,mixed,4,8,0,0.0006191005156597484
global_moments,mixed,4,9,0,0.0006160080198916503
global_moments,mixed,4,10,0,3.1166138656620046e-05
global_moments,mixed,4,11,1,0.0007122619072856985
global_moments,mixed,5,0,0,0.0004036300890032096
global_moments,mixed,5,1,0,0.0004303345572859163
global_moments,mixed,5,2,0,0.00043682197472439885
global_moments,mixed,5,3,0,4.599999978646338e-05
global_moments,mixed,5,4,0,1.4500060116814928e-05
global_moments,mixed,5,5,0,0.0005495317219244567
global_moments,mixed,5,6,0,0.0008082677877471987
global_moments,mixed,5,7,0,0.0010220556675487463
global_moments,mixed,5,8,0,9.302025984348622e-05
global_moments,mixed,5,9,0,0.00031812715111539935
global_moments,mixed,5,10,0,0.00023590692361106363
global_moments,mixed,5,11,0,1.2777858348664989e-05
global_moments,mixed,6,0,0,3.678921669580948e-05
global_moments,mixed,6,1,0,0.00023311762579315484
global_moments,mixed,6,2,0,0.0007658129058425167
global_moments,mixed,6,3,0,5.460302000642389e-05
global_moments,mixed,6,4,0,0.0001844705800713685
global_moments,mixed,6,5,0,0.00014721310090549944
global_moments,mixed,6,6,0,0.00010162964322511618
global_moments,mixed,6,7,0,0.0005302174311032533
global_moments,mixed,6,8,0,0.0005195355291197495
global_moments,mixed,6,9,0,0.00022052064759620071
global_moments,mixed,6,10,0,0.0007537278008473217
global_moments,mixed,6,11,0,4.442623229024972e-05
global_moments,mixed,7,0,0,0.0002451013720642728
global_moments,mixed,7,1,1,1.0242138396336642e-05
global_moments,mixed,7,2,0,3.85528195445059e-05
global_moments,mixed,7,3,0,5.155265087542285e-05
global_moments,mixed,7,4,0,0.0003256364349791211
global_moments,mixed,7,5,0,2.829028888790691e-05
global_moments,mixed,7,6,0,0.0002600046942870318
global_moments,mixed,7,7,0,3.9915465240857734e-05
global_moments,mixed,7,8,0,1.2547103894852696e-05
global_moments,mixed,7,9,0,0.000122966290200463
global_moments,mixed,7,10,0,0.00012770811686270075
global_moments,mixed,7,11,0,6.0954030835100315e-05
global_moments,mixed,8,0,0,0.0006128790139877001
global_moments,mixed,8,1,0,0.0009511360716795529
global_moments,mixed,8,2,0,2.4630720832717612e-05
global_moments,mixed,8,3,0,6.688698578970025e-05
global_moments,mixed,8,4,0,0.00044094105912027837
global_moments,mixed,8,5,0,0.0001248926661908123
global_moments,mixed,8,6,0,0.0006761520377944561
global_moments,mixed,8,7,0,0.00043344905001100817
global_moments,mixed,8,8,0,0.0002199041224970246
global_moments,mixed,8,9,0,0.00011147260027052214
global_moments,mixed,8,10,0,0.00038752459469428707
global_moments,mixed,8,11,0,0.00038979417238570527
global_moments,mixed,9,0,0,0.00016263753884249513
global_moments,mixed,9,1,0,0.000801905903079117
global_moments,mixed,9,2,0,8.02058885467985e-05
global_moments,mixed,9,3,0,0.0001066688860001247
global_moments,mixed,9,4,0,0.00046099033911670487
global_moments,mixed,9,5,0,1.2544423673467586e-05
global_moments,mixed,9,6,0,6.494550901190582e-05
global_moments,mixed,9,7,0,0.00018234831774971427
global_moments,mixed,9,8,0,0.00019741360883841763
global_moments,mixed,9,9,0,0.00048568313224277293
global_moments,mixed,9,10,0,7.73019010069792e-05
global_moments,mixed,9,11,0,0.000539889503318701
global_moments,mixed,10,0,0,5.547684372123052e-06
global_moments,mixed,10,1,0,0.00028594477893517656
global_moments,mixed,10,2,0,6.820616030217552e-06
global_moments,mixed,10,3,0,9.975613861454985e-05
global_moments,mixed,10,4,0,0.0003445115924048947
global_moments,mixed,10,5,0,0.00021967236023767017
global_moments,mixed,10,6,0,0.0001010451837068771
global_moments,mixed,10,7,0,0.00045952690724545067
global_moments,mixed,10,8,0,0.0001457303571117119
global_moments,mixed,10,9,0,7.990996818178081e-05
global_moments,mixed,10,10,0,0.00010976277547912472
global_moments,mixed,10,11,0,0.00011592793806770862
global_moments,mixed,11,0,0,2.976392450440568e-05
global_moments,mixed,11,1,0,0.0009104838362120095
global_moments,mixed,11,2,0,7.118047134433911e-05
global_moments,mixed,11,3,0,7.118115718093843e-05
global_moments,mixed,11,4,0,6.72989323663338e-05
global_moments,mixed,11,5,0,0.00020523290902320357
global_moments,mixed,11,6,0,5.392140532336706e-05
global_moments,mixed,11,7,0,0.00040675811518066374
global_moments,mixed,11,8,0,3.322258042359402e-05
global_moments,mixed,11,9,0,0.000232522630036449
global_moments,mixed,11,10,0,0.0005363071674646842
global_moments,mixed,11,11,0,4.929950044849432e-05
global_moments,mixed,12,0,0,6.013168679546224e-05
global_moments,mixed,12,1,1,5.2440193580298444e-05
global_moments,mixed,12,2,0,0.0010265978168894595
global_moments,mixed,12,3,0,0.00012215804690519222
global_moments,mixed,12,4,0,0.0015485702995617356
global_moments,mixed,12,5,0,3.479542319849427e-05
global_moments,mixed,12,6,0,0.0008995247936556469
global_moments,mixed,12,7,0,0.000312152440701121
global_moments,mixed,12,8,0,0.00019117324751893178
global_moments,mixed,12,9,0,0.0009479401536058342
global_moments,mixed,12,10,0,0.0006483822023545076
global_moments,mixed,12,11,0,4.066293200950116e-05
global_moments,mixed,13,0,0,5.576405991412903e-05
global_moments,mixed,13,1,0,4.358059545893356e-05
global_moments,mixed,13,2,0,0.00012748463766300636
global_moments,mixed,13,3,0,0.0014668590195237516
global_moments,mixed,13,4,0,0.0009832483341389586
global_moments,mixed,13,5,0,3.7585032307503596e-05
global_moments,mixed,13,6,0,0.00013714931194401363
global_moments,mixed,13,7,0,0.00012101564222706529
global_moments,mixed,13,8,0,0.00169196620253813
global_moments,mixed,13,9,0,0.00031407458272718347
global_moments,mixed,13,10,0,3.955362857843703e-05
global_moments,mixed,13,11,0,0.0008355870904600705
global_moments,mixed,14,0,0,3.8572326549052294e-05
global_moments,mixed,14,1,0,0.001521494325346335
global_moments,mixed,14,2,0,0.0001802493459939214
global_moments,mixed,14,3,0,0.0011480220204361236
global_moments,mixed,14,4,0,0.00028031679334659595
global_moments,mixed,14,5,0,7.312663961415999e-07
global_moments,mixed,14,6,0,0.0001289084592731929
global_moments,mixed,14,7,0,0.0008752776096723584
global_moments,mixed,14,8,0,0.0011184412633672633
global_moments,mixed,14,9,0,5.776086706899344e-05
global_moments,mixed,14,10,0,0.000701093851608714
global_moments,mixed,14,11,0,9.999767448826136e-05
global_moments,mixed,15,0,0,0.001333655517503184
global_moments,mixed,15,1,0,9.586140911706925e-05
global_moments,mixed,15,2,0,3.7937886248444463e-06
global_moments,mixed,15,3,0,0.00022763376123829254
global_moments,mixed,15,4,0,5.590453085749236e-06
global_moments,mixed,15,5,0,8.60089012012788e-06
global_moments,mixed,15,6,0,0.0004629503760040683
global_moments,mixed,15,7,0,0.0002444226562050046
global_moments,mixed,15,8,0,7.370694798266089e-05
global_moments,mixed,15,9,1,4.454821481438345e-05
global_moments,mixed,15,10,0,3.863289946848952e-05
global_moments,mixed,15,11,0,0.00021451113990040085
global_moments,mixed,16,0,0,0.00041016478596420103
global_moments,mixed,16,1,0,0.0018700661890088885
global_moments,mixed,16,2,0,0.0005992201463429405
global_moments,mixed,16,3,0,0.00035026921656161614
global_moments,mixed,16,4,0,0.00041459900136654564
global_moments,mixed,16,5,0,3.405752211663171e-05
global_moments,mixed,16,6,0,0.00043541041417262914
global_moments,mixed,16,7,1,1.2661133431075833e-05
global_moments,mixed,16,8,0,0.00030228767065292386
global_moments,mixed,16,9,0,0.0012105091042061422
global_moments,mixed,16,10,0,7.326383440302633e-05
global_moments,mixed,16,11,0,6.358236336428263e-05
global_moments,mixed,17,0,0,5.6318544347774835e-05
global_moments,mixed,17,1,0,0.00012672845394717108
global_moments,mixed,17,2,0,4.3354590655755865e-05
global_moments,mixed,17,3,0,0.000490613342702062
global_moments,mixed,17,4,0,0.0005531139516324109
global_moments,mixed,17,5,0,0.00032531611657237586
global_moments,mixed,17,6,0,0.00019160324011877755
global_moments,mixed,17,7,0,0.0008574798336041488
global_moments,mixed,17,8,0,0.0002982545406026056
global_moments,mixed,17,9,0,6.355431174585868e-05
global_moments,mixed,17,10,0,6.464243707965389e-05
global_moments,mixed,17,11,0,3.754532938612942e-05
global_moments,mixed,18,0,1,0.0009402585059964837
global_moments,mixed,18,1,1,0.0004283090249236586
global_moments,mixed,18,2,0,0.0003819606037701994
global_moments,mixed,18,3,0,3.691877987627851e-05
global_moments,mixed,18,4,0,0.0001345754641943718
global_moments,mixed,18,5,1,0.0002805104984610514
global_moments,mixed,18,6,1,0.00014137057722667622
global_moments,mixed,18,7,1,8.624737341718369e-05
global_moments,mixed,18,8,0,1.9710185741247943e-06
global_moments,mixed,18,9,0,1.0952605422331896e-06
global_moments,mixed,18,10,0,0.0014460724603227205
global_moments,mixed,18,11,0,4.986678998088884e-05
global_moments,mixed,19,0,0,0.00018417529086767193
global_moments,mixed,19,1,1,8.448797945498181e-05
global_moments,mixed,19,2,1,0.0007334720260440339
global_moments,mixed,19,3,1,0.0003096423587446509
global_moments,mixed,19,4,0,0.0004924207389975649
global_moments,mixed,19,5,1,0.0006025996666537276
global_moments,mixed,19,6,0,0.00010976895277471296
global_moments,mixed,19,7,0,0.00046833046026532703
global_moments,mixed,19,8,0,0.00029553914617223495
global_moments,mixed,19,9,0,0.0015098517495064669
global_moments,mixed,19,10,0,0.0007338261425346767
global_moments,mixed,19,11,0,0.00010479471642780777
global_moments,mixed,20,0,0,7.465163951113352e-05
global_moments,mixed,20,1,1,0.0004161819768216356
global_moments,mixed,20,2,0,0.0005633328420634708
global_moments,mixed,20,3,0,2.0874663924086434e-06
global_moments,mixed,20,4,0,5.997110798138666e-05
global_moments,mixed,20,5,0,0.001153063827832139
global_moments,mixed,20,6,0,0.0005529976597942431
global_moments,mixed,20,7,0,0.0003628456194880482
global_moments,mixed,20,8,0,8.887287610633877e-05
global_moments,mixed,20,9,0,0.00010286009023632164
global_moments,mixed,20,10,0,0.0005061043339718921
global_moments,mixed,20,11,0,9.228196663048013e-05
global_moments,mixed,21,0,0,2.041701146818925e-05
global_moments,mixed,21,1,0,0.00018201246712268304
global_moments,mixed,21,2,0,2.97502568720881e-05
global_moments,mixed,21,3,0,0.001572124980106282
global_moments,mixed,21,4,0,0.00016529936603334322
global_moments,mixed,21,5,1,0.0004291494379020794
global_moments,mixed,21,6,0,0.00010007570146620265
global_moments,mixed,21,7,1,0.0011828716134054881
global_moments,mixed,21,8,0,0.001156997309330568
global_moments,mixed,21,9,0,7.279290290803861e-05
global_moments,mixed,21,10,0,0.0017501324295603714
global_moments,mixed,21,11,0,6.099071877425921e-05
global_moments,mixed,22,0,0,0.0004801954314683221
global_moments,mixed,22,1,0,2.571993690639665e-05
global_moments,mixed,22,2,0,0.0001338176801839834
global_moments,mixed,22,3,1,0.0012436938692791215
global_moments,mixed,22,4,1,0.0005705707835291264
global_moments,mixed,22,5,0,0.0017013205450452946
global_moments,mixed,22,6,0,0.0004401916874426839
global_moments,mixed,22,7,0,0.00020354458269866357
global_moments,mixed,22,8,0,0.0010330847174965171
global_moments,mixed,22,9,1,0.0010136534393341903
global_moments,mixed,22,10,0,0.0007018951147590002
global_moments,mixed,22,11,0,0.0015350918824289968
global_moments,mixed,23,0,0,7.584382941612511e-05
global_moments,mixed,23,1,0,0.00012557641010900109
global_moments,mixed,23,2,0,0.0003297244997544895
global_moments,mixed,23,3,0,0.000403039382295127
global_moments,mixed,23,4,0,6.528114769621673e-05
global_moments,mixed,23,5,0,7.974624648018729e-05
global_moments,mixed,23,6,0,0.0011468867392339897
global_moments,mixed,23,7,0,4.737738909631542e-05
global_moments,mixed,23,8,0,0.0006793257633741882
global_moments,mixed,23,9,0,1.1449974664814316e-05
global_moments,mixed,23,10,0,0.00037233738850402445
global_moments,mixed,23,11,0,0.0002374113237206231
coarse_map,phase_wipe,0,0,1,0.5579404699340111
coarse_map,phase_wipe,0,1,1,0.5579404699340111
coarse_map,phase_wipe,0,2,1,0.5579404699340111
coarse_map,phase_wipe,0,3,1,0.5579404699340111
coarse_map,phase_wipe,0,4,1,0.5579404699340111
coarse_map,phase_wipe,0,5,1,0.5579404699340111
coarse_map,phase_wipe,0,6,1,0.5579404699340111
coarse_map,phase_wipe,0,7,1,0.5579404699340111
coarse_map,phase_wipe,0,8,1,0.5579404699340111
coarse_map,phase_wipe,0,9,1,0.5579404699340111
coarse_map,phase_wipe,0,10,1,0.5579404699340111
coarse_map,phase_wipe,0,11,1,0.5579404699340111
coarse_map,phase_wipe,1,0,1,0.5714369928205444
coarse_map,phase_wipe,1,1,1,0.5714369928205444
coarse_map,phase_wipe,1,2,1,0.5714369928205444
coarse_map,phase_wipe,1,3,1,0.5714369928205444
coarse_map,phase_wipe,1,4,1,0.5714369928205444
coarse_map,phase_wipe,1,5,1,0.5714369928205444
coarse_map,phase_wipe,1,6,1,0.5714369928205444
coarse_map,phase_wipe,1,7,1,0.5714369928205444
coarse_map,phase_wipe,1,8,1,0.5714369928205444
coarse_map,phase_wipe,1,9,1,0.5714369928205444
coarse_map,phase_wipe,1,10,1,0.5714369928205444
coarse_map,phase_wipe,1,11,1,0.5714369928205444
coarse_map,phase_wipe,2,0,1,0.009969807695450361
coarse_map,phase_wipe,2,1,1,0.009969807695450361
coarse_map,phase_wipe,2,2,1,0.009969807695450361
coarse_map,phase_wipe,2,3,1,0.009969807695450361
coarse_map,phase_wipe,2,4,1,0.009969807695450361
coarse_map,phase_wipe,2,5,1,0.009969807695450361
coarse_map,phase_wipe,2,6,1,0.009969807695450361
coarse_map,phase_wipe,2,7,1,0.009969807695450361
coarse_map,phase_wipe,2,8,1,0.009969807695450361
coarse_map,phase_wipe,2,9,1,0.009969807695450361
coarse_map,phase_wipe,2,10,1,0.009969807695450361
coarse_map,phase_wipe,2,11,1,0.009969807695450361
coarse_map,phase_wipe,3,0,1,0.5351090239771604
coarse_map,phase_wipe,3,1,1,0.5351090239771604
coarse_map,phase_wipe,3,2,1,0.5351090239771604
coarse_map,phase_wipe,3,3,1,0.5351090239771604
coarse_map,phase_wipe,3,4,1,0.5351090239771604
coarse_map,phase_wipe,3,5,1,0.5351090239771604
coarse_map,phase_wipe,3,6,1,0.5351090239771604
coarse_map,phase_wipe,3,7,1,0.5351090239771604
coarse_map,phase_wipe,3,8,1,0.5351090239771604
coarse_map,phase_wipe,3,9,1,0.5351090239771604
coarse_map,phase_wipe,3,10,1,0.5351090239771604
coarse_map,phase_wipe,3,11,1,0.5351090239771604
coarse_map,phase_wipe,4,0,1,0.4944009586433193
coarse_map,phase_wipe,4,1,1,0.4944009586433193
coarse_map,phase_wipe,4,2,1,0.4944009586433193
coarse_map,phase_wipe,4,3,1,0.4944009586433193
coarse_map,phase_wipe,4,4,1,0.4944009586433193
coarse_map,phase_wipe,4,5,1,0.4944009586433193
coarse_map,phase_wipe,4,6,1,0.4944009586433193
coarse_map,phase_wipe,4,7,1,0.4944009586433193
coarse_map,phase_wipe,4,8,1,0.4944009586433193
coarse_map,phase_wipe,4,9,1,0.4944009586433193
coarse_map,phase_wipe,4,10,1,0.4944009586433193
coarse_map,phase_wipe,4,11,1,0.4944009586433193
coarse_map,phase_wipe,5,0,1,0.4101365212636709
coarse_map,phase_wipe,5,1,1,0.4101365212636709
coarse_map,phase_wipe,5,2,1,0.4101365212636709
coarse_map,phase_wipe,5,3,1,0.4101365212636709
coarse_map,phase_wipe,5,4,1,0.4101365212636709
coarse_map,phase_wipe,5,5,1,0.4101365212636709
coarse_map,phase_wipe,5,6,1,0.4101365212636709
coarse_map,phase_wipe,5,7,1,0.4101365212636709
coarse_map,phase_wipe,5,8,1,0.4101365212636709
coarse_map,phase_wipe,5,9,1,0.4101365212636709
coarse_map,phase_wipe,5,10,1,0.4101365212636709
coarse_map,phase_wipe,5,11,1,0.4101365212636709
coarse_map,phase_wipe,6,0,1,0.5579404699340111
coarse_map,phase_wipe,6,1,1,0.5579404699340111
coarse_map,phase_wipe,6,2,1,0.5579404699340111
coarse_map,phase_wipe,6,3,1,0.5579404699340111
coarse_map,phase_wipe,6,4,1,0.5579404699340111
coarse_map,phase_wipe,6,5,1,0.5579404699340111
coarse_map,phase_wipe,6,6,1,0.5579404699340111
coarse_map,phase_wipe,6,7,1,0.5579404699340111
coarse_map,phase_wipe,6,8,1,0.5579404699340111
coarse_map,phase_wipe,6,9,1,0.5579404699340111
coarse_map,phase_wipe,6,10,1,0.5579404699340111
coarse_map,phase_wipe,6,11,1,0.5579404699340111
coarse_map,phase_wipe,7,0,1,0.552124905989666
coarse_map,phase_wipe,7,1,1,0.552124905989666
coarse_map,phase_wipe,7,2,1,0.552124905989666
coarse_map,phase_wipe,7,3,1,0.552124905989666
coarse_map,phase_wipe,7,4,1,0.552124905989666
coarse_map,phase_wipe,7,5,1,0.552124905989666
coarse_map,phase_wipe,7,6,1,0.552124905989666
coarse_map,phase_wipe,7,7,1,0.552124905989666
coarse_map,phase_wipe,7,8,1,0.552124905989666
coarse_map,phase_wipe,7,9,1,0.552124905989666
coarse_map,phase_wipe,7,10,1,0.552124905989666
coarse_map,phase_wipe,7,11,1,0.552124905989666
coarse_map,phase_wipe,8,0,1,0.009969807695450361
coarse_map,phase_wipe,8,1,1,0.009969807695450361
coarse_map,phase_wipe,8,2,1,0.009969807695450361
coarse_map,phase_wipe,8,3,1,0.009969807695450361
coarse_map,phase_wipe,8,4,1,0.009969807695450361
coarse_map,phase_wipe,8,5,1,0.009969807695450361
coarse_map,phase_wipe,8,6,1,0.009969807695450361
coarse_map,phase_wipe,8,7,1,0.009969807695450361
coarse_map,phase_wipe,8,8,1,0.009969807695450361
coarse_map,phase_wipe,8,9,1,0.009969807695450361
coarse_map,phase_wipe,8,10,1,0.009969807695450361
coarse_map,phase_wipe,8,11,1,0.009969807695450361
coarse_map,phase_wipe,9,0,1,0.431617317592824
coarse_map,phase_wipe,9,1,1,0.431617317592824
coarse_map,phase_wipe,9,2,1,0.431617317592824
coarse_map,phase_wipe,9,3,1,0.431617317592824
coarse_map,phase_wipe,9,4,1,0.431617317592824
coarse_map,phase_wipe,9,5,1,0.431617317592824
coarse_map,phase_wipe,9,6,1,0.431617317592824
coarse_map,phase_wipe,9,7,1,0.431617317592824
coarse_map,phase_wipe,9,8,1,0.431617317592824
coarse_map,phase_wipe,9,9,1,0.431617317592824
coarse_map,phase_wipe,9,10,1,0.431617317592824
coarse_map,phase_wipe,9,11,1,0.431617317592824
coarse_map,phase_wipe,10,0,1,0.3826853030514194
coarse_map,phase_wipe,10,1,1,0.3826853030514194
coarse_map,phase_wipe,10,2,1,0.3826853030514194
coarse_map,phase_wipe,10,3,1,0.3826853030514194
coarse_map,phase_wipe,10,4,1,0.3826853030514194
coarse_map,phase_wipe,10,5,1,0.3826853030514194
coarse_map,phase_wipe,10,6,1,0.3826853030514194
coarse_map,phase_wipe,10,7,1,0.3826853030514194
coarse_map,phase_wipe,10,8,1,0.3826853030514194
coarse_map,phase_wipe,10,9,1,0.3826853030514194
coarse_map,phase_wipe,10,10,1,0.3826853030514194
coarse_map,phase_wipe,10,11,1,0.3826853030514194
coarse_map,phase_wipe,11,0,1,0.356463158910496
coarse_map,phase_wipe,11,1,1,0.356463158910496
coarse_map,phase_wipe,11,2,1,0.356463158910496
coarse_map,phase_wipe,11,3,1,0.356463158910496
coarse_map,phase_wipe,11,4,1,0.356463158910496
coarse_map,phase_wipe,11,5,1,0.356463158910496
coarse_map,phase_wipe,11,6,1,0.356463158910496
coarse_map,phase_wipe,11,7,1,0.356463158910496
coarse_map,phase_wipe,11,8,1,0.356463158910496
coarse_map,phase_wipe,11,9,1,0.356463158910496
coarse_map,phase_wipe,11,10,1,0.356463158910496
coarse_map,phase_wipe,11,11,1,0.356463158910496
coarse_map,phase_wipe,12,0,1,0.16420402163029055
coarse_map,phase_wipe,12,1,1,0.16420402163029055
coarse_map,phase_wipe,12,2,1,0.16420402163029055
coarse_map,phase_wipe,12,3,1,0.16420402163029055
coarse_map,phase_wipe,12,4,1,0.16420402163029055
coarse_map,phase_wipe,12,5,1,0.16420402163029055
coarse_map,phase_wipe,12,6,1,0.16420402163029055
coarse_map,phase_wipe,12,7,1,0.16420402163029055
coarse_map,phase_wipe,12,8,1,0.16420402163029055
coarse_map,phase_wipe,12,9,1,0.16420402163029055
coarse_map,phase_wipe,12,10,1,0.16420402163029055
coarse_map,phase_wipe,12,11,1,0.16420402163029055
coarse_map,phase_wipe,13,0,1,0.1522389185478503
coarse_map,phase_wipe,13,1,1,0.1522389185478503
coarse_map,phase_wipe,13,2,1,0.1522389185478503
coarse_map,phase_wipe,13,3,1,0.1522389185478503
coarse_map,phase_wipe,13,4,1,0.1522389185478503
coarse_map,phase_wipe,13,5,1,0.1522389185478503
coarse_map,phase_wipe,13,6,1,0.1522389185478503
coarse_map,phase_wipe,13,7,1,0.1522389185478503
coarse_map,phase_wipe,13,8,1,0.1522389185478503
coarse_map,phase_wipe,13,9,1,0.1522389185478503
coarse_map,phase_wipe,13,10,1,0.1522389185478503
coarse_map,phase_wipe,13,11,1,0.1522389185478503
coarse_map,phase_wipe,14,0,1,0.01927874514034348
coarse_map,phase_wipe,14,1,1,0.01927874514034348
coarse_map,phase_wipe,14,2,1,0.01927874514034348
coarse_map,phase_wipe,14,3,1,0.01927874514034348
coarse_map,phase_wipe,14,4,1,0.01927874514034348
coarse_map,phase_wipe,14,5,1,0.01927874514034348
coarse_map,phase_wipe,14,6,1,0.01927874514034348
coarse_map,phase_wipe,14,7,1,0.01927874514034348
coarse_map,phase_wipe,14,8,1,0.01927874514034348
coarse_map,phase_wipe,14,9,1,0.01927874514034348
coarse_map,phase_wipe,14,10,1,0.01927874514034348
coarse_map,phase_wipe,14,11,1,0.01927874514034348
coarse_map,phase_wipe,15,0,1,0.16007930867559994
coarse_map,phase_wipe,15,1,1,0.16007930867559994
coarse_map,phase_wipe,15,2,1,0.16007930867559994
coarse_map,phase_wipe,15,3,1,0.16007930867559994
coarse_map,phase_wipe,15,4,1,0.16007930867559994
coarse_map,phase_wipe,15,5,1,0.16007930867559994
coarse_map,phase_wipe,15,6,1,0.16007930867559994
coarse_map,phase_wipe,15,7,1,0.16007930867559994
coarse_map,phase_wipe,15,8,1,0.16007930867559994
coarse_map,phase_wipe,15,9,1,0.16007930867559994
coarse_map,phase_wipe,15,10,1,0.16007930867559994
coarse_map,phase_wipe,15,11,1,0.16007930867559994
coarse_map,phase_wipe,16,0,1,0.1439520525660116
coarse_map,phase_wipe,16,1,1,0.1439520525660116
coarse_map,phase_wipe,16,2,1,0.1439520525660116
coarse_map,phase_wipe,16,3,1,0.1439520525660116
coarse_map,phase_wipe,16,4,1,0.1439520525660116
coarse_map,phase_wipe,16,5,1,0.1439520525660116
coarse_map,phase_wipe,16,6,1,0.1439520525660116
coarse_map,phase_wipe,16,7,1,0.1439520525660116
coarse_map,phase_wipe,16,8,1,0.1439520525660116
coarse_map,phase_wipe,16,9,1,0.1439520525660116
coarse_map,phase_wipe,16,10,1,0.1439520525660116
coarse_map,phase_wipe,16,11,1,0.1439520525660116
coarse_map,phase_wipe,17,0,1,0.10703759293275661
coarse_map,phase_wipe,17,1,1,0.10703759293275661
coarse_map,phase_wipe,17,2,1,0.10703759293275661
coarse_map,phase_wipe,17,3,1,0.10703759293275661
coarse_map,phase_wipe,17,4,1,0.10703759293275661
coarse_map,phase_wipe,17,5,1,0.10703759293275661
coarse_map,phase_wipe,17,6,1,0.10703759293275661
coarse_map,phase_wipe,17,7,1,0.10703759293275661
coarse_map,phase_wipe,17,8,1,0.10703759293275661
coarse_map,phase_wipe,17,9,1,0.10703759293275661
coarse_map,phase_wipe,17,10,1,0.10703759293275661
coarse_map,phase_wipe,17,11,1,0.10703759293275661
coarse_map,phase_wipe,18,0,1,0.16420402163029055
coarse_map,phase_wipe,18,1,1,0.16420402163029055
coarse_map,phase_wipe,18,2,1,0.16420402163029055
coarse_map,phase_wipe,18,3,1,0.16420402163029055
coarse_map,phase_wipe,18,4,1,0.16420402163029055
coarse_map,phase_wipe,18,5,1,0.16420402163029055
coarse_map,phase_wipe,18,6,1,0.16420402163029055
coarse_map,phase_wipe,18,7,1,0.16420402163029055
coarse_map,phase_wipe,18,8,1,0.16420402163029055
coarse_map,phase_wipe,18,9,1,0.16420402163029055
coarse_map,phase_wipe,18,10,1,0.16420402163029055
coarse_map,phase_wipe,18,11,1,0.16420402163029055
coarse_map,phase_wipe,19,0,1,0.1522389185478503
coarse_map,phase_wipe,19,1,1,0.1522389185478503
coarse_map,phase_wipe,19,2,1,0.1522389185478503
coarse_map,phase_wipe,19,3,1,0.1522389185478503
coarse_map,phase_wipe,19,4,1,0.1522389185478503
coarse_map,phase_wipe,19,5,1,0.1522389185478503
coarse_map,phase_wipe,19,6,1,0.1522389185478503
coarse_map,phase_wipe,19,7,1,0.1522389185478503
coarse_map,phase_wipe,19,8,1,0.1522389185478503
coarse_map,phase_wipe,19,9,1,0.1522389185478503
coarse_map,phase_wipe,19,10,1,0.1522389185478503
coarse_map,phase_wipe,19,11,1,0.1522389185478503
coarse_map,phase_wipe,20,0,1,0.10412902484567546
coarse_map,phase_wipe,20,1,1,0.10412902484567546
coarse_map,phase_wipe,20,2,1,0.10412902484567546
coarse_map,phase_wipe,20,3,1,0.10412902484567546
coarse_map,phase_wipe,20,4,1,0.10412902484567546
coarse_map,phase_wipe,20,5,1,0.10412902484567546
coarse_map,phase_wipe,20,6,1,0.10412902484567546
coarse_map,phase_wipe,20,7,1,0.10412902484567546
coarse_map,phase_wipe,20,8,1,0.10412902484567546
coarse_map,phase_wipe,20,9,1,0.10412902484567546
coarse_map,phase_wipe,20,10,1,0.10412902484567546
coarse_map,phase_wipe,20,11,1,0.10412902484567546
coarse_map,phase_wipe,21,0,1,0.16007930867559994
coarse_map,phase_wipe,21,1,1,0.16007930867559994
coarse_map,phase_wipe,21,2,1,0.16007930867559994
coarse_map,phase_wipe,21,3,1,0.16007930867559994
coarse_map,phase_wipe,21,4,1,0.16007930867559994
coarse_map,phase_wipe,21,5,1,0.16007930867559994
coarse_map,phase_wipe,21,6,1,0.16007930867559994
coarse_map,phase_wipe,21,7,1,0.16007930867559994
coarse_map,phase_wipe,21,8,1,0.16007930867559994
coarse_map,phase_wipe,21,9,1,0.16007930867559994
coarse_map,phase_wipe,21,10,1,0.16007930867559994
coarse_map,phase_wipe,21,11,1,0.16007930867559994
coarse_map,phase_wipe,22,0,1,0.1439520525660116
coarse_map,phase_wipe,22,1,1,0.1439520525660116
coarse_map,phase_wipe,22,2,1,0.1439520525660116
coarse_map,phase_wipe,22,3,1,0.1439520525660116
coarse_map,phase_wipe,22,4,1,0.1439520525660116
coarse_map,phase_wipe,22,5,1,0.1439520525660116
coarse_map,phase_wipe,22,6,1,0.1439520525660116
coarse_map,phase_wipe,22,7,1,0.1439520525660116
coarse_map,phase_wipe,22,8,1,0.1439520525660116
coarse_map,phase_wipe,22,9,1,0.1439520525660116
coarse_map,phase_wipe,22,10,1,0.1439520525660116
coarse_map,phase_wipe,22,11,1,0.1439520525660116
coarse_map,phase_wipe,23,0,1,0.10703759293275661
coarse_map,phase_wipe,23,1,1,0.10703759293275661
coarse_map,phase_wipe,23,2,1,0.10703759293275661
coarse_map,phase_wipe,23,3,1,0.10703759293275661
coarse_map,phase_wipe,23,4,1,0.10703759293275661
coarse_map,phase_wipe,23,5,1,0.10703759293275661
coarse_map,phase_wipe,23,6,1,0.10703759293275661
coarse_map,phase_wipe,23,7,1,0.10703759293275661
coarse_map,phase_wipe,23,8,1,0.10703759293275661
coarse_map,phase_wipe,23,9,1,0.10703759293275661
coarse_map,phase_wipe,23,10,1,0.10703759293275661
coarse_map,phase_wipe,23,11,1,0.10703759293275661
coarse_map,dropout_50,0,0,1,0.4923011313900464
coarse_map,dropout_50,0,1,1,0.40685000531592475
coarse_map,dropout_50,0,2,1,0.45051532976503117
coarse_map,dropout_50,0,3,1,0.4061845050068811
coarse_map,dropout_50,0,4,1,0.38413535414722516
coarse_map,dropout_50,0,5,1,0.45567735106426743
coarse_map,dropout_50,0,6,1,0.37312540050765897
coarse_map,dropout_50,0,7,1,0.21651039235364233
coarse_map,dropout_50,0,8,1,0.4375625713632002
coarse_map,dropout_50,0,9,1,0.35547149291557634
coarse_map,dropout_50,0,10,1,0.4177467601134177
coarse_map,dropout_50,0,11,1,0.46007287247163864
coarse_map,dropout_50,1,0,1,0.4205258617892109
coarse_map,dropout_50,1,1,1,0.42657170913745723
coarse_map,dropout_50,1,2,1,0.48733322513172395
coarse_map,dropout_50,1,3,1,0.40247543512870076
coarse_map,dropout_50,1,4,1,0.5197360932001944
coarse_map,dropout_50,1,5,1,0.4514259870723808
coarse_map,dropout_50,1,6,1,0.4795352451250856
coarse_map,dropout_50,1,7,1,0.4584136865014209
coarse_map,dropout_50,1,8,1,0.35629562743151977
coarse_map,dropout_50,1,9,1,0.214587706563571
coarse_map,dropout_50,1,10,1,0.43910709195731346
coarse_map,dropout_50,1,11,1,0.4788689596296019
coarse_map,dropout_50,2,0,1,0.002423290622638033
coarse_map,dropout_50,2,1,1,0.00022091456768116857
coarse_map,dropout_50,2,2,0,0.0002796354049326953
coarse_map,dropout_50,2,3,0,0.004770221900774779
coarse_map,dropout_50,2,4,0,0.0049383224198385756
coarse_map,dropout_50,2,5,0,0.009349500165490077
coarse_map,dropout_50,2,6,1,0.007500853359843039
coarse_map,dropout_50,2,7,1,0.0061596222630310865
coarse_map,dropout_50,2,8,0,0.0016964534384199953
coarse_map,dropout_50,2,9,0,0.006488302881875754
coarse_map,dropout_50,2,10,0,0.00014344378510519618
coarse_map,dropout_50,2,11,0,0.0012471940494956368
coarse_map,dropout_50,3,0,1,0.10521351891988681
coarse_map,dropout_50,3,1,1,0.4302922937990775
coarse_map,dropout_50,3,2,1,0.4234811931823975
coarse_map,dropout_50,3,3,1,0.3060385811022514
coarse_map,dropout_50,3,4,1,0.464841664914469
coarse_map,dropout_50,3,5,1,0.2787180107338696
coarse_map,dropout_50,3,6,1,0.37644607470344715
coarse_map,dropout_50,3,7,1,0.2825043879289748
coarse_map,dropout_50,3,8,1,0.44706897815835905
coarse_map,dropout_50,3,9,1,0.44059105667855775
coarse_map,dropout_50,3,10,1,0.41288590586965807
coarse_map,dropout_50,3,11,1,0.4589814044423006
coarse_map,dropout_50,4,0,1,0.3740012541420678
coarse_map,dropout_50,4,1,1,0.3841612716615337
coarse_map,dropout_50,4,2,1,0.3616474759141839
coarse_map,dropout_50,4,3,1,0.35524730702495555
coarse_map,dropout_50,4,4,1,0.362620169677513
coarse_map,dropout_50,4,5,1,0.33345428508424024
coarse_map,dropout_50,4,6,1,0.3948373665031565
coarse_map,dropout_50,4,7,1,0.3278192273312739
coarse_map,dropout_50,4,8,1,0.3397699792132124
coarse_map,dropout_50,4,9,1,0.4216126659517665
coarse_map,dropout_50,4,10,1,0.38519909782644535
coarse_map,dropout_50,4,11,1,0.37187684239711694
coarse_map,dropout_50,5,0,1,0.34937309817869744
coarse_map,dropout_50,5,1,1,0.27797495996640814
coarse_map,dropout_50,5,2,1,0.27879104377009234
coarse_map,dropout_50,5,3,1,0.32768938828486716
coarse_map,dropout_50,5,4,1,0.35112287599553726
coarse_map,dropout_50,5,5,1,0.25210960249396713
coarse_map,dropout_50,5,6,1,0.3347196222005576
coarse_map,dropout_50,5,7,1,0.29445003917626245
coarse_map,dropout_50,5,8,1,0.33869877100914014
coarse_map,dropout_50,5,9,1,0.30544209382073056
coarse_map,dropout_50,5,10,1,0.30147166858777635
coarse_map,dropout_50,5,11,1,0.3048639973744632
coarse_map,dropout_50,6,0,1,0.5245022521711314
coarse_map,dropout_50,6,1,1,0.5521579507490258
coarse_map,dropout_50,6,2,1,0.4962125886398998
coarse_map,dropout_50,6,3,1,0.5260407889786227
coarse_map,dropout_50,6,4,1,0.46642161393734644
coarse_map,dropout_50,6,5,1,0.46283671667925
coarse_map,dropout_50,6,6,1,0.4658418415749743
coarse_map,dropout_50,6,7,1,0.46721172292074165
coarse_map,dropout_50,6,8,1,0.4673848731156581
coarse_map,dropout_50,6,9,1,0.515866765662625
coarse_map,dropout_50,6,10,1,0.5133298850203072
coarse_map,dropout_50,6,11,1,0.49590518877013745
coarse_map,dropout_50,7,0,1,0.4347934580631321
coarse_map,dropout_50,7,1,1,0.38404027525679824
coarse_map,dropout_50,7,2,1,0.5147888893629383
coarse_map,dropout_50,7,3,1,0.4923121444900172
coarse_map,dropout_50,7,4,1,0.46000087044405724
coarse_map,dropout_50,7,5,1,0.47949263075359894
coarse_map,dropout_50,7,6,1,0.5060444187929884
coarse_map,dropout_50,7,7,1,0.4588428365170252
coarse_map,dropout_50,7,8,1,0.47643832697325067
coarse_map,dropout_50,7,9,1,0.5025391251362511
coarse_map,dropout_50,7,10,1,0.47257003043548307
coarse_map,dropout_50,7,11,1,0.45195279409277855
coarse_map,dropout_50,8,0,0,9.779519416580618e-05
coarse_map,dropout_50,8,1,0,0.007679196801779212
coarse_map,dropout_50,8,2,0,0.0006145917714141941
coarse_map,dropout_50,8,3,0,0.009152975118811468
coarse_map,dropout_50,8,4,0,0.0005859963112822691
coarse_map,dropout_50,8,5,0,0.005944006228439977
coarse_map,dropout_50,8,6,0,0.0020075236709710537
coarse_map,dropout_50,8,7,0,0.0012798760484635657
coarse_map,dropout_50,8,8,0,0.00878061313930771
coarse_map,dropout_50,8,9,0,0.00797956393794376
coarse_map,dropout_50,8,10,0,0.0006916667181744232
coarse_map,dropout_50,8,11,0,0.004834175192183446
coarse_map,dropout_50,9,0,1,0.3489880195216061
coarse_map,dropout_50,9,1,1,0.3347651586506262
coarse_map,dropout_50,9,2,1,0.34782778169379563
coarse_map,dropout_50,9,3,1,0.3921332311378572
coarse_map,dropout_50,9,4,1,0.37864359793783225
coarse_map,dropout_50,9,5,1,0.3859637178425812
coarse_map,dropout_50,9,6,1,0.33211686607795415
coarse_map,dropout_50,9,7,1,0.3769236535906466
coarse_map,dropout_50,9,8,1,0.40671532745651334
coarse_map,dropout_50,9,9,1,0.3895677520193278
coarse_map,dropout_50,9,10,1,0.38640495585919654
coarse_map,dropout_50,9,11,1,0.3944474668041756
coarse_map,dropout_50,10,0,1,0.3243514971334275
coarse_map,dropout_50,10,1,1,0.3253420174190359
coarse_map,dropout_50,10,2,1,0.33021755722685087
coarse_map,dropout_50,10,3,1,0.2928892241129485
coarse_map,dropout_50,10,4,1,0.31600256851954656
coarse_map,dropout_50,10,5,1,0.31192746635591795
coarse_map,dropout_50,10,6,1,0.3587202898195652
coarse_map,dropout_50,10,7,1,0.27938405662139687
coarse_map,dropout_50,10,8,1,0.30727510620813
coarse_map,dropout_50,10,9,1,0.31800242757409364
coarse_map,dropout_50,10,10,1,0.2882441680942428
coarse_map,dropout_50,10,11,1,0.3713965923920867
coarse_map,dropout_50,11,0,1,0.2566113836685676
coarse_map,dropout_50,11,1,1,0.2585236017306134
coarse_map,dropout_50,11,2,1,0.27112016974477454
coarse_map,dropout_50,11,3,1,0.2846570491697361
coarse_map,dropout_50,11,4,1,0.3259811591659057
coarse_map,dropout_50,11,5,1,0.246559745303393
coarse_map,dropout_50,11,6,1,0.233122522042275
coarse_map,dropout_50,11,7,1,0.23294535502157743
coarse_map,dropout_50,11,8,1,0.23633513837748144
coarse_map,dropout_50,11,9,1,0.2829420861456915
coarse_map,dropout_50,11,10,1,0.2932137925788529
coarse_map,dropout_50,11,11,1,0.23266038501370664
coarse_map,dropout_50,12,0,1,0.15986075931048588
coarse_map,dropout_50,12,1,1,0.1533652014068691
coarse_map,dropout_50,12,2,1,0.156933739411356
coarse_map,dropout_50,12,3,1,0.13598748850101786
coarse_map,dropout_50,12,4,1,0.15053680395396432
coarse_map,dropout_50,12,5,1,0.12818886077831876
coarse_map,dropout_50,12,6,1,0.13887659993365462
coarse_map,dropout_50,12,7,1,0.1378789089732863
coarse_map,dropout_50,12,8,1,0.15507808135914838
coarse_map,dropout_50,12,9,1,0.1579774828032151
coarse_map,dropout_50,12,10,1,0.1632448353953757
coarse_map,dropout_50,12,11,1,0.1563488593033671
coarse_map,dropout_50,13,0,1,0.11486305390069768
coarse_map,dropout_50,13,1,1,0.13199092271965632
coarse_map,dropout_50,13,2,1,0.13910862948090516
coarse_map,dropout_50,13,3,1,0.12652604986219024
coarse_map,dropout_50,13,4,1,0.13908293236259398
coarse_map,dropout_50,13,5,1,0.13803334571388423
coarse_map,dropout_50,13,6,1,0.10884071925047926
coarse_map,dropout_50,13,7,1,0.1311063762911745
coarse_map,dropout_50,13,8,1,0.13882537936266826
coarse_map,dropout_50,13,9,1,0.12879928638951887
coarse_map,dropout_50,13,10,1,0.14154551740827465
coarse_map,dropout_50,13,11,1,0.15211523418105144
coarse_map,dropout_50,14,0,1,0.009224558278595009
coarse_map,dropout_50,14,1,0,0.03712272300907399
coarse_map,dropout_50,14,2,1,0.009515156961928346
coarse_map,dropout_50,14,3,1,0.007546024111456693
coarse_map,dropout_50,14,4,1,0.0026718551459841214
coarse_map,dropout_50,14,5,1,0.010866847439737787
coarse_map,dropout_50,14,6,1,0.015355971866841765
coarse_map,dropout_50,14,7,1,0.010895446460036422
coarse_map,dropout_50,14,8,1,0.0006412144328386549
coarse_map,dropout_50,14,9,0,0.006098591176905574
coarse_map,dropout_50,14,10,1,0.004304879325405589
coarse_map,dropout_50,14,11,1,0.004414198714468999
coarse_map,dropout_50,15,0,1,0.14387137042930642
coarse_map,dropout_50,15,1,1,0.1482509302236177
coarse_map,dropout_50,15,2,1,0.14914105900739025
coarse_map,dropout_50,15,3,1,0.14455711738452895
coarse_map,dropout_50,15,4,1,0.14178732277552714
coarse_map,dropout_50,15,5,1,0.12795766298896977
coarse_map,dropout_50,15,6,1,0.14678839871630356
coarse_map,dropout_50,15,7,1,0.14269701756162112
coarse_map,dropout_50,15,8,1,0.14868905869921467
coarse_map,dropout_50,15,9,1,0.14214105544966926
coarse_map,dropout_50,15,10,1,0.13898361180627783
coarse_map,dropout_50,15,11,1,0.14936033780880686
coarse_map,dropout_50,16,0,1,0.14262256733992948
coarse_map,dropout_50,16,1,1,0.13755406500041087
coarse_map,dropout_50,16,2,1,0.10738746429218665
coarse_map,dropout_50,16,3,1,0.1271589339383667
coarse_map,dropout_50,16,4,1,0.13786807747075214
coarse_map,dropout_50,16,5,1,0.12396636046689416
coarse_map,dropout_50,16,6,1,0.12490946944561054
coarse_map,dropout_50,16,7,1,0.11011247223226217
coarse_map,dropout_50,16,8,1,0.13462966536888193
coarse_map,dropout_50,16,9,1,0.13296159615037131
coarse_map,dropout_50,16,10,1,0.13306123490024468
coarse_map,dropout_50,16,11,1,0.12720835843115846
coarse_map,dropout_50,17,0,1,0.07708483079255522
coarse_map,dropout_50,17,1,1,0.08728362612711311
coarse_map,dropout_50,17,2,1,0.08097209458913958
coarse_map,dropout_50,17,3,1,0.08188158463434717
coarse_map,dropout_50,17,4,1,0.08550838823706401
coarse_map,dropout_50,17,5,1,0.09338673688444576
coarse_map,dropout_50,17,6,1,0.08837534976649106
coarse_map,dropout_50,17,7,1,0.07291214003467798
coarse_map,dropout_50,17,8,1,0.09126314735626498
coarse_map,dropout_50,17,9,1,0.08874809673080056
coarse_map,dropout_50,17,10,1,0.09813841829793256
coarse_map,dropout_50,17,11,1,0.08138342136899017
coarse_map,dropout_50,18,0,1,0.08636394622615554
coarse_map,dropout_50,18,1,1,0.09602509305115611
coarse_map,dropout_50,18,2,1,0.11001569717280685
coarse_map,dropout_50,18,3,1,0.09742378413797653
coarse_map,dropout_50,18,4,1,0.04802598940659612
coarse_map,dropout_50,18,5,1,0.13110804139764415
coarse_map,dropout_50,18,6,1,0.10922450348203452
coarse_map,dropout_50,18,7,1,0.07130767897707986
coarse_map,dropout_50,18,8,1,0.07143248817990182
coarse_map,dropout_50,18,9,1,0.10178148850004125
coarse_map,dropout_50,18,10,1,0.09724759510704144
coarse_map,dropout_50,18,11,1,0.10897479553569178
coarse_map,dropout_50,19,0,1,0.013294719011101436
coarse_map,dropout_50,19,1,1,0.09600071471361205
coarse_map,dropout_50,19,2,1,0.09156393660296006
coarse_map,dropout_50,19,3,0,1.9627150981665897e-05
coarse_map,dropout_50,19,4,1,0.0838474036439554
coarse_map,dropout_50,19,5,1,0.08703846450851793
coarse_map,dropout_50,19,6,1,0.11443929981066044
coarse_map,dropout_50,19,7,1,0.09108683491743678
coarse_map,dropout_50,19,8,1,0.08962931574763336
coarse_map,dropout_50,19,9,1,0.10659485428401627
coarse_map,dropout_50,19,10,1,0.12562702124873426
coarse_map,dropout_50,19,11,1,0.09624586730431214
coarse_map,dropout_50,20,0,1,0.07783526325985646
coarse_map,dropout_50,20,1,1,0.08170774310909466
coarse_map,dropout_50,20,2,1,0.08252121273541999
coarse_map,dropout_50,20,3,1,0.09683188068698301
coarse_map,dropout_50,20,4,1,0.08495595345926363
coarse_map,dropout_50,20,5,1,0.08411937863400139
coarse_map,dropout_50,20,6,1,0.09678855900226739
coarse_map,dropout_50,20,7,1,0.09239704355025088
coarse_map,dropout_50,20,8,1,0.08564238114169336
coarse_map,dropout_50,20,9,1,0.07807994150654692
coarse_map,dropout_50,20,10,1,0.09490072939814856
coarse_map,dropout_50,20,11,1,0.08436237747414721
coarse_map,dropout_50,21,0,1,0.06340203201274638
coarse_map,dropout_50,21,1,1,0.04663380717497968
coarse_map,dropout_50,21,2,1,0.13885979614147143
coarse_map,dropout_50,21,3,0,0.048301548058542365
coarse_map,dropout_50,21,4,1,0.09795580277573476
coarse_map,dropout_50,21,5,1,0.09130109870570838
coarse_map,dropout_50,21,6,1,0.08011119592142125
coarse_map,dropout_50,21,7,1,0.11960810791097568
coarse_map,dropout_50,21,8,1,0.05245889805855218
coarse_map,dropout_50,21,9,1,0.04954323870608178
coarse_map,dropout_50,21,10,1,0.09478362868524567
coarse_map,dropout_50,21,11,1,0.11439040534276929
coarse_map,dropout_50,22,0,0,0.007134076587187593
coarse_map,dropout_50,22,1,1,0.05775509347376116
coarse_map,dropout_50,22,2,1,0.10536673606469246
coarse_map,dropout_50,22,3,1,0.06808997845522036
coarse_map,dropout_50,22,4,1,0.06098411654855604
coarse_map,dropout_50,22,5,1,0.09789946511282133
coarse_map,dropout_50,22,6,1,0.09192386712306008
coarse_map,dropout_50,22,7,1,0.08919551762478119
coarse_map,dropout_50,22,8,1,0.028278810362025356
coarse_map,dropout_50,22,9,1,0.04074088621884829
coarse_map,dropout_50,22,10,1,0.039811143351480505
coarse_map,dropout_50,22,11,1,0.01789927359084957
coarse_map,dropout_50,23,0,1,0.029191883220090573
coarse_map,dropout_50,23,1,1,0.02641501810752521
coarse_map,dropout_50,23,2,1,0.04394947563157067
coarse_map,dropout_50,23,3,1,0.07777764737703555
coarse_map,dropout_50,23,4,1,0.04520244196796684
coarse_map,dropout_50,23,5,1,0.03240316666105664
coarse_map,dropout_50,23,6,1,0.031462465412130276
coarse_map,dropout_50,23,7,1,0.019426267624715512
coarse_map,dropout_50,23,8,1,0.02610241636521185
coarse_map,dropout_50,23,9,1,0.01834120123106596
coarse_map,dropout_50,23,10,1,0.050929722096127866
coarse_map,dropout_50,23,11,1,0.07421928238903044
coarse_map,amp_noise,0,0,1,0.342081471007063
coarse_map,amp_noise,0,1,0,0.17837454374147554
coarse_map,amp_noise,0,2,1,0.18279815419327006
coarse_map,amp_noise,0,3,1,0.27883499709144544
coarse_map,amp_noise,0,4,1,0.16357489948028958
coarse_map,amp_noise,0,5,1,0.21464679956219523
coarse_map,amp_noise,0,6,1,0.048222498565714145
coarse_map,amp_noise,0,7,1,0.20499022070582673
coarse_map,amp_noise,0,8,0,0.10765649860279491
coarse_map,amp_noise,0,9,1,0.1931613632498883
coarse_map,amp_noise,0,10,1,0.08243486766091213
coarse_map,amp_noise,0,11,0,0.047200782660817175
coarse_map,amp_noise,1,0,0,0.03719573177229851
coarse_map,amp_noise,1,1,1,0.137611111536055
coarse_map,amp_noise,1,2,1,0.08874162475692082
coarse_map,amp_noise,1,3,1,0.09537477551320905
coarse_map,amp_noise,1,4,1,0.08942369253101046
coarse_map,amp_noise,1,5,1,0.08093672256568007
coarse_map,amp_noise,1,6,1,0.16147095004872436
coarse_map,amp_noise,1,7,1,0.17816230400502642
coarse_map,amp_noise,1,8,0,0.13644337615989233
coarse_map,amp_noise,1,9,1,0.09124821054129173
coarse_map,amp_noise,1,10,1,0.08301028053010573
coarse_map,amp_noise,1,11,1,0.13893227217245352
coarse_map,amp_noise,2,0,0,0.03793775220438733
coarse_map,amp_noise,2,1,0,0.00782357968593217
coarse_map,amp_noise,2,2,1,0.00248214237042077
coarse_map,amp_noise,2,3,0,0.11504337736394765
coarse_map,amp_noise,2,4,0,0.03909846103674619
coarse_map,amp_noise,2,5,0,0.016070608720549773
coarse_map,amp_noise,2,6,0,0.00036506138501612995
coarse_map,amp_noise,2,7,0,0.007285465068391117
coarse_map,amp_noise,2,8,0,0.057373230281684284
coarse_map,amp_noise,2,9,1,0.0014032716763744402
coarse_map,amp_noise,2,10,0,0.07446986787278642
coarse_map,amp_noise,2,11,0,0.08519401936619464
coarse_map,amp_noise,3,0,1,0.20704934329432323
coarse_map,amp_noise,3,1,1,0.09731669043835667
coarse_map,amp_noise,3,2,1,0.12674662264206848
coarse_map,amp_noise,3,3,1,0.10790558740095357
coarse_map,amp_noise,3,4,1,0.12937298943090247
coarse_map,amp_noise,3,5,1,0.15853473850771804
coarse_map,amp_noise,3,6,1,0.20696798228249524
coarse_map,amp_noise,3,7,0,0.020268726478770205
coarse_map,amp_noise,3,8,1,0.3019333619347202
coarse_map,amp_noise,3,9,1,0.17309474929692126
coarse_map,amp_noise,3,10,1,0.06830213894117709
coarse_map,amp_noise,3,11,1,0.20591737178697722
coarse_map,amp_noise,4,0,1,0.07622253219080499
coarse_map,amp_noise,4,1,1,0.09541851470933249
coarse_map,amp_noise,4,2,1,0.16009532744951915
coarse_map,amp_noise,4,3,1,0.021919292471921925
coarse_map,amp_noise,4,4,1,0.11213214846634878
coarse_map,amp_noise,4,5,1,0.023706891806476227
coarse_map,amp_noise,4,6,1,0.001144631436291066
coarse_map,amp_noise,4,7,0,0.0012961699570763763
coarse_map,amp_noise,4,8,1,0.08768031976619661
coarse_map,amp_noise,4,9,0,0.10720410656907298
coarse_map,amp_noise,4,10,1,0.061037930303603494
coarse_map,amp_noise,4,11,0,0.06902377720285924
coarse_map,amp_noise,5,0,1,0.06228653028137987
coarse_map,amp_noise,5,1,1,0.09822938729643504
coarse_map,amp_noise,5,2,1,0.05766806952668757
coarse_map,amp_noise,5,3,0,0.0004529780754415347
coarse_map,amp_noise,5,4,0,0.03660977409035571
coarse_map,amp_noise,5,5,1,0.07972858966361729
coarse_map,amp_noise,5,6,0,0.03859132852651492
coarse_map,amp_noise,5,7,0,0.0018064701257911597
coarse_map,amp_noise,5,8,0,0.03334646679846043
coarse_map,amp_noise,5,9,1,0.030349586482456448
coarse_map,amp_noise,5,10,0,0.021430462908552217
coarse_map,amp_noise,5,11,1,0.0664996629373038
coarse_map,amp_noise,6,0,0,0.012551620642240247
coarse_map,amp_noise,6,1,0,0.00711747661797868
coarse_map,amp_noise,6,2,1,0.12779452178519568
coarse_map,amp_noise,6,3,1,0.0832117074913652
coarse_map,amp_noise,6,4,0,0.03324802062341403
coarse_map,amp_noise,6,5,0,0.012753928635796052
coarse_map,amp_noise,6,6,1,0.07808284052550007
coarse_map,amp_noise,6,7,0,0.019490499381146886
coarse_map,amp_noise,6,8,1,0.11648179893729904
coarse_map,amp_noise,6,9,0,0.015771510854444393
coarse_map,amp_noise,6,10,1,0.14518156801229865
coarse_map,amp_noise,6,11,0,0.0015785618587504935
coarse_map,amp_noise,7,0,1,0.08541121231190585
coarse_map,amp_noise,7,1,0,0.01605755277184584
coarse_map,amp_noise,7,2,1,0.1293661731157898
coarse_map,amp_noise,7,3,0,0.08250593268425455
coarse_map,amp_noise,7,4,0,0.0013122055275128774
coarse_map,amp_noise,7,5,1,0.03574153384318157
coarse_map,amp_noise,7,6,1,0.021093278701694085
coarse_map,amp_noise,7,7,1,0.10946464814165568
coarse_map,amp_noise,7,8,0,0.005577846102013062
coarse_map,amp_noise,7,9,1,0.10305028552459838
coarse_map,amp_noise,7,10,1,0.0581856810373107
coarse_map,amp_noise,7,11,0,0.012888574953735743
coarse_map,amp_noise,8,0,0,0.05622613893428241
coarse_map,amp_noise,8,1,0,0.0007725325439177366
coarse_map,amp_noise,8,2,0,0.0023974664619208497
coarse_map,amp_noise,8,3,1,0.00041417202231652794
coarse_map,amp_noise,8,4,0,0.05758430471037412
coarse_map,amp_noise,8,5,0,0.010678626853520612
coarse_map,amp_noise,8,6,0,0.0005268063257319877
coarse_map,amp_noise,8,7,0,0.038575345771298064
coarse_map,amp_noise,8,8,0,0.05347605715069914
coarse_map,amp_noise,8,9,0,0.04975555677032151
coarse_map,amp_noise,8,10,0,0.007473993400321399
coarse_map,amp_noise,8,11,0,0.0063432412929447235
coarse_map,amp_noise,9,0,0,0.028240072144342987
coarse_map,amp_noise,9,1,0,0.003280533357121751
coarse_map,amp_noise,9,2,1,0.10780806109442265
coarse_map,amp_noise,9,3,1,0.08607441076955535
coarse_map,amp_noise,9,4,1,0.03573622385194564
coarse_map,amp_noise,9,5,0,0.0313483759830635
coarse_map,amp_noise,9,6,0,0.007813164944490136
coarse_map,amp_noise,9,7,1,0.05036879395526328
coarse_map,amp_noise,9,8,1,0.07533187627782767
coarse_map,amp_noise,9,9,0,0.03379796743437702
coarse_map,amp_noise,9,10,1,0.024744368833171992
coarse_map,amp_noise,9,11,1,0.021229753165267207
coarse_map,amp_noise,10,0,0,0.060380345771187116
coarse_map,amp_noise,10,1,1,0.031101586653745406
coarse_map,amp_noise,10,2,0,0.03130876646561509
coarse_map,amp_noise,10,3,0,0.02060590449238897
coarse_map,amp_noise,10,4,1,0.07731400246068798
coarse_map,amp_noise,10,5,1,0.09215370393328826
coarse_map,amp_noise,10,6,0,0.014944747414861848
coarse_map,amp_noise,10,7,1,0.0032881628015453135
coarse_map,amp_noise,10,8,1,0.02610997960813788
coarse_map,amp_noise,10,9,1,0.0028544088404012236
coarse_map,amp_noise,10,10,0,0.0024139318769105245
coarse_map,amp_noise,10,11,1,0.061381915675859045
coarse_map,amp_noise,11,0,0,0.01296207291362439
coarse_map,amp_noise,11,1,0,0.017041306030042724
coarse_map,amp_noise,11,2,1,0.048341443012775986
coarse_map,amp_noise,11,3,1,0.0621454019058324
coarse_map,amp_noise,11,4,0,0.017586924408714677
coarse_map,amp_noise,11,5,1,0.007514305448219183
coarse_map,amp_noise,11,6,0,0.03649798821961636
coarse_map,amp_noise,11,7,1,0.017708777812087684
coarse_map,amp_noise,11,8,0,0.015768093925386473
coarse_map,amp_noise,11,9,0,0.03444506531100644
coarse_map,amp_noise,11,10,0,0.01243221348971646
coarse_map,amp_noise,11,11,0,0.07152064280937365
coarse_map,amp_noise,12,0,0,0.046638748950083464
coarse_map,amp_noise,12,1,0,0.02927824354250852
coarse_map,amp_noise,12,2,0,0.026906117012676756
coarse_map,amp_noise,12,3,1,0.037221701973444876
coarse_map,amp_noise,12,4,0,0.05064528470407659
coarse_map,amp_noise,12,5,0,0.007998792554043677
coarse_map,amp_noise,12,6,1,0.023462728900465857
coarse_map,amp_noise,12,7,1,0.013204473347583567
coarse_map,amp_noise,12,8,1,0.010594715076333694
coarse_map,amp_noise,12,9,0,0.04055236618915525
coarse_map,amp_noise,12,10,0,0.030612217644103046
coarse_map,amp_noise,12,11,1,0.02571199630284593
coarse_map,amp_noise,13,0,1,0.021924993841228924
coarse_map,amp_noise,13,1,1,0.025878436669165783
coarse_map,amp_noise,13,2,0,0.016200120450994504
coarse_map,amp_noise,13,3,0,0.07803524372283188
coarse_map,amp_noise,13,4,0,0.048872250769578685
coarse_map,amp_noise,13,5,1,0.01664573676600778
coarse_map,amp_noise,13,6,1,0.02487011908134895
coarse_map,amp_noise,13,7,0,0.11104690223287561
coarse_map,amp_noise,13,8,1,0.020550751930963562
coarse_map,amp_noise,13,9,0,0.020012758175715795
coarse_map,amp_noise,13,10,0,0.0007426177891709518
coarse_map,amp_noise,13,11,0,0.08169982477476756
coarse_map,amp_noise,14,0,0,0.0007057708364710535
coarse_map,amp_noise,14,1,0,0.00525241611034899
coarse_map,amp_noise,14,2,0,0.02216586136961174
coarse_map,amp_noise,14,3,0,0.0011454352809296964
coarse_map,amp_noise,14,4,0,0.009370290340619203
coarse_map,amp_noise,14,5,0,0.014962327103975381
coarse_map,amp_noise,14,6,0,0.013529427203212707
coarse_map,amp_noise,14,7,0,0.048824223414496215
coarse_map,amp_noise,14,8,0,0.01247231242154967
coarse_map,amp_noise,14,9,0,0.00034921430196055425
coarse_map,amp_noise,14,10,0,0.002664107579282371
coarse_map,amp_noise,14,11,0,0.11884616998087971
coarse_map,amp_noise,15,0,0,0.0010463447769375467
coarse_map,amp_noise,15,1,0,0.027299561172458575
coarse_map,amp_noise,15,2,1,0.020989065295625164
coarse_map,amp_noise,15,3,0,0.110089160029324
coarse_map,amp_noise,15,4,0,0.007953001607833743
coarse_map,amp_noise,15,5,0,0.030714090226934054
coarse_map,amp_noise,15,6,0,0.007779179932897007
coarse_map,amp_noise,15,7,1,0.008945828650672616
coarse_map,amp_noise,15,8,0,0.043049967842935466
coarse_map,amp_noise,15,9,1,0.026802518545457787
coarse_map,amp_noise,15,10,0,0.008215827872639414
coarse_map,amp_noise,15,11,1,0.004420652136847281
coarse_map,amp_noise,16,0,0,0.022059106919251725
coarse_map,amp_noise,16,1,0,0.05737417956566948
coarse_map,amp_noise,16,2,1,0.003193294818450987
coarse_map,amp_noise,16,3,1,0.025652817490947166
coarse_map,amp_noise,16,4,0,0.02240650913863984
coarse_map,amp_noise,16,5,1,0.006746651178099805
coarse_map,amp_noise,16,6,1,0.03369203525814313
coarse_map,amp_noise,16,7,1,0.030162249878989078
coarse_map,amp_noise,16,8,0,0.03227957814621207
coarse_map,amp_noise,16,9,0,0.036723380470016664
coarse_map,amp_noise,16,10,1,0.013782725734597934
coarse_map,amp_noise,16,11,0,0.019833391277029655
coarse_map,amp_noise,17,0,0,0.03308149137598293
coarse_map,amp_noise,17,1,0,0.025690604216303647
coarse_map,amp_noise,17,2,0,0.005900723516860218
coarse_map,amp_noise,17,3,0,0.03521738015793918
coarse_map,amp_noise,17,4,0,0.029191607507353834
coarse_map,amp_noise,17,5,0,0.007715262175683413
coarse_map,amp_noise,17,6,0,0.011779879014814254
coarse_map,amp_noise,17,7,0,0.009556940764134936
coarse_map,amp_noise,17,8,0,0.0007536928059366232
coarse_map,amp_noise,17,9,0,0.0148275759202936
coarse_map,amp_noise,17,10,0,0.05407960643143617
coarse_map,amp_noise,17,11,1,0.008353666561399686
coarse_map,amp_noise,18,0,1,0.030188376388677773
coarse_map,amp_noise,18,1,0,0.0322804321377308
coarse_map,amp_noise,18,2,1,0.005009628441397629
coarse_map,amp_noise,18,3,0,0.01167296261936357
coarse_map,amp_noise,18,4,0,0.03994876646876433
coarse_map,amp_noise,18,5,1,0.024044069837978133
coarse_map,amp_noise,18,6,0,0.029889609211511403
coarse_map,amp_noise,18,7,0,0.021013855340950904
coarse_map,amp_noise,18,8,1,0.050687502482519076
coarse_map,amp_noise,18,9,1,0.01631002898826739
coarse_map,amp_noise,18,10,1,0.02270421859969407
coarse_map,amp_noise,18,11,0,0.038511829747101656
coarse_map,amp_noise,19,0,0,0.013899907475238171
coarse_map,amp_noise,19,1,0,0.003620955345849719
coarse_map,amp_noise,19,2,1,0.051411892775243384
coarse_map,amp_noise,19,3,0,0.031303062594321474
coarse_map,amp_noise,19,4,1,0.014622454220142522
coarse_map,amp_noise,19,5,1,0.049789149124994214
coarse_map,amp_noise,19,6,1,0.062315609194451005
coarse_map,amp_noise,19,7,0,0.029154679685089446
coarse_map,amp_noise,19,8,1,0.01305079645961027
coarse_map,amp_noise,19,9,1,0.017970035312683263
coarse_map,amp_noise,19,10,0,0.0386148218107496
coarse_map,amp_noise,19,11,0,0.029583557146338757
coarse_map,amp_noise,20,0,1,0.02123312917506337
coarse_map,amp_noise,20,1,0,0.0020195319180680293
coarse_map,amp_noise,20,2,1,0.001917904609390897
coarse_map,amp_noise,20,3,0,0.03794488586695044
coarse_map,amp_noise,20,4,0,0.03512722596546469
coarse_map,amp_noise,20,5,0,0.014160626174658075
coarse_map,amp_noise,20,6,0,0.0006229057518580827
coarse_map,amp_noise,20,7,0,0.016039671047760606
coarse_map,amp_noise,20,8,0,0.020086253739417415
coarse_map,amp_noise,20,9,0,0.029704297912035882
coarse_map,amp_noise,20,10,0,0.04373077398037961
coarse_map,amp_noise,20,11,1,0.009554158447196093
coarse_map,amp_noise,21,0,1,0.006244132414126469
coarse_map,amp_noise,21,1,1,0.019397615520515554
coarse_map,amp_noise,21,2,1,0.009182174659401632
coarse_map,amp_noise,21,3,1,0.006383867081062533
coarse_map,amp_noise,21,4,1,0.031184673790241257
coarse_map,amp_noise,21,5,1,0.028533263292459865
coarse_map,amp_noise,21,6,1,0.022776266982998283
coarse_map,amp_noise,21,7,1,0.05130855023148373
coarse_map,amp_noise,21,8,1,0.055667418412480574
coarse_map,amp_noise,21,9,0,0.01885636940136637
coarse_map,amp_noise,21,10,1,0.054550113408089684
coarse_map,amp_noise,21,11,1,0.0027146307565786287
coarse_map,amp_noise,22,0,1,0.019575106115855556
coarse_map,amp_noise,22,1,0,0.02459280427224453
coarse_map,amp_noise,22,2,1,0.0560947225011017
coarse_map,amp_noise,22,3,0,0.01555137238874793
coarse_map,amp_noise,22,4,1,0.0168717775804883
coarse_map,amp_noise,22,5,0,0.08846486357722305
coarse_map,amp_noise,22,6,0,0.013409133722825262
coarse_map,amp_noise,22,7,0,0.015490539576893836
coarse_map,amp_noise,22,8,0,0.016499085038166217
coarse_map,amp_noise,22,9,1,0.013440022560256448
coarse_map,amp_noise,22,10,0,0.008423641323116016
coarse_map,amp_noise,22,11,0,0.0032926182947459193
coarse_map,amp_noise,23,0,0,0.010554981233087402
coarse_map,amp_noise,23,1,0,0.0018439874976627912
coarse_map,amp_noise,23,2,1,0.022087414941793004
coarse_map,amp_noise,23,3,0,0.018324295345239827
coarse_map,amp_noise,23,4,1,0.0060937290354428075
coarse_map,amp_noise,23,5,0,0.11670421697366096
coarse_map,amp_noise,23,6,1,0.006048602095845901
coarse_map,amp_noise,23,7,1,0.007180748978090179
coarse_map,amp_noise,23,8,0,0.014539787500924328
coarse_map,amp_noise,23,9,0,0.04417379046508629
coarse_map,amp_noise,23,10,1,0.02340393398940621
coarse_map,amp_noise,23,11,0,0.027980525778123377
coarse_map,mixed,0,0,1,0.4196283285507797
coarse_map,mixed,0,1,0,0.0866789609717491
coarse_map,mixed,0,2,1,0.2615499290059302
coarse_map,mixed,0,3,1,0.30702062385466833
coarse_map,mixed,0,4,1,0.20921290095115164
coarse_map,mixed,0,5,1,0.24492830819612577
coarse_map,mixed,0,6,1,0.12063145252650509
coarse_map,mixed,0,7,1,0.24899094802616406
coarse_map,mixed,0,8,0,0.040386871743636754
coarse_map,mixed,0,9,1,0.23762754656874108
coarse_map,mixed,0,10,1,0.12990959430971505
coarse_map,mixed,0,11,1,0.08900590463648417
coarse_map,mixed,1,0,1,0.02407383751635883
coarse_map,mixed,1,1,1,0.17485105611983887
coarse_map,mixed,1,2,1,0.13333063572916615
coarse_map,mixed,1,3,1,0.1566265458451962
coarse_map,mixed,1,4,1,0.1525721607624041
coarse_map,mixed,1,5,1,0.12223165651828527
coarse_map,mixed,1,6,1,0.21486961627815926
coarse_map,mixed,1,7,1,0.25155981842879105
coarse_map,mixed,1,8,0,0.07505068324155195
coarse_map,mixed,1,9,1,0.1923393656578687
coarse_map,mixed,1,10,1,0.1990273453546303
coarse_map,mixed,1,11,1,0.17939731975300854
coarse_map,mixed,2,0,0,0.029062535101788467
coarse_map,mixed,2,1,0,0.021402859332567137
coarse_map,mixed,2,2,1,0.0024947361843855598
coarse_map,mixed,2,3,0,0.06356876303270864
coarse_map,mixed,2,4,0,0.0004708890922210385
coarse_map,mixed,2,5,1,0.0013473143650903907
coarse_map,mixed,2,6,0,0.0012430426503183822
coarse_map,mixed,2,7,1,0.0009461541473381185
coarse_map,mixed,2,8,0,0.0038606115297653565
coarse_map,mixed,2,9,1,0.001393043034742747
coarse_map,mixed,2,10,1,0.003123113145758305
coarse_map,mixed,2,11,1,0.0009617742066365675
coarse_map,mixed,3,0,1,0.24341669653813713
coarse_map,mixed,3,1,1,0.13723712794495158
coarse_map,mixed,3,2,1,0.17526869495171238
coarse_map,mixed,3,3,1,0.15791221765480112
coarse_map,mixed,3,4,1,0.18406126021950375
coarse_map,mixed,3,5,1,0.19521717321224652
coarse_map,mixed,3,6,1,0.24765148180281027
coarse_map,mixed,3,7,1,0.09577952205980189
coarse_map,mixed,3,8,1,0.3375135449621309
coarse_map,mixed,3,9,1,0.2072125343498612
coarse_map,mixed,3,10,1,0.12102245445495297
coarse_map,mixed,3,11,1,0.24679027923258712
coarse_map,mixed,4,0,1,0.15498681959053584
coarse_map,mixed,4,1,1,0.14035281399079746
coarse_map,mixed,4,2,1,0.19963381576954065
coarse_map,mixed,4,3,1,0.12479785768677698
coarse_map,mixed,4,4,1,0.1752230429916911
coarse_map,mixed,4,5,1,0.07352545061780236
coarse_map,mixed,4,6,1,0.04349415870604956
coarse_map,mixed,4,7,0,0.015515565366004291
coarse_map,mixed,4,8,1,0.14063360047504347
coarse_map,mixed,4,9,0,0.05687303183137982
coarse_map,mixed,4,10,1,0.1087617999851308
coarse_map,mixed,4,11,0,0.025665644360622908
coarse_map,mixed,5,0,1,0.1038552900573606
coarse_map,mixed,5,1,1,0.12536855492028953
coarse_map,mixed,5,2,1,0.12246961041076654
coarse_map,mixed,5,3,1,0.06706799293090882
coarse_map,mixed,5,4,1,0.05510944409141938
coarse_map,mixed,5,5,1,0.11058943563622603
coarse_map,mixed,5,6,1,0.08389140141161133
coarse_map,mixed,5,7,1,0.005624337038573457
coarse_map,mixed,5,8,0,0.0014861008436073408
coarse_map,mixed,5,9,1,0.08192198686245422
coarse_map,mixed,5,10,1,0.02767877712696054
coarse_map,mixed,5,11,1,0.1050961604011903
coarse_map,mixed,6,0,0,0.04731291493179679
coarse_map,mixed,6,1,1,0.05977260659608019
coarse_map,mixed,6,2,1,0.18114800378899587
coarse_map,mixed,6,3,1,0.1733372928707303
coarse_map,mixed,6,4,0,0.013505484657442501
coarse_map,mixed,6,5,1,0.026279884885754168
coarse_map,mixed,6,6,1,0.1446025507624107
coarse_map,mixed,6,7,0,0.019494570136434186
coarse_map,mixed,6,8,1,0.2168146939593813
coarse_map,mixed,6,9,1,0.03928905622940515
coarse_map,mixed,6,10,1,0.1982340424897321
coarse_map,mixed,6,11,0,0.0006740027515815816
coarse_map,mixed,7,0,1,0.14299267159707807
coarse_map,mixed,7,1,1,0.03577384182838017
coarse_map,mixed,7,2,1,0.1749428890477791
coarse_map,mixed,7,3,0,0.02750489704880965
coarse_map,mixed,7,4,1,0.04427582729625945
coarse_map,mixed,7,5,1,0.10080320626819228
coarse_map,mixed,7,6,1,0.08128208395733605
coarse_map,mixed,7,7,1,0.1568433623349772
coarse_map,mixed,7,8,1,0.043427912916856215
coarse_map,mixed,7,9,1,0.15503620910642668
coarse_map,mixed,7,10,1,0.11727067282579862
coarse_map,mixed,7,11,1,0.044450811332871765
coarse_map,mixed,8,0,0,0.03031912456476682
coarse_map,mixed,8,1,0,0.0008153869388283219
coarse_map,mixed,8,2,0,0.0023229265111632813
coarse_map,mixed,8,3,1,0.0005571925091890639
coarse_map,mixed,8,4,1,0.0009277860386875947
coarse_map,mixed,8,5,1,0.0008760158564131704
coarse_map,mixed,8,6,0,0.0005393972088025834
coarse_map,mixed,8,7,0,0.027921128970562648
coarse_map,mixed,8,8,0,0.06049658824049681
coarse_map,mixed,8,9,0,0.00018105821949931933
coarse_map,mixed,8,10,0,0.05442794944195073
coarse_map,mixed,8,11,0,0.00035850011573224094
coarse_map,mixed,9,0,1,0.04440298942490539
coarse_map,mixed,9,1,1,0.03427941685061997
coarse_map,mixed,9,2,1,0.18090120603308124
coarse_map,mixed,9,3,1,0.12009899361820564
coarse_map,mixed,9,4,1,0.08941847437218087
coarse_map,mixed,9,5,0,0.012485469651279724
coarse_map,mixed,9,6,0,0.027924885126814458
coarse_map,mixed,9,7,1,0.08657783681586961
coarse_map,mixed,9,8,1,0.13297093164695317
coarse_map,mixed,9,9,0,0.03501585068025592
coarse_map,mixed,9,10,1,0.0811880732334318
coarse_map,mixed,9,11,1,0.10249677480795816
coarse_map,mixed,10,0,0,0.01214275495598316
coarse_map,mixed,10,1,1,0.06439685548923024
coarse_map,mixed,10,2,0,0.021356949660062075
coarse_map,mixed,10,3,1,0.02293235966995444
coarse_map,mixed,10,4,1,0.12469087520504774
coarse_map,mixed,10,5,1,0.13402292038814068
coarse_map,mixed,10,6,1,0.0006212159136393947
coarse_map,mixed,10,7,1,0.05142906499016375
coarse_map,mixed,10,8,1,0.07792687828682687
coarse_map,mixed,10,9,1,0.07016141562308076
coarse_map,mixed,10,10,0,0.015943483455813756
coarse_map,mixed,10,11,1,0.10838333356089036
coarse_map,mixed,11,0,0,0.02282851402495134
coarse_map,mixed,11,1,0,0.011418224270604904
coarse_map,mixed,11,2,1,0.07364975701311216
coarse_map,mixed,11,3,1,0.09018286867623326
coarse_map,mixed,11,4,1,0.011087616863453942
coarse_map,mixed,11,5,1,0.03060159999451384
coarse_map,mixed,11,6,1,0.001081444603212467
coarse_map,mixed,11,7,1,0.04065523525797998
coarse_map,mixed,11,8,0,0.029053071267515218
coarse_map,mixed,11,9,0,0.038877096943532474
coarse_map,mixed,11,10,1,0.001995398300732143
coarse_map,mixed,11,11,1,0.00028360544448990943
coarse_map,mixed,12,0,0,0.042299790723165365
coarse_map,mixed,12,1,0,0.023753944095137425
coarse_map,mixed,12,2,0,0.021972739056626556
coarse_map,mixed,12,3,1,0.04579295867270938
coarse_map,mixed,12,4,0,0.04525157136308733
coarse_map,mixed,12,5,0,0.0023925012454018013
coarse_map,mixed,12,6,1,0.04539898251210628
coarse_map,mixed,12,7,1,0.019912558566579364
coarse_map,mixed,12,8,1,0.06135453327604756
coarse_map,mixed,12,9,1,0.02806106178319756
coarse_map,mixed,12,10,1,0.03893633666193641
coarse_map,mixed,12,11,1,0.029412434300209345
coarse_map,mixed,13,0,1,0.025893908276345856
coarse_map,mixed,13,1,1,0.032141001914648804
coarse_map,mixed,13,2,1,0.00966333810898179
coarse_map,mixed,13,3,0,0.07056615132111099
coarse_map,mixed,13,4,0,0.045243525940414586
coarse_map,mixed,13,5,1,0.02080443370937901
coarse_map,mixed,13,6,1,0.02856781842314826
coarse_map,mixed,13,7,0,0.13759586208170915
coarse_map,mixed,13,8,1,0.02411598803406001
coarse_map,mixed,13,9,0,0.015594530884684432
coarse_map,mixed,13,10,1,0.023868184563996087
coarse_map,mixed,13,11,0,0.07824754314711568
coarse_map,mixed,14,0,0,0.0006004797840674092
coarse_map,mixed,14,1,0,0.02228086176186561
coarse_map,mixed,14,2,0,0.0024970982233600836
coarse_map,mixed,14,3,0,0.0011682118597532432
coarse_map,mixed,14,4,0,0.019699104234061293
coarse_map,mixed,14,5,0,0.014214243335396448
coarse_map,mixed,14,6,0,0.001610644810669526
coarse_map,mixed,14,7,0,0.009379224114215212
coarse_map,mixed,14,8,0,0.02414575150737408
coarse_map,mixed,14,9,0,0.00023841794594547938
coarse_map,mixed,14,10,0,0.0027926889729162907
coarse_map,mixed,14,11,0,0.17734945588559148
coarse_map,mixed,15,0,1,0.0009526817969778278
coarse_map,mixed,15,1,0,0.020024861960687312
coarse_map,mixed,15,2,1,0.026971853665562318
coarse_map,mixed,15,3,0,0.10219173455095742
coarse_map,mixed,15,4,0,0.003566694483608357
coarse_map,mixed,15,5,0,0.025025054723148088
coarse_map,mixed,15,6,0,0.003597992349764878
coarse_map,mixed,15,7,1,0.0702985414238646
coarse_map,mixed,15,8,0,0.03783405816741947
coarse_map,mixed,15,9,1,0.03221814501668141
coarse_map,mixed,15,10,0,0.0033911380093412102
coarse_map,mixed,15,11,1,0.009074305191668297
coarse_map,mixed,16,0,0,0.01789769707982547
coarse_map,mixed,16,1,0,0.06217759467776196
coarse_map,mixed,16,2,1,0.032713046001403234
coarse_map,mixed,16,3,1,0.06083155943077989
coarse_map,mixed,16,4,0,0.04078847041963096
coarse_map,mixed,16,5,1,0.010271835068245805
coarse_map,mixed,16,6,1,0.03737720464461736
coarse_map,mixed,16,7,1,0.033528867200224854
coarse_map,mixed,16,8,1,0.03373828079199215
coarse_map,mixed,16,9,0,0.03538210260004715
coarse_map,mixed,16,10,1,0.01732955005238579
coarse_map,mixed,16,11,0,0.016564816875802135
coarse_map,mixed,17,0,0,0.04409786004696559
coarse_map,mixed,17,1,0,0.056144767292212405
coarse_map,mixed,17,2,0,0.007221754533192182
coarse_map,mixed,17,3,0,0.03400237744805645
coarse_map,mixed,17,4,1,0.01349273099399051
coarse_map,mixed,17,5,1,0.02418094198323595
coarse_map,mixed,17,6,0,0.02793613472097789
coarse_map,mixed,17,7,0,0.007835568309595975
coarse_map,mixed,17,8,0,0.0004307267891964228
coarse_map,mixed,17,9,1,0.015161708644662486
coarse_map,mixed,17,10,0,0.11907075687888002
coarse_map,mixed,17,11,1,0.010254941897599013
coarse_map,mixed,18,0,1,0.035534021031581764
coarse_map,mixed,18,1,0,0.02591226863559004
coarse_map,mixed,18,2,1,0.008594684737988745
coarse_map,mixed,18,3,0,0.018018260188622848
coarse_map,mixed,18,4,0,0.0353047453111891
coarse_map,mixed,18,5,1,0.030942534506406716
coarse_map,mixed,18,6,0,0.02321898054694982
coarse_map,mixed,18,7,0,0.016328897170500012
coarse_map,mixed,18,8,1,0.0547732743685726
coarse_map,mixed,18,9,1,0.020929859869370238
coarse_map,mixed,18,10,1,0.028192689551614247
coarse_map,mixed,18,11,0,0.03517086224491073
coarse_map,mixed,19,0,1,0.007133207321226798
coarse_map,mixed,19,1,1,0.0030744899176381457
coarse_map,mixed,19,2,1,0.05691947646339124
coarse_map,mixed,19,3,0,0.026443670552005805
coarse_map,mixed,19,4,1,0.01960578402196822
coarse_map,mixed,19,5,1,0.05254459774688458
coarse_map,mixed,19,6,1,0.06421964429225879
coarse_map,mixed,19,7,0,0.02233204843318748
coarse_map,mixed,19,8,1,0.019446588265941034
coarse_map,mixed,19,9,1,0.02402543539110613
coarse_map,mixed,19,10,0,0.030072516268114635
coarse_map,mixed,19,11,1,0.08373829883329553
coarse_map,mixed,20,0,1,0.02319301877345037
coarse_map,mixed,20,1,0,0.00213446261860073
coarse_map,mixed,20,2,1,0.004212470982485672
coarse_map,mixed,20,3,0,0.01773903863954851
coarse_map,mixed,20,4,0,0.017428454697867357
coarse_map,mixed,20,5,0,0.024900058478700027
coarse_map,mixed,20,6,0,0.000471349415701372
coarse_map,mixed,20,7,0,0.035183413495398996
coarse_map,mixed,20,8,0,0.042791440424064686
coarse_map,mixed,20,9,0,0.01903666233321666
coarse_map,mixed,20,10,0,0.0002459946458951423
coarse_map,mixed,20,11,1,0.014943397713318651
coarse_map,mixed,21,0,1,0.02395286092817417
coarse_map,mixed,21,1,1,0.02334330335678103
coarse_map,mixed,21,2,1,0.013642066739820158
coarse_map,mixed,21,3,1,0.013017190977136162
coarse_map,mixed,21,4,1,0.03497426330039555
coarse_map,mixed,21,5,1,0.03523329919313822
coarse_map,mixed,21,6,1,0.026423807525454146
coarse_map,mixed,21,7,1,0.0579388550538269
coarse_map,mixed,21,8,1,0.059675780548855584
coarse_map,mixed,21,9,0,0.01369837542180874
coarse_map,mixed,21,10,1,0.05942203907322563
coarse_map,mixed,21,11,1,0.0070212104917422025
coarse_map,mixed,22,0,1,0.023574853753818403
coarse_map,mixed,22,1,0,0.02173824322681417
coarse_map,mixed,22,2,1,0.05907351350312362
coarse_map,mixed,22,3,0,0.012995090053265379
coarse_map,mixed,22,4,1,0.02000509277184548
coarse_map,mixed,22,5,0,0.028060012903328158
coarse_map,mixed,22,6,0,0.00286733419510965
coarse_map,mixed,22,7,0,0.010113272400773643
coarse_map,mixed,22,8,0,0.016648403805177625
coarse_map,mixed,22,9,1,0.016487973376056342
coarse_map,mixed,22,10,1,0.010642106915344285
coarse_map,mixed,22,11,0,0.0011766133593748007
coarse_map,mixed,23,0,0,0.006724710766657149
coarse_map,mixed,23,1,0,0.008657519703546113
coarse_map,mixed,23,2,1,0.024767458523814567
coarse_map,mixed,23,3,0,0.013637463897949287
coarse_map,mixed,23,4,1,0.009328802091077781
coarse_map,mixed,23,5,0,0.05832342700916515
coarse_map,mixed,23,6,1,0.00780693991393322
coarse_map,mixed,23,7,1,0.00941611749077298
coarse_map,mixed,23,8,0,0.003083579294330119
coarse_map,mixed,23,9,0,0.006034944914561913
coarse_map,mixed,23,10,1,0.025645698896458957
coarse_map,mixed,23,11,0,0.01861946480413712
core+moments,phase_wipe,0,0,1,0.2937266291246537
core+moments,phase_wipe,0,1,1,0.2937266291246537
core+moments,phase_wipe,0,2,1,0.2937266291246537
core+moments,phase_wipe,0,3,1,0.2937266291246537
core+moments,phase_wipe,0,4,1,0.2937266291246537
core+moments,phase_wipe,0,5,1,0.2937266291246537
core+moments,phase_wipe,0,6,1,0.2937266291246537
core+moments,phase_wipe,0,7,1,0.2937266291246537
core+moments,phase_wipe,0,8,1,0.2937266291246537
core+moments,phase_wipe,0,9,1,0.2937266291246537
core+moments,phase_wipe,0,10,1,0.2937266291246537
core+moments,phase_wipe,0,11,1,0.2937266291246537
core+moments,phase_wipe,1,0,1,0.2937266317071635
core+moments,phase_wipe,1,1,1,0.2937266317071635
core+moments,phase_wipe,1,2,1,0.2937266317071635
core+moments,phase_wipe,1,3,1,0.2937266317071635
core+moments,phase_wipe,1,4,1,0.2937266317071635
core+moments,phase_wipe,1,5,1,0.2937266317071635
core+moments,phase_wipe,1,6,1,0.2937266317071635
core+moments,phase_wipe,1,7,1,0.2937266317071635
core+moments,phase_wipe,1,8,1,0.2937266317071635
core+moments,phase_wipe,1,9,1,0.2937266317071635
core+moments,phase_wipe,1,10,1,0.2937266317071635
core+moments,phase_wipe,1,11,1,0.2937266317071635
core+moments,phase_wipe,2,0,1,0.2937266216038551
core+moments,phase_wipe,2,1,1,0.2937266216038551
core+moments,phase_wipe,2,2,1,0.2937266216038551
core+moments,phase_wipe,2,3,1,0.2937266216038551
core+moments,phase_wipe,2,4,1,0.2937266216038551
core+moments,phase_wipe,2,5,1,0.2937266216038551
core+moments,phase_wipe,2,6,1,0.2937266216038551
core+moments,phase_wipe,2,7,1,0.2937266216038551
core+moments,phase_wipe,2,8,1,0.2937266216038551
core+moments,phase_wipe,2,9,1,0.2937266216038551
core+moments,phase_wipe,2,10,1,0.2937266216038551
core+moments,phase_wipe,2,11,1,0.2937266216038551
core+moments,phase_wipe,3,0,1,0.293726629328203
core+moments,phase_wipe,3,1,1,0.293726629328203
core+moments,phase_wipe,3,2,1,0.293726629328203
core+moments,phase_wipe,3,3,1,0.293726629328203
core+moments,phase_wipe,3,4,1,0.293726629328203
core+moments,phase_wipe,3,5,1,0.293726629328203
core+moments,phase_wipe,3,6,1,0.293726629328203
core+moments,phase_wipe,3,7,1,0.293726629328203
core+moments,phase_wipe,3,8,1,0.293726629328203
core+moments,phase_wipe,3,9,1,0.293726629328203
core+moments,phase_wipe,3,10,1,0.293726629328203
core+moments,phase_wipe,3,11,1,0.293726629328203
core+moments,phase_wipe,4,0,1,0.2937266319106694
core+moments,phase_wipe,4,1,1,0.2937266319106694
core+moments,phase_wipe,4,2,1,0.2937266319106694
core+moments,phase_wipe,4,3,1,0.2937266319106694
core+moments,phase_wipe,4,4,1,0.2937266319106694
core+moments,phase_wipe,4,5,1,0.2937266319106694
core+moments,phase_wipe,4,6,1,0.2937266319106694
core+moments,phase_wipe,4,7,1,0.2937266319106694
core+moments,phase_wipe,4,8,1,0.2937266319106694
core+moments,phase_wipe,4,9,1,0.2937266319106694
core+moments,phase_wipe,4,10,1,0.2937266319106694
core+moments,phase_wipe,4,11,1,0.2937266319106694
core+moments,phase_wipe,5,0,1,0.29372663120912657
core+moments,phase_wipe,5,1,1,0.29372663120912657
core+moments,phase_wipe,5,2,1,0.29372663120912657
core+moments,phase_wipe,5,3,1,0.29372663120912657
core+moments,phase_wipe,5,4,1,0.29372663120912657
core+moments,phase_wipe,5,5,1,0.29372663120912657
core+moments,phase_wipe,5,6,1,0.29372663120912657
core+moments,phase_wipe,5,7,1,0.29372663120912657
core+moments,phase_wipe,5,8,1,0.29372663120912657
core+moments,phase_wipe,5,9,1,0.29372663120912657
core+moments,phase_wipe,5,10,1,0.29372663120912657
core+moments,phase_wipe,5,11,1,0.29372663120912657
core+moments,phase_wipe,6,0,1,0.2937266291246537
core+moments,phase_wipe,6,1,1,0.2937266291246537
core+moments,phase_wipe,6,2,1,0.2937266291246537
core+moments,phase_wipe,6,3,1,0.2937266291246537
core+moments,phase_wipe,6,4,1,0.2937266291246537
core+moments,phase_wipe,6,5,1,0.2937266291246537
core+moments,phase_wipe,6,6,1,0.2937266291246537
core+moments,phase_wipe,6,7,1,0.2937266291246537
core+moments,phase_wipe,6,8,1,0.2937266291246537
core+moments,phase_wipe,6,9,1,0.2937266291246537
core+moments,phase_wipe,6,10,1,0.2937266291246537
core+moments,phase_wipe,6,11,1,0.2937266291246537
core+moments,phase_wipe,7,0,1,0.2937266317071635
core+moments,phase_wipe,7,1,1,0.2937266317071635
core+moments,phase_wipe,7,2,1,0.2937266317071635
core+moments,phase_wipe,7,3,1,0.2937266317071635
core+moments,phase_wipe,7,4,1,0.2937266317071635
core+moments,phase_wipe,7,5,1,0.2937266317071635
core+moments,phase_wipe,7,6,1,0.2937266317071635
core+moments,phase_wipe,7,7,1,0.2937266317071635
core+moments,phase_wipe,7,8,1,0.2937266317071635
core+moments,phase_wipe,7,9,1,0.2937266317071635
core+moments,phase_wipe,7,10,1,0.2937266317071635
core+moments,phase_wipe,7,11,1,0.2937266317071635
core+moments,phase_wipe,8,0,1,0.2937266216038551
core+moments,phase_wipe,8,1,1,0.2937266216038551
core+moments,phase_wipe,8,2,1,0.2937266216038551
core+moments,phase_wipe,8,3,1,0.2937266216038551
core+moments,phase_wipe,8,4,1,0.2937266216038551
core+moments,phase_wipe,8,5,1,0.2937266216038551
core+moments,phase_wipe,8,6,1,0.2937266216038551
core+moments,phase_wipe,8,7,1,0.2937266216038551
core+moments,phase_wipe,8,8,1,0.2937266216038551
core+moments,phase_wipe,8,9,1,0.2937266216038551
core+moments,phase_wipe,8,10,1,0.2937266216038551
core+moments,phase_wipe,8,11,1,0.2937266216038551
core+moments,phase_wipe,9,0,1,0.293726629328203
core+moments,phase_wipe,9,1,1,0.293726629328203
core+moments,phase_wipe,9,2,1,0.293726629328203
core+moments,phase_wipe,9,3,1,0.293726629328203
core+moments,phase_wipe,9,4,1,0.293726629328203
core+moments,phase_wipe,9,5,1,0.293726629328203
core+moments,phase_wipe,9,6,1,0.293726629328203
core+moments,phase_wipe,9,7,1,0.293726629328203
core+moments,phase_wipe,9,8,1,0.293726629328203
core+moments,phase_wipe,9,9,1,0.293726629328203
core+moments,phase_wipe,9,10,1,0.293726629328203
core+moments,phase_wipe,9,11,1,0.293726629328203
core+moments,phase_wipe,10,0,1,0.2937266319106694
core+moments,phase_wipe,10,1,1,0.2937266319106694
core+moments,phase_wipe,10,2,1,0.2937266319106694
core+moments,phase_wipe,10,3,1,0.2937266319106694
core+moments,phase_wipe,10,4,1,0.2937266319106694
core+moments,phase_wipe,10,5,1,0.2937266319106694
core+moments,phase_wipe,10,6,1,0.2937266319106694
core+moments,phase_wipe,10,7,1,0.2937266319106694
core+moments,phase_wipe,10,8,1,0.2937266319106694
core+moments,phase_wipe,10,9,1,0.2937266319106694
core+moments,phase_wipe,10,10,1,0.2937266319106694
core+moments,phase_wipe,10,11,1,0.2937266319106694
core+moments,phase_wipe,11,0,1,0.29372663120912657
core+moments,phase_wipe,11,1,1,0.29372663120912657
core+moments,phase_wipe,11,2,1,0.29372663120912657
core+moments,phase_wipe,11,3,1,0.29372663120912657
core+moments,phase_wipe,11,4,1,0.29372663120912657
core+moments,phase_wipe,11,5,1,0.29372663120912657
core+moments,phase_wipe,11,6,1,0.29372663120912657
core+moments,phase_wipe,11,7,1,0.29372663120912657
core+moments,phase_wipe,11,8,1,0.29372663120912657
core+moments,phase_wipe,11,9,1,0.29372663120912657
core+moments,phase_wipe,11,10,1,0.29372663120912657
core+moments,phase_wipe,11,11,1,0.29372663120912657
core+moments,phase_wipe,12,0,1,0.29372803485849736
core+moments,phase_wipe,12,1,1,0.29372803485849736
core+moments,phase_wipe,12,2,1,0.29372803485849736
core+moments,phase_wipe,12,3,1,0.29372803485849736
core+moments,phase_wipe,12,4,1,0.29372803485849736
core+moments,phase_wipe,12,5,1,0.29372803485849736
core+moments,phase_wipe,12,6,1,0.29372803485849736
core+moments,phase_wipe,12,7,1,0.29372803485849736
core+moments,phase_wipe,12,8,1,0.29372803485849736
core+moments,phase_wipe,12,9,1,0.29372803485849736
core+moments,phase_wipe,12,10,1,0.29372803485849736
core+moments,phase_wipe,12,11,1,0.29372803485849736
core+moments,phase_wipe,13,0,1,0.2937280322869911
core+moments,phase_wipe,13,1,1,0.2937280322869911
core+moments,phase_wipe,13,2,1,0.2937280322869911
core+moments,phase_wipe,13,3,1,0.2937280322869911
core+moments,phase_wipe,13,4,1,0.2937280322869911
core+moments,phase_wipe,13,5,1,0.2937280322869911
core+moments,phase_wipe,13,6,1,0.2937280322869911
core+moments,phase_wipe,13,7,1,0.2937280322869911
core+moments,phase_wipe,13,8,1,0.2937280322869911
core+moments,phase_wipe,13,9,1,0.2937280322869911
core+moments,phase_wipe,13,10,1,0.2937280322869911
core+moments,phase_wipe,13,11,1,0.2937280322869911
core+moments,phase_wipe,14,0,1,0.29372803621042753
core+moments,phase_wipe,14,1,1,0.29372803621042753
core+moments,phase_wipe,14,2,1,0.29372803621042753
core+moments,phase_wipe,14,3,1,0.29372803621042753
core+moments,phase_wipe,14,4,1,0.29372803621042753
core+moments,phase_wipe,14,5,1,0.29372803621042753
core+moments,phase_wipe,14,6,1,0.29372803621042753
core+moments,phase_wipe,14,7,1,0.29372803621042753
core+moments,phase_wipe,14,8,1,0.29372803621042753
core+moments,phase_wipe,14,9,1,0.29372803621042753
core+moments,phase_wipe,14,10,1,0.29372803621042753
core+moments,phase_wipe,14,11,1,0.29372803621042753
core+moments,phase_wipe,15,0,1,0.29372803485841564
core+moments,phase_wipe,15,1,1,0.29372803485841564
core+moments,phase_wipe,15,2,1,0.29372803485841564
core+moments,phase_wipe,15,3,1,0.29372803485841564
core+moments,phase_wipe,15,4,1,0.29372803485841564
core+moments,phase_wipe,15,5,1,0.29372803485841564
core+moments,phase_wipe,15,6,1,0.29372803485841564
core+moments,phase_wipe,15,7,1,0.29372803485841564
core+moments,phase_wipe,15,8,1,0.29372803485841564
core+moments,phase_wipe,15,9,1,0.29372803485841564
core+moments,phase_wipe,15,10,1,0.29372803485841564
core+moments,phase_wipe,15,11,1,0.29372803485841564
core+moments,phase_wipe,16,0,1,0.29372803228686545
core+moments,phase_wipe,16,1,1,0.29372803228686545
core+moments,phase_wipe,16,2,1,0.29372803228686545
core+moments,phase_wipe,16,3,1,0.29372803228686545
core+moments,phase_wipe,16,4,1,0.29372803228686545
core+moments,phase_wipe,16,5,1,0.29372803228686545
core+moments,phase_wipe,16,6,1,0.29372803228686545
core+moments,phase_wipe,16,7,1,0.29372803228686545
core+moments,phase_wipe,16,8,1,0.29372803228686545
core+moments,phase_wipe,16,9,1,0.29372803228686545
core+moments,phase_wipe,16,10,1,0.29372803228686545
core+moments,phase_wipe,16,11,1,0.29372803228686545
core+moments,phase_wipe,17,0,1,0.2937280322869952
core+moments,phase_wipe,17,1,1,0.2937280322869952
core+moments,phase_wipe,17,2,1,0.2937280322869952
core+moments,phase_wipe,17,3,1,0.2937280322869952
core+moments,phase_wipe,17,4,1,0.2937280322869952
core+moments,phase_wipe,17,5,1,0.2937280322869952
core+moments,phase_wipe,17,6,1,0.2937280322869952
core+moments,phase_wipe,17,7,1,0.2937280322869952
core+moments,phase_wipe,17,8,1,0.2937280322869952
core+moments,phase_wipe,17,9,1,0.2937280322869952
core+moments,phase_wipe,17,10,1,0.2937280322869952
core+moments,phase_wipe,17,11,1,0.2937280322869952
core+moments,phase_wipe,18,0,1,0.29372985837708593
core+moments,phase_wipe,18,1,1,0.29372985837708593
core+moments,phase_wipe,18,2,1,0.29372985837708593
core+moments,phase_wipe,18,3,1,0.29372985837708593
core+moments,phase_wipe,18,4,1,0.29372985837708593
core+moments,phase_wipe,18,5,1,0.29372985837708593
core+moments,phase_wipe,18,6,1,0.29372985837708593
core+moments,phase_wipe,18,7,1,0.29372985837708593
core+moments,phase_wipe,18,8,1,0.29372985837708593
core+moments,phase_wipe,18,9,1,0.29372985837708593
core+moments,phase_wipe,18,10,1,0.29372985837708593
core+moments,phase_wipe,18,11,1,0.29372985837708593
core+moments,phase_wipe,19,0,1,0.2937298358244504
core+moments,phase_wipe,19,1,1,0.2937298358244504
core+moments,phase_wipe,19,2,1,0.2937298358244504
core+moments,phase_wipe,19,3,1,0.2937298358244504
core+moments,phase_wipe,19,4,1,0.2937298358244504
core+moments,phase_wipe,19,5,1,0.2937298358244504
core+moments,phase_wipe,19,6,1,0.2937298358244504
core+moments,phase_wipe,19,7,1,0.2937298358244504
core+moments,phase_wipe,19,8,1,0.2937298358244504
core+moments,phase_wipe,19,9,1,0.2937298358244504
core+moments,phase_wipe,19,10,1,0.2937298358244504
core+moments,phase_wipe,19,11,1,0.2937298358244504
core+moments,phase_wipe,20,0,1,0.29372987271763534
core+moments,phase_wipe,20,1,1,0.29372987271763534
core+moments,phase_wipe,20,2,1,0.29372987271763534
core+moments,phase_wipe,20,3,1,0.29372987271763534
core+moments,phase_wipe,20,4,1,0.29372987271763534
core+moments,phase_wipe,20,5,1,0.29372987271763534
core+moments,phase_wipe,20,6,1,0.29372987271763534
core+moments,phase_wipe,20,7,1,0.29372987271763534
core+moments,phase_wipe,20,8,1,0.29372987271763534
core+moments,phase_wipe,20,9,1,0.29372987271763534
core+moments,phase_wipe,20,10,1,0.29372987271763534
core+moments,phase_wipe,20,11,1,0.29372987271763534
core+moments,phase_wipe,21,0,1,0.29372985837869203
core+moments,phase_wipe,21,1,1,0.29372985837869203
core+moments,phase_wipe,21,2,1,0.29372985837869203
core+moments,phase_wipe,21,3,1,0.29372985837869203
core+moments,phase_wipe,21,4,1,0.29372985837869203
core+moments,phase_wipe,21,5,1,0.29372985837869203
core+moments,phase_wipe,21,6,1,0.29372985837869203
core+moments,phase_wipe,21,7,1,0.29372985837869203
core+moments,phase_wipe,21,8,1,0.29372985837869203
core+moments,phase_wipe,21,9,1,0.29372985837869203
core+moments,phase_wipe,21,10,1,0.29372985837869203
core+moments,phase_wipe,21,11,1,0.29372985837869203
core+moments,phase_wipe,22,0,1,0.2937298358367528
core+moments,phase_wipe,22,1,1,0.2937298358367528
core+moments,phase_wipe,22,2,1,0.2937298358367528
core+moments,phase_wipe,22,3,1,0.2937298358367528
core+moments,phase_wipe,22,4,1,0.2937298358367528
core+moments,phase_wipe,22,5,1,0.2937298358367528
core+moments,phase_wipe,22,6,1,0.2937298358367528
core+moments,phase_wipe,22,7,1,0.2937298358367528
core+moments,phase_wipe,22,8,1,0.2937298358367528
core+moments,phase_wipe,22,9,1,0.2937298358367528
core+moments,phase_wipe,22,10,1,0.2937298358367528
core+moments,phase_wipe,22,11,1,0.2937298358367528
core+moments,phase_wipe,23,0,1,0.2937298357937476
core+moments,phase_wipe,23,1,1,0.2937298357937476
core+moments,phase_wipe,23,2,1,0.2937298357937476
core+moments,phase_wipe,23,3,1,0.2937298357937476
core+moments,phase_wipe,23,4,1,0.2937298357937476
core+moments,phase_wipe,23,5,1,0.2937298357937476
core+moments,phase_wipe,23,6,1,0.2937298357937476
core+moments,phase_wipe,23,7,1,0.2937298357937476
core+moments,phase_wipe,23,8,1,0.2937298357937476
core+moments,phase_wipe,23,9,1,0.2937298357937476
core+moments,phase_wipe,23,10,1,0.2937298357937476
core+moments,phase_wipe,23,11,1,0.2937298357937476
core+moments,dropout_50,0,0,1,0.29315304213340865
core+moments,dropout_50,0,1,1,0.29271328984516265
core+moments,dropout_50,0,2,1,0.29272369071821075
core+moments,dropout_50,0,3,1,0.2926195356564643
core+moments,dropout_50,0,4,1,0.29259855544015945
core+moments,dropout_50,0,5,1,0.2931071441316879
core+moments,dropout_50,0,6,1,0.29232531091669656
core+moments,dropout_50,0,7,1,0.29061859759529074
core+moments,dropout_50,0,8,1,0.29297977456952734
core+moments,dropout_50,0,9,1,0.29207053231096086
core+moments,dropout_50,0,10,1,0.2927724472720907
core+moments,dropout_50,0,11,1,0.29311050323455384
core+moments,dropout_50,1,0,1,0.2920794738042133
core+moments,dropout_50,1,1,1,0.2919927784122012
core+moments,dropout_50,1,2,1,0.2933751722704996
core+moments,dropout_50,1,3,1,0.29284571525180336
core+moments,dropout_50,1,4,1,0.293484455566573
core+moments,dropout_50,1,5,1,0.2921606886776809
core+moments,dropout_50,1,6,1,0.29315323127607
core+moments,dropout_50,1,7,1,0.29276682134785437
core+moments,dropout_50,1,8,1,0.29115762705486853
core+moments,dropout_50,1,9,1,0.29050120942095675
core+moments,dropout_50,1,10,1,0.2927264147255454
core+moments,dropout_50,1,11,1,0.29302504492372
core+moments,dropout_50,2,0,1,0.29319931933501103
core+moments,dropout_50,2,1,1,0.29238067203400325
core+moments,dropout_50,2,2,1,0.29348024008677726
core+moments,dropout_50,2,3,1,0.2930011253063929
core+moments,dropout_50,2,4,1,0.29284960105483576
core+moments,dropout_50,2,5,1,0.2925846651507783
core+moments,dropout_50,2,6,1,0.29326293134624615
core+moments,dropout_50,2,7,1,0.2923616470535236
core+moments,dropout_50,2,8,1,0.2928455109524174
core+moments,dropout_50,2,9,1,0.29259097816720947
core+moments,dropout_50,2,10,1,0.2919330518520796
core+moments,dropout_50,2,11,1,0.2928843348667362
core+moments,dropout_50,3,0,1,0.23147931977670805
core+moments,dropout_50,3,1,1,0.29277033146631837
core+moments,dropout_50,3,2,1,0.292826340585068
core+moments,dropout_50,3,3,1,0.2914497063284801
core+moments,dropout_50,3,4,1,0.29348357896051297
core+moments,dropout_50,3,5,1,0.2913836702744525
core+moments,dropout_50,3,6,1,0.2923179507454256
core+moments,dropout_50,3,7,1,0.2913521721057175
core+moments,dropout_50,3,8,1,0.2926672139342161
core+moments,dropout_50,3,9,1,0.29326359276550407
core+moments,dropout_50,3,10,1,0.2923550464038669
core+moments,dropout_50,3,11,1,0.23157876938161648
core+moments,dropout_50,4,0,1,0.2924496350021593
core+moments,dropout_50,4,1,1,0.29239527991952086
core+moments,dropout_50,4,2,1,0.2923105393534522
core+moments,dropout_50,4,3,1,0.2924542921356404
core+moments,dropout_50,4,4,1,0.2925713131366472
core+moments,dropout_50,4,5,1,0.29164121001922644
core+moments,dropout_50,4,6,1,0.2919594143001322
core+moments,dropout_50,4,7,1,0.2915181667297808
core+moments,dropout_50,4,8,1,0.29208587752506554
core+moments,dropout_50,4,9,1,0.29272680946788726
core+moments,dropout_50,4,10,1,0.2923426832031993
core+moments,dropout_50,4,11,1,0.29204920144792357
core+moments,dropout_50,5,0,1,0.2935813029304915
core+moments,dropout_50,5,1,1,0.29229970860075366
core+moments,dropout_50,5,2,1,0.29232309554023794
core+moments,dropout_50,5,3,1,0.2934537215939845
core+moments,dropout_50,5,4,1,0.2932127045027287
core+moments,dropout_50,5,5,1,0.2925146930275139
core+moments,dropout_50,5,6,1,0.2927810370047794
core+moments,dropout_50,5,7,1,0.29265297631510623
core+moments,dropout_50,5,8,1,0.2926428430943631
core+moments,dropout_50,5,9,1,0.2926426804646757
core+moments,dropout_50,5,10,1,0.2927741896329791
core+moments,dropout_50,5,11,1,0.29253063503052007
core+moments,dropout_50,6,0,1,0.2930136725032354
core+moments,dropout_50,6,1,1,0.29275145371968236
core+moments,dropout_50,6,2,1,0.29280132112645646
core+moments,dropout_50,6,3,1,0.2931260972363896
core+moments,dropout_50,6,4,1,0.2919108740861758
core+moments,dropout_50,6,5,1,0.2917465260877885
core+moments,dropout_50,6,6,1,0.2928402538525025
core+moments,dropout_50,6,7,1,0.2931046505670185
core+moments,dropout_50,6,8,1,0.2922094691850243
core+moments,dropout_50,6,9,1,0.29292199685193077
core+moments,dropout_50,6,10,1,0.2928931104793634
core+moments,dropout_50,6,11,1,0.2912553592595781
core+moments,dropout_50,7,0,1,0.2920460275429114
core+moments,dropout_50,7,1,1,0.291598774082961
core+moments,dropout_50,7,2,1,0.29341111918073154
core+moments,dropout_50,7,3,1,0.2931256546526903
core+moments,dropout_50,7,4,1,0.29258663956374875
core+moments,dropout_50,7,5,1,0.29256262067409494
core+moments,dropout_50,7,6,1,0.2930384109390896
core+moments,dropout_50,7,7,1,0.2909076217352159
core+moments,dropout_50,7,8,1,0.2931689808695546
core+moments,dropout_50,7,9,1,0.2931917240258409
core+moments,dropout_50,7,10,1,0.2925403940765866
core+moments,dropout_50,7,11,1,0.292163605347947
core+moments,dropout_50,8,0,1,0.2918090179906513
core+moments,dropout_50,8,1,1,0.2926978669923384
core+moments,dropout_50,8,2,1,0.292751826936771
core+moments,dropout_50,8,3,1,0.29285175212689063
core+moments,dropout_50,8,4,1,0.2934072091880617
core+moments,dropout_50,8,5,1,0.29278363723153383
core+moments,dropout_50,8,6,1,0.293423386299397
core+moments,dropout_50,8,7,1,0.29336883450979295
core+moments,dropout_50,8,8,1,0.2923692333782722
core+moments,dropout_50,8,9,1,0.29258256152330675
core+moments,dropout_50,8,10,1,0.29323979403569933
core+moments,dropout_50,8,11,1,0.2923629906887634
core+moments,dropout_50,9,0,1,0.2923408751228211
core+moments,dropout_50,9,1,1,0.2920253203012887
core+moments,dropout_50,9,2,1,0.23277315323004172
core+moments,dropout_50,9,3,1,0.29303917060892337
core+moments,dropout_50,9,4,1,0.2932826995022677
core+moments,dropout_50,9,5,1,0.29327598192463755
core+moments,dropout_50,9,6,1,0.2918156385290315
core+moments,dropout_50,9,7,1,0.29246027928589996
core+moments,dropout_50,9,8,1,0.2934367539079757
core+moments,dropout_50,9,9,1,0.2931716161307353
core+moments,dropout_50,9,10,1,0.2926923376778717
core+moments,dropout_50,9,11,1,0.2931833647729574
core+moments,dropout_50,10,0,1,0.29278501524859046
core+moments,dropout_50,10,1,1,0.2929994795785861
core+moments,dropout_50,10,2,1,0.29317824444480006
core+moments,dropout_50,10,3,1,0.29204069728311727
core+moments,dropout_50,10,4,1,0.29313871899868676
core+moments,dropout_50,10,5,1,0.29251817409931996
core+moments,dropout_50,10,6,1,0.2926640563676543
core+moments,dropout_50,10,7,1,0.2923297153556057
core+moments,dropout_50,10,8,1,0.29250909277338344
core+moments,dropout_50,10,9,1,0.2929191271803113
core+moments,dropout_50,10,10,1,0.2922134113189049
core+moments,dropout_50,10,11,1,0.2931815043295683
core+moments,dropout_50,11,0,1,0.29323495154829565
core+moments,dropout_50,11,1,1,0.2925211663063153
core+moments,dropout_50,11,2,1,0.2924693548485271
core+moments,dropout_50,11,3,1,0.293260188674008
core+moments,dropout_50,11,4,1,0.29343453669863373
core+moments,dropout_50,11,5,1,0.2919206203909579
core+moments,dropout_50,11,6,1,0.2918356688501563
core+moments,dropout_50,11,7,1,0.29135332102105505
core+moments,dropout_50,11,8,1,0.2922469467671506
core+moments,dropout_50,11,9,1,0.2933095644255591
core+moments,dropout_50,11,10,1,0.2930905015562805
core+moments,dropout_50,11,11,1,0.2919627986677868
core+moments,dropout_50,12,0,1,0.293183611020775
core+moments,dropout_50,12,1,1,0.2924656620631778
core+moments,dropout_50,12,2,1,0.2927418794562705
core+moments,dropout_50,12,3,1,0.29173500584675377
core+moments,dropout_50,12,4,1,0.292588296430051
core+moments,dropout_50,12,5,1,0.29177912546086193
core+moments,dropout_50,12,6,1,0.29223123734179307
core+moments,dropout_50,12,7,1,0.29248990894596
core+moments,dropout_50,12,8,1,0.29281210574044003
core+moments,dropout_50,12,9,1,0.29305011130874575
core+moments,dropout_50,12,10,1,0.2935154119963217
core+moments,dropout_50,12,11,1,0.2928329262663901
core+moments,dropout_50,13,0,1,0.2910501395106898
core+moments,dropout_50,13,1,1,0.2928466912094799
core+moments,dropout_50,13,2,1,0.29249154842514874
core+moments,dropout_50,13,3,1,0.292993799738297
core+moments,dropout_50,13,4,1,0.2928305391610006
core+moments,dropout_50,13,5,1,0.2927855904310381
core+moments,dropout_50,13,6,1,0.2913682943748353
core+moments,dropout_50,13,7,1,0.2919043829156083
core+moments,dropout_50,13,8,1,0.29220592173598947
core+moments,dropout_50,13,9,1,0.29149839883124107
core+moments,dropout_50,13,10,1,0.292868856149071
core+moments,dropout_50,13,11,1,0.29363943416126054
core+moments,dropout_50,14,0,1,0.2933648102748711
core+moments,dropout_50,14,1,1,0.29027558520928054
core+moments,dropout_50,14,2,1,0.29360101327417315
core+moments,dropout_50,14,3,1,0.2931623375982396
core+moments,dropout_50,14,4,1,0.2934560222922269
core+moments,dropout_50,14,5,1,0.2928755197928334
core+moments,dropout_50,14,6,1,0.29319829353682114
core+moments,dropout_50,14,7,1,0.29331109769135427
core+moments,dropout_50,14,8,1,0.2921860305138677
core+moments,dropout_50,14,9,1,0.2917280292102054
core+moments,dropout_50,14,10,1,0.2934986937656596
core+moments,dropout_50,14,11,1,0.29269545365636884
core+moments,dropout_50,15,0,1,0.2926450845338422
core+moments,dropout_50,15,1,1,0.2926899322845695
core+moments,dropout_50,15,2,1,0.29271902757414914
core+moments,dropout_50,15,3,1,0.2918106885949165
core+moments,dropout_50,15,4,1,0.2909236843231988
core+moments,dropout_50,15,5,1,0.2892469353399891
core+moments,dropout_50,15,6,1,0.2921641081742729
core+moments,dropout_50,15,7,1,0.29122826322116807
core+moments,dropout_50,15,8,1,0.2925450190674939
core+moments,dropout_50,15,9,1,0.2920072044817791
core+moments,dropout_50,15,10,1,0.2909122218651286
core+moments,dropout_50,15,11,1,0.29269280685156934
core+moments,dropout_50,16,0,1,0.2931461348022669
core+moments,dropout_50,16,1,1,0.293395644548592
core+moments,dropout_50,16,2,1,0.2910779180350541
core+moments,dropout_50,16,3,1,0.29281090485856576
core+moments,dropout_50,16,4,1,0.29297462626487336
core+moments,dropout_50,16,5,1,0.2916591184491764
core+moments,dropout_50,16,6,1,0.2916689002830186
core+moments,dropout_50,16,7,1,0.2904216675302686
core+moments,dropout_50,16,8,1,0.2927875738894428
core+moments,dropout_50,16,9,1,0.2924674682642142
core+moments,dropout_50,16,10,1,0.2927056182075374
core+moments,dropout_50,16,11,1,0.2918242572152134
core+moments,dropout_50,17,0,1,0.2927062015287634
core+moments,dropout_50,17,1,1,0.2909510767545495
core+moments,dropout_50,17,2,1,0.29132688587349004
core+moments,dropout_50,17,3,1,0.29250476236096684
core+moments,dropout_50,17,4,1,0.29159625191224525
core+moments,dropout_50,17,5,1,0.2924600938547061
core+moments,dropout_50,17,6,1,0.2933868298424377
core+moments,dropout_50,17,7,1,0.2904470368456294
core+moments,dropout_50,17,8,1,0.29257406773565225
core+moments,dropout_50,17,9,1,0.29301646149448446
core+moments,dropout_50,17,10,1,0.2934562944186478
core+moments,dropout_50,17,11,1,0.2925313720761648
core+moments,dropout_50,18,0,1,0.29250890632156845
core+moments,dropout_50,18,1,1,0.2928984333858068
core+moments,dropout_50,18,2,1,0.29308866526566824
core+moments,dropout_50,18,3,1,0.29302746718331557
core+moments,dropout_50,18,4,1,0.29213671822482057
core+moments,dropout_50,18,5,1,0.29290021672113364
core+moments,dropout_50,18,6,1,0.29281835886714175
core+moments,dropout_50,18,7,1,0.2926037040469363
core+moments,dropout_50,18,8,1,0.29249337314154356
core+moments,dropout_50,18,9,1,0.2931105950333155
core+moments,dropout_50,18,10,1,0.2929202621173094
core+moments,dropout_50,18,11,1,0.2927899073370101
core+moments,dropout_50,19,0,1,0.2913615776171517
core+moments,dropout_50,19,1,1,0.29263475057350274
core+moments,dropout_50,19,2,1,0.29316176610314426
core+moments,dropout_50,19,3,1,0.29099628909774944
core+moments,dropout_50,19,4,1,0.29251484667919964
core+moments,dropout_50,19,5,1,0.2922423378432091
core+moments,dropout_50,19,6,1,0.29330062075330654
core+moments,dropout_50,19,7,1,0.292950005639698
core+moments,dropout_50,19,8,1,0.2930626491322805
core+moments,dropout_50,19,9,1,0.29259096579955285
core+moments,dropout_50,19,10,1,0.29330860334709635
core+moments,dropout_50,19,11,1,0.29247224149721135
core+moments,dropout_50,20,0,1,0.29300494943064154
core+moments,dropout_50,20,1,1,0.2927836186395802
core+moments,dropout_50,20,2,1,0.2922522437593644
core+moments,dropout_50,20,3,1,0.29352898955975204
core+moments,dropout_50,20,4,1,0.29283296525194813
core+moments,dropout_50,20,5,1,0.29203616829126117
core+moments,dropout_50,20,6,1,0.29348328135139323
core+moments,dropout_50,20,7,1,0.29207958141522605
core+moments,dropout_50,20,8,1,0.29215024050202504
core+moments,dropout_50,20,9,1,0.2928111719918376
core+moments,dropout_50,20,10,1,0.29328085681359534
core+moments,dropout_50,20,11,1,0.2930379268546677
core+moments,dropout_50,21,0,1,0.2923492976939845
core+moments,dropout_50,21,1,1,0.29168683560508013
core+moments,dropout_50,21,2,1,0.2931737076848532
core+moments,dropout_50,21,3,1,0.2882950718263775
core+moments,dropout_50,21,4,1,0.2926881847109147
core+moments,dropout_50,21,5,1,0.29283727176638513
core+moments,dropout_50,21,6,1,0.29249334256151616
core+moments,dropout_50,21,7,1,0.29302697291175556
core+moments,dropout_50,21,8,1,0.29204576503390023
core+moments,dropout_50,21,9,1,0.29205672828634005
core+moments,dropout_50,21,10,1,0.2929146553431606
core+moments,dropout_50,21,11,1,0.2928548687767237
core+moments,dropout_50,22,0,1,0.2915323122614245
core+moments,dropout_50,22,1,1,0.291972086092998
core+moments,dropout_50,22,2,1,0.2927253167096133
core+moments,dropout_50,22,3,1,0.29272464245428403
core+moments,dropout_50,22,4,1,0.2928154465913736
core+moments,dropout_50,22,5,1,0.29310147650479584
core+moments,dropout_50,22,6,1,0.2930106800977921
core+moments,dropout_50,22,7,1,0.2925770058785737
core+moments,dropout_50,22,8,1,0.2904430275853503
core+moments,dropout_50,22,9,1,0.2920827750301623
core+moments,dropout_50,22,10,1,0.2920343533505388
core+moments,dropout_50,22,11,1,0.2918249855981816
core+moments,dropout_50,23,0,1,0.2923304299215853
core+moments,dropout_50,23,1,1,0.2917103252139208
core+moments,dropout_50,23,2,1,0.29332403639318033
core+moments,dropout_50,23,3,1,0.2935216053457535
core+moments,dropout_50,23,4,1,0.29283165002761724
core+moments,dropout_50,23,5,1,0.29281960240977384
core+moments,dropout_50,23,6,1,0.29278362844914585
core+moments,dropout_50,23,7,1,0.29252916177908866
core+moments,dropout_50,23,8,1,0.2921828684810816
core+moments,dropout_50,23,9,1,0.29284765320854483
core+moments,dropout_50,23,10,1,0.29258676642469644
core+moments,dropout_50,23,11,1,0.29348943377989983
core+moments,amp_noise,0,0,1,0.27870106198937494
core+moments,amp_noise,0,1,1,0.2779338280435518
core+moments,amp_noise,0,2,1,0.27288982482105434
core+moments,amp_noise,0,3,1,0.25154244903482886
core+moments,amp_noise,0,4,1,0.24734177636817906
core+moments,amp_noise,0,5,1,0.27775829998381846
core+moments,amp_noise,0,6,1,0.1988127580825479
core+moments,amp_noise,0,7,1,0.22643236015196655
core+moments,amp_noise,0,8,1,0.22629598235329673
core+moments,amp_noise,0,9,1,0.27111613537446877
core+moments,amp_noise,0,10,1,0.23565937252042146
core+moments,amp_noise,0,11,1,0.11712055454820094
core+moments,amp_noise,1,0,1,0.2829511208572294
core+moments,amp_noise,1,1,1,0.2273400656645238
core+moments,amp_noise,1,2,1,0.25476529471635445
core+moments,amp_noise,1,3,1,0.2631632326603095
core+moments,amp_noise,1,4,1,0.27405706318158896
core+moments,amp_noise,1,5,1,0.2598202720004242
core+moments,amp_noise,1,6,1,0.25855711440789453
core+moments,amp_noise,1,7,1,0.28151013045790896
core+moments,amp_noise,1,8,1,0.13749445319999767
core+moments,amp_noise,1,9,1,0.2492595959385424
core+moments,amp_noise,1,10,1,0.2603089100094897
core+moments,amp_noise,1,11,1,0.22558187747301361
core+moments,amp_noise,2,0,1,0.2829093785503279
core+moments,amp_noise,2,1,1,0.22635781153173173
core+moments,amp_noise,2,2,1,0.2712332115554165
core+moments,amp_noise,2,3,1,0.2740848901755483
core+moments,amp_noise,2,4,1,0.2616779053066545
core+moments,amp_noise,2,5,1,0.27017560799527507
core+moments,amp_noise,2,6,1,0.2670591142829956
core+moments,amp_noise,2,7,1,0.26460282220477527
core+moments,amp_noise,2,8,1,0.21825078595963782
core+moments,amp_noise,2,9,1,0.24885858081120452
core+moments,amp_noise,2,10,1,0.2245456578553791
core+moments,amp_noise,2,11,1,0.13640365406186186
core+moments,amp_noise,3,0,1,0.26580187248525156
core+moments,amp_noise,3,1,1,0.21367571301082966
core+moments,amp_noise,3,2,1,0.27710760838148807
core+moments,amp_noise,3,3,1,0.2783428341586591
core+moments,amp_noise,3,4,1,0.2790256586404621
core+moments,amp_noise,3,5,1,0.2782876515813623
core+moments,amp_noise,3,6,1,0.21716314357542843
core+moments,amp_noise,3,7,1,0.2234892991323008
core+moments,amp_noise,3,8,1,0.26883245082334567
core+moments,amp_noise,3,9,1,0.25569608915252473
core+moments,amp_noise,3,10,1,0.20632781487936808
core+moments,amp_noise,3,11,1,0.26360797527156715
core+moments,amp_noise,4,0,1,0.26067112144287835
core+moments,amp_noise,4,1,1,0.2677724235814737
core+moments,amp_noise,4,2,1,0.27285636232316324
core+moments,amp_noise,4,3,1,0.26328195826819323
core+moments,amp_noise,4,4,1,0.285773678998185
core+moments,amp_noise,4,5,1,0.24798493252288217
core+moments,amp_noise,4,6,1,0.23832147688318728
core+moments,amp_noise,4,7,1,0.21477167163984914
core+moments,amp_noise,4,8,1,0.2490638417973888
core+moments,amp_noise,4,9,1,0.13839348117545805
core+moments,amp_noise,4,10,1,0.19863898368608524
core+moments,amp_noise,4,11,1,0.28206823737134873
core+moments,amp_noise,5,0,1,0.2751629556413864
core+moments,amp_noise,5,1,1,0.2755605445340208
core+moments,amp_noise,5,2,1,0.2824909546720779
core+moments,amp_noise,5,3,1,0.27334372320689987
core+moments,amp_noise,5,4,1,0.2520209158716012
core+moments,amp_noise,5,5,1,0.26292013486999793
core+moments,amp_noise,5,6,1,0.2789250480723655
core+moments,amp_noise,5,7,1,0.26156681478224664
core+moments,amp_noise,5,8,1,0.22582906752524295
core+moments,amp_noise,5,9,1,0.24782276813119813
core+moments,amp_noise,5,10,1,0.2661990239713224
core+moments,amp_noise,5,11,1,0.26163684732616543
core+moments,amp_noise,6,0,1,0.12247183444292888
core+moments,amp_noise,6,1,1,0.13705743037875534
core+moments,amp_noise,6,2,1,0.27902731587538265
core+moments,amp_noise,6,3,1,0.2664883709984226
core+moments,amp_noise,6,4,1,0.26676165890554615
core+moments,amp_noise,6,5,1,0.2818029255246222
core+moments,amp_noise,6,6,1,0.26423854557325394
core+moments,amp_noise,6,7,1,0.27089231340302655
core+moments,amp_noise,6,8,1,0.28279880768253773
core+moments,amp_noise,6,9,1,0.25539357342007163
core+moments,amp_noise,6,10,1,0.11913016139558548
core+moments,amp_noise,6,11,1,0.24245625917002994
core+moments,amp_noise,7,0,1,0.25266620143211016
core+moments,amp_noise,7,1,0,0.0035330365240799355
core+moments,amp_noise,7,2,1,0.24293713819646326
core+moments,amp_noise,7,3,1,0.255725974589759
core+moments,amp_noise,7,4,1,0.25948820480749096
core+moments,amp_noise,7,5,1,0.264311137786421
core+moments,amp_noise,7,6,1,0.2739991012437795
core+moments,amp_noise,7,7,1,0.2689135593146117
core+moments,amp_noise,7,8,1,0.2510442780060139
core+moments,amp_noise,7,9,1,0.2704721417296349
core+moments,amp_noise,7,10,1,0.28204003919020093
core+moments,amp_noise,7,11,1,0.2302430351760553
core+moments,amp_noise,8,0,1,0.2509891394878476
core+moments,amp_noise,8,1,1,0.23086303302899133
core+moments,amp_noise,8,2,1,0.26551415613000473
core+moments,amp_noise,8,3,1,1.0564470034557516e-05
core+moments,amp_noise,8,4,1,0.22791949358397873
core+moments,amp_noise,8,5,1,0.22236888140467448
core+moments,amp_noise,8,6,1,0.13406740953054125
core+moments,amp_noise,8,7,1,0.223387354569234
core+moments,amp_noise,8,8,1,0.28165079370253954
core+moments,amp_noise,8,9,1,0.2721658231302803
core+moments,amp_noise,8,10,1,0.26358739101448647
core+moments,amp_noise,8,11,1,0.134798657374108
core+moments,amp_noise,9,0,1,0.28199498772818815
core+moments,amp_noise,9,1,1,0.2595207527649638
core+moments,amp_noise,9,2,1,0.1361280511831408
core+moments,amp_noise,9,3,1,0.2714744527467387
core+moments,amp_noise,9,4,1,0.13659630801966793
core+moments,amp_noise,9,5,1,0.24208973473076906
core+moments,amp_noise,9,6,1,0.1311190132840884
core+moments,amp_noise,9,7,0,0.03237276671261413
core+moments,amp_noise,9,8,1,0.24946004129395355
core+moments,amp_noise,9,9,1,0.28095716763623835
core+moments,amp_noise,9,10,1,0.2425384501324459
core+moments,amp_noise,9,11,1,0.1368042343878205
core+moments,amp_noise,10,0,1,0.2640406015226856
core+moments,amp_noise,10,1,1,0.259611800355834
core+moments,amp_noise,10,2,1,0.22892536202331148
core+moments,amp_noise,10,3,1,0.24906859221797545
core+moments,amp_noise,10,4,1,0.22907491562186688
core+moments,amp_noise,10,5,1,0.264140248910906
core+moments,amp_noise,10,6,1,0.11553561015518374
core+moments,amp_noise,10,7,1,0.28060349287464625
core+moments,amp_noise,10,8,1,0.2451592373042303
core+moments,amp_noise,10,9,1,0.2461366657087426
core+moments,amp_noise,10,10,1,0.13080844488749457
core+moments,amp_noise,10,11,1,0.258928789789551
core+moments,amp_noise,11,0,1,0.2770972865481621
core+moments,amp_noise,11,1,1,0.2649920548349414
core+moments,amp_noise,11,2,1,0.26670365569156607
core+moments,amp_noise,11,3,1,0.13460010615785273
core+moments,amp_noise,11,4,1,0.25645498840243414
core+moments,amp_noise,11,5,1,0.27186394216639787
core+moments,amp_noise,11,6,1,0.257733352249776
core+moments,amp_noise,11,7,1,0.22907451485144584
core+moments,amp_noise,11,8,1,0.2648458447954768
core+moments,amp_noise,11,9,1,0.21907908724634922
core+moments,amp_noise,11,10,1,0.2785201629255191
core+moments,amp_noise,11,11,1,0.25312342230708723
core+moments,amp_noise,12,0,1,0.26254319810405335
core+moments,amp_noise,12,1,1,0.2573424581069509
core+moments,amp_noise,12,2,1,0.12799577358878492
core+moments,amp_noise,12,3,1,0.2512194022989665
core+moments,amp_noise,12,4,1,0.2734911061853927
core+moments,amp_noise,12,5,1,0.2567656355482997
core+moments,amp_noise,12,6,1,0.27788717669542756
core+moments,amp_noise,12,7,1,0.0036113943214740596
core+moments,amp_noise,12,8,1,0.13531275863397713
core+moments,amp_noise,12,9,1,0.25425274146856736
core+moments,amp_noise,12,10,1,0.26399714839013005
core+moments,amp_noise,12,11,1,0.21073257729872635
core+moments,amp_noise,13,0,1,0.2344893562774269
core+moments,amp_noise,13,1,1,0.2662469138106251
core+moments,amp_noise,13,2,1,0.238486884423037
core+moments,amp_noise,13,3,1,0.27624358591774556
core+moments,amp_noise,13,4,1,0.25037292032888975
core+moments,amp_noise,13,5,1,0.13475802389534175
core+moments,amp_noise,13,6,1,0.1991124850523675
core+moments,amp_noise,13,7,1,0.1264960731398638
core+moments,amp_noise,13,8,1,0.13172389169791576
core+moments,amp_noise,13,9,1,0.2577543922685901
core+moments,amp_noise,13,10,1,0.23742974479448425
core+moments,amp_noise,13,11,1,0.26010356373628857
core+moments,amp_noise,14,0,1,0.12364024651310207
core+moments,amp_noise,14,1,1,0.26242715312637516
core+moments,amp_noise,14,2,1,0.261077077494296
core+moments,amp_noise,14,3,1,0.26645777520077635
core+moments,amp_noise,14,4,1,0.2546515555877701
core+moments,amp_noise,14,5,1,0.2617636786722712
core+moments,amp_noise,14,6,1,0.25542318146055687
core+moments,amp_noise,14,7,1,0.23136529751408436
core+moments,amp_noise,14,8,1,0.26867843962185983
core+moments,amp_noise,14,9,1,0.256915164439709
core+moments,amp_noise,14,10,1,0.2654577982281765
core+moments,amp_noise,14,11,1,0.21133452207937603
core+moments,amp_noise,15,0,1,0.2721460439848217
core+moments,amp_noise,15,1,1,0.24892926063086537
core+moments,amp_noise,15,2,1,0.22615345161608214
core+moments,amp_noise,15,3,1,0.2450079841074999
core+moments,amp_noise,15,4,1,0.22592844975423823
core+moments,amp_noise,15,5,1,0.2486221444886883
core+moments,amp_noise,15,6,1,0.27448257986757957
core+moments,amp_noise,15,7,1,0.27718433191109787
core+moments,amp_noise,15,8,1,0.2623933343192082
core+moments,amp_noise,15,9,1,0.23059518382993105
core+moments,amp_noise,15,10,1,0.2732868515043449
core+moments,amp_noise,15,11,1,0.2676253768335721
core+moments,amp_noise,16,0,1,0.25082016990244105
core+moments,amp_noise,16,1,1,0.258541304026306
core+moments,amp_noise,16,2,1,0.25058817572411607
core+moments,amp_noise,16,3,1,0.27487129507423624
core+moments,amp_noise,16,4,1,0.2772719685286162
core+moments,amp_noise,16,5,1,0.2272467215901004
core+moments,amp_noise,16,6,1,0.2263669933863167
core+moments,amp_noise,16,7,1,0.2457989320170786
core+moments,amp_noise,16,8,1,0.27201205859316957
core+moments,amp_noise,16,9,1,0.25866746515247474
core+moments,amp_noise,16,10,1,0.13658730400865193
core+moments,amp_noise,16,11,1,0.25534060721035623
core+moments,amp_noise,17,0,1,0.2620209992421733
core+moments,amp_noise,17,1,1,0.27365318930746524
core+moments,amp_noise,17,2,1,0.2704596522298111
core+moments,amp_noise,17,3,1,0.129314284425745
core+moments,amp_noise,17,4,1,0.2730988164179002
core+moments,amp_noise,17,5,1,0.25528852577207767
core+moments,amp_noise,17,6,1,0.2355778326143244
core+moments,amp_noise,17,7,1,0.2671726273377946
core+moments,amp_noise,17,8,1,0.22855990852029512
core+moments,amp_noise,17,9,1,0.24283924312267463
core+moments,amp_noise,17,10,1,0.11763186694236899
core+moments,amp_noise,17,11,1,0.2384173776547231
core+moments,amp_noise,18,0,1,0.2683915118562404
core+moments,amp_noise,18,1,1,0.27068719990382206
core+moments,amp_noise,18,2,1,0.2874300697036951
core+moments,amp_noise,18,3,1,0.23533536953938933
core+moments,amp_noise,18,4,1,0.22541766759060114
core+moments,amp_noise,18,5,1,0.28122732387241506
core+moments,amp_noise,18,6,1,0.23589332885229522
core+moments,amp_noise,18,7,1,0.23093396625671975
core+moments,amp_noise,18,8,1,0.24868167217970213
core+moments,amp_noise,18,9,1,0.27301167602868154
core+moments,amp_noise,18,10,1,0.28232293466384195
core+moments,amp_noise,18,11,1,0.2647055733928328
core+moments,amp_noise,19,0,1,0.23392726488536147
core+moments,amp_noise,19,1,1,0.2802274791814641
core+moments,amp_noise,19,2,1,0.2667987204612636
core+moments,amp_noise,19,3,1,0.2705331850964812
core+moments,amp_noise,19,4,1,0.25953087479285913
core+moments,amp_noise,19,5,1,0.24620430920951056
core+moments,amp_noise,19,6,1,0.23112712465905416
core+moments,amp_noise,19,7,1,0.23401233581208322
core+moments,amp_noise,19,8,1,0.1360346186793611
core+moments,amp_noise,19,9,1,0.1353932014288725
core+moments,amp_noise,19,10,1,0.2781010198633739
core+moments,amp_noise,19,11,1,0.27299143542719184
core+moments,amp_noise,20,0,1,0.2626662603770446
core+moments,amp_noise,20,1,1,0.27447349543782273
core+moments,amp_noise,20,2,1,0.22960246205115875
core+moments,amp_noise,20,3,1,0.27943794654432513
core+moments,amp_noise,20,4,1,0.24356176072324592
core+moments,amp_noise,20,5,1,0.2331445200555644
core+moments,amp_noise,20,6,1,0.2727339671526711
core+moments,amp_noise,20,7,1,0.23247779937991583
core+moments,amp_noise,20,8,1,0.23407473154183436
core+moments,amp_noise,20,9,1,0.23610314930484186
core+moments,amp_noise,20,10,1,0.24697042768500593
core+moments,amp_noise,20,11,1,0.2585883234800676
core+moments,amp_noise,21,0,1,0.22977958780461172
core+moments,amp_noise,21,1,1,0.21902411474690237
core+moments,amp_noise,21,2,1,0.23138251712019187
core+moments,amp_noise,21,3,1,0.26569319607740544
core+moments,amp_noise,21,4,1,0.27219154550597763
core+moments,amp_noise,21,5,1,0.2550623867225436
core+moments,amp_noise,21,6,1,0.25112242829620113
core+moments,amp_noise,21,7,1,0.27782176468519765
core+moments,amp_noise,21,8,1,0.1320133213407026
core+moments,amp_noise,21,9,1,0.23238532769871062
core+moments,amp_noise,21,10,1,0.2623370108741915
core+moments,amp_noise,21,11,1,0.135756692490154
core+moments,amp_noise,22,0,1,0.27265427081501115
core+moments,amp_noise,22,1,1,0.2765586242283811
core+moments,amp_noise,22,2,1,0.23387797620349685
core+moments,amp_noise,22,3,1,0.2780452106210076
core+moments,amp_noise,22,4,1,0.27197062398563393
core+moments,amp_noise,22,5,1,0.2741616829012387
core+moments,amp_noise,22,6,1,0.28018109090882387
core+moments,amp_noise,22,7,1,0.2723572911780235
core+moments,amp_noise,22,8,1,0.2630510499760538
core+moments,amp_noise,22,9,1,0.23417228751027042
core+moments,amp_noise,22,10,1,0.25129496424800135
core+moments,amp_noise,22,11,1,0.26692125278495055
core+moments,amp_noise,23,0,1,0.2702910138303294
core+moments,amp_noise,23,1,1,0.27399502277861476
core+moments,amp_noise,23,2,1,0.2765282875171165
core+moments,amp_noise,23,3,1,0.27169553196778107
core+moments,amp_noise,23,4,1,0.26781313821204833
core+moments,amp_noise,23,5,1,0.13600782579301993
core+moments,amp_noise,23,6,1,0.26403105294479773
core+moments,amp_noise,23,7,1,0.2602025231396949
core+moments,amp_noise,23,8,1,0.2727712873543011
core+moments,amp_noise,23,9,1,0.26407143620270773
core+moments,amp_noise,23,10,1,0.2673815367414833
core+moments,amp_noise,23,11,1,0.12490217813256031
core+moments,mixed,0,0,1,0.28289941858516215
core+moments,mixed,0,1,1,0.26742457817982085
core+moments,mixed,0,2,1,0.2784537651522163
core+moments,mixed,0,3,1,0.2625325860531885
core+moments,mixed,0,4,1,0.2596661020822704
core+moments,mixed,0,5,1,0.26746398444206937
core+moments,mixed,0,6,1,0.22542224421103357
core+moments,mixed,0,7,1,0.2730110113759807
core+moments,mixed,0,8,1,0.27210233279635015
core+moments,mixed,0,9,1,0.27735276774053313
core+moments,mixed,0,10,1,0.2508163648060455
core+moments,mixed,0,11,1,0.26552512262197875
core+moments,mixed,1,0,1,0.2825548168302617
core+moments,mixed,1,1,1,0.2748566705774066
core+moments,mixed,1,2,1,0.26528918336069973
core+moments,mixed,1,3,1,0.2715083724366404
core+moments,mixed,1,4,1,0.27943617741752436
core+moments,mixed,1,5,1,0.2688790889646587
core+moments,mixed,1,6,1,0.26821809534572777
core+moments,mixed,1,7,1,0.2848809631356907
core+moments,mixed,1,8,1,0.27917196749421086
core+moments,mixed,1,9,1,0.26083218463510893
core+moments,mixed,1,10,1,0.26455786614530263
core+moments,mixed,1,11,1,0.27085731467507107
core+moments,mixed,2,0,1,0.2821202071270839
core+moments,mixed,2,1,1,0.2723819462393844
core+moments,mixed,2,2,1,0.2777632451349258
core+moments,mixed,2,3,1,0.27972541305865617
core+moments,mixed,2,4,1,0.27026756660309825
core+moments,mixed,2,5,1,0.27592171149885597
core+moments,mixed,2,6,1,0.274451863093371
core+moments,mixed,2,7,1,0.27821510894391843
core+moments,mixed,2,8,1,0.22433148726911478
core+moments,mixed,2,9,1,0.26056626139150735
core+moments,mixed,2,10,1,0.22777537665205116
core+moments,mixed,2,11,1,0.2745354895551232
core+moments,mixed,3,0,1,0.27340158096015477
core+moments,mixed,3,1,1,0.2532101179009292
core+moments,mixed,3,2,1,0.2654221111206891
core+moments,mixed,3,3,1,0.28241939718567044
core+moments,mixed,3,4,1,0.2831503811154807
core+moments,mixed,3,5,1,0.2827102100877991
core+moments,mixed,3,6,1,0.25768433172090544
core+moments,mixed,3,7,1,0.2671112471103386
core+moments,mixed,3,8,1,0.27570430674605206
core+moments,mixed,3,9,1,0.2659493359811547
core+moments,mixed,3,10,1,0.2067156954886087
core+moments,mixed,3,11,1,0.27220180152370155
core+moments,mixed,4,0,1,0.2695744138881
core+moments,mixed,4,1,1,0.27507720271942804
core+moments,mixed,4,2,1,0.27854153660710607
core+moments,mixed,4,3,1,0.2716401628997373
core+moments,mixed,4,4,1,0.2883365006989664
core+moments,mixed,4,5,1,0.2600296674857335
core+moments,mixed,4,6,1,0.25269322331690913
core+moments,mixed,4,7,1,0.2550075765796066
core+moments,mixed,4,8,1,0.2608282749208519
core+moments,mixed,4,9,1,0.13868272870624593
core+moments,mixed,4,10,1,0.24324362830185103
core+moments,mixed,4,11,1,0.2854307553404853
core+moments,mixed,5,0,1,0.2803243720099256
core+moments,mixed,5,1,1,0.2802073039815094
core+moments,mixed,5,2,1,0.2801331602481692
core+moments,mixed,5,3,1,0.2789170425631985
core+moments,mixed,5,4,1,0.2633110218229327
core+moments,mixed,5,5,1,0.2713889438490781
core+moments,mixed,5,6,1,0.2831184873931517
core+moments,mixed,5,7,1,0.2703549947229963
core+moments,mixed,5,8,1,0.2718521796529297
core+moments,mixed,5,9,1,0.26054772013074434
core+moments,mixed,5,10,1,0.274029483473483
core+moments,mixed,5,11,1,0.2707468189222416
core+moments,mixed,6,0,1,0.24389209399340894
core+moments,mixed,6,1,1,0.2772142536977029
core+moments,mixed,6,2,1,0.2830938433523339
core+moments,mixed,6,3,1,0.273699005171051
core+moments,mixed,6,4,1,0.27423523185660803
core+moments,mixed,6,5,1,0.2849573834015298
core+moments,mixed,6,6,1,0.2722887988214121
core+moments,mixed,6,7,1,0.2765615195724613
core+moments,mixed,6,8,1,0.28588514527696646
core+moments,mixed,6,9,1,0.265446240528724
core+moments,mixed,6,10,1,0.13640520360802122
core+moments,mixed,6,11,1,0.25614305938076054
core+moments,mixed,7,0,1,0.2635354043780332
core+moments,mixed,7,1,1,0.2603752934431467
core+moments,mixed,7,2,1,0.2567699595640697
core+moments,mixed,7,3,1,0.26626512623125015
core+moments,mixed,7,4,1,0.2688124572372
core+moments,mixed,7,5,1,0.27268845424877863
core+moments,mixed,7,6,1,0.27960577256609137
core+moments,mixed,7,7,1,0.27610765695240347
core+moments,mixed,7,8,1,0.2630460177056493
core+moments,mixed,7,9,1,0.2766935603927348
core+moments,mixed,7,10,1,0.28534669165720206
core+moments,mixed,7,11,1,0.2791978898241245
core+moments,mixed,8,0,1,0.26216610253135053
core+moments,mixed,8,1,1,0.2806949776777226
core+moments,mixed,8,2,1,0.2731990277627296
core+moments,mixed,8,3,1,0.13884515617334933
core+moments,mixed,8,4,1,0.27339388372203594
core+moments,mixed,8,5,1,0.24040962064930654
core+moments,mixed,8,6,1,0.13639519615781173
core+moments,mixed,8,7,1,0.2651646538783036
core+moments,mixed,8,8,1,0.284975920537269
core+moments,mixed,8,9,1,0.2786705099310439
core+moments,mixed,8,10,1,0.27204975163688505
core+moments,mixed,8,11,1,0.1368412745942821
core+moments,mixed,9,0,1,0.2852546480757625
core+moments,mixed,9,1,1,0.26903543772988525
core+moments,mixed,9,2,1,0.2738412989309711
core+moments,mixed,9,3,1,0.2776443067854393
core+moments,mixed,9,4,1,0.13773740238448576
core+moments,mixed,9,5,1,0.25560395511617284
core+moments,mixed,9,6,1,0.13469686994435137
core+moments,mixed,9,7,1,0.25816391330218486
core+moments,mixed,9,8,1,0.26135649503014985
core+moments,mixed,9,9,1,0.284353374440081
core+moments,mixed,9,10,1,0.2558547556694087
core+moments,mixed,9,11,1,0.2759681152077365
core+moments,mixed,10,0,1,0.27182474025656145
core+moments,mixed,10,1,1,0.2683553109598023
core+moments,mixed,10,2,1,0.27561089139292405
core+moments,mixed,10,3,1,0.2612546412094789
core+moments,mixed,10,4,1,0.23084435645773296
core+moments,mixed,10,5,1,0.2726152096156762
core+moments,mixed,10,6,1,0.11863121048735029
core+moments,mixed,10,7,1,0.28357486441509155
core+moments,mixed,10,8,1,0.2576585822843658
core+moments,mixed,10,9,1,0.2583999613464993
core+moments,mixed,10,10,1,0.25986003125341123
core+moments,mixed,10,11,1,0.26852473677866523
core+moments,mixed,11,0,1,0.28194022350279724
core+moments,mixed,11,1,1,0.27361832317719315
core+moments,mixed,11,2,1,0.27400907373138217
core+moments,mixed,11,3,1,0.13671241543986323
core+moments,mixed,11,4,1,0.2664501714359426
core+moments,mixed,11,5,1,0.27751518910159867
core+moments,mixed,11,6,1,0.26744719730552863
core+moments,mixed,11,7,1,0.27607767512501447
core+moments,mixed,11,8,1,0.27291926360369906
core+moments,mixed,11,9,1,0.22518568736799116
core+moments,mixed,11,10,1,0.2827249138663429
core+moments,mixed,11,11,1,0.2639214121343486
core+moments,mixed,12,0,1,0.2710274609771612
core+moments,mixed,12,1,1,0.2670438290632742
core+moments,mixed,12,2,1,0.2536846270264
core+moments,mixed,12,3,1,0.26227556679629344
core+moments,mixed,12,4,1,0.27946977134421536
core+moments,mixed,12,5,1,0.2667965048093799
core+moments,mixed,12,6,1,0.28197414194462816
core+moments,mixed,12,7,1,0.1379296595530749
core+moments,mixed,12,8,1,0.27135415740982943
core+moments,mixed,12,9,1,0.264686487444295
core+moments,mixed,12,10,1,0.27174139662316227
core+moments,mixed,12,11,1,0.23054484525508498
core+moments,mixed,13,0,1,0.24978483401332308
core+moments,mixed,13,1,1,0.2741541209748764
core+moments,mixed,13,2,1,0.2528941524623502
core+moments,mixed,13,3,1,0.28162173556997194
core+moments,mixed,13,4,1,0.2620000153616741
core+moments,mixed,13,5,1,0.26936742405886416
core+moments,mixed,13,6,1,0.23050438006017854
core+moments,mixed,13,7,1,0.12777496403631394
core+moments,mixed,13,8,1,0.2618668339218604
core+moments,mixed,13,9,1,0.26721058864135744
core+moments,mixed,13,10,1,0.2522522149910419
core+moments,mixed,13,11,1,0.2690326890147075
core+moments,mixed,14,0,1,0.24633278062494787
core+moments,mixed,14,1,1,0.2717842389629763
core+moments,mixed,14,2,1,0.27016645627096814
core+moments,mixed,14,3,1,0.2735405247837728
core+moments,mixed,14,4,1,0.2651932201507679
core+moments,mixed,14,5,1,0.27048669359859445
core+moments,mixed,14,6,1,0.2657035982587024
core+moments,mixed,14,7,1,0.28095936811268807
core+moments,mixed,14,8,1,0.27515326853713556
core+moments,mixed,14,9,1,0.2668163498997025
core+moments,mixed,14,10,1,0.27302762196812813
core+moments,mixed,14,11,1,0.24758849864448396
core+moments,mixed,15,0,1,0.27814741368116996
core+moments,mixed,15,1,1,0.26077893146246517
core+moments,mixed,15,2,1,0.2688881026730461
core+moments,mixed,15,3,1,0.2582393037848215
core+moments,mixed,15,4,1,0.268327308364254
core+moments,mixed,15,5,1,0.26048890388801943
core+moments,mixed,15,6,1,0.2798258698919715
core+moments,mixed,15,7,1,0.28181560216406365
core+moments,mixed,15,8,1,0.27081764544010917
core+moments,mixed,15,9,1,0.27810824822104485
core+moments,mixed,15,10,1,0.2789629581157496
core+moments,mixed,15,11,1,0.2746950253797065
core+moments,mixed,16,0,1,0.2626973209033695
core+moments,mixed,16,1,1,0.26800929728972506
core+moments,mixed,16,2,1,0.26208221645109875
core+moments,mixed,16,3,1,0.2798604859141358
core+moments,mixed,16,4,1,0.28185148515866343
core+moments,mixed,16,5,1,0.23002377830084408
core+moments,mixed,16,6,1,0.2694593134189072
core+moments,mixed,16,7,1,0.25872501983983304
core+moments,mixed,16,8,1,0.2782250787368623
core+moments,mixed,16,9,1,0.26779739115861745
core+moments,mixed,16,10,1,0.13774083753662358
core+moments,mixed,16,11,1,0.2654446440718306
core+moments,mixed,17,0,1,0.2707275466256321
core+moments,mixed,17,1,1,0.2791522142184181
core+moments,mixed,17,2,1,0.27693307876393386
core+moments,mixed,17,3,1,0.2565763790139668
core+moments,mixed,17,4,1,0.278825419129437
core+moments,mixed,17,5,1,0.26578345487034116
core+moments,mixed,17,6,1,0.25035662010090687
core+moments,mixed,17,7,1,0.27448984572454627
core+moments,mixed,17,8,1,0.2732262504483743
core+moments,mixed,17,9,1,0.25614573471724816
core+moments,mixed,17,10,1,0.22648810102460448
core+moments,mixed,17,11,1,0.25306119257004506
core+moments,mixed,18,0,1,0.2753595059518258
core+moments,mixed,18,1,1,0.2772674688921515
core+moments,mixed,18,2,1,0.28951560138085797
core+moments,mixed,18,3,1,0.25040069855286173
core+moments,mixed,18,4,1,0.23048827917374368
core+moments,mixed,18,5,1,0.27583304673344355
core+moments,mixed,18,6,1,0.28681858042181885
core+moments,mixed,18,7,1,0.27193988464880026
core+moments,mixed,18,8,1,0.2605167070561475
core+moments,mixed,18,9,1,0.27886626333443776
core+moments,mixed,18,10,1,0.2795686962311021
core+moments,mixed,18,11,1,0.27242522827621196
core+moments,mixed,19,0,1,0.2788301409026501
core+moments,mixed,19,1,1,0.2840244736016205
core+moments,mixed,19,2,1,0.28045688654475964
core+moments,mixed,19,3,1,0.27667232669217096
core+moments,mixed,19,4,1,0.26903878468405984
core+moments,mixed,19,5,1,0.2588592947393096
core+moments,mixed,19,6,1,0.2715732646911621
core+moments,mixed,19,7,1,0.23521028230183805
core+moments,mixed,19,8,1,0.1374690241296062
core+moments,mixed,19,9,1,0.2704057821861091
core+moments,mixed,19,10,1,0.2825026892198239
core+moments,mixed,19,11,1,0.2788062641180865
core+moments,mixed,20,0,1,0.27118606623315356
core+moments,mixed,20,1,1,0.2800860021421264
core+moments,mixed,20,2,1,0.2688720426046003
core+moments,mixed,20,3,1,0.28311591563203425
core+moments,mixed,20,4,1,0.25669456629436704
core+moments,mixed,20,5,1,0.23475843925528098
core+moments,mixed,20,6,1,0.2785334565933762
core+moments,mixed,20,7,1,0.27521117312183535
core+moments,mixed,20,8,1,0.2794651336417582
core+moments,mixed,20,9,1,0.28797329716054565
core+moments,mixed,20,10,1,0.25951493685454324
core+moments,mixed,20,11,1,0.2682510204645016
core+moments,mixed,21,0,1,0.24588698807505016
core+moments,mixed,21,1,1,0.25368702984851244
core+moments,mixed,21,2,1,0.23394520600431395
core+moments,mixed,21,3,1,0.2729057246614141
core+moments,mixed,21,4,1,0.257264326745134
core+moments,mixed,21,5,1,0.26547828661644035
core+moments,mixed,21,6,1,0.26242583831029653
core+moments,mixed,21,7,1,0.28230634196213805
core+moments,mixed,21,8,1,0.2622764254509038
core+moments,mixed,21,9,1,0.2749130015560993
core+moments,mixed,21,10,1,0.270796879972093
core+moments,mixed,21,11,1,0.272883222448658
core+moments,mixed,22,0,1,0.2785331458613648
core+moments,mixed,22,1,1,0.2813866871610062
core+moments,mixed,22,2,1,0.2788893813147183
core+moments,mixed,22,3,1,0.2824151579312109
core+moments,mixed,22,4,1,0.277971425093955
core+moments,mixed,22,5,1,0.2795558043130882
core+moments,mixed,22,6,1,0.2839991591936478
core+moments,mixed,22,7,1,0.27826951720421134
core+moments,mixed,22,8,1,0.2712164011211279
core+moments,mixed,22,9,1,0.2800548168099421
core+moments,mixed,22,10,1,0.26288561024708107
core+moments,mixed,22,11,1,0.27459717891834295
core+moments,mixed,23,0,1,0.2763808302232536
core+moments,mixed,23,1,1,0.2792875619507182
core+moments,mixed,23,2,1,0.2812964471812365
core+moments,mixed,23,3,1,0.25634075317538446
core+moments,mixed,23,4,1,0.27539858728916716
core+moments,mixed,23,5,1,0.273417797532248
core+moments,mixed,23,6,1,0.27205852226240046
core+moments,mixed,23,7,1,0.26914980219227364
core+moments,mixed,23,8,1,0.27856700580178445
core+moments,mixed,23,9,1,0.2722156554175141
core+moments,mixed,23,10,1,0.274407196639997
core+moments,mixed,23,11,1,0.26785699909297933
core+map,phase_wipe,0,0,1,0.511436816850333
core+map,phase_wipe,0,1,1,0.511436816850333
core+map,phase_wipe,0,2,1,0.511436816850333
core+map,phase_wipe,0,3,1,0.511436816850333
core+map,phase_wipe,0,4,1,0.511436816850333
core+map,phase_wipe,0,5,1,0.511436816850333
core+map,phase_wipe,0,6,1,0.511436816850333
core+map,phase_wipe,0,7,1,0.511436816850333
core+map,phase_wipe,0,8,1,0.511436816850333
core+map,phase_wipe,0,9,1,0.511436816850333
core+map,phase_wipe,0,10,1,0.511436816850333
core+map,phase_wipe,0,11,1,0.511436816850333
core+map,phase_wipe,1,0,1,0.5217003098509655
core+map,phase_wipe,1,1,1,0.5217003098509655
core+map,phase_wipe,1,2,1,0.5217003098509655
core+map,phase_wipe,1,3,1,0.5217003098509655
core+map,phase_wipe,1,4,1,0.5217003098509655
core+map,phase_wipe,1,5,1,0.5217003098509655
core+map,phase_wipe,1,6,1,0.5217003098509655
core+map,phase_wipe,1,7,1,0.5217003098509655
core+map,phase_wipe,1,8,1,0.5217003098509655
core+map,phase_wipe,1,9,1,0.5217003098509655
core+map,phase_wipe,1,10,1,0.5217003098509655
core+map,phase_wipe,1,11,1,0.5217003098509655
core+map,phase_wipe,2,0,1,0.21232506566222908
core+map,phase_wipe,2,1,1,0.21232506566222908
core+map,phase_wipe,2,2,1,0.21232506566222908
core+map,phase_wipe,2,3,1,0.21232506566222908
core+map,phase_wipe,2,4,1,0.21232506566222908
core+map,phase_wipe,2,5,1,0.21232506566222908
core+map,phase_wipe,2,6,1,0.21232506566222908
core+map,phase_wipe,2,7,1,0.21232506566222908
core+map,phase_wipe,2,8,1,0.21232506566222908
core+map,phase_wipe,2,9,1,0.21232506566222908
core+map,phase_wipe,2,10,1,0.21232506566222908
core+map,phase_wipe,2,11,1,0.21232506566222908
core+map,phase_wipe,3,0,1,0.4941730377419603
core+map,phase_wipe,3,1,1,0.4941730377419603
core+map,phase_wipe,3,2,1,0.4941730377419603
core+map,phase_wipe,3,3,1,0.4941730377419603
core+map,phase_wipe,3,4,1,0.4941730377419603
core+map,phase_wipe,3,5,1,0.4941730377419603
core+map,phase_wipe,3,6,1,0.4941730377419603
core+map,phase_wipe,3,7,1,0.4941730377419603
core+map,phase_wipe,3,8,1,0.4941730377419603
core+map,phase_wipe,3,9,1,0.4941730377419603
core+map,phase_wipe,3,10,1,0.4941730377419603
core+map,phase_wipe,3,11,1,0.4941730377419603
core+map,phase_wipe,4,0,1,0.5031662558365236
core+map,phase_wipe,4,1,1,0.5031662558365236
core+map,phase_wipe,4,2,1,0.5031662558365236
core+map,phase_wipe,4,3,1,0.5031662558365236
core+map,phase_wipe,4,4,1,0.5031662558365236
core+map,phase_wipe,4,5,1,0.5031662558365236
core+map,phase_wipe,4,6,1,0.5031662558365236
core+map,phase_wipe,4,7,1,0.5031662558365236
core+map,phase_wipe,4,8,1,0.5031662558365236
core+map,phase_wipe,4,9,1,0.5031662558365236
core+map,phase_wipe,4,10,1,0.5031662558365236
core+map,phase_wipe,4,11,1,0.5031662558365236
core+map,phase_wipe,5,0,1,0.4025292630375276
core+map,phase_wipe,5,1,1,0.4025292630375276
core+map,phase_wipe,5,2,1,0.4025292630375276
core+map,phase_wipe,5,3,1,0.4025292630375276
core+map,phase_wipe,5,4,1,0.4025292630375276
core+map,phase_wipe,5,5,1,0.4025292630375276
core+map,phase_wipe,5,6,1,0.4025292630375276
core+map,phase_wipe,5,7,1,0.4025292630375276
core+map,phase_wipe,5,8,1,0.4025292630375276
core+map,phase_wipe,5,9,1,0.4025292630375276
core+map,phase_wipe,5,10,1,0.4025292630375276
core+map,phase_wipe,5,11,1,0.4025292630375276
core+map,phase_wipe,6,0,1,0.511436816850333
core+map,phase_wipe,6,1,1,0.511436816850333
core+map,phase_wipe,6,2,1,0.511436816850333
core+map,phase_wipe,6,3,1,0.511436816850333
core+map,phase_wipe,6,4,1,0.511436816850333
core+map,phase_wipe,6,5,1,0.511436816850333
core+map,phase_wipe,6,6,1,0.511436816850333
core+map,phase_wipe,6,7,1,0.511436816850333
core+map,phase_wipe,6,8,1,0.511436816850333
core+map,phase_wipe,6,9,1,0.511436816850333
core+map,phase_wipe,6,10,1,0.511436816850333
core+map,phase_wipe,6,11,1,0.511436816850333
core+map,phase_wipe,7,0,1,0.5070273428298225
core+map,phase_wipe,7,1,1,0.5070273428298225
core+map,phase_wipe,7,2,1,0.5070273428298225
core+map,phase_wipe,7,3,1,0.5070273428298225
core+map,phase_wipe,7,4,1,0.5070273428298225
core+map,phase_wipe,7,5,1,0.5070273428298225
core+map,phase_wipe,7,6,1,0.5070273428298225
core+map,phase_wipe,7,7,1,0.5070273428298225
core+map,phase_wipe,7,8,1,0.5070273428298225
core+map,phase_wipe,7,9,1,0.5070273428298225
core+map,phase_wipe,7,10,1,0.5070273428298225
core+map,phase_wipe,7,11,1,0.5070273428298225
core+map,phase_wipe,8,0,1,0.21232506566222908
core+map,phase_wipe,8,1,1,0.21232506566222908
core+map,phase_wipe,8,2,1,0.21232506566222908
core+map,phase_wipe,8,3,1,0.21232506566222908
core+map,phase_wipe,8,4,1,0.21232506566222908
core+map,phase_wipe,8,5,1,0.21232506566222908
core+map,phase_wipe,8,6,1,0.21232506566222908
core+map,phase_wipe,8,7,1,0.21232506566222908
core+map,phase_wipe,8,8,1,0.21232506566222908
core+map,phase_wipe,8,9,1,0.21232506566222908
core+map,phase_wipe,8,10,1,0.21232506566222908
core+map,phase_wipe,8,11,1,0.21232506566222908
core+map,phase_wipe,9,0,1,0.4941730377419603
core+map,phase_wipe,9,1,1,0.4941730377419603
core+map,phase_wipe,9,2,1,0.4941730377419603
core+map,phase_wipe,9,3,1,0.4941730377419603
core+map,phase_wipe,9,4,1,0.4941730377419603
core+map,phase_wipe,9,5,1,0.4941730377419603
core+map,phase_wipe,9,6,1,0.4941730377419603
core+map,phase_wipe,9,7,1,0.4941730377419603
core+map,phase_wipe,9,8,1,0.4941730377419603
core+map,phase_wipe,9,9,1,0.4941730377419603
core+map,phase_wipe,9,10,1,0.4941730377419603
core+map,phase_wipe,9,11,1,0.4941730377419603
core+map,phase_wipe,10,0,1,0.48520272876804627
core+map,phase_wipe,10,1,1,0.48520272876804627
core+map,phase_wipe,10,2,1,0.48520272876804627
core+map,phase_wipe,10,3,1,0.48520272876804627
core+map,phase_wipe,10,4,1,0.48520272876804627
core+map,phase_wipe,10,5,1,0.48520272876804627
core+map,phase_wipe,10,6,1,0.48520272876804627
core+map,phase_wipe,10,7,1,0.48520272876804627
core+map,phase_wipe,10,8,1,0.48520272876804627
core+map,phase_wipe,10,9,1,0.48520272876804627
core+map,phase_wipe,10,10,1,0.48520272876804627
core+map,phase_wipe,10,11,1,0.48520272876804627
core+map,phase_wipe,11,0,1,0.3902188593352192
core+map,phase_wipe,11,1,1,0.3902188593352192
core+map,phase_wipe,11,2,1,0.3902188593352192
core+map,phase_wipe,11,3,1,0.3902188593352192
core+map,phase_wipe,11,4,1,0.3902188593352192
core+map,phase_wipe,11,5,1,0.3902188593352192
core+map,phase_wipe,11,6,1,0.3902188593352192
core+map,phase_wipe,11,7,1,0.3902188593352192
core+map,phase_wipe,11,8,1,0.3902188593352192
core+map,phase_wipe,11,9,1,0.3902188593352192
core+map,phase_wipe,11,10,1,0.3902188593352192
core+map,phase_wipe,11,11,1,0.3902188593352192
core+map,phase_wipe,12,0,1,0.2525264935872668
core+map,phase_wipe,12,1,1,0.2525264935872668
core+map,phase_wipe,12,2,1,0.2525264935872668
core+map,phase_wipe,12,3,1,0.2525264935872668
core+map,phase_wipe,12,4,1,0.2525264935872668
core+map,phase_wipe,12,5,1,0.2525264935872668
core+map,phase_wipe,12,6,1,0.2525264935872668
core+map,phase_wipe,12,7,1,0.2525264935872668
core+map,phase_wipe,12,8,1,0.2525264935872668
core+map,phase_wipe,12,9,1,0.2525264935872668
core+map,phase_wipe,12,10,1,0.2525264935872668
core+map,phase_wipe,12,11,1,0.2525264935872668
core+map,phase_wipe,13,0,1,0.24725634741726835
core+map,phase_wipe,13,1,1,0.24725634741726835
core+map,phase_wipe,13,2,1,0.24725634741726835
core+map,phase_wipe,13,3,1,0.24725634741726835
core+map,phase_wipe,13,4,1,0.24725634741726835
core+map,phase_wipe,13,5,1,0.24725634741726835
core+map,phase_wipe,13,6,1,0.24725634741726835
core+map,phase_wipe,13,7,1,0.24725634741726835
core+map,phase_wipe,13,8,1,0.24725634741726835
core+map,phase_wipe,13,9,1,0.24725634741726835
core+map,phase_wipe,13,10,1,0.24725634741726835
core+map,phase_wipe,13,11,1,0.24725634741726835
core+map,phase_wipe,14,0,1,0.21277062949836892
core+map,phase_wipe,14,1,1,0.21277062949836892
core+map,phase_wipe,14,2,1,0.21277062949836892
core+map,phase_wipe,14,3,1,0.21277062949836892
core+map,phase_wipe,14,4,1,0.21277062949836892
core+map,phase_wipe,14,5,1,0.21277062949836892
core+map,phase_wipe,14,6,1,0.21277062949836892
core+map,phase_wipe,14,7,1,0.21277062949836892
core+map,phase_wipe,14,8,1,0.21277062949836892
core+map,phase_wipe,14,9,1,0.21277062949836892
core+map,phase_wipe,14,10,1,0.21277062949836892
core+map,phase_wipe,14,11,1,0.21277062949836892
core+map,phase_wipe,15,0,1,0.25067736745136654
core+map,phase_wipe,15,1,1,0.25067736745136654
core+map,phase_wipe,15,2,1,0.25067736745136654
core+map,phase_wipe,15,3,1,0.25067736745136654
core+map,phase_wipe,15,4,1,0.25067736745136654
core+map,phase_wipe,15,5,1,0.25067736745136654
core+map,phase_wipe,15,6,1,0.25067736745136654
core+map,phase_wipe,15,7,1,0.25067736745136654
core+map,phase_wipe,15,8,1,0.25067736745136654
core+map,phase_wipe,15,9,1,0.25067736745136654
core+map,phase_wipe,15,10,1,0.25067736745136654
core+map,phase_wipe,15,11,1,0.25067736745136654
core+map,phase_wipe,16,0,1,0.24377905290888735
core+map,phase_wipe,16,1,1,0.24377905290888735
core+map,phase_wipe,16,2,1,0.24377905290888735
core+map,phase_wipe,16,3,1,0.24377905290888735
core+map,phase_wipe,16,4,1,0.24377905290888735
core+map,phase_wipe,16,5,1,0.24377905290888735
core+map,phase_wipe,16,6,1,0.24377905290888735
core+map,phase_wipe,16,7,1,0.24377905290888735
core+map,phase_wipe,16,8,1,0.24377905290888735
core+map,phase_wipe,16,9,1,0.24377905290888735
core+map,phase_wipe,16,10,1,0.24377905290888735
core+map,phase_wipe,16,11,1,0.24377905290888735
core+map,phase_wipe,17,0,1,0.23018016180719378
core+map,phase_wipe,17,1,1,0.23018016180719378
core+map,phase_wipe,17,2,1,0.23018016180719378
core+map,phase_wipe,17,3,1,0.23018016180719378
core+map,phase_wipe,17,4,1,0.23018016180719378
core+map,phase_wipe,17,5,1,0.23018016180719378
core+map,phase_wipe,17,6,1,0.23018016180719378
core+map,phase_wipe,17,7,1,0.23018016180719378
core+map,phase_wipe,17,8,1,0.23018016180719378
core+map,phase_wipe,17,9,1,0.23018016180719378
core+map,phase_wipe,17,10,1,0.23018016180719378
core+map,phase_wipe,17,11,1,0.23018016180719378
core+map,phase_wipe,18,0,1,0.2525264935872668
core+map,phase_wipe,18,1,1,0.2525264935872668
core+map,phase_wipe,18,2,1,0.2525264935872668
core+map,phase_wipe,18,3,1,0.2525264935872668
core+map,phase_wipe,18,4,1,0.2525264935872668
core+map,phase_wipe,18,5,1,0.2525264935872668
core+map,phase_wipe,18,6,1,0.2525264935872668
core+map,phase_wipe,18,7,1,0.2525264935872668
core+map,phase_wipe,18,8,1,0.2525264935872668
core+map,phase_wipe,18,9,1,0.2525264935872668
core+map,phase_wipe,18,10,1,0.2525264935872668
core+map,phase_wipe,18,11,1,0.2525264935872668
core+map,phase_wipe,19,0,1,0.24725634741726835
core+map,phase_wipe,19,1,1,0.24725634741726835
core+map,phase_wipe,19,2,1,0.24725634741726835
core+map,phase_wipe,19,3,1,0.24725634741726835
core+map,phase_wipe,19,4,1,0.24725634741726835
core+map,phase_wipe,19,5,1,0.24725634741726835
core+map,phase_wipe,19,6,1,0.24725634741726835
core+map,phase_wipe,19,7,1,0.24725634741726835
core+map,phase_wipe,19,8,1,0.24725634741726835
core+map,phase_wipe,19,9,1,0.24725634741726835
core+map,phase_wipe,19,10,1,0.24725634741726835
core+map,phase_wipe,19,11,1,0.24725634741726835
core+map,phase_wipe,20,0,1,0.2292501745949779
core+map,phase_wipe,20,1,1,0.2292501745949779
core+map,phase_wipe,20,2,1,0.2292501745949779
core+map,phase_wipe,20,3,1,0.2292501745949779
core+map,phase_wipe,20,4,1,0.2292501745949779
core+map,phase_wipe,20,5,1,0.2292501745949779
core+map,phase_wipe,20,6,1,0.2292501745949779
core+map,phase_wipe,20,7,1,0.2292501745949779
core+map,phase_wipe,20,8,1,0.2292501745949779
core+map,phase_wipe,20,9,1,0.2292501745949779
core+map,phase_wipe,20,10,1,0.2292501745949779
core+map,phase_wipe,20,11,1,0.2292501745949779
core+map,phase_wipe,21,0,1,0.25067736745136654
core+map,phase_wipe,21,1,1,0.25067736745136654
core+map,phase_wipe,21,2,1,0.25067736745136654
core+map,phase_wipe,21,3,1,0.25067736745136654
core+map,phase_wipe,21,4,1,0.25067736745136654
core+map,phase_wipe,21,5,1,0.25067736745136654
core+map,phase_wipe,21,6,1,0.25067736745136654
core+map,phase_wipe,21,7,1,0.25067736745136654
core+map,phase_wipe,21,8,1,0.25067736745136654
core+map,phase_wipe,21,9,1,0.25067736745136654
core+map,phase_wipe,21,10,1,0.25067736745136654
core+map,phase_wipe,21,11,1,0.25067736745136654
core+map,phase_wipe,22,0,1,0.24377905290888735
core+map,phase_wipe,22,1,1,0.24377905290888735
core+map,phase_wipe,22,2,1,0.24377905290888735
core+map,phase_wipe,22,3,1,0.24377905290888735
core+map,phase_wipe,22,4,1,0.24377905290888735
core+map,phase_wipe,22,5,1,0.24377905290888735
core+map,phase_wipe,22,6,1,0.24377905290888735
core+map,phase_wipe,22,7,1,0.24377905290888735
core+map,phase_wipe,22,8,1,0.24377905290888735
core+map,phase_wipe,22,9,1,0.24377905290888735
core+map,phase_wipe,22,10,1,0.24377905290888735
core+map,phase_wipe,22,11,1,0.24377905290888735
core+map,phase_wipe,23,0,1,0.23018016180719378
core+map,phase_wipe,23,1,1,0.23018016180719378
core+map,phase_wipe,23,2,1,0.23018016180719378
core+map,phase_wipe,23,3,1,0.23018016180719378
core+map,phase_wipe,23,4,1,0.23018016180719378
core+map,phase_wipe,23,5,1,0.23018016180719378
core+map,phase_wipe,23,6,1,0.23018016180719378
core+map,phase_wipe,23,7,1,0.23018016180719378
core+map,phase_wipe,23,8,1,0.23018016180719378
core+map,phase_wipe,23,9,1,0.23018016180719378
core+map,phase_wipe,23,10,1,0.23018016180719378
core+map,phase_wipe,23,11,1,0.23018016180719378
core+map,dropout_50,0,0,1,0.45894741839964576
core+map,dropout_50,0,1,1,0.39158838656441053
core+map,dropout_50,0,2,1,0.4254529650546167
core+map,dropout_50,0,3,1,0.3909146357507247
core+map,dropout_50,0,4,1,0.37364377968847556
core+map,dropout_50,0,5,1,0.4300543056924513
core+map,dropout_50,0,6,1,0.3645049847098316
core+map,dropout_50,0,7,1,0.2407030239459592
core+map,dropout_50,0,8,1,0.41563970005508794
core+map,dropout_50,0,9,1,0.35055839812654527
core+map,dropout_50,0,10,1,0.39994818632797163
core+map,dropout_50,0,11,1,0.43353373160730835
core+map,dropout_50,1,0,1,0.4011747121411807
core+map,dropout_50,1,1,1,0.40562834998072417
core+map,dropout_50,1,2,1,0.45470191629105167
core+map,dropout_50,1,3,1,0.3874352730423406
core+map,dropout_50,1,4,1,0.48049527636657285
core+map,dropout_50,1,5,1,0.42544614873727116
core+map,dropout_50,1,6,1,0.44837086188788644
core+map,dropout_50,1,7,1,0.43139143318181367
core+map,dropout_50,1,8,1,0.3502496365710365
core+map,dropout_50,1,9,1,0.23795532001381947
core+map,dropout_50,1,10,1,0.4160093000707119
core+map,dropout_50,1,11,1,0.4478157022526901
core+map,dropout_50,2,0,1,0.17479902208276626
core+map,dropout_50,2,1,1,0.16238268041533505
core+map,dropout_50,2,2,1,0.19759278849903972
core+map,dropout_50,2,3,1,0.16717888858368835
core+map,dropout_50,2,4,1,0.171977007296243
core+map,dropout_50,2,5,1,0.1621810104970205
core+map,dropout_50,2,6,1,0.18304205351099562
core+map,dropout_50,2,7,1,0.1537422634380231
core+map,dropout_50,2,8,1,0.17098886839307492
core+map,dropout_50,2,9,1,0.161532072599924
core+map,dropout_50,2,10,1,0.15103327384229992
core+map,dropout_50,2,11,1,0.17047772876389697
core+map,dropout_50,3,0,1,0.15243972395132402
core+map,dropout_50,3,1,1,0.41095486462611963
core+map,dropout_50,3,2,1,0.40553900569385354
core+map,dropout_50,3,3,1,0.3126337738194573
core+map,dropout_50,3,4,1,0.43852820317819374
core+map,dropout_50,3,5,1,0.2916110473171924
core+map,dropout_50,3,6,1,0.36840796861558145
core+map,dropout_50,3,7,1,0.29489939993034203
core+map,dropout_50,3,8,1,0.42389006380168076
core+map,dropout_50,3,9,1,0.4192841135595063
core+map,dropout_50,3,10,1,0.39699836073857314
core+map,dropout_50,3,11,1,0.4106310742255666
core+map,dropout_50,4,0,1,0.389973973180856
core+map,dropout_50,4,1,1,0.40510737828010573
core+map,dropout_50,4,2,1,0.3736211782454657
core+map,dropout_50,4,3,1,0.3743861014489178
core+map,dropout_50,4,4,1,0.37982408667334444
core+map,dropout_50,4,5,1,0.3613815940722269
core+map,dropout_50,4,6,1,0.4244073926617482
core+map,dropout_50,4,7,1,0.35810086429165966
core+map,dropout_50,4,8,1,0.3637040839526746
core+map,dropout_50,4,9,1,0.437385517380452
core+map,dropout_50,4,10,1,0.40374482465094247
core+map,dropout_50,4,11,1,0.3992924318396433
core+map,dropout_50,5,0,1,0.3551478957651711
core+map,dropout_50,5,1,1,0.30027866340313325
core+map,dropout_50,5,2,1,0.30089114659871824
core+map,dropout_50,5,3,1,0.3375274018710688
core+map,dropout_50,5,4,1,0.3528766718041556
core+map,dropout_50,5,5,1,0.278471429975131
core+map,dropout_50,5,6,1,0.3436516269639635
core+map,dropout_50,5,7,1,0.31347915924279923
core+map,dropout_50,5,8,1,0.34572129433967724
core+map,dropout_50,5,9,1,0.32125189679611565
core+map,dropout_50,5,10,1,0.3186289272392849
core+map,dropout_50,5,11,1,0.3214669957602908
core+map,dropout_50,6,0,1,0.48344376053931964
core+map,dropout_50,6,1,1,0.5056500008229853
core+map,dropout_50,6,2,1,0.46050742644910014
core+map,dropout_50,6,3,1,0.4847981706081274
core+map,dropout_50,6,4,1,0.4358744893112809
core+map,dropout_50,6,5,1,0.43119854283094683
core+map,dropout_50,6,6,1,0.43488027534038376
core+map,dropout_50,6,7,1,0.43785053479766267
core+map,dropout_50,6,8,1,0.43809729099377887
core+map,dropout_50,6,9,1,0.47684546415606854
core+map,dropout_50,6,10,1,0.47452509580230345
core+map,dropout_50,6,11,1,0.45894859032012175
core+map,dropout_50,7,0,1,0.4120165423018617
core+map,dropout_50,7,1,1,0.37163979672163744
core+map,dropout_50,7,2,1,0.4771325493216344
core+map,dropout_50,7,3,1,0.45882519568231067
core+map,dropout_50,7,4,1,0.43230254918687044
core+map,dropout_50,7,5,1,0.44808760735375763
core+map,dropout_50,7,6,1,0.4695048624962825
core+map,dropout_50,7,7,1,0.42882998686558604
core+map,dropout_50,7,8,1,0.4462731004972431
core+map,dropout_50,7,9,1,0.4659595984832315
core+map,dropout_50,7,10,1,0.4427431379210888
core+map,dropout_50,7,11,1,0.4258845122551669
core+map,dropout_50,8,0,1,0.143391851719485
core+map,dropout_50,8,1,1,0.16513370945839298
core+map,dropout_50,8,2,1,0.1590775819662542
core+map,dropout_50,8,3,1,0.17842123101548493
core+map,dropout_50,8,4,1,0.1871828484519306
core+map,dropout_50,8,5,1,0.15558295427969157
core+map,dropout_50,8,6,1,0.18375398829469197
core+map,dropout_50,8,7,1,0.1775559223758147
core+map,dropout_50,8,8,1,0.15021774460670673
core+map,dropout_50,8,9,1,0.16304263842498673
core+map,dropout_50,8,10,1,0.18051929964987898
core+map,dropout_50,8,11,1,0.1583652922251651
core+map,dropout_50,9,0,1,0.44190772428697256
core+map,dropout_50,9,1,1,0.46279992112151097
core+map,dropout_50,9,2,1,0.4477944932638752
core+map,dropout_50,9,3,1,0.46085423889023586
core+map,dropout_50,9,4,1,0.4443100697286778
core+map,dropout_50,9,5,1,0.45679886821515303
core+map,dropout_50,9,6,1,0.4502109317336962
core+map,dropout_50,9,7,1,0.45847711022832555
core+map,dropout_50,9,8,1,0.44923360031009796
core+map,dropout_50,9,9,1,0.4471960505088011
core+map,dropout_50,9,10,1,0.46433533255683096
core+map,dropout_50,9,11,1,0.44781478814603365
core+map,dropout_50,10,0,1,0.44690581565973336
core+map,dropout_50,10,1,1,0.4500578565466803
core+map,dropout_50,10,2,1,0.43039814460162396
core+map,dropout_50,10,3,1,0.4402819671466429
core+map,dropout_50,10,4,1,0.4181739472198539
core+map,dropout_50,10,5,1,0.4432947198176769
core+map,dropout_50,10,6,1,0.4450513193925734
core+map,dropout_50,10,7,1,0.4062900101922587
core+map,dropout_50,10,8,1,0.44430840028467355
core+map,dropout_50,10,9,1,0.41944658253821737
core+map,dropout_50,10,10,1,0.44192417109175886
core+map,dropout_50,10,11,1,0.46240242987870067
core+map,dropout_50,11,0,1,0.32182369091664775
core+map,dropout_50,11,1,1,0.317869628290605
core+map,dropout_50,11,2,1,0.33512863091653866
core+map,dropout_50,11,3,1,0.33921941789650667
core+map,dropout_50,11,4,1,0.3711157103807289
core+map,dropout_50,11,5,1,0.31212128031662684
core+map,dropout_50,11,6,1,0.31079726124786256
core+map,dropout_50,11,7,1,0.30223468316526525
core+map,dropout_50,11,8,1,0.3173487978366708
core+map,dropout_50,11,9,1,0.34075218647893707
core+map,dropout_50,11,10,1,0.3364518165868411
core+map,dropout_50,11,11,1,0.31331891738644013
core+map,dropout_50,12,0,1,0.2397569761193231
core+map,dropout_50,12,1,1,0.2260579622014282
core+map,dropout_50,12,2,1,0.22826992051375383
core+map,dropout_50,12,3,1,0.2035394995988336
core+map,dropout_50,12,4,1,0.23081469476221017
core+map,dropout_50,12,5,1,0.2085249689996935
core+map,dropout_50,12,6,1,0.21078825648055188
core+map,dropout_50,12,7,1,0.21030937052712534
core+map,dropout_50,12,8,1,0.22281716113723116
core+map,dropout_50,12,9,1,0.2361927449562292
core+map,dropout_50,12,10,1,0.2412540397570072
core+map,dropout_50,12,11,1,0.2307706474502917
core+map,dropout_50,13,0,1,0.17493481398753163
core+map,dropout_50,13,1,1,0.214926008836956
core+map,dropout_50,13,2,1,0.21813429199079848
core+map,dropout_50,13,3,1,0.2160666549873665
core+map,dropout_50,13,4,1,0.22440657603583536
core+map,dropout_50,13,5,1,0.22080898708574637
core+map,dropout_50,13,6,1,0.19302867818125524
core+map,dropout_50,13,7,1,0.20274618661896898
core+map,dropout_50,13,8,1,0.21379635378696316
core+map,dropout_50,13,9,1,0.20164494336059957
core+map,dropout_50,13,10,1,0.21810204806597455
core+map,dropout_50,13,11,1,0.2366502047193481
core+map,dropout_50,14,0,1,0.17879136064550558
core+map,dropout_50,14,1,1,0.10459608206726531
core+map,dropout_50,14,2,1,0.19190038624587502
core+map,dropout_50,14,3,1,0.19116628610509273
core+map,dropout_50,14,4,1,0.17809233461660448
core+map,dropout_50,14,5,1,0.17130319089390936
core+map,dropout_50,14,6,1,0.19970506853767306
core+map,dropout_50,14,7,1,0.18690969172384783
core+map,dropout_50,14,8,1,0.15722550481528225
core+map,dropout_50,14,9,1,0.14152325159051077
core+map,dropout_50,14,10,1,0.19631428657992445
core+map,dropout_50,14,11,1,0.16974323111196687
core+map,dropout_50,15,0,1,0.2259075201227506
core+map,dropout_50,15,1,1,0.22518788573248788
core+map,dropout_50,15,2,1,0.22511705759103215
core+map,dropout_50,15,3,1,0.21412681925475152
core+map,dropout_50,15,4,1,0.2034723827375114
core+map,dropout_50,15,5,1,0.18146588275367612
core+map,dropout_50,15,6,1,0.22011185712645423
core+map,dropout_50,15,7,1,0.20836908060418846
core+map,dropout_50,15,8,1,0.22785646347327318
core+map,dropout_50,15,9,1,0.21347620064463485
core+map,dropout_50,15,10,1,0.20161197958002577
core+map,dropout_50,15,11,1,0.22619197327776347
core+map,dropout_50,16,0,1,0.21740560796737107
core+map,dropout_50,16,1,1,0.2348971953367262
core+map,dropout_50,16,2,1,0.18419640691517142
core+map,dropout_50,16,3,1,0.20764817948178355
core+map,dropout_50,16,4,1,0.22477303713320737
core+map,dropout_50,16,5,1,0.20454775764736727
core+map,dropout_50,16,6,1,0.19715958269479184
core+map,dropout_50,16,7,1,0.17002235527013795
core+map,dropout_50,16,8,1,0.22134141731155693
core+map,dropout_50,16,9,1,0.21146742050032913
core+map,dropout_50,16,10,1,0.21993237128589377
core+map,dropout_50,16,11,1,0.20313354302813763
core+map,dropout_50,17,0,1,0.18270020595031727
core+map,dropout_50,17,1,1,0.1751112412916067
core+map,dropout_50,17,2,1,0.17961115691755342
core+map,dropout_50,17,3,1,0.18094130320674012
core+map,dropout_50,17,4,1,0.18322612634863714
core+map,dropout_50,17,5,1,0.20390609983553776
core+map,dropout_50,17,6,1,0.20806456313781935
core+map,dropout_50,17,7,1,0.17334266789940092
core+map,dropout_50,17,8,1,0.19190338585789019
core+map,dropout_50,17,9,1,0.20131063943788194
core+map,dropout_50,17,10,1,0.21096438611769733
core+map,dropout_50,17,11,1,0.19101185413986296
core+map,dropout_50,18,0,1,0.19974745615648487
core+map,dropout_50,18,1,1,0.19973577707213885
core+map,dropout_50,18,2,1,0.2156811654982286
core+map,dropout_50,18,3,1,0.20566011916089977
core+map,dropout_50,18,4,1,0.16913643296680825
core+map,dropout_50,18,5,1,0.21884318559255114
core+map,dropout_50,18,6,1,0.2080007356585569
core+map,dropout_50,18,7,1,0.1830544910276838
core+map,dropout_50,18,8,1,0.18951860261494471
core+map,dropout_50,18,9,1,0.2097742640740336
core+map,dropout_50,18,10,1,0.20796331150742514
core+map,dropout_50,18,11,1,0.20708069734132034
core+map,dropout_50,19,0,1,0.1465815737476493
core+map,dropout_50,19,1,1,0.20741277516188533
core+map,dropout_50,19,2,1,0.20657463116656613
core+map,dropout_50,19,3,1,0.1334314211721711
core+map,dropout_50,19,4,1,0.19916250733095736
core+map,dropout_50,19,5,1,0.1975562728131809
core+map,dropout_50,19,6,1,0.2220987999333042
core+map,dropout_50,19,7,1,0.2049947147242414
core+map,dropout_50,19,8,1,0.20564257498840377
core+map,dropout_50,19,9,1,0.2110819070324578
core+map,dropout_50,19,10,1,0.2275088960017273
core+map,dropout_50,19,11,1,0.20395191205631724
core+map,dropout_50,20,0,1,0.19348341540038128
core+map,dropout_50,20,1,1,0.19475550710156397
core+map,dropout_50,20,2,1,0.20069213812254988
core+map,dropout_50,20,3,1,0.20660374812391594
core+map,dropout_50,20,4,1,0.20563153705109935
core+map,dropout_50,20,5,1,0.19096760701822488
core+map,dropout_50,20,6,1,0.21303337071637174
core+map,dropout_50,20,7,1,0.19437276452648858
core+map,dropout_50,20,8,1,0.17887787948159856
core+map,dropout_50,20,9,1,0.18710981567204893
core+map,dropout_50,20,10,1,0.20086779526867973
core+map,dropout_50,20,11,1,0.18895021042302376
core+map,dropout_50,21,0,1,0.18449127709436725
core+map,dropout_50,21,1,1,0.17304627459560923
core+map,dropout_50,21,2,1,0.23207068925232377
core+map,dropout_50,21,3,1,0.07704032031349631
core+map,dropout_50,21,4,1,0.2089297117699057
core+map,dropout_50,21,5,1,0.20153059755056868
core+map,dropout_50,21,6,1,0.1967726065396304
core+map,dropout_50,21,7,1,0.22261917389818503
core+map,dropout_50,21,8,1,0.17428045288574875
core+map,dropout_50,21,9,1,0.17653941018501462
core+map,dropout_50,21,10,1,0.20692030817292434
core+map,dropout_50,21,11,1,0.21505059688863387
core+map,dropout_50,22,0,1,0.13230308255109088
core+map,dropout_50,22,1,1,0.1806678497782305
core+map,dropout_50,22,2,1,0.2122056708863088
core+map,dropout_50,22,3,1,0.19223808473077758
core+map,dropout_50,22,4,1,0.18821438781929717
core+map,dropout_50,22,5,1,0.21135345153679935
core+map,dropout_50,22,6,1,0.20942692333131038
core+map,dropout_50,22,7,1,0.20269288831082044
core+map,dropout_50,22,8,1,0.14554703444946698
core+map,dropout_50,22,9,1,0.172204493973391
core+map,dropout_50,22,10,1,0.1649172828314271
core+map,dropout_50,22,11,1,0.15538245634090186
core+map,dropout_50,23,0,1,0.16943118472623447
core+map,dropout_50,23,1,1,0.16479002727911174
core+map,dropout_50,23,2,1,0.18227112469137166
core+map,dropout_50,23,3,1,0.20515636991902847
core+map,dropout_50,23,4,1,0.17591865871038292
core+map,dropout_50,23,5,1,0.17172351955341036
core+map,dropout_50,23,6,1,0.17570616603706615
core+map,dropout_50,23,7,1,0.1715068258499233
core+map,dropout_50,23,8,1,0.16567718541103504
core+map,dropout_50,23,9,1,0.1708678493831735
core+map,dropout_50,23,10,1,0.19046362082521032
core+map,dropout_50,23,11,1,0.20168926895329106
core+map,amp_noise,0,0,1,0.35209213776715265
core+map,amp_noise,0,1,0,0.09238732988568721
core+map,amp_noise,0,2,1,0.20737900688862831
core+map,amp_noise,0,3,1,0.25082569933512666
core+map,amp_noise,0,4,1,0.1602803320275864
core+map,amp_noise,0,5,1,0.2038428908660932
core+map,amp_noise,0,6,1,0.06972823865830513
core+map,amp_noise,0,7,1,0.1945626401940589
core+map,amp_noise,0,8,0,0.06100716399077033
core+map,amp_noise,0,9,1,0.1863363221167631
core+map,amp_noise,0,10,1,0.08959403254516118
core+map,amp_noise,0,11,1,0.22635545940386004
core+map,amp_noise,1,0,1,0.22489211905234785
core+map,amp_noise,1,1,1,0.13148130961534576
core+map,amp_noise,1,2,1,0.09370278960198908
core+map,amp_noise,1,3,1,0.10689834562511191
core+map,amp_noise,1,4,1,0.10428264786513375
core+map,amp_noise,1,5,1,0.08552155899617198
core+map,amp_noise,1,6,1,0.1604564942967327
core+map,amp_noise,1,7,1,0.19887680486644443
core+map,amp_noise,1,8,0,0.09996409158442288
core+map,amp_noise,1,9,1,0.2897952008338267
core+map,amp_noise,1,10,1,0.20975259298390703
core+map,amp_noise,1,11,1,0.13446733745624972
core+map,amp_noise,2,0,1,0.037904901132760016
core+map,amp_noise,2,1,1,0.022257789044262122
core+map,amp_noise,2,2,1,0.030235303569319583
core+map,amp_noise,2,3,1,0.02245002615920677
core+map,amp_noise,2,4,1,0.02589563699056574
core+map,amp_noise,2,5,1,0.027888340843012727
core+map,amp_noise,2,6,1,0.023540872324361084
core+map,amp_noise,2,7,1,0.04490987166530336
core+map,amp_noise,2,8,1,0.01633204236802488
core+map,amp_noise,2,9,1,0.029338099823852937
core+map,amp_noise,2,10,1,0.024741057384224274
core+map,amp_noise,2,11,1,0.01580094572516022
core+map,amp_noise,3,0,1,0.19453942836214677
core+map,amp_noise,3,1,1,0.10235590054513932
core+map,amp_noise,3,2,1,0.14736159060319376
core+map,amp_noise,3,3,1,0.1165726497991243
core+map,amp_noise,3,4,1,0.13733210765167192
core+map,amp_noise,3,5,1,0.15373448588042726
core+map,amp_noise,3,6,1,0.19995143903560075
core+map,amp_noise,3,7,1,0.16963985649555713
core+map,amp_noise,3,8,1,0.2793803384976574
core+map,amp_noise,3,9,1,0.1642623921312626
core+map,amp_noise,3,10,1,0.07789487737776901
core+map,amp_noise,3,11,1,0.1970283607476686
core+map,amp_noise,4,0,1,0.19326662993777022
core+map,amp_noise,4,1,1,0.12766210889170682
core+map,amp_noise,4,2,1,0.15543148884190583
core+map,amp_noise,4,3,1,0.17734758526189331
core+map,amp_noise,4,4,1,0.12440531199323046
core+map,amp_noise,4,5,1,0.13622430529194818
core+map,amp_noise,4,6,1,0.02052429918928178
core+map,amp_noise,4,7,1,0.1459762038302035
core+map,amp_noise,4,8,1,0.10170384736838034
core+map,amp_noise,4,9,0,0.08439502983725944
core+map,amp_noise,4,10,1,0.07313293751935213
core+map,amp_noise,4,11,1,0.04525946053446561
core+map,amp_noise,5,0,1,0.10019073097216358
core+map,amp_noise,5,1,1,0.1077882777122059
core+map,amp_noise,5,2,1,0.1323105738616861
core+map,amp_noise,5,3,1,0.11572772934849085
core+map,amp_noise,5,4,1,0.05437043654577489
core+map,amp_noise,5,5,1,0.12402264715397804
core+map,amp_noise,5,6,1,0.1393415270567986
core+map,amp_noise,5,7,1,0.03783663029841122
core+map,amp_noise,5,8,0,0.002397319782370344
core+map,amp_noise,5,9,1,0.11254134830476503
core+map,amp_noise,5,10,1,0.023029389309186632
core+map,amp_noise,5,11,1,0.08476061020472081
core+map,amp_noise,6,0,0,0.019071734515187178
core+map,amp_noise,6,1,1,0.09133525385319585
core+map,amp_noise,6,2,1,0.13288118524839843
core+map,amp_noise,6,3,1,0.17003011576526594
core+map,amp_noise,6,4,0,0.036441694336533104
core+map,amp_noise,6,5,0,0.008192830502563808
core+map,amp_noise,6,6,1,0.09445787148168427
core+map,amp_noise,6,7,1,0.08414783102428536
core+map,amp_noise,6,8,1,0.19558613581317463
core+map,amp_noise,6,9,1,0.031162808509046735
core+map,amp_noise,6,10,1,0.1595799972393871
core+map,amp_noise,6,11,1,0.037143585409553426
core+map,amp_noise,7,0,1,0.09725739192985161
core+map,amp_noise,7,1,0,0.013625383072185748
core+map,amp_noise,7,2,1,0.13039090905921302
core+map,amp_noise,7,3,0,0.045943882777330636
core+map,amp_noise,7,4,1,0.09735400084943668
core+map,amp_noise,7,5,1,0.05646916226303822
core+map,amp_noise,7,6,1,0.045295967664586545
core+map,amp_noise,7,7,1,0.1124375871037484
core+map,amp_noise,7,8,1,0.01699545414596315
core+map,amp_noise,7,9,1,0.11074226141242383
core+map,amp_noise,7,10,1,0.07577868739839955
core+map,amp_noise,7,11,1,0.014844525594716718
core+map,amp_noise,8,0,1,0.020349064943951722
core+map,amp_noise,8,1,1,0.0264617034772775
core+map,amp_noise,8,2,1,0.023506984998787117
core+map,amp_noise,8,3,1,0.0015442941157676193
core+map,amp_noise,8,4,1,0.02687615580383862
core+map,amp_noise,8,5,1,0.019408464611025078
core+map,amp_noise,8,6,1,0.015325665946210765
core+map,amp_noise,8,7,1,0.02093271699357091
core+map,amp_noise,8,8,0,0.006702300698458341
core+map,amp_noise,8,9,1,0.032571192392450765
core+map,amp_noise,8,10,1,0.023009672586630225
core+map,amp_noise,8,11,1,0.009512024647408746
core+map,amp_noise,9,0,1,0.01176210558880042
core+map,amp_noise,9,1,1,0.11848034259830442
core+map,amp_noise,9,2,1,0.13417104600654073
core+map,amp_noise,9,3,1,0.09727809885372507
core+map,amp_noise,9,4,1,0.041791563013033106
core+map,amp_noise,9,5,1,0.05630641979979267
core+map,amp_noise,9,6,1,0.04230844327725314
core+map,amp_noise,9,7,0,0.003112982358098426
core+map,amp_noise,9,8,1,0.09213709433669803
core+map,amp_noise,9,9,0,0.057530205178323746
core+map,amp_noise,9,10,1,0.16135176311191424
core+map,amp_noise,9,11,1,0.089162862760224
core+map,amp_noise,10,0,1,0.034179310877479496
core+map,amp_noise,10,1,1,0.04482412242868583
core+map,amp_noise,10,2,1,0.07850310227215274
core+map,amp_noise,10,3,1,0.005099548958085176
core+map,amp_noise,10,4,1,0.0892735619725391
core+map,amp_noise,10,5,1,0.09911751259847723
core+map,amp_noise,10,6,1,0.04741855491158331
core+map,amp_noise,10,7,1,0.025002828445979897
core+map,amp_noise,10,8,1,0.050806336531056706
core+map,amp_noise,10,9,1,0.0663778486251716
core+map,amp_noise,10,10,0,0.030043253930114755
core+map,amp_noise,10,11,1,0.08568667025213328
core+map,amp_noise,11,0,1,0.01159298571214662
core+map,amp_noise,11,1,0,0.010986005797742893
core+map,amp_noise,11,2,1,0.08145824786070777
core+map,amp_noise,11,3,1,0.08872892490387485
core+map,amp_noise,11,4,1,0.08992926982381877
core+map,amp_noise,11,5,1,0.06725816624555125
core+map,amp_noise,11,6,1,0.010620433874714008
core+map,amp_noise,11,7,1,0.08006098698907138
core+map,amp_noise,11,8,0,0.050783407723760776
core+map,amp_noise,11,9,0,0.002053803210154026
core+map,amp_noise,11,10,1,0.01627145037440214
core+map,amp_noise,11,11,1,0.010234368623579626
core+map,amp_noise,12,0,0,0.015702437488882226
core+map,amp_noise,12,1,0,0.0032630390577979007
core+map,amp_noise,12,2,1,0.014375691610128416
core+map,amp_noise,12,3,1,0.05363883706831618
core+map,amp_noise,12,4,0,0.01946796178909349
core+map,amp_noise,12,5,1,0.02092388881068119
core+map,amp_noise,12,6,1,0.059205725349303795
core+map,amp_noise,12,7,1,0.07436438208952023
core+map,amp_noise,12,8,1,0.02191876243514479
core+map,amp_noise,12,9,0,0.005089369192784576
core+map,amp_noise,12,10,1,0.002974094320871812
core+map,amp_noise,12,11,1,0.04605331568529991
core+map,amp_noise,13,0,1,0.039477644671574774
core+map,amp_noise,13,1,1,0.057546142348429474
core+map,amp_noise,13,2,1,0.02964581470756167
core+map,amp_noise,13,3,0,0.08570704527312734
core+map,amp_noise,13,4,0,0.01583856521481619
core+map,amp_noise,13,5,1,0.025636485430978517
core+map,amp_noise,13,6,1,0.042084143242632654
core+map,amp_noise,13,7,0,0.15029833384563873
core+map,amp_noise,13,8,1,0.0276644960516792
core+map,amp_noise,13,9,1,0.010159114002534442
core+map,amp_noise,13,10,1,0.03621529715100191
core+map,amp_noise,13,11,0,0.04443353281153706
core+map,amp_noise,14,0,1,0.011972880963204036
core+map,amp_noise,14,1,0,0.02103044167707635
core+map,amp_noise,14,2,1,0.03627753876192863
core+map,amp_noise,14,3,1,0.01318981608909131
core+map,amp_noise,14,4,1,0.0018460869146577075
core+map,amp_noise,14,5,0,0.0026491132084024427
core+map,amp_noise,14,6,1,0.02023164905429642
core+map,amp_noise,14,7,0,0.01503507512095592
core+map,amp_noise,14,8,0,0.02938315093354016
core+map,amp_noise,14,9,1,0.023576349465743274
core+map,amp_noise,14,10,1,0.024414086532944856
core+map,amp_noise,14,11,1,0.020905117895294367
core+map,amp_noise,15,0,1,0.02261275954203268
core+map,amp_noise,15,1,1,0.01496252688253974
core+map,amp_noise,15,2,1,0.044238521812517306
core+map,amp_noise,15,3,0,0.10864844580517463
core+map,amp_noise,15,4,1,0.01644781069384771
core+map,amp_noise,15,5,1,0.00533440327395962
core+map,amp_noise,15,6,1,0.01712621253432567
core+map,amp_noise,15,7,1,0.03852080457252438
core+map,amp_noise,15,8,0,0.007982302225148175
core+map,amp_noise,15,9,1,0.05048168885279336
core+map,amp_noise,15,10,1,0.017868017984353668
core+map,amp_noise,15,11,1,0.028209535591636414
core+map,amp_noise,16,0,1,0.0032453358513295782
core+map,amp_noise,16,1,0,0.07313597343123301
core+map,amp_noise,16,2,1,0.04635222603316169
core+map,amp_noise,16,3,1,0.05486417032985624
core+map,amp_noise,16,4,0,0.03896944002990732
core+map,amp_noise,16,5,1,0.03024716609436895
core+map,amp_noise,16,6,1,0.05235983785506093
core+map,amp_noise,16,7,1,0.04665863395677361
core+map,amp_noise,16,8,1,0.006395332971140921
core+map,amp_noise,16,9,1,0.01767451329613301
core+map,amp_noise,16,10,1,0.024356651070250646
core+map,amp_noise,16,11,0,0.031625467347492275
core+map,amp_noise,17,0,0,0.013834515871754438
core+map,amp_noise,17,1,0,0.07936455673020482
core+map,amp_noise,17,2,1,0.023098513960590594
core+map,amp_noise,17,3,1,0.009652993824404987
core+map,amp_noise,17,4,1,0.012207349290886071
core+map,amp_noise,17,5,1,0.024157020614011926
core+map,amp_noise,17,6,0,0.006462568462787921
core+map,amp_noise,17,7,1,0.014690864652065483
core+map,amp_noise,17,8,0,0.030475667367119263
core+map,amp_noise,17,9,1,0.032360085039786046
core+map,amp_noise,17,10,0,0.08283307798761586
core+map,amp_noise,17,11,1,0.030609513755822992
core+map,amp_noise,18,0,1,0.05298766931873933
core+map,amp_noise,18,1,1,0.00586408002491301
core+map,amp_noise,18,2,1,0.022899575530236804
core+map,amp_noise,18,3,1,0.009253387084578568
core+map,amp_noise,18,4,0,0.008350748063188917
core+map,amp_noise,18,5,1,0.07225821462376936
core+map,amp_noise,18,6,1,0.009229095001327958
core+map,amp_noise,18,7,1,0.004927929168571099
core+map,amp_noise,18,8,1,0.06572192102325791
core+map,amp_noise,18,9,1,0.03841248218852533
core+map,amp_noise,18,10,1,0.07699785817909521
core+map,amp_noise,18,11,0,0.008870742422679712
core+map,amp_noise,19,0,1,0.025492632531376902
core+map,amp_noise,19,1,1,0.03504421974933325
core+map,amp_noise,19,2,1,0.0899224190150184
core+map,amp_noise,19,3,1,0.003940342023255883
core+map,amp_noise,19,4,1,0.04018959782824616
core+map,amp_noise,19,5,1,0.05975642321036578
core+map,amp_noise,19,6,1,0.07324449822143753
core+map,amp_noise,19,7,1,0.012593769142888678
core+map,amp_noise,19,8,1,0.02662587518164472
core+map,amp_noise,19,9,1,0.03173188545127581
core+map,amp_noise,19,10,1,0.016534757366591546
core+map,amp_noise,19,11,1,0.08878988921766229
core+map,amp_noise,20,0,1,0.04445191923464531
core+map,amp_noise,20,1,1,0.004074517306666081
core+map,amp_noise,20,2,1,0.03509784869241028
core+map,amp_noise,20,3,1,0.043803369857647545
core+map,amp_noise,20,4,0,0.01687880444307377
core+map,amp_noise,20,5,0,0.020478830160324035
core+map,amp_noise,20,6,1,0.008222680526603465
core+map,amp_noise,20,7,1,0.020618817267179734
core+map,amp_noise,20,8,1,0.01239164358315592
core+map,amp_noise,20,9,0,0.04306044638183004
core+map,amp_noise,20,10,1,0.007361011185570421
core+map,amp_noise,20,11,1,0.03233692455727044
core+map,amp_noise,21,0,1,0.037986899463991364
core+map,amp_noise,21,1,1,0.03760993227228293
core+map,amp_noise,21,2,1,0.03314287146789274
core+map,amp_noise,21,3,1,0.040443512721126895
core+map,amp_noise,21,4,1,0.05857931392978577
core+map,amp_noise,21,5,1,0.056424210589024915
core+map,amp_noise,21,6,1,0.039690967129137444
core+map,amp_noise,21,7,1,0.07867244059332357
core+map,amp_noise,21,8,1,0.058904885198561185
core+map,amp_noise,21,9,1,0.01154761015349981
core+map,amp_noise,21,10,1,0.07214094225835044
core+map,amp_noise,21,11,1,0.014998733458080782
core+map,amp_noise,22,0,1,0.04181673109094086
core+map,amp_noise,22,1,1,0.0014284713699592722
core+map,amp_noise,22,2,1,0.06668591964385007
core+map,amp_noise,22,3,1,0.011340713501567734
core+map,amp_noise,22,4,1,0.03601904448050197
core+map,amp_noise,22,5,0,0.016715108331986972
core+map,amp_noise,22,6,1,0.016761117672426384
core+map,amp_noise,22,7,1,0.02526619518418638
core+map,amp_noise,22,8,1,0.0139574032997416
core+map,amp_noise,22,9,1,0.03106924304294778
core+map,amp_noise,22,10,1,0.02783902451140663
core+map,amp_noise,22,11,0,0.019670214484055926
core+map,amp_noise,23,0,1,0.027426383214116612
core+map,amp_noise,23,1,1,0.018307905190926954
core+map,amp_noise,23,2,1,0.04885515479111302
core+map,amp_noise,23,3,1,0.0010736056814970585
core+map,amp_noise,23,4,1,0.030056166873856482
core+map,amp_noise,23,5,0,0.013318951999223061
core+map,amp_noise,23,6,1,0.03119396725773771
core+map,amp_noise,23,7,1,0.03222975022647501
core+map,amp_noise,23,8,1,0.002182478878735128
core+map,amp_noise,23,9,1,0.0136060512887628
core+map,amp_noise,23,10,1,0.046782993928982
core+map,amp_noise,23,11,0,0.007902638653526028
core+map,mixed,0,0,1,0.37570924009890627
core+map,mixed,0,1,0,0.02401153852731408
core+map,mixed,0,2,1,0.24761088499877848
core+map,mixed,0,3,1,0.27909261419002873
core+map,mixed,0,4,1,0.20424415151610198
core+map,mixed,0,5,1,0.22582660159157697
core+map,mixed,0,6,1,0.13888828772688455
core+map,mixed,0,7,1,0.2378412389876896
core+map,mixed,0,8,1,0.004221214114846994
core+map,mixed,0,9,1,0.2290368852913327
core+map,mixed,0,10,1,0.13537628815781455
core+map,mixed,0,11,1,0.2718258172554362
core+map,mixed,1,0,1,0.25437681028691916
core+map,mixed,1,1,1,0.16823234773869467
core+map,mixed,1,2,1,0.13669323434825487
core+map,mixed,1,3,1,0.1644169090214117
core+map,mixed,1,4,1,0.16321836384736987
core+map,mixed,1,5,1,0.1255597842316506
core+map,mixed,1,6,1,0.21081254302143837
core+map,mixed,1,7,1,0.2354316765857376
core+map,mixed,1,8,0,0.026673373998619576
core+map,mixed,1,9,1,0.317457272725822
core+map,mixed,1,10,1,0.24170130875185153
core+map,mixed,1,11,1,0.1743860568374226
core+map,mixed,2,0,1,0.03540776004289459
core+map,mixed,2,1,1,0.0323440913857469
core+map,mixed,2,2,1,0.040910743865563926
core+map,mixed,2,3,1,0.031097674083524374
core+map,mixed,2,4,1,0.03571601049508344
core+map,mixed,2,5,1,0.03749921439822668
core+map,mixed,2,6,1,0.033896124364736324
core+map,mixed,2,7,1,0.04200133787623239
core+map,mixed,2,8,1,0.02816963382345372
core+map,mixed,2,9,1,0.039580302757343255
core+map,mixed,2,10,1,0.03306248698410974
core+map,mixed,2,11,1,0.04134280492711229
core+map,mixed,3,0,1,0.23039321277216074
core+map,mixed,3,1,1,0.13630358744366777
core+map,mixed,3,2,1,0.18104265184344726
core+map,mixed,3,3,1,0.16452855240166286
core+map,mixed,3,4,1,0.18926393269188746
core+map,mixed,3,5,1,0.19012732295843404
core+map,mixed,3,6,1,0.23031126095883003
core+map,mixed,3,7,1,0.20582556920853856
core+map,mixed,3,8,1,0.3139946662893627
core+map,mixed,3,9,1,0.19822324250029
core+map,mixed,3,10,1,0.12752112156634166
core+map,mixed,3,11,1,0.2368626384809306
core+map,mixed,4,0,1,0.2350266186259593
core+map,mixed,4,1,1,0.175927293814228
core+map,mixed,4,2,1,0.19431943361883675
core+map,mixed,4,3,1,0.23895307851183745
core+map,mixed,4,4,1,0.1834746843261411
core+map,mixed,4,5,1,0.20565697192505872
core+map,mixed,4,6,1,0.0623165666447999
core+map,mixed,4,7,1,0.17964162960173813
core+map,mixed,4,8,1,0.15251898000190245
core+map,mixed,4,9,0,0.025722914719959133
core+map,mixed,4,10,1,0.11952951065654993
core+map,mixed,4,11,1,0.11148072169909673
core+map,mixed,5,0,1,0.13006654192931288
core+map,mixed,5,1,1,0.13786799128795368
core+map,mixed,5,2,1,0.14911369758093307
core+map,mixed,5,3,1,0.1546086592923651
core+map,mixed,5,4,1,0.08240229206080574
core+map,mixed,5,5,1,0.16765087717600335
core+map,mixed,5,6,1,0.16415210266810354
core+map,mixed,5,7,1,0.07642265578230534
core+map,mixed,5,8,1,0.028342106922053634
core+map,mixed,5,9,1,0.1775655233229987
core+map,mixed,5,10,1,0.057506456989809496
core+map,mixed,5,11,1,0.1252029378378257
core+map,mixed,6,0,1,0.033692463933961414
core+map,mixed,6,1,1,0.1265384519604711
core+map,mixed,6,2,1,0.18353152677350315
core+map,mixed,6,3,1,0.21742203817437744
core+map,mixed,6,4,1,0.022656978603972755
core+map,mixed,6,5,1,0.057932051402926676
core+map,mixed,6,6,1,0.156067577876772
core+map,mixed,6,7,1,0.12346528145013902
core+map,mixed,6,8,1,0.2529151710607747
core+map,mixed,6,9,1,0.0853834543190658
core+map,mixed,6,10,1,0.21208287247049074
core+map,mixed,6,11,1,0.08445390383529261
core+map,mixed,7,0,1,0.1517467834401902
core+map,mixed,7,1,1,0.062254452475636324
core+map,mixed,7,2,1,0.17461827741574232
core+map,mixed,7,3,1,0.007677583079385597
core+map,mixed,7,4,1,0.14700991661865903
core+map,mixed,7,5,1,0.11742720244542837
core+map,mixed,7,6,1,0.10259201835153875
core+map,mixed,7,7,1,0.15801708190538266
core+map,mixed,7,8,1,0.06489708340951683
core+map,mixed,7,9,1,0.16040565281006447
core+map,mixed,7,10,1,0.13191398957778888
core+map,mixed,7,11,1,0.07074350371793814
core+map,mixed,8,0,1,0.0283455114951916
core+map,mixed,8,1,1,0.036228248707108945
core+map,mixed,8,2,1,0.03326797505695822
core+map,mixed,8,3,1,0.02199725591128554
core+map,mixed,8,4,1,0.037493532079233005
core+map,mixed,8,5,1,0.026637319083147704
core+map,mixed,8,6,1,0.021284645834859783
core+map,mixed,8,7,1,0.029123778525580568
core+map,mixed,8,8,1,0.039438454245692645
core+map,mixed,8,9,1,0.04500593133708547
core+map,mixed,8,10,1,0.031364874797070286
core+map,mixed,8,11,1,0.013286710664536794
core+map,mixed,9,0,1,0.08037639245271389
core+map,mixed,9,1,1,0.1596691158308865
core+map,mixed,9,2,1,0.1866891398361502
core+map,mixed,9,3,1,0.14562118677504354
core+map,mixed,9,4,1,0.0897501772093986
core+map,mixed,9,5,1,0.12043183128273116
core+map,mixed,9,6,1,0.08150910050952975
core+map,mixed,9,7,1,0.0932951354477709
core+map,mixed,9,8,1,0.14709726511251364
core+map,mixed,9,9,1,0.009510783693394864
core+map,mixed,9,10,1,0.2035431349001069
core+map,mixed,9,11,1,0.13251122511396457
core+map,mixed,10,0,1,0.07546949207954112
core+map,mixed,10,1,1,0.07872992742889795
core+map,mixed,10,2,1,0.13892296418909766
core+map,mixed,10,3,1,0.04872143650606897
core+map,mixed,10,4,1,0.1351805390130637
core+map,mixed,10,5,1,0.14045070924140868
core+map,mixed,10,6,1,0.08078615396239841
core+map,mixed,10,7,1,0.07216012223340007
core+map,mixed,10,8,1,0.0939131093553549
core+map,mixed,10,9,1,0.10488000638892025
core+map,mixed,10,10,1,0.004972313416462204
core+map,mixed,10,11,1,0.12186058807250189
core+map,mixed,11,0,1,0.06650059945159681
core+map,mixed,11,1,1,0.016364294870398033
core+map,mixed,11,2,1,0.11390623756199181
core+map,mixed,11,3,1,0.11436613068615886
core+map,mixed,11,4,1,0.12309087586191314
core+map,mixed,11,5,1,0.09323285593521868
core+map,mixed,11,6,1,0.051935648034294624
core+map,mixed,11,7,1,0.10516046857548456
core+map,mixed,11,8,0,0.006060046794011398
core+map,mixed,11,9,1,0.022562122283780295
core+map,mixed,11,10,1,0.0549459615446698
core+map,mixed,11,11,1,0.046910557218439175
core+map,mixed,12,0,0,0.0028626827957209944
core+map,mixed,12,1,1,0.009449906053034862
core+map,mixed,12,2,1,0.015918457860027657
core+map,mixed,12,3,1,0.06847606781664095
core+map,mixed,12,4,0,0.006349561307312124
core+map,mixed,12,5,1,0.03585355721493
core+map,mixed,12,6,1,0.07179825066590628
core+map,mixed,12,7,1,0.0817134016869498
core+map,mixed,12,8,1,0.08481381181280911
core+map,mixed,12,9,1,0.05982640423806562
core+map,mixed,12,10,1,0.06817389916683458
core+map,mixed,12,11,1,0.05917274867143374
core+map,mixed,13,0,1,0.0505659512836546
core+map,mixed,13,1,1,0.07501575577840985
core+map,mixed,13,2,1,0.04265602147769809
core+map,mixed,13,3,0,0.021403724369762123
core+map,mixed,13,4,0,0.0028449815309145032
core+map,mixed,13,5,1,0.04970059565125873
core+map,mixed,13,6,1,0.05320276273057667
core+map,mixed,13,7,0,0.0925314071796115
core+map,mixed,13,8,1,0.0490112353839216
core+map,mixed,13,9,1,0.02390619314396314
core+map,mixed,13,10,1,0.04560991499500444
core+map,mixed,13,11,0,0.03158913552907239
core+map,mixed,14,0,1,0.035937445531441736
core+map,mixed,14,1,0,0.0068148879903825454
core+map,mixed,14,2,1,0.04954117842164296
core+map,mixed,14,3,1,0.021535121801266044
core+map,mixed,14,4,1,0.012483075309927427
core+map,mixed,14,5,1,0.01163022932291824
core+map,mixed,14,6,1,0.02873030697103507
core+map,mixed,14,7,0,0.0013373362634495622
core+map,mixed,14,8,1,0.012280860506185487
core+map,mixed,14,9,1,0.03263739191037118
core+map,mixed,14,10,1,0.03461700876288809
core+map,mixed,14,11,1,0.029144775754712526
core+map,mixed,15,0,1,0.0335959108761511
core+map,mixed,15,1,1,0.034470553847874896
core+map,mixed,15,2,1,0.05912146243449867
core+map,mixed,15,3,0,0.048873554166712796
core+map,mixed,15,4,1,0.029234371438643048
core+map,mixed,15,5,1,0.02212080063280608
core+map,mixed,15,6,1,0.029586693858810742
core+map,mixed,15,7,1,0.09732008192577257
core+map,mixed,15,8,1,0.0071143675517005844
core+map,mixed,15,9,1,0.06551720480237011
core+map,mixed,15,10,1,0.031143288492284094
core+map,mixed,15,11,1,0.04113235964188777
core+map,mixed,16,0,1,0.014985020025661488
core+map,mixed,16,1,0,0.008583176066457754
core+map,mixed,16,2,1,0.056576167990980974
core+map,mixed,16,3,1,0.09328154251168624
core+map,mixed,16,4,0,0.06979923492680018
core+map,mixed,16,5,1,0.042007512919778445
core+map,mixed,16,6,1,0.06476151451223211
core+map,mixed,16,7,1,0.0573777008802554
core+map,mixed,16,8,1,0.06986817646617377
core+map,mixed,16,9,1,0.031238978562766917
core+map,mixed,16,10,1,0.032008466488604115
core+map,mixed,16,11,1,0.020172255147693385
core+map,mixed,17,0,0,0.0023362885969966385
core+map,mixed,17,1,0,0.04051995849816559
core+map,mixed,17,2,1,0.036767582796604525
core+map,mixed,17,3,1,0.008232333152010107
core+map,mixed,17,4,1,0.05803375586749865
core+map,mixed,17,5,1,0.05829989411080261
core+map,mixed,17,6,1,0.0057113751512346544
core+map,mixed,17,7,1,0.024849837337629244
core+map,mixed,17,8,1,0.004574269045988788
core+map,mixed,17,9,1,0.041395962317641866
core+map,mixed,17,10,0,0.05815048799108141
core+map,mixed,17,11,1,0.04123618404672613
core+map,mixed,18,0,1,0.06718351503879383
core+map,mixed,18,1,1,0.023598577508673946
core+map,mixed,18,2,1,0.03274832806411765
core+map,mixed,18,3,1,0.0250355057603302
core+map,mixed,18,4,1,0.0053255938349956455
core+map,mixed,18,5,1,0.07304535683399122
core+map,mixed,18,6,1,0.02718799757031065
core+map,mixed,18,7,1,0.017071513888912815
core+map,mixed,18,8,1,0.0773282435603585
core+map,mixed,18,9,1,0.05130382501315878
core+map,mixed,18,10,1,0.07619378727224313
core+map,mixed,18,11,1,0.0030216521854763423
core+map,mixed,19,0,1,0.03702110748586429
core+map,mixed,19,1,1,0.05392430085921612
core+map,mixed,19,2,1,0.09027926083813126
core+map,mixed,19,3,1,0.01934198786962671
core+map,mixed,19,4,1,0.05446542856226211
core+map,mixed,19,5,1,0.06873775608128718
core+map,mixed,19,6,1,0.08182360274284128
core+map,mixed,19,7,1,0.0316198625884439
core+map,mixed,19,8,1,0.037570684553031586
core+map,mixed,19,9,1,0.06458960631390764
core+map,mixed,19,10,1,0.04011864389430386
core+map,mixed,19,11,1,0.09906930788843038
core+map,mixed,20,0,1,0.05573037283075766
core+map,mixed,20,1,1,0.016201895050683368
core+map,mixed,20,2,1,0.04829582604523136
core+map,mixed,20,3,1,0.05361972410144533
core+map,mixed,20,4,1,0.053119376845987776
core+map,mixed,20,5,1,0.046093503629975
core+map,mixed,20,6,1,0.016317867429071375
core+map,mixed,20,7,1,0.02994472571561435
core+map,mixed,20,8,1,0.026503655889503097
core+map,mixed,20,9,0,0.04049479524275157
core+map,mixed,20,10,1,0.017017533783879935
core+map,mixed,20,11,1,0.04174739372751424
core+map,mixed,21,0,1,0.04861180055784353
core+map,mixed,21,1,1,0.048682999933326476
core+map,mixed,21,2,1,0.04625444946772572
core+map,mixed,21,3,1,0.057884932198463857
core+map,mixed,21,4,1,0.05903792823099585
core+map,mixed,21,5,1,0.0731181374822637
core+map,mixed,21,6,1,0.050256962248730774
core+map,mixed,21,7,1,0.09605024786621358
core+map,mixed,21,8,1,0.0834755544541671
core+map,mixed,21,9,1,0.025680056142969976
core+map,mixed,21,10,1,0.0854003649844497
core+map,mixed,21,11,1,0.0406295220523234
core+map,mixed,22,0,1,0.054458048929638236
core+map,mixed,22,1,1,0.012328333929037316
core+map,mixed,22,2,1,0.07622140983317516
core+map,mixed,22,3,1,0.022505709333960455
core+map,mixed,22,4,1,0.047010873445380685
core+map,mixed,22,5,0,0.0029879128498317975
core+map,mixed,22,6,1,0.03192171673311295
core+map,mixed,22,7,1,0.03897228714397849
core+map,mixed,22,8,1,0.030141866755900415
core+map,mixed,22,9,1,0.04106844833413381
core+map,mixed,22,10,1,0.038942781065787524
core+map,mixed,22,11,1,0.012047592992866285
core+map,mixed,23,0,1,0.04360517409686138
core+map,mixed,23,1,1,0.031084355843925437
core+map,mixed,23,2,1,0.06175679760379438
core+map,mixed,23,3,1,0.02871717853765743
core+map,mixed,23,4,1,0.0421563959292266
core+map,mixed,23,5,1,0.03189167522700498
core+map,mixed,23,6,1,0.04220789077671239
core+map,mixed,23,7,1,0.043683982950326494
core+map,mixed,23,8,1,0.01398004574434164
core+map,mixed,23,9,1,0.02335298147771414
core+map,mixed,23,10,1,0.05850969114777105
core+map,mixed,23,11,1,0.01356248639009161
moments+map,phase_wipe,0,0,1,0.4870108516479008
moments+map,phase_wipe,0,1,1,0.4870108516479008
moments+map,phase_wipe,0,2,1,0.4870108516479008
moments+map,phase_wipe,0,3,1,0.4870108516479008
moments+map,phase_wipe,0,4,1,0.4870108516479008
moments+map,phase_wipe,0,5,1,0.4870108516479008
moments+map,phase_wipe,0,6,1,0.4870108516479008
moments+map,phase_wipe,0,7,1,0.4870108516479008
moments+map,phase_wipe,0,8,1,0.4870108516479008
moments+map,phase_wipe,0,9,1,0.4870108516479008
moments+map,phase_wipe,0,10,1,0.4870108516479008
moments+map,phase_wipe,0,11,1,0.4870108516479008
moments+map,phase_wipe,1,0,1,0.4987915721145199
moments+map,phase_wipe,1,1,1,0.4987915721145199
moments+map,phase_wipe,1,2,1,0.4987915721145199
moments+map,phase_wipe,1,3,1,0.4987915721145199
moments+map,phase_wipe,1,4,1,0.4987915721145199
moments+map,phase_wipe,1,5,1,0.4987915721145199
moments+map,phase_wipe,1,6,1,0.4987915721145199
moments+map,phase_wipe,1,7,1,0.4987915721145199
moments+map,phase_wipe,1,8,1,0.4987915721145199
moments+map,phase_wipe,1,9,1,0.4987915721145199
moments+map,phase_wipe,1,10,1,0.4987915721145199
moments+map,phase_wipe,1,11,1,0.4987915721145199
moments+map,phase_wipe,2,0,1,0.008729190947239335
moments+map,phase_wipe,2,1,1,0.008729190947239335
moments+map,phase_wipe,2,2,1,0.008729190947239335
moments+map,phase_wipe,2,3,1,0.008729190947239335
moments+map,phase_wipe,2,4,1,0.008729190947239335
moments+map,phase_wipe,2,5,1,0.008729190947239335
moments+map,phase_wipe,2,6,1,0.008729190947239335
moments+map,phase_wipe,2,7,1,0.008729190947239335
moments+map,phase_wipe,2,8,1,0.008729190947239335
moments+map,phase_wipe,2,9,1,0.008729190947239335
moments+map,phase_wipe,2,10,1,0.008729190947239335
moments+map,phase_wipe,2,11,1,0.008729190947239335
moments+map,phase_wipe,3,0,1,0.4670819524472001
moments+map,phase_wipe,3,1,1,0.4670819524472001
moments+map,phase_wipe,3,2,1,0.4670819524472001
moments+map,phase_wipe,3,3,1,0.4670819524472001
moments+map,phase_wipe,3,4,1,0.4670819524472001
moments+map,phase_wipe,3,5,1,0.4670819524472001
moments+map,phase_wipe,3,6,1,0.4670819524472001
moments+map,phase_wipe,3,7,1,0.4670819524472001
moments+map,phase_wipe,3,8,1,0.4670819524472001
moments+map,phase_wipe,3,9,1,0.4670819524472001
moments+map,phase_wipe,3,10,1,0.4670819524472001
moments+map,phase_wipe,3,11,1,0.4670819524472001
moments+map,phase_wipe,4,0,1,0.4316684124967071
moments+map,phase_wipe,4,1,1,0.4316684124967071
moments+map,phase_wipe,4,2,1,0.4316684124967071
moments+map,phase_wipe,4,3,1,0.4316684124967071
moments+map,phase_wipe,4,4,1,0.4316684124967071
moments+map,phase_wipe,4,5,1,0.4316684124967071
moments+map,phase_wipe,4,6,1,0.4316684124967071
moments+map,phase_wipe,4,7,1,0.4316684124967071
moments+map,phase_wipe,4,8,1,0.4316684124967071
moments+map,phase_wipe,4,9,1,0.4316684124967071
moments+map,phase_wipe,4,10,1,0.4316684124967071
moments+map,phase_wipe,4,11,1,0.4316684124967071
moments+map,phase_wipe,5,0,1,0.35799716320495767
moments+map,phase_wipe,5,1,1,0.35799716320495767
moments+map,phase_wipe,5,2,1,0.35799716320495767
moments+map,phase_wipe,5,3,1,0.35799716320495767
moments+map,phase_wipe,5,4,1,0.35799716320495767
moments+map,phase_wipe,5,5,1,0.35799716320495767
moments+map,phase_wipe,5,6,1,0.35799716320495767
moments+map,phase_wipe,5,7,1,0.35799716320495767
moments+map,phase_wipe,5,8,1,0.35799716320495767
moments+map,phase_wipe,5,9,1,0.35799716320495767
moments+map,phase_wipe,5,10,1,0.35799716320495767
moments+map,phase_wipe,5,11,1,0.35799716320495767
moments+map,phase_wipe,6,0,1,0.4870108516479008
moments+map,phase_wipe,6,1,1,0.4870108516479008
moments+map,phase_wipe,6,2,1,0.4870108516479008
moments+map,phase_wipe,6,3,1,0.4870108516479008
moments+map,phase_wipe,6,4,1,0.4870108516479008
moments+map,phase_wipe,6,5,1,0.4870108516479008
moments+map,phase_wipe,6,6,1,0.4870108516479008
moments+map,phase_wipe,6,7,1,0.4870108516479008
moments+map,phase_wipe,6,8,1,0.4870108516479008
moments+map,phase_wipe,6,9,1,0.4870108516479008
moments+map,phase_wipe,6,10,1,0.4870108516479008
moments+map,phase_wipe,6,11,1,0.4870108516479008
moments+map,phase_wipe,7,0,1,0.4819351050362711
moments+map,phase_wipe,7,1,1,0.4819351050362711
moments+map,phase_wipe,7,2,1,0.4819351050362711
moments+map,phase_wipe,7,3,1,0.4819351050362711
moments+map,phase_wipe,7,4,1,0.4819351050362711
moments+map,phase_wipe,7,5,1,0.4819351050362711
moments+map,phase_wipe,7,6,1,0.4819351050362711
moments+map,phase_wipe,7,7,1,0.4819351050362711
moments+map,phase_wipe,7,8,1,0.4819351050362711
moments+map,phase_wipe,7,9,1,0.4819351050362711
moments+map,phase_wipe,7,10,1,0.4819351050362711
moments+map,phase_wipe,7,11,1,0.4819351050362711
moments+map,phase_wipe,8,0,1,0.008729190947239335
moments+map,phase_wipe,8,1,1,0.008729190947239335
moments+map,phase_wipe,8,2,1,0.008729190947239335
moments+map,phase_wipe,8,3,1,0.008729190947239335
moments+map,phase_wipe,8,4,1,0.008729190947239335
moments+map,phase_wipe,8,5,1,0.008729190947239335
moments+map,phase_wipe,8,6,1,0.008729190947239335
moments+map,phase_wipe,8,7,1,0.008729190947239335
moments+map,phase_wipe,8,8,1,0.008729190947239335
moments+map,phase_wipe,8,9,1,0.008729190947239335
moments+map,phase_wipe,8,10,1,0.008729190947239335
moments+map,phase_wipe,8,11,1,0.008729190947239335
moments+map,phase_wipe,9,0,1,0.37701799818014836
moments+map,phase_wipe,9,1,1,0.37701799818014836
moments+map,phase_wipe,9,2,1,0.37701799818014836
moments+map,phase_wipe,9,3,1,0.37701799818014836
moments+map,phase_wipe,9,4,1,0.37701799818014836
moments+map,phase_wipe,9,5,1,0.37701799818014836
moments+map,phase_wipe,9,6,1,0.37701799818014836
moments+map,phase_wipe,9,7,1,0.37701799818014836
moments+map,phase_wipe,9,8,1,0.37701799818014836
moments+map,phase_wipe,9,9,1,0.37701799818014836
moments+map,phase_wipe,9,10,1,0.37701799818014836
moments+map,phase_wipe,9,11,1,0.37701799818014836
moments+map,phase_wipe,10,0,1,0.3341904477257539
moments+map,phase_wipe,10,1,1,0.3341904477257539
moments+map,phase_wipe,10,2,1,0.3341904477257539
moments+map,phase_wipe,10,3,1,0.3341904477257539
moments+map,phase_wipe,10,4,1,0.3341904477257539
moments+map,phase_wipe,10,5,1,0.3341904477257539
moments+map,phase_wipe,10,6,1,0.3341904477257539
moments+map,phase_wipe,10,7,1,0.3341904477257539
moments+map,phase_wipe,10,8,1,0.3341904477257539
moments+map,phase_wipe,10,9,1,0.3341904477257539
moments+map,phase_wipe,10,10,1,0.3341904477257539
moments+map,phase_wipe,10,11,1,0.3341904477257539
moments+map,phase_wipe,11,0,1,0.3113077523910631
moments+map,phase_wipe,11,1,1,0.3113077523910631
moments+map,phase_wipe,11,2,1,0.3113077523910631
moments+map,phase_wipe,11,3,1,0.3113077523910631
moments+map,phase_wipe,11,4,1,0.3113077523910631
moments+map,phase_wipe,11,5,1,0.3113077523910631
moments+map,phase_wipe,11,6,1,0.3113077523910631
moments+map,phase_wipe,11,7,1,0.3113077523910631
moments+map,phase_wipe,11,8,1,0.3113077523910631
moments+map,phase_wipe,11,9,1,0.3113077523910631
moments+map,phase_wipe,11,10,1,0.3113077523910631
moments+map,phase_wipe,11,11,1,0.3113077523910631
moments+map,phase_wipe,12,0,1,0.14333444245848634
moments+map,phase_wipe,12,1,1,0.14333444245848634
moments+map,phase_wipe,12,2,1,0.14333444245848634
moments+map,phase_wipe,12,3,1,0.14333444245848634
moments+map,phase_wipe,12,4,1,0.14333444245848634
moments+map,phase_wipe,12,5,1,0.14333444245848634
moments+map,phase_wipe,12,6,1,0.14333444245848634
moments+map,phase_wipe,12,7,1,0.14333444245848634
moments+map,phase_wipe,12,8,1,0.14333444245848634
moments+map,phase_wipe,12,9,1,0.14333444245848634
moments+map,phase_wipe,12,10,1,0.14333444245848634
moments+map,phase_wipe,12,11,1,0.14333444245848634
moments+map,phase_wipe,13,0,1,0.132890841872344
moments+map,phase_wipe,13,1,1,0.132890841872344
moments+map,phase_wipe,13,2,1,0.132890841872344
moments+map,phase_wipe,13,3,1,0.132890841872344
moments+map,phase_wipe,13,4,1,0.132890841872344
moments+map,phase_wipe,13,5,1,0.132890841872344
moments+map,phase_wipe,13,6,1,0.132890841872344
moments+map,phase_wipe,13,7,1,0.132890841872344
moments+map,phase_wipe,13,8,1,0.132890841872344
moments+map,phase_wipe,13,9,1,0.132890841872344
moments+map,phase_wipe,13,10,1,0.132890841872344
moments+map,phase_wipe,13,11,1,0.132890841872344
moments+map,phase_wipe,14,0,1,0.016855850548998078
moments+map,phase_wipe,14,1,1,0.016855850548998078
moments+map,phase_wipe,14,2,1,0.016855850548998078
moments+map,phase_wipe,14,3,1,0.016855850548998078
moments+map,phase_wipe,14,4,1,0.016855850548998078
moments+map,phase_wipe,14,5,1,0.016855850548998078
moments+map,phase_wipe,14,6,1,0.016855850548998078
moments+map,phase_wipe,14,7,1,0.016855850548998078
moments+map,phase_wipe,14,8,1,0.016855850548998078
moments+map,phase_wipe,14,9,1,0.016855850548998078
moments+map,phase_wipe,14,10,1,0.016855850548998078
moments+map,phase_wipe,14,11,1,0.016855850548998078
moments+map,phase_wipe,15,0,1,0.13973423752113348
moments+map,phase_wipe,15,1,1,0.13973423752113348
moments+map,phase_wipe,15,2,1,0.13973423752113348
moments+map,phase_wipe,15,3,1,0.13973423752113348
moments+map,phase_wipe,15,4,1,0.13973423752113348
moments+map,phase_wipe,15,5,1,0.13973423752113348
moments+map,phase_wipe,15,6,1,0.13973423752113348
moments+map,phase_wipe,15,7,1,0.13973423752113348
moments+map,phase_wipe,15,8,1,0.13973423752113348
moments+map,phase_wipe,15,9,1,0.13973423752113348
moments+map,phase_wipe,15,10,1,0.13973423752113348
moments+map,phase_wipe,15,11,1,0.13973423752113348
moments+map,phase_wipe,16,0,1,0.125657807232608
moments+map,phase_wipe,16,1,1,0.125657807232608
moments+map,phase_wipe,16,2,1,0.125657807232608
moments+map,phase_wipe,16,3,1,0.125657807232608
moments+map,phase_wipe,16,4,1,0.125657807232608
moments+map,phase_wipe,16,5,1,0.125657807232608
moments+map,phase_wipe,16,6,1,0.125657807232608
moments+map,phase_wipe,16,7,1,0.125657807232608
moments+map,phase_wipe,16,8,1,0.125657807232608
moments+map,phase_wipe,16,9,1,0.125657807232608
moments+map,phase_wipe,16,10,1,0.125657807232608
moments+map,phase_wipe,16,11,1,0.125657807232608
moments+map,phase_wipe,17,0,1,0.09343834748401625
moments+map,phase_wipe,17,1,1,0.09343834748401625
moments+map,phase_wipe,17,2,1,0.09343834748401625
moments+map,phase_wipe,17,3,1,0.09343834748401625
moments+map,phase_wipe,17,4,1,0.09343834748401625
moments+map,phase_wipe,17,5,1,0.09343834748401625
moments+map,phase_wipe,17,6,1,0.09343834748401625
moments+map,phase_wipe,17,7,1,0.09343834748401625
moments+map,phase_wipe,17,8,1,0.09343834748401625
moments+map,phase_wipe,17,9,1,0.09343834748401625
moments+map,phase_wipe,17,10,1,0.09343834748401625
moments+map,phase_wipe,17,11,1,0.09343834748401625
moments+map,phase_wipe,18,0,1,0.14333444245848634
moments+map,phase_wipe,18,1,1,0.14333444245848634
moments+map,phase_wipe,18,2,1,0.14333444245848634
moments+map,phase_wipe,18,3,1,0.14333444245848634
moments+map,phase_wipe,18,4,1,0.14333444245848634
moments+map,phase_wipe,18,5,1,0.14333444245848634
moments+map,phase_wipe,18,6,1,0.14333444245848634
moments+map,phase_wipe,18,7,1,0.14333444245848634
moments+map,phase_wipe,18,8,1,0.14333444245848634
moments+map,phase_wipe,18,9,1,0.14333444245848634
moments+map,phase_wipe,18,10,1,0.14333444245848634
moments+map,phase_wipe,18,11,1,0.14333444245848634
moments+map,phase_wipe,19,0,1,0.132890841872344
moments+map,phase_wipe,19,1,1,0.132890841872344
moments+map,phase_wipe,19,2,1,0.132890841872344
moments+map,phase_wipe,19,3,1,0.132890841872344
moments+map,phase_wipe,19,4,1,0.132890841872344
moments+map,phase_wipe,19,5,1,0.132890841872344
moments+map,phase_wipe,19,6,1,0.132890841872344
moments+map,phase_wipe,19,7,1,0.132890841872344
moments+map,phase_wipe,19,8,1,0.132890841872344
moments+map,phase_wipe,19,9,1,0.132890841872344
moments+map,phase_wipe,19,10,1,0.132890841872344
moments+map,phase_wipe,19,11,1,0.132890841872344
moments+map,phase_wipe,20,0,1,0.09089984046257146
moments+map,phase_wipe,20,1,1,0.09089984046257146
moments+map,phase_wipe,20,2,1,0.09089984046257146
moments+map,phase_wipe,20,3,1,0.09089984046257146
moments+map,phase_wipe,20,4,1,0.09089984046257146
moments+map,phase_wipe,20,5,1,0.09089984046257146
moments+map,phase_wipe,20,6,1,0.09089984046257146
moments+map,phase_wipe,20,7,1,0.09089984046257146
moments+map,phase_wipe,20,8,1,0.09089984046257146
moments+map,phase_wipe,20,9,1,0.09089984046257146
moments+map,phase_wipe,20,10,1,0.09089984046257146
moments+map,phase_wipe,20,11,1,0.09089984046257146
moments+map,phase_wipe,21,0,1,0.13973423752113348
moments+map,phase_wipe,21,1,1,0.13973423752113348
moments+map,phase_wipe,21,2,1,0.13973423752113348
moments+map,phase_wipe,21,3,1,0.13973423752113348
moments+map,phase_wipe,21,4,1,0.13973423752113348
moments+map,phase_wipe,21,5,1,0.13973423752113348
moments+map,phase_wipe,21,6,1,0.13973423752113348
moments+map,phase_wipe,21,7,1,0.13973423752113348
moments+map,phase_wipe,21,8,1,0.13973423752113348
moments+map,phase_wipe,21,9,1,0.13973423752113348
moments+map,phase_wipe,21,10,1,0.13973423752113348
moments+map,phase_wipe,21,11,1,0.13973423752113348
moments+map,phase_wipe,22,0,1,0.125657807232608
moments+map,phase_wipe,22,1,1,0.125657807232608
moments+map,phase_wipe,22,2,1,0.125657807232608
moments+map,phase_wipe,22,3,1,0.125657807232608
moments+map,phase_wipe,22,4,1,0.125657807232608
moments+map,phase_wipe,22,5,1,0.125657807232608
moments+map,phase_wipe,22,6,1,0.125657807232608
moments+map,phase_wipe,22,7,1,0.125657807232608
moments+map,phase_wipe,22,8,1,0.125657807232608
moments+map,phase_wipe,22,9,1,0.125657807232608
moments+map,phase_wipe,22,10,1,0.125657807232608
moments+map,phase_wipe,22,11,1,0.125657807232608
moments+map,phase_wipe,23,0,1,0.09343834748401625
moments+map,phase_wipe,23,1,1,0.09343834748401625
moments+map,phase_wipe,23,2,1,0.09343834748401625
moments+map,phase_wipe,23,3,1,0.09343834748401625
moments+map,phase_wipe,23,4,1,0.09343834748401625
moments+map,phase_wipe,23,5,1,0.09343834748401625
moments+map,phase_wipe,23,6,1,0.09343834748401625
moments+map,phase_wipe,23,7,1,0.09343834748401625
moments+map,phase_wipe,23,8,1,0.09343834748401625
moments+map,phase_wipe,23,9,1,0.09343834748401625
moments+map,phase_wipe,23,10,1,0.09343834748401625
moments+map,phase_wipe,23,11,1,0.09343834748401625
moments+map,dropout_50,0,0,1,0.4297132956923184
moments+map,dropout_50,0,1,1,0.35512455697914164
moments+map,dropout_50,0,2,1,0.3932374591918161
moments+map,dropout_50,0,3,1,0.3545429285726396
moments+map,dropout_50,0,4,1,0.33529747912511654
moments+map,dropout_50,0,5,1,0.39774593355253096
moments+map,dropout_50,0,6,1,0.32568545298287194
moments+map,dropout_50,0,7,1,0.18897634846050637
moments+map,dropout_50,0,8,1,0.3819335642419427
moments+map,dropout_50,0,9,1,0.310274656214132
moments+map,dropout_50,0,10,1,0.36463597799224895
moments+map,dropout_50,0,11,1,0.40158259443738514
moments+map,dropout_50,1,0,1,0.36705644514878055
moments+map,dropout_50,1,1,1,0.3723327340705763
moments+map,dropout_50,1,2,1,0.4253787697592066
moments+map,dropout_50,1,3,1,0.3513071341956457
moments+map,dropout_50,1,4,1,0.4536625808335538
moments+map,dropout_50,1,5,1,0.39402731205426933
moments+map,dropout_50,1,6,1,0.4185709767049498
moments+map,dropout_50,1,7,1,0.40013217087898634
moments+map,dropout_50,1,8,1,0.31098700625061115
moments+map,dropout_50,1,9,1,0.1872980402397721
moments+map,dropout_50,1,10,1,0.3832801961590986
moments+map,dropout_50,1,11,1,0.41798843024530186
moments+map,dropout_50,2,0,1,0.0021163738559433
moments+map,dropout_50,2,1,1,0.00019747536575816932
moments+map,dropout_50,2,2,0,0.00023335432139717262
moments+map,dropout_50,2,3,0,0.004146115295511163
moments+map,dropout_50,2,4,0,0.004294553886656977
moments+map,dropout_50,2,5,0,0.008145632496988117
moments+map,dropout_50,2,6,1,0.006555850065163384
moments+map,dropout_50,2,7,1,0.005382178731083445
moments+map,dropout_50,2,8,0,0.0014669165862144437
moments+map,dropout_50,2,9,0,0.005651631470236278
moments+map,dropout_50,2,10,0,0.0001260568961208436
moments+map,dropout_50,2,11,0,0.001074575762106282
moments+map,dropout_50,3,0,1,0.09182975209581667
moments+map,dropout_50,3,1,1,0.37558544164846336
moments+map,dropout_50,3,2,1,0.36964094326728075
moments+map,dropout_50,3,3,1,0.2671227260870753
moments+map,dropout_50,3,4,1,0.4057470182012981
moments+map,dropout_50,3,5,1,0.24327621902358
moments+map,dropout_50,3,6,1,0.328583011341836
moments+map,dropout_50,3,7,1,0.24658089476565298
moments+map,dropout_50,3,8,1,0.39022736092178745
moments+map,dropout_50,3,9,1,0.38457836470443985
moments+map,dropout_50,3,10,1,0.3603887803621208
moments+map,dropout_50,3,11,1,0.4006300148815523
moments+map,dropout_50,4,0,1,0.32656875680600034
moments+map,dropout_50,4,1,1,0.33543160198449906
moments+map,dropout_50,4,2,1,0.31578134595473867
moments+map,dropout_50,4,3,1,0.31020125364073664
moments+map,dropout_50,4,4,1,0.3166346050064062
moments+map,dropout_50,4,5,1,0.2911667908615929
moments+map,dropout_50,4,6,1,0.3447387347806293
moments+map,dropout_50,4,7,1,0.286243441796139
moments+map,dropout_50,4,8,1,0.29668503657880707
moments+map,dropout_50,4,9,1,0.3681247437390004
moments+map,dropout_50,4,10,1,0.33633550540869195
moments+map,dropout_50,4,11,1,0.32470349139323235
moments+map,dropout_50,5,0,1,0.30495822880269724
moments+map,dropout_50,5,1,1,0.24262956639856492
moments+map,dropout_50,5,2,1,0.24334179256482635
moments+map,dropout_50,5,3,1,0.2860310072235719
moments+map,dropout_50,5,4,1,0.3064846187143872
moments+map,dropout_50,5,5,1,0.2200559291740171
moments+map,dropout_50,5,6,1,0.29216204681567837
moments+map,dropout_50,5,7,1,0.2570121082754619
moments+map,dropout_50,5,8,1,0.29563451376010397
moments+map,dropout_50,5,9,1,0.2666063507191595
moments+map,dropout_50,5,10,1,0.2631422556049152
moments+map,dropout_50,5,11,1,0.26610045709450014
moments+map,dropout_50,6,0,1,0.4578192796688004
moments+map,dropout_50,6,1,1,0.4819479979926479
moments+map,dropout_50,6,2,1,0.4331254956089379
moments+map,dropout_50,6,3,1,0.45916331490199447
moments+map,dropout_50,6,4,1,0.4071149369081387
moments+map,dropout_50,6,5,1,0.4039887620563217
moments+map,dropout_50,6,6,1,0.4066178824547693
moments+map,dropout_50,6,7,1,0.40781448105774365
moments+map,dropout_50,6,8,1,0.4079572320077062
moments+map,dropout_50,6,9,1,0.4502805674873875
moments+map,dropout_50,6,10,1,0.4480664504480682
moments+map,dropout_50,6,11,1,0.4328375247185413
moments+map,dropout_50,7,0,1,0.37950963475996186
moments+map,dropout_50,7,1,1,0.33520718777599456
moments+map,dropout_50,7,2,1,0.449343859691673
moments+map,dropout_50,7,3,1,0.42972294572525543
moments+map,dropout_50,7,4,1,0.40151642461721154
moments+map,dropout_50,7,5,1,0.4185284520610524
moments+map,dropout_50,7,6,1,0.44170814817928505
moments+map,dropout_50,7,7,1,0.4004889567907915
moments+map,dropout_50,7,8,1,0.41586801975135906
moments+map,dropout_50,7,9,1,0.43865071009046386
moments+map,dropout_50,7,10,1,0.4124857636473409
moments+map,dropout_50,7,11,1,0.39448668125328185
moments+map,dropout_50,8,0,0,7.447779933303367e-05
moments+map,dropout_50,8,1,0,0.006702307975759762
moments+map,dropout_50,8,2,0,0.0005438645817617063
moments+map,dropout_50,8,3,0,0.007985599406185612
moments+map,dropout_50,8,4,0,0.0005000380187159224
moments+map,dropout_50,8,5,0,0.005187162457923333
moments+map,dropout_50,8,6,0,0.0017403971974705862
moments+map,dropout_50,8,7,0,0.001109195948309459
moments+map,dropout_50,8,8,0,0.007665577540246757
moments+map,dropout_50,8,9,0,0.006975544831257299
moments+map,dropout_50,8,10,0,0.000601357644911843
moments+map,dropout_50,8,11,0,0.00423166242787925
moments+map,dropout_50,9,0,1,0.3048641247227941
moments+map,dropout_50,9,1,1,0.29244445970968336
moments+map,dropout_50,9,2,1,0.3038432802348715
moments+map,dropout_50,9,3,1,0.3425328550732947
moments+map,dropout_50,9,4,1,0.3307701276353148
moments+map,dropout_50,9,5,1,0.3371588138600984
moments+map,dropout_50,9,6,1,0.29012376141861357
moments+map,dropout_50,9,7,1,0.32924196187165417
moments+map,dropout_50,9,8,1,0.35527636088436093
moments+map,dropout_50,9,9,1,0.34030662585407806
moments+map,dropout_50,9,10,1,0.337524537136605
moments+map,dropout_50,9,11,1,0.34456078008036584
moments+map,dropout_50,10,0,1,0.28325914598560575
moments+map,dropout_50,10,1,1,0.284132888979606
moments+map,dropout_50,10,2,1,0.28838924524816795
moments+map,dropout_50,10,3,1,0.2557853892850204
moments+map,dropout_50,10,4,1,0.2759823447424088
moments+map,dropout_50,10,5,1,0.27241611669728505
moments+map,dropout_50,10,6,1,0.3132589173762387
moments+map,dropout_50,10,7,1,0.24400600152773216
moments+map,dropout_50,10,8,1,0.2683577509903449
moments+map,dropout_50,10,9,1,0.27772788622755806
moments+map,dropout_50,10,10,1,0.2517353602228566
moments+map,dropout_50,10,11,1,0.32433676183143023
moments+map,dropout_50,11,0,1,0.2241509562379353
moments+map,dropout_50,11,1,1,0.22580365006307856
moments+map,dropout_50,11,2,1,0.2367886980040023
moments+map,dropout_50,11,3,1,0.24863981948697808
moments+map,dropout_50,11,4,1,0.284704947279665
moments+map,dropout_50,11,5,1,0.21534035518489913
moments+map,dropout_50,11,6,1,0.20361556591063312
moments+map,dropout_50,11,7,1,0.20344033721682647
moments+map,dropout_50,11,8,1,0.20642677585684677
moments+map,dropout_50,11,9,1,0.2471350746475735
moments+map,dropout_50,11,10,1,0.2560945071811258
moments+map,dropout_50,11,11,1,0.20321066189557419
moments+map,dropout_50,12,0,1,0.1395394462711214
moments+map,dropout_50,12,1,1,0.13386598899130436
moments+map,dropout_50,12,2,1,0.13698294758639468
moments+map,dropout_50,12,3,1,0.11869342207410327
moments+map,dropout_50,12,4,1,0.13139473891557021
moments+map,dropout_50,12,5,1,0.11188677450204658
moments+map,dropout_50,12,6,1,0.12121764412262888
moments+map,dropout_50,12,7,1,0.12034851768672715
moments+map,dropout_50,12,8,1,0.1353631548796786
moments+map,dropout_50,12,9,1,0.13789530426629373
moments+map,dropout_50,12,10,1,0.14249594619340633
moments+map,dropout_50,12,11,1,0.13647239133088276
moments+map,dropout_50,13,0,1,0.1002534706249236
moments+map,dropout_50,13,1,1,0.11521017762757699
moments+map,dropout_50,13,2,1,0.12142218469237556
moments+map,dropout_50,13,3,1,0.11044220949053865
moments+map,dropout_50,13,4,1,0.12140037539934975
moments+map,dropout_50,13,5,1,0.12048582437482427
moments+map,dropout_50,13,6,1,0.09499695797270256
moments+map,dropout_50,13,7,1,0.11443377380582502
moments+map,dropout_50,13,8,1,0.12117288244093725
moments+map,dropout_50,13,9,1,0.11241794681221565
moments+map,dropout_50,13,10,1,0.12355089897380062
moments+map,dropout_50,13,11,1,0.1327818640666042
moments+map,dropout_50,14,0,1,0.008064300694311341
moments+map,dropout_50,14,1,0,0.032398354811441
moments+map,dropout_50,14,2,1,0.0083218905086388
moments+map,dropout_50,14,3,1,0.006599501408996882
moments+map,dropout_50,14,4,1,0.0023409184687847445
moments+map,dropout_50,14,5,1,0.009498571991718718
moments+map,dropout_50,14,6,1,0.013419148950494805
moments+map,dropout_50,14,7,1,0.009525627172145931
moments+map,dropout_50,14,8,1,0.0005635059107609031
moments+map,dropout_50,14,9,0,0.005324279417851838
moments+map,dropout_50,14,10,1,0.0037772993775308586
moments+map,dropout_50,14,11,1,0.0038827282159794863
moments+map,dropout_50,15,0,1,0.1255793787400758
moments+map,dropout_50,15,1,1,0.1294022449029959
moments+map,dropout_50,15,2,1,0.130179293320731
moments+map,dropout_50,15,3,1,0.12617382814374
moments+map,dropout_50,15,4,1,0.12375379695366405
moments+map,dropout_50,15,5,1,0.11167889356634025
moments+map,dropout_50,15,6,1,0.1281228522282815
moments+map,dropout_50,15,7,1,0.12454749536671972
moments+map,dropout_50,15,8,1,0.12978373174008415
moments+map,dropout_50,15,9,1,0.12406804684911595
moments+map,dropout_50,15,10,1,0.12130512740898769
moments+map,dropout_50,15,11,1,0.13037151543286069
moments+map,dropout_50,16,0,1,0.12449408914364542
moments+map,dropout_50,16,1,1,0.12006933656499812
moments+map,dropout_50,16,2,1,0.09373069254744772
moments+map,dropout_50,16,3,1,0.11099352390520732
moments+map,dropout_50,16,4,1,0.12034167415075131
moments+map,dropout_50,16,5,1,0.1081986032635622
moments+map,dropout_50,16,6,1,0.10902351879225221
moments+map,dropout_50,16,7,1,0.09610483366241179
moments+map,dropout_50,16,8,1,0.1175135354304388
moments+map,dropout_50,16,9,1,0.11605611258364973
moments+map,dropout_50,16,10,1,0.11614424086176983
moments+map,dropout_50,16,11,1,0.1110302710138751
moments+map,dropout_50,17,0,1,0.06728827860683977
moments+map,dropout_50,17,1,1,0.0761789532830377
moments+map,dropout_50,17,2,1,0.07067146952866049
moments+map,dropout_50,17,3,1,0.0714728285041873
moments+map,dropout_50,17,4,1,0.07463224710503177
moments+map,dropout_50,17,5,1,0.08151283954511125
moments+map,dropout_50,17,6,1,0.07714602239096968
moments+map,dropout_50,17,7,1,0.06363195251379682
moments+map,dropout_50,17,8,1,0.07966006413051045
moments+map,dropout_50,17,9,1,0.07746954845629697
moments+map,dropout_50,17,10,1,0.08566686603484493
moments+map,dropout_50,17,11,1,0.07103957041403389
moments+map,dropout_50,18,0,1,0.07538460681891922
moments+map,dropout_50,18,1,1,0.08382347632987351
moments+map,dropout_50,18,2,1,0.09603324056658473
moments+map,dropout_50,18,3,1,0.08504393683762226
moments+map,dropout_50,18,4,1,0.041927333122913316
moments+map,dropout_50,18,5,1,0.11443991663959871
moments+map,dropout_50,18,6,1,0.09534354589554976
moments+map,dropout_50,18,7,1,0.06224889300466645
moments+map,dropout_50,18,8,1,0.06235426433956732
moments+map,dropout_50,18,9,1,0.08884764398318076
moments+map,dropout_50,18,10,1,0.08488802408686781
moments+map,dropout_50,18,11,1,0.09512522195845743
moments+map,dropout_50,19,0,1,0.01161306354762097
moments+map,dropout_50,19,1,1,0.08379576304464739
moments+map,dropout_50,19,2,1,0.07993041670171111
moments+map,dropout_50,19,3,0,6.689659448305685e-06
moments+map,dropout_50,19,4,1,0.07318820492421034
moments+map,dropout_50,19,5,1,0.07597044116349427
moments+map,dropout_50,19,6,1,0.09989611732850379
moments+map,dropout_50,19,7,1,0.07951143045518529
moments+map,dropout_50,19,8,1,0.07824033835223437
moments+map,dropout_50,19,9,1,0.09304112683033558
moments+map,dropout_50,19,10,1,0.10965984100582038
moments+map,dropout_50,19,11,1,0.08400851698464815
moments+map,dropout_50,20,0,1,0.06794607970551908
moments+map,dropout_50,20,1,1,0.07132551814082481
moments+map,dropout_50,20,2,1,0.07202654011661777
moments+map,dropout_50,20,3,1,0.08452885395154279
moments+map,dropout_50,20,4,1,0.07415882511681812
moments+map,dropout_50,20,5,1,0.0734246679033923
moments+map,dropout_50,20,6,1,0.08449102378476975
moments+map,dropout_50,20,7,1,0.08065101736515158
moments+map,dropout_50,20,8,1,0.07475946515218923
moments+map,dropout_50,20,9,1,0.06815996720179024
moments+map,dropout_50,20,10,1,0.08284264452886592
moments+map,dropout_50,20,11,1,0.07364421585622104
moments+map,dropout_50,21,0,1,0.05534591043262389
moments+map,dropout_50,21,1,1,0.04070538353296538
moments+map,dropout_50,21,2,1,0.12120992500656412
moments+map,dropout_50,21,3,0,0.042144020349635464
moments+map,dropout_50,21,4,1,0.08550288127584502
moments+map,dropout_50,21,5,1,0.07969952241657063
moments+map,dropout_50,21,6,1,0.06992708378662837
moments+map,dropout_50,21,7,1,0.1044029613818146
moments+map,dropout_50,21,8,1,0.045795217144194364
moments+map,dropout_50,21,9,1,0.04324758490081482
moments+map,dropout_50,21,10,1,0.08273802184731927
moments+map,dropout_50,21,11,1,0.09985103460145664
moments+map,dropout_50,22,0,0,0.006211425329889983
moments+map,dropout_50,22,1,1,0.050413250671461005
moments+map,dropout_50,22,2,1,0.09197004340612133
moments+map,dropout_50,22,3,1,0.05944056253296969
moments+map,dropout_50,22,4,1,0.05323909715196552
moments+map,dropout_50,22,5,1,0.08545929202553713
moments+map,dropout_50,22,6,1,0.08024257123509851
moments+map,dropout_50,22,7,1,0.0778602179928545
moments+map,dropout_50,22,8,1,0.024682898891118243
moments+map,dropout_50,22,9,1,0.03556715347246216
moments+map,dropout_50,22,10,1,0.034759180182513574
moments+map,dropout_50,22,11,1,0.015633998926516818
moments+map,dropout_50,23,0,1,0.025487244951864746
moments+map,dropout_50,23,1,1,0.023060832923054386
moments+map,dropout_50,23,2,1,0.038373135969919314
moments+map,dropout_50,23,3,1,0.067897459273638
moments+map,dropout_50,23,4,1,0.03946148655903849
moments+map,dropout_50,23,5,1,0.02829295802320457
moments+map,dropout_50,23,6,1,0.02747346845285334
moments+map,dropout_50,23,7,1,0.016970450127311187
moments+map,dropout_50,23,8,1,0.022791214946551716
moments+map,dropout_50,23,9,1,0.01602490719227511
moments+map,dropout_50,23,10,1,0.044459556592171136
moments+map,dropout_50,23,11,1,0.06479164167692207
moments+map,amp_noise,0,0,1,0.2988115345979745
moments+map,amp_noise,0,1,0,0.15555517241591788
moments+map,amp_noise,0,2,1,0.15948364056250364
moments+map,amp_noise,0,3,1,0.2432810142671269
moments+map,amp_noise,0,4,1,0.14265226533802045
moments+map,amp_noise,0,5,1,0.187309860344004
moments+map,amp_noise,0,6,1,0.04204396348631623
moments+map,amp_noise,0,7,1,0.17886663851011397
moments+map,amp_noise,0,8,0,0.09393907724133577
moments+map,amp_noise,0,9,1,0.16856222898505968
moments+map,amp_noise,0,10,1,0.07187988557021874
moments+map,amp_noise,0,11,0,0.04118655036095176
moments+map,amp_noise,1,0,0,0.03246672846428955
moments+map,amp_noise,1,1,1,0.12010065583271179
moments+map,amp_noise,1,2,1,0.07743279223887156
moments+map,amp_noise,1,3,1,0.08321027985255236
moments+map,amp_noise,1,4,1,0.07804047124153823
moments+map,amp_noise,1,5,1,0.07063318985380218
moments+map,amp_noise,1,6,1,0.14086094860279874
moments+map,amp_noise,1,7,1,0.15572498694480852
moments+map,amp_noise,1,8,0,0.11907963950181821
moments+map,amp_noise,1,9,1,0.07906315621789173
moments+map,amp_noise,1,10,1,0.07221571731268628
moments+map,amp_noise,1,11,1,0.12124013751281715
moments+map,amp_noise,2,0,0,0.03310162912969039
moments+map,amp_noise,2,1,0,0.006832041857842142
moments+map,amp_noise,2,2,1,0.002169901394898366
moments+map,amp_noise,2,3,0,0.10038668673009044
moments+map,amp_noise,2,4,0,0.03363706973613878
moments+map,amp_noise,2,5,0,0.0140233312688548
moments+map,amp_noise,2,6,0,0.0003210300707915392
moments+map,amp_noise,2,7,0,0.006452859677023692
moments+map,amp_noise,2,8,0,0.05005887306833767
moments+map,amp_noise,2,9,1,0.0012224539351590735
moments+map,amp_noise,2,10,0,0.06514047976244142
moments+map,amp_noise,2,11,0,0.07447300834975334
moments+map,amp_noise,3,0,1,0.18068048818363258
moments+map,amp_noise,3,1,1,0.08439428840843455
moments+map,amp_noise,3,2,1,0.11054035503633164
moments+map,amp_noise,3,3,1,0.09417813441746181
moments+map,amp_noise,3,4,1,0.1129163759200369
moments+map,amp_noise,3,5,1,0.1383738630649436
moments+map,amp_noise,3,6,1,0.1802985041343248
moments+map,amp_noise,3,7,0,0.017688902535233475
moments+map,amp_noise,3,8,1,0.26344351860455073
moments+map,amp_noise,3,9,1,0.15103619535814983
moments+map,amp_noise,3,10,1,0.0596137312630024
moments+map,amp_noise,3,11,1,0.17966316485216116
moments+map,amp_noise,4,0,1,0.06646670107881758
moments+map,amp_noise,4,1,1,0.08330973556879973
moments+map,amp_noise,4,2,1,0.1397178876609061
moments+map,amp_noise,4,3,1,0.01903961009940547
moments+map,amp_noise,4,4,1,0.09787469966966844
moments+map,amp_noise,4,5,1,0.020729946235846564
moments+map,amp_noise,4,6,1,0.000997406462561523
moments+map,amp_noise,4,7,0,0.0011344925654901417
moments+map,amp_noise,4,8,1,0.0764561451669925
moments+map,amp_noise,4,9,0,0.09366217157459777
moments+map,amp_noise,4,10,1,0.05318888401066246
moments+map,amp_noise,4,11,0,0.060223309536857395
moments+map,amp_noise,5,0,1,0.05451439114280532
moments+map,amp_noise,5,1,1,0.08573191567486715
moments+map,amp_noise,5,2,1,0.050473540152355056
moments+map,amp_noise,5,3,0,5.66757054701883e-05
moments+map,amp_noise,5,4,0,0.031887089467510066
moments+map,amp_noise,5,5,1,0.06970823123388481
moments+map,amp_noise,5,6,0,0.033671019417955694
moments+map,amp_noise,5,7,0,0.0015841285066573452
moments+map,amp_noise,5,8,0,0.0284097460509094
moments+map,amp_noise,5,9,1,0.026319214768674604
moments+map,amp_noise,5,10,0,0.018507057647842218
moments+map,amp_noise,5,11,1,0.05801222351431923
moments+map,amp_noise,6,0,0,0.010818066044120833
moments+map,amp_noise,6,1,0,0.0062069062479954695
moments+map,amp_noise,6,2,1,0.1115419134680602
moments+map,amp_noise,6,3,1,0.07301218821747157
moments+map,amp_noise,6,4,0,0.029009889013200785
moments+map,amp_noise,6,5,0,0.011311571418169075
moments+map,amp_noise,6,6,1,0.06812148202374269
moments+map,amp_noise,6,7,0,0.017019886731557632
moments+map,amp_noise,6,8,1,0.1019471454323222
moments+map,amp_noise,6,9,0,0.013767393783316706
moments+map,amp_noise,6,10,1,0.12663148628777277
moments+map,amp_noise,6,11,0,0.0013744061527229956
moments+map,amp_noise,7,0,1,0.07449161737540233
moments+map,amp_noise,7,1,0,0.014005163079530925
moments+map,amp_noise,7,2,1,0.11281163801979543
moments+map,amp_noise,7,3,0,0.0719854052938782
moments+map,amp_noise,7,4,0,0.0011472976547219904
moments+map,amp_noise,7,5,1,0.031185488086601598
moments+map,amp_noise,7,6,1,0.018404847319305695
moments+map,amp_noise,7,7,1,0.0955336374210356
moments+map,amp_noise,7,8,0,0.004864626844580888
moments+map,amp_noise,7,9,1,0.08992776634253619
moments+map,amp_noise,7,10,1,0.0507840400329157
moments+map,amp_noise,7,11,0,0.011250401066860927
moments+map,amp_noise,8,0,0,0.049075521919127674
moments+map,amp_noise,8,1,0,0.0006816871713627437
moments+map,amp_noise,8,2,0,0.002091150465850511
moments+map,amp_noise,8,3,1,0.0003609514456647256
moments+map,amp_noise,8,4,0,0.050286410892614986
moments+map,amp_noise,8,5,0,0.00988991167615727
moments+map,amp_noise,8,6,0,0.0004633062029031354
moments+map,amp_noise,8,7,0,0.03366089890168089
moments+map,amp_noise,8,8,0,0.04660567809404881
moments+map,amp_noise,8,9,0,0.0435678550443348
moments+map,amp_noise,8,10,0,0.006518517057138018
moments+map,amp_noise,8,11,0,0.005208306555443576
moments+map,amp_noise,9,0,0,0.02464573856196761
moments+map,amp_noise,9,1,0,0.0027398168772089226
moments+map,amp_noise,9,2,1,0.09405546361727057
moments+map,amp_noise,9,3,1,0.07511952530603472
moments+map,amp_noise,9,4,1,0.031181722105947496
moments+map,amp_noise,9,5,0,0.027344946554106464
moments+map,amp_noise,9,6,0,0.0068227479911463496
moments+map,amp_noise,9,7,1,0.04395279242977135
moments+map,amp_noise,9,8,1,0.06568353261869697
moments+map,amp_noise,9,9,0,0.029495432503175656
moments+map,amp_noise,9,10,1,0.020786055185195496
moments+map,amp_noise,9,11,1,0.019159243237787282
moments+map,amp_noise,10,0,0,0.05253374961842017
moments+map,amp_noise,10,1,1,0.027146799331090543
moments+map,amp_noise,10,2,0,0.02723646261906021
moments+map,amp_noise,10,3,0,0.01797868413711745
moments+map,amp_noise,10,4,1,0.0674753555977693
moments+map,amp_noise,10,5,1,0.08041265755379001
moments+map,amp_noise,10,6,0,0.013038467502612505
moments+map,amp_noise,10,7,1,0.0028675214106950175
moments+map,amp_noise,10,8,1,0.022479068695584026
moments+map,amp_noise,10,9,1,0.003126791442917387
moments+map,amp_noise,10,10,0,0.002108550106455609
moments+map,amp_noise,10,11,1,0.05370696717966528
moments+map,amp_noise,11,0,0,0.011313234504953806
moments+map,amp_noise,11,1,0,0.014996330281858317
moments+map,amp_noise,11,2,1,0.042091212747309315
moments+map,amp_noise,11,3,1,0.05425507209884961
moments+map,amp_noise,11,4,0,0.01544643028843018
moments+map,amp_noise,11,5,1,0.006629001215750607
moments+map,amp_noise,11,6,0,0.03184897998437641
moments+map,amp_noise,11,7,1,0.015492884442808386
moments+map,amp_noise,11,8,0,0.013890546253504943
moments+map,amp_noise,11,9,0,0.030066186673091577
moments+map,amp_noise,11,10,0,0.010844808687553442
moments+map,amp_noise,11,11,0,0.06271968730669042
moments+map,amp_noise,12,0,0,0.04069662126714313
moments+map,amp_noise,12,1,0,0.025546920425643105
moments+map,amp_noise,12,2,0,0.02347138395040249
moments+map,amp_noise,12,3,1,0.03246596223773657
moments+map,amp_noise,12,4,0,0.04421285820545684
moments+map,amp_noise,12,5,0,0.006974344488585471
moments+map,amp_noise,12,6,1,0.020827127720486338
moments+map,amp_noise,12,7,1,0.011530768080236786
moments+map,amp_noise,12,8,1,0.00923853864684121
moments+map,amp_noise,12,9,0,0.03537826456058779
moments+map,amp_noise,12,10,0,0.02670198252425815
moments+map,amp_noise,12,11,1,0.022434130417628317
moments+map,amp_noise,13,0,1,0.019123822700703785
moments+map,amp_noise,13,1,1,0.022573508916318374
moments+map,amp_noise,13,2,0,0.014121992206828304
moments+map,amp_noise,13,3,0,0.06811817330200076
moments+map,amp_noise,13,4,0,0.04264321909750568
moments+map,amp_noise,13,5,1,0.014527561983603388
moments+map,amp_noise,13,6,1,0.02170534932016377
moments+map,amp_noise,13,7,0,0.09688406762215118
moments+map,amp_noise,13,8,1,0.017920587076265093
moments+map,amp_noise,13,9,0,0.01746446537434665
moments+map,amp_noise,13,10,0,0.0006339463220346175
moments+map,amp_noise,13,11,0,0.07129211208117936
moments+map,amp_noise,14,0,0,0.0006123499071761795
moments+map,amp_noise,14,1,0,0.004571914878769623
moments+map,amp_noise,14,2,0,0.01933042202642099
moments+map,amp_noise,14,3,0,0.0010055278844747217
moments+map,amp_noise,14,4,0,0.008155818183100405
moments+map,amp_noise,14,5,0,0.013052116719298845
moments+map,amp_noise,14,6,0,0.012015757145966255
moments+map,amp_noise,14,7,0,0.04260663246357144
moments+map,amp_noise,14,8,0,0.01083021341757684
moments+map,amp_noise,14,9,0,0.0002989237769525088
moments+map,amp_noise,14,10,0,0.0023189822920755
moments+map,amp_noise,14,11,0,0.1036406768891549
moments+map,amp_noise,15,0,0,0.0009182192800732958
moments+map,amp_noise,15,1,0,0.0237898867666696
moments+map,amp_noise,15,2,1,0.018314872060570142
moments+map,amp_noise,15,3,0,0.09599574911383701
moments+map,amp_noise,15,4,0,0.006937382849080298
moments+map,amp_noise,15,5,0,0.026778121908785146
moments+map,amp_noise,15,6,0,0.00679313883028787
moments+map,amp_noise,15,7,1,0.0078026506074312385
moments+map,amp_noise,15,8,0,0.03755732206001139
moments+map,amp_noise,15,9,1,0.023390186290172865
moments+map,amp_noise,15,10,0,0.007168077750018154
moments+map,amp_noise,15,11,1,0.0038618367607379245
moments+map,amp_noise,16,0,0,0.019251127030025295
moments+map,amp_noise,16,1,0,0.04955692035974757
moments+map,amp_noise,16,2,1,0.002503328962728313
moments+map,amp_noise,16,3,1,0.022391196389515255
moments+map,amp_noise,16,4,0,0.01963619583298315
moments+map,amp_noise,16,5,1,0.005890679917474495
moments+map,amp_noise,16,6,1,0.0294027569886971
moments+map,amp_noise,16,7,1,0.026309521604472197
moments+map,amp_noise,16,8,0,0.028174976425806908
moments+map,amp_noise,16,9,0,0.03205788521604502
moments+map,amp_noise,16,10,1,0.012027957818718904
moments+map,amp_noise,16,11,0,0.01734129573178622
moments+map,amp_noise,17,0,0,0.028738656721752798
moments+map,amp_noise,17,1,0,0.02239839513105335
moments+map,amp_noise,17,2,0,0.005146770354677588
moments+map,amp_noise,17,3,0,0.030717020705885778
moments+map,amp_noise,17,4,0,0.0254785473104836
moments+map,amp_noise,17,5,0,0.0067693750902872996
moments+map,amp_noise,17,6,0,0.010277402192884644
moments+map,amp_noise,17,7,0,0.00834898201960943
moments+map,amp_noise,17,8,0,0.0004692423805346957
moments+map,amp_noise,17,9,0,0.012936949975398404
moments+map,amp_noise,17,10,0,0.047132403344917195
moments+map,amp_noise,17,11,1,0.007284738319439432
moments+map,amp_noise,18,0,1,0.026353536253953425
moments+map,amp_noise,18,1,0,0.028162481528439143
moments+map,amp_noise,18,2,1,0.004371618156445267
moments+map,amp_noise,18,3,0,0.01018221760325122
moments+map,amp_noise,18,4,0,0.034851262552721196
moments+map,amp_noise,18,5,1,0.02098109256628944
moments+map,amp_noise,18,6,0,0.026087998134455614
moments+map,amp_noise,18,7,0,0.01833711530429194
moments+map,amp_noise,18,8,1,0.04420781168158916
moments+map,amp_noise,18,9,1,0.01423199604023817
moments+map,amp_noise,18,10,1,0.019821631994691447
moments+map,amp_noise,18,11,0,0.033672275037182176
moments+map,amp_noise,19,0,0,0.012130924653053876
moments+map,amp_noise,19,1,0,0.003159902264723069
moments+map,amp_noise,19,2,1,0.04487335943916437
moments+map,amp_noise,19,3,0,0.027312874901128437
moments+map,amp_noise,19,4,1,0.012758580113865436
moments+map,amp_noise,19,5,1,0.043447099701818814
moments+map,amp_noise,19,6,1,0.05437788247607722
moments+map,amp_noise,19,7,0,0.025441618482360484
moments+map,amp_noise,19,8,1,0.01138895552683783
moments+map,amp_noise,19,9,1,0.015683011808779068
moments+map,amp_noise,19,10,0,0.03369073955930574
moments+map,amp_noise,19,11,0,0.025913754802117217
moments+map,amp_noise,20,0,1,0.018524845631343934
moments+map,amp_noise,20,1,0,0.0017656008802864331
moments+map,amp_noise,20,2,1,0.0016787478458115679
moments+map,amp_noise,20,3,0,0.03310677844326215
moments+map,amp_noise,20,4,0,0.030645910220609363
moments+map,amp_noise,20,5,0,0.012350132254591362
moments+map,amp_noise,20,6,0,0.0005472158691453011
moments+map,amp_noise,20,7,0,0.014436399330841398
moments+map,amp_noise,20,8,0,0.01752975546553115
moments+map,amp_noise,20,9,0,0.025924437412860435
moments+map,amp_noise,20,10,0,0.03852794126685244
moments+map,amp_noise,20,11,1,0.008279664106737084
moments+map,amp_noise,21,0,1,0.005241925933471947
moments+map,amp_noise,21,1,1,0.016919944238719342
moments+map,amp_noise,21,2,1,0.008009267926687436
moments+map,amp_noise,21,3,1,0.005582349205823456
moments+map,amp_noise,21,4,1,0.02720066783500874
moments+map,amp_noise,21,5,1,0.024889232734321087
moments+map,amp_noise,21,6,1,0.019870942895615862
moments+map,amp_noise,21,7,1,0.04478791159092699
moments+map,amp_noise,21,8,1,0.04856126980658626
moments+map,amp_noise,21,9,0,0.01646198025343404
moments+map,amp_noise,21,10,1,0.047600098574003935
moments+map,amp_noise,21,11,1,0.002367560910051192
moments+map,amp_noise,22,0,1,0.017087514469937504
moments+map,amp_noise,22,1,0,0.021466646884422458
moments+map,amp_noise,22,2,1,0.048954707361466454
moments+map,amp_noise,22,3,0,0.013565615937276565
moments+map,amp_noise,22,4,1,0.014729262571391288
moments+map,amp_noise,22,5,0,0.07721410072642665
moments+map,amp_noise,22,6,0,0.011691029136287168
moments+map,amp_noise,22,7,0,0.013508863275964234
moments+map,amp_noise,22,8,0,0.014377411460416156
moments+map,amp_noise,22,9,1,0.011736454488040726
moments+map,amp_noise,22,10,0,0.007271307343407862
moments+map,amp_noise,22,11,0,0.0028643829782739605
moments+map,amp_noise,23,0,0,0.009217570796622332
moments+map,amp_noise,23,1,0,0.0013978870801205634
moments+map,amp_noise,23,2,1,0.019274492150875178
moments+map,amp_noise,23,3,0,0.015973618673754242
moments+map,amp_noise,23,4,1,0.005312037553095061
moments+map,amp_noise,23,5,0,0.1021248640023289
moments+map,amp_noise,23,6,1,0.0052859090105857875
moments+map,amp_noise,23,7,1,0.006261989772692322
moments+map,amp_noise,23,8,0,0.012667538784605137
moments+map,amp_noise,23,9,0,0.03854942288338725
moments+map,amp_noise,23,10,1,0.020421182373901337
moments+map,amp_noise,23,11,0,0.024425491584593284
moments+map,mixed,0,0,1,0.36625905525063207
moments+map,mixed,0,1,0,0.07559378722139792
moments+map,mixed,0,2,1,0.22825914593817775
moments+map,mixed,0,3,1,0.2678813746826725
moments+map,mixed,0,4,1,0.18246850734911113
moments+map,mixed,0,5,1,0.21374051141994033
moments+map,mixed,0,6,1,0.10517636131222702
moments+map,mixed,0,7,1,0.21727011177771305
moments+map,mixed,0,8,0,0.03524443042357639
moments+map,mixed,0,9,1,0.20737303434998988
moments+map,mixed,0,10,1,0.1132837705734725
moments+map,mixed,0,11,1,0.07738187127133467
moments+map,mixed,1,0,1,0.021099963751265882
moments+map,mixed,1,1,1,0.15260389514927608
moments+map,mixed,1,2,1,0.11634153523105717
moments+map,mixed,1,3,1,0.13665726002540857
moments+map,mixed,1,4,1,0.133152315986646
moments+map,mixed,1,5,1,0.1066710662771907
moments+map,mixed,1,6,1,0.18745731236428642
moments+map,mixed,1,7,1,0.21957425332310376
moments+map,mixed,1,8,0,0.06549972800670512
moments+map,mixed,1,9,1,0.1673911227417637
moments+map,mixed,1,10,1,0.1735282796854385
moments+map,mixed,1,11,1,0.15655486173753386
moments+map,mixed,2,0,0,0.0251814186968341
moments+map,mixed,2,1,0,0.01881163393706642
moments+map,mixed,2,2,1,0.0021810072530271674
moments+map,mixed,2,3,0,0.05516408864538491
moments+map,mixed,2,4,0,0.00040844001039574973
moments+map,mixed,2,5,1,0.0011707160494476287
moments+map,mixed,2,6,0,0.0010835482852848966
moments+map,mixed,2,7,1,0.0008265309746451344
moments+map,mixed,2,8,0,0.003365142588178771
moments+map,mixed,2,9,1,0.0012137091854435011
moments+map,mixed,2,10,1,0.0027219802038286334
moments+map,mixed,2,11,1,0.0008423605960922176
moments+map,mixed,3,0,1,0.21242152784537505
moments+map,mixed,3,1,1,0.1197249637108978
moments+map,mixed,3,2,1,0.15286912903543104
moments+map,mixed,3,3,1,0.13782416683116772
moments+map,mixed,3,4,1,0.1606483599430274
moments+map,mixed,3,5,1,0.17039177503043246
moments+map,mixed,3,6,1,0.21605043668506774
moments+map,mixed,3,7,1,0.08349328117668242
moments+map,mixed,3,8,1,0.2945063205231816
moments+map,mixed,3,9,1,0.1808103747103954
moments+map,mixed,3,10,1,0.10562943341220321
moments+map,mixed,3,11,1,0.2153381690219206
moments+map,mixed,4,0,1,0.1350408671323411
moments+map,mixed,4,1,1,0.12253989749158856
moments+map,mixed,4,2,1,0.17422745281512098
moments+map,mixed,4,3,1,0.10886047161386725
moments+map,mixed,4,4,1,0.15294407883056038
moments+map,mixed,4,5,1,0.06419180632718025
moments+map,mixed,4,6,1,0.037935908402003116
moments+map,mixed,4,7,0,0.013538600713449478
moments+map,mixed,4,8,1,0.12263875448569828
moments+map,mixed,4,9,0,0.049643649019767255
moments+map,mixed,4,10,1,0.09478806238956261
moments+map,mixed,4,11,0,0.0223588552883226
moments+map,mixed,5,0,1,0.09081070585440154
moments+map,mixed,5,1,1,0.10941771571758352
moments+map,mixed,5,2,1,0.10687787817143968
moments+map,mixed,5,3,1,0.05885204686663975
moments+map,mixed,5,4,1,0.04814904079150861
moments+map,mixed,5,5,1,0.09665058360750656
moments+map,mixed,5,6,1,0.07373725670630626
moments+map,mixed,5,7,1,0.005018626458063724
moments+map,mixed,5,8,0,0.001296119717338784
moments+map,mixed,5,9,1,0.07133057305035995
moments+map,mixed,5,10,1,0.02415567030870669
moments+map,mixed,5,11,1,0.09168763587113926
moments+map,mixed,6,0,0,0.04128793989525237
moments+map,mixed,6,1,1,0.052174195297468695
moments+map,mixed,6,2,1,0.1581094205599075
moments+map,mixed,6,3,1,0.1516839179896573
moments+map,mixed,6,4,0,0.011789210790299598
moments+map,mixed,6,5,1,0.022936872692163268
moments+map,mixed,6,6,1,0.12616489424686383
moments+map,mixed,6,7,0,0.017027669947897395
moments+map,mixed,6,8,1,0.18955665280426864
moments+map,mixed,6,9,1,0.03391646209131971
moments+map,mixed,6,10,1,0.17292367670580722
moments+map,mixed,6,11,0,0.0005856490020378358
moments+map,mixed,7,0,1,0.1247229935016142
moments+map,mixed,7,1,1,0.03120284603513579
moments+map,mixed,7,2,1,0.15257084327879167
moments+map,mixed,7,3,0,0.023997565626698636
moments+map,mixed,7,4,1,0.03836036773303375
moments+map,mixed,7,5,1,0.08795894006718286
moments+map,mixed,7,6,1,0.07093471516306737
moments+map,mixed,7,7,1,0.136884474888192
moments+map,mixed,7,8,1,0.03789001314809992
moments+map,mixed,7,9,1,0.13529777220453387
moments+map,mixed,7,10,1,0.10235559926131754
moments+map,mixed,7,11,1,0.0387923560386787
moments+map,mixed,8,0,0,0.026727271246204554
moments+map,mixed,8,1,0,0.0007190014931783839
moments+map,mixed,8,2,0,0.002026079610035092
moments+map,mixed,8,3,1,0.00048603225327337185
moments+map,mixed,8,4,1,0.0008123485202502501
moments+map,mixed,8,5,1,0.000761620483016312
moments+map,mixed,8,6,0,0.00047420277306342573
moments+map,mixed,8,7,0,0.024636821362826522
moments+map,mixed,8,8,0,0.05268777941117481
moments+map,mixed,8,9,0,0.000157278280813411
moments+map,mixed,8,10,0,0.04749778417098416
moments+map,mixed,8,11,0,0.000314810000126009
moments+map,mixed,9,0,1,0.038756715272850295
moments+map,mixed,9,1,1,0.0296963374428012
moments+map,mixed,9,2,1,0.15783881961901663
moments+map,mixed,9,3,1,0.10485314287139214
moments+map,mixed,9,4,1,0.07803114341638073
moments+map,mixed,9,5,0,0.010891403705089342
moments+map,mixed,9,6,0,0.02437724607572045
moments+map,mixed,9,7,1,0.07554770174763648
moments+map,mixed,9,8,1,0.11595102284286041
moments+map,mixed,9,9,0,0.030566091494658165
moments+map,mixed,9,10,1,0.07053739107822132
moments+map,mixed,9,11,1,0.08968611207866029
moments+map,mixed,10,0,0,0.01042313886467694
moments+map,mixed,10,1,1,0.05620191518854911
moments+map,mixed,10,2,0,0.018670737625078426
moments+map,mixed,10,3,1,0.020002613181299034
moments+map,mixed,10,4,1,0.10882110204596118
moments+map,mixed,10,5,1,0.11695291368635008
moments+map,mixed,10,6,1,0.0009097573096623623
moments+map,mixed,10,7,1,0.04488646036729771
moments+map,mixed,10,8,1,0.06797565535520522
moments+map,mixed,10,9,1,0.06105127815809719
moments+map,mixed,10,10,0,0.013906424882248358
moments+map,mixed,10,11,1,0.0948302110084438
moments+map,mixed,11,0,0,0.019923484663726176
moments+map,mixed,11,1,0,0.009960956561657297
moments+map,mixed,11,2,1,0.06420271031631453
moments+map,mixed,11,3,1,0.07873677477645746
moments+map,mixed,11,4,1,0.009590872355428215
moments+map,mixed,11,5,1,0.026795966559237994
moments+map,mixed,11,6,1,0.000676134013844587
moments+map,mixed,11,7,1,0.03553620576609884
moments+map,mixed,11,8,0,0.025345750288000735
moments+map,mixed,11,9,0,0.033928648374351944
moments+map,mixed,11,10,1,0.0017527613705689005
moments+map,mixed,11,11,0,4.037683559243721e-05
moments+map,mixed,12,0,0,0.03690991142582156
moments+map,mixed,12,1,0,0.020726191763851487
moments+map,mixed,12,2,0,0.01916948499326665
moments+map,mixed,12,3,1,0.0399558255713629
moments+map,mixed,12,4,0,0.03950553925919742
moments+map,mixed,12,5,0,0.0020836325002736578
moments+map,mixed,12,6,1,0.039637043944740435
moments+map,mixed,12,7,1,0.01738437684883609
moments+map,mixed,12,8,1,0.0535439571679982
moments+map,mixed,12,9,1,0.024469011240009553
moments+map,mixed,12,10,1,0.03398033870924866
moments+map,mixed,12,11,1,0.025663795194828642
moments+map,mixed,13,0,1,0.02258488289266347
moments+map,mixed,13,1,1,0.0280379540205134
moments+map,mixed,13,2,1,0.008430857445288154
moments+map,mixed,13,3,0,0.06158177143283028
moments+map,mixed,13,4,0,0.03947748231938464
moments+map,mixed,13,5,1,0.01815635213348865
moments+map,mixed,13,6,1,0.024932440246169363
moments+map,mixed,13,7,0,0.12005960515349723
moments+map,mixed,13,8,1,0.021031413597987325
moments+map,mixed,13,9,0,0.013609527307235858
moments+map,mixed,13,10,1,0.020832511552266397
moments+map,mixed,13,11,0,0.06827834472963434
moments+map,mixed,14,0,0,0.000520171295870453
moments+map,mixed,14,1,0,0.01943345171328692
moments+map,mixed,14,2,0,0.0021797824363984364
moments+map,mixed,14,3,0,0.001025133450561655
moments+map,mixed,14,4,0,0.01722312453924857
moments+map,mixed,14,5,0,0.01244421390123751
moments+map,mixed,14,6,0,0.0014057160668188295
moments+map,mixed,14,7,0,0.008192103566201592
moments+map,mixed,14,8,0,0.021152846922827595
moments+map,mixed,14,9,0,0.00020206725510241164
moments+map,mixed,14,10,0,0.002431561352936207
moments+map,mixed,14,11,0,0.15525884634440879
moments+map,mixed,15,0,1,0.0008265358630465958
moments+map,mixed,15,1,0,0.017450738826915668
moments+map,mixed,15,2,1,0.023535035079944144
moments+map,mixed,15,3,0,0.08912863690683548
moments+map,mixed,15,4,0,0.0031098570582122065
moments+map,mixed,15,5,0,0.021816783650829286
moments+map,mixed,15,6,0,0.003143628587266023
moments+map,mixed,15,7,1,0.061360779477681926
moments+map,mixed,15,8,0,0.03300580496912964
moments+map,mixed,15,9,1,0.028116487435275728
moments+map,mixed,15,10,0,0.002957004857966683
moments+map,mixed,15,11,1,0.00792329700672123
moments+map,mixed,16,0,0,0.015620887309073406
moments+map,mixed,16,1,0,0.05423054774747371
moments+map,mixed,16,2,1,0.028536749810742945
moments+map,mixed,16,3,1,0.053082686812262414
moments+map,mixed,16,4,0,0.035700434259199776
moments+map,mixed,16,5,1,0.008966905835112504
moments+map,mixed,16,6,1,0.032618950153187054
moments+map,mixed,16,7,1,0.029246975026565925
moments+map,mixed,16,8,1,0.029435110266501474
moments+map,mixed,16,9,0,0.03088813291640924
moments+map,mixed,16,10,1,0.015123479624819969
moments+map,mixed,16,11,0,0.014448698530936332
moments+map,mixed,17,0,0,0.03847505233539816
moments+map,mixed,17,1,0,0.048960315576062396
moments+map,mixed,17,2,0,0.006295786509611712
moments+map,mixed,17,3,0,0.029657085469822153
moments+map,mixed,17,4,1,0.011768471516666157
moments+map,mixed,17,5,1,0.021096179461525533
moments+map,mixed,17,6,0,0.024371877507045392
moments+map,mixed,17,7,0,0.0068464670833569
moments+map,mixed,17,8,0,0.000508172085326053
moments+map,mixed,17,9,1,0.01322530807030231
moments+map,mixed,17,10,0,0.10419411309290044
moments+map,mixed,17,11,1,0.008942459959991877
moments+map,mixed,18,0,1,0.031018516911637484
moments+map,mixed,18,1,0,0.022605463415411087
moments+map,mixed,18,2,1,0.007501292764093503
moments+map,mixed,18,3,0,0.015698028705619316
moments+map,mixed,18,4,0,0.03079982631041933
moments+map,mixed,18,5,1,0.027000470974561375
moments+map,mixed,18,6,0,0.020265254567619573
moments+map,mixed,18,7,0,0.014248435447545504
moments+map,mixed,18,8,1,0.04777251332281951
moments+map,mixed,18,9,1,0.018264237522323423
moments+map,mixed,18,10,1,0.02461096494523196
moments+map,mixed,18,11,0,0.030692824267244845
moments+map,mixed,19,0,1,0.006226754290429404
moments+map,mixed,19,1,1,0.0026839459846352276
moments+map,mixed,19,2,1,0.049680078237074765
moments+map,mixed,19,3,0,0.02307170269679093
moments+map,mixed,19,4,1,0.017106366799730988
moments+map,mixed,19,5,1,0.04585160775686936
moments+map,mixed,19,6,1,0.0560395097065014
moments+map,mixed,19,7,0,0.019487526004721645
moments+map,mixed,19,8,1,0.016969604507861002
moments+map,mixed,19,9,1,0.020965173376316815
moments+map,mixed,19,10,0,0.026236171657206098
moments+map,mixed,19,11,1,0.07308113579215958
moments+map,mixed,20,0,1,0.02023533339669581
moments+map,mixed,20,1,0,0.0018583875321316334
moments+map,mixed,20,2,1,0.0036800805675971104
moments+map,mixed,20,3,0,0.015460778686036902
moments+map,mixed,20,4,0,0.015198858631987777
moments+map,mixed,20,5,0,0.02176693754487591
moments+map,mixed,20,6,0,0.00041441717944845635
moments+map,mixed,20,7,0,0.030798188172656227
moments+map,mixed,20,8,0,0.03742224451974757
moments+map,mixed,20,9,0,0.01661228799223713
moments+map,mixed,20,10,0,0.00021812502427798197
moments+map,mixed,20,11,1,0.01304222209783834
moments+map,mixed,21,0,1,0.020879023756533277
moments+map,mixed,21,1,1,0.020361257368667562
moments+map,mixed,21,2,1,0.011901323023849386
moments+map,mixed,21,3,1,0.011369213540009027
moments+map,mixed,21,4,1,0.030506704262609374
moments+map,mixed,21,5,1,0.030732207128592592
moments+map,mixed,21,6,1,0.023053563838603575
moments+map,mixed,21,7,1,0.05057434417351803
moments+map,mixed,21,8,1,0.05205847562205812
moments+map,mixed,21,9,0,0.011960558206533745
moments+map,mixed,21,10,1,0.05185138700234726
moments+map,mixed,21,11,1,0.006125974279309054
moments+map,mixed,22,0,1,0.020578498658496702
moments+map,mixed,22,1,0,0.018974811762453414
moments+map,mixed,22,2,1,0.051554981513705966
moments+map,mixed,22,3,0,0.011334174122445417
moments+map,mixed,22,4,1,0.01746409328149723
moments+map,mixed,22,5,0,0.02445550990526335
moments+map,mixed,22,6,0,0.002312653177893864
moments+map,mixed,22,7,0,0.00875852682584699
moments+map,mixed,22,8,0,0.014778204075225565
moments+map,mixed,22,9,1,0.014397070194667294
moments+map,mixed,22,10,1,0.00928730940646505
moments+map,mixed,22,11,0,0.0010362556642730114
moments+map,mixed,23,0,0,0.0058749535634674555
moments+map,mixed,23,1,0,0.007545694916594292
moments+map,mixed,23,2,1,0.021613906302464514
moments+map,mixed,23,3,0,0.011885753732068127
moments+map,mixed,23,4,1,0.008135759080030058
moments+map,mixed,23,5,0,0.05081328795658113
moments+map,mixed,23,6,1,0.006820471968354225
moments+map,mixed,23,7,1,0.008212582062886553
moments+map,mixed,23,8,0,0.0019388189429456748
moments+map,mixed,23,9,0,0.005268961048920384
moments+map,mixed,23,10,1,0.022377698841868687
moments+map,mixed,23,11,0,0.016397105191615635
all_28,phase_wipe,0,0,1,0.4635293595157448
all_28,phase_wipe,0,1,1,0.4635293595157448
all_28,phase_wipe,0,2,1,0.4635293595157448
all_28,phase_wipe,0,3,1,0.4635293595157448
all_28,phase_wipe,0,4,1,0.4635293595157448
all_28,phase_wipe,0,5,1,0.4635293595157448
all_28,phase_wipe,0,6,1,0.4635293595157448
all_28,phase_wipe,0,7,1,0.4635293595157448
all_28,phase_wipe,0,8,1,0.4635293595157448
all_28,phase_wipe,0,9,1,0.4635293595157448
all_28,phase_wipe,0,10,1,0.4635293595157448
all_28,phase_wipe,0,11,1,0.4635293595157448
all_28,phase_wipe,1,0,1,0.47283143320354887
all_28,phase_wipe,1,1,1,0.47283143320354887
all_28,phase_wipe,1,2,1,0.47283143320354887
all_28,phase_wipe,1,3,1,0.47283143320354887
all_28,phase_wipe,1,4,1,0.47283143320354887
all_28,phase_wipe,1,5,1,0.47283143320354887
all_28,phase_wipe,1,6,1,0.47283143320354887
all_28,phase_wipe,1,7,1,0.47283143320354887
all_28,phase_wipe,1,8,1,0.47283143320354887
all_28,phase_wipe,1,9,1,0.47283143320354887
all_28,phase_wipe,1,10,1,0.47283143320354887
all_28,phase_wipe,1,11,1,0.47283143320354887
all_28,phase_wipe,2,0,1,0.19243684417728174
all_28,phase_wipe,2,1,1,0.19243684417728174
all_28,phase_wipe,2,2,1,0.19243684417728174
all_28,phase_wipe,2,3,1,0.19243684417728174
all_28,phase_wipe,2,4,1,0.19243684417728174
all_28,phase_wipe,2,5,1,0.19243684417728174
all_28,phase_wipe,2,6,1,0.19243684417728174
all_28,phase_wipe,2,7,1,0.19243684417728174
all_28,phase_wipe,2,8,1,0.19243684417728174
all_28,phase_wipe,2,9,1,0.19243684417728174
all_28,phase_wipe,2,10,1,0.19243684417728174
all_28,phase_wipe,2,11,1,0.19243684417728174
all_28,phase_wipe,3,0,1,0.44788274430076314
all_28,phase_wipe,3,1,1,0.44788274430076314
all_28,phase_wipe,3,2,1,0.44788274430076314
all_28,phase_wipe,3,3,1,0.44788274430076314
all_28,phase_wipe,3,4,1,0.44788274430076314
all_28,phase_wipe,3,5,1,0.44788274430076314
all_28,phase_wipe,3,6,1,0.44788274430076314
all_28,phase_wipe,3,7,1,0.44788274430076314
all_28,phase_wipe,3,8,1,0.44788274430076314
all_28,phase_wipe,3,9,1,0.44788274430076314
all_28,phase_wipe,3,10,1,0.44788274430076314
all_28,phase_wipe,3,11,1,0.44788274430076314
all_28,phase_wipe,4,0,1,0.45603353405692376
all_28,phase_wipe,4,1,1,0.45603353405692376
all_28,phase_wipe,4,2,1,0.45603353405692376
all_28,phase_wipe,4,3,1,0.45603353405692376
all_28,phase_wipe,4,4,1,0.45603353405692376
all_28,phase_wipe,4,5,1,0.45603353405692376
all_28,phase_wipe,4,6,1,0.45603353405692376
all_28,phase_wipe,4,7,1,0.45603353405692376
all_28,phase_wipe,4,8,1,0.45603353405692376
all_28,phase_wipe,4,9,1,0.45603353405692376
all_28,phase_wipe,4,10,1,0.45603353405692376
all_28,phase_wipe,4,11,1,0.45603353405692376
all_28,phase_wipe,5,0,1,0.36482361020507453
all_28,phase_wipe,5,1,1,0.36482361020507453
all_28,phase_wipe,5,2,1,0.36482361020507453
all_28,phase_wipe,5,3,1,0.36482361020507453
all_28,phase_wipe,5,4,1,0.36482361020507453
all_28,phase_wipe,5,5,1,0.36482361020507453
all_28,phase_wipe,5,6,1,0.36482361020507453
all_28,phase_wipe,5,7,1,0.36482361020507453
all_28,phase_wipe,5,8,1,0.36482361020507453
all_28,phase_wipe,5,9,1,0.36482361020507453
all_28,phase_wipe,5,10,1,0.36482361020507453
all_28,phase_wipe,5,11,1,0.36482361020507453
all_28,phase_wipe,6,0,1,0.4635293595157448
all_28,phase_wipe,6,1,1,0.4635293595157448
all_28,phase_wipe,6,2,1,0.4635293595157448
all_28,phase_wipe,6,3,1,0.4635293595157448
all_28,phase_wipe,6,4,1,0.4635293595157448
all_28,phase_wipe,6,5,1,0.4635293595157448
all_28,phase_wipe,6,6,1,0.4635293595157448
all_28,phase_wipe,6,7,1,0.4635293595157448
all_28,phase_wipe,6,8,1,0.4635293595157448
all_28,phase_wipe,6,9,1,0.4635293595157448
all_28,phase_wipe,6,10,1,0.4635293595157448
all_28,phase_wipe,6,11,1,0.4635293595157448
all_28,phase_wipe,7,0,1,0.45953332198623814
all_28,phase_wipe,7,1,1,0.45953332198623814
all_28,phase_wipe,7,2,1,0.45953332198623814
all_28,phase_wipe,7,3,1,0.45953332198623814
all_28,phase_wipe,7,4,1,0.45953332198623814
all_28,phase_wipe,7,5,1,0.45953332198623814
all_28,phase_wipe,7,6,1,0.45953332198623814
all_28,phase_wipe,7,7,1,0.45953332198623814
all_28,phase_wipe,7,8,1,0.45953332198623814
all_28,phase_wipe,7,9,1,0.45953332198623814
all_28,phase_wipe,7,10,1,0.45953332198623814
all_28,phase_wipe,7,11,1,0.45953332198623814
all_28,phase_wipe,8,0,1,0.19243684417728174
all_28,phase_wipe,8,1,1,0.19243684417728174
all_28,phase_wipe,8,2,1,0.19243684417728174
all_28,phase_wipe,8,3,1,0.19243684417728174
all_28,phase_wipe,8,4,1,0.19243684417728174
all_28,phase_wipe,8,5,1,0.19243684417728174
all_28,phase_wipe,8,6,1,0.19243684417728174
all_28,phase_wipe,8,7,1,0.19243684417728174
all_28,phase_wipe,8,8,1,0.19243684417728174
all_28,phase_wipe,8,9,1,0.19243684417728174
all_28,phase_wipe,8,10,1,0.19243684417728174
all_28,phase_wipe,8,11,1,0.19243684417728174
all_28,phase_wipe,9,0,1,0.44788274430076314
all_28,phase_wipe,9,1,1,0.44788274430076314
all_28,phase_wipe,9,2,1,0.44788274430076314
all_28,phase_wipe,9,3,1,0.44788274430076314
all_28,phase_wipe,9,4,1,0.44788274430076314
all_28,phase_wipe,9,5,1,0.44788274430076314
all_28,phase_wipe,9,6,1,0.44788274430076314
all_28,phase_wipe,9,7,1,0.44788274430076314
all_28,phase_wipe,9,8,1,0.44788274430076314
all_28,phase_wipe,9,9,1,0.44788274430076314
all_28,phase_wipe,9,10,1,0.44788274430076314
all_28,phase_wipe,9,11,1,0.44788274430076314
all_28,phase_wipe,10,0,1,0.43975312026251673
all_28,phase_wipe,10,1,1,0.43975312026251673
all_28,phase_wipe,10,2,1,0.43975312026251673
all_28,phase_wipe,10,3,1,0.43975312026251673
all_28,phase_wipe,10,4,1,0.43975312026251673
all_28,phase_wipe,10,5,1,0.43975312026251673
all_28,phase_wipe,10,6,1,0.43975312026251673
all_28,phase_wipe,10,7,1,0.43975312026251673
all_28,phase_wipe,10,8,1,0.43975312026251673
all_28,phase_wipe,10,9,1,0.43975312026251673
all_28,phase_wipe,10,10,1,0.43975312026251673
all_28,phase_wipe,10,11,1,0.43975312026251673
all_28,phase_wipe,11,0,1,0.35366687331883845
all_28,phase_wipe,11,1,1,0.35366687331883845
all_28,phase_wipe,11,2,1,0.35366687331883845
all_28,phase_wipe,11,3,1,0.35366687331883845
all_28,phase_wipe,11,4,1,0.35366687331883845
all_28,phase_wipe,11,5,1,0.35366687331883845
all_28,phase_wipe,11,6,1,0.35366687331883845
all_28,phase_wipe,11,7,1,0.35366687331883845
all_28,phase_wipe,11,8,1,0.35366687331883845
all_28,phase_wipe,11,9,1,0.35366687331883845
all_28,phase_wipe,11,10,1,0.35366687331883845
all_28,phase_wipe,11,11,1,0.35366687331883845
all_28,phase_wipe,12,0,1,0.22887411761081758
all_28,phase_wipe,12,1,1,0.22887411761081758
all_28,phase_wipe,12,2,1,0.22887411761081758
all_28,phase_wipe,12,3,1,0.22887411761081758
all_28,phase_wipe,12,4,1,0.22887411761081758
all_28,phase_wipe,12,5,1,0.22887411761081758
all_28,phase_wipe,12,6,1,0.22887411761081758
all_28,phase_wipe,12,7,1,0.22887411761081758
all_28,phase_wipe,12,8,1,0.22887411761081758
all_28,phase_wipe,12,9,1,0.22887411761081758
all_28,phase_wipe,12,10,1,0.22887411761081758
all_28,phase_wipe,12,11,1,0.22887411761081758
all_28,phase_wipe,13,0,1,0.22409768362506938
all_28,phase_wipe,13,1,1,0.22409768362506938
all_28,phase_wipe,13,2,1,0.22409768362506938
all_28,phase_wipe,13,3,1,0.22409768362506938
all_28,phase_wipe,13,4,1,0.22409768362506938
all_28,phase_wipe,13,5,1,0.22409768362506938
all_28,phase_wipe,13,6,1,0.22409768362506938
all_28,phase_wipe,13,7,1,0.22409768362506938
all_28,phase_wipe,13,8,1,0.22409768362506938
all_28,phase_wipe,13,9,1,0.22409768362506938
all_28,phase_wipe,13,10,1,0.22409768362506938
all_28,phase_wipe,13,11,1,0.22409768362506938
all_28,phase_wipe,14,0,1,0.19284159221823496
all_28,phase_wipe,14,1,1,0.19284159221823496
all_28,phase_wipe,14,2,1,0.19284159221823496
all_28,phase_wipe,14,3,1,0.19284159221823496
all_28,phase_wipe,14,4,1,0.19284159221823496
all_28,phase_wipe,14,5,1,0.19284159221823496
all_28,phase_wipe,14,6,1,0.19284159221823496
all_28,phase_wipe,14,7,1,0.19284159221823496
all_28,phase_wipe,14,8,1,0.19284159221823496
all_28,phase_wipe,14,9,1,0.19284159221823496
all_28,phase_wipe,14,10,1,0.19284159221823496
all_28,phase_wipe,14,11,1,0.19284159221823496
all_28,phase_wipe,15,0,1,0.22719822351346833
all_28,phase_wipe,15,1,1,0.22719822351346833
all_28,phase_wipe,15,2,1,0.22719822351346833
all_28,phase_wipe,15,3,1,0.22719822351346833
all_28,phase_wipe,15,4,1,0.22719822351346833
all_28,phase_wipe,15,5,1,0.22719822351346833
all_28,phase_wipe,15,6,1,0.22719822351346833
all_28,phase_wipe,15,7,1,0.22719822351346833
all_28,phase_wipe,15,8,1,0.22719822351346833
all_28,phase_wipe,15,9,1,0.22719822351346833
all_28,phase_wipe,15,10,1,0.22719822351346833
all_28,phase_wipe,15,11,1,0.22719822351346833
all_28,phase_wipe,16,0,1,0.22094615476365928
all_28,phase_wipe,16,1,1,0.22094615476365928
all_28,phase_wipe,16,2,1,0.22094615476365928
all_28,phase_wipe,16,3,1,0.22094615476365928
all_28,phase_wipe,16,4,1,0.22094615476365928
all_28,phase_wipe,16,5,1,0.22094615476365928
all_28,phase_wipe,16,6,1,0.22094615476365928
all_28,phase_wipe,16,7,1,0.22094615476365928
all_28,phase_wipe,16,8,1,0.22094615476365928
all_28,phase_wipe,16,9,1,0.22094615476365928
all_28,phase_wipe,16,10,1,0.22094615476365928
all_28,phase_wipe,16,11,1,0.22094615476365928
all_28,phase_wipe,17,0,1,0.2086212680945407
all_28,phase_wipe,17,1,1,0.2086212680945407
all_28,phase_wipe,17,2,1,0.2086212680945407
all_28,phase_wipe,17,3,1,0.2086212680945407
all_28,phase_wipe,17,4,1,0.2086212680945407
all_28,phase_wipe,17,5,1,0.2086212680945407
all_28,phase_wipe,17,6,1,0.2086212680945407
all_28,phase_wipe,17,7,1,0.2086212680945407
all_28,phase_wipe,17,8,1,0.2086212680945407
all_28,phase_wipe,17,9,1,0.2086212680945407
all_28,phase_wipe,17,10,1,0.2086212680945407
all_28,phase_wipe,17,11,1,0.2086212680945407
all_28,phase_wipe,18,0,1,0.22887411761081758
all_28,phase_wipe,18,1,1,0.22887411761081758
all_28,phase_wipe,18,2,1,0.22887411761081758
all_28,phase_wipe,18,3,1,0.22887411761081758
all_28,phase_wipe,18,4,1,0.22887411761081758
all_28,phase_wipe,18,5,1,0.22887411761081758
all_28,phase_wipe,18,6,1,0.22887411761081758
all_28,phase_wipe,18,7,1,0.22887411761081758
all_28,phase_wipe,18,8,1,0.22887411761081758
all_28,phase_wipe,18,9,1,0.22887411761081758
all_28,phase_wipe,18,10,1,0.22887411761081758
all_28,phase_wipe,18,11,1,0.22887411761081758
all_28,phase_wipe,19,0,1,0.22409768362506938
all_28,phase_wipe,19,1,1,0.22409768362506938
all_28,phase_wipe,19,2,1,0.22409768362506938
all_28,phase_wipe,19,3,1,0.22409768362506938
all_28,phase_wipe,19,4,1,0.22409768362506938
all_28,phase_wipe,19,5,1,0.22409768362506938
all_28,phase_wipe,19,6,1,0.22409768362506938
all_28,phase_wipe,19,7,1,0.22409768362506938
all_28,phase_wipe,19,8,1,0.22409768362506938
all_28,phase_wipe,19,9,1,0.22409768362506938
all_28,phase_wipe,19,10,1,0.22409768362506938
all_28,phase_wipe,19,11,1,0.22409768362506938
all_28,phase_wipe,20,0,1,0.20777842925351306
all_28,phase_wipe,20,1,1,0.20777842925351306
all_28,phase_wipe,20,2,1,0.20777842925351306
all_28,phase_wipe,20,3,1,0.20777842925351306
all_28,phase_wipe,20,4,1,0.20777842925351306
all_28,phase_wipe,20,5,1,0.20777842925351306
all_28,phase_wipe,20,6,1,0.20777842925351306
all_28,phase_wipe,20,7,1,0.20777842925351306
all_28,phase_wipe,20,8,1,0.20777842925351306
all_28,phase_wipe,20,9,1,0.20777842925351306
all_28,phase_wipe,20,10,1,0.20777842925351306
all_28,phase_wipe,20,11,1,0.20777842925351306
all_28,phase_wipe,21,0,1,0.22719822351346833
all_28,phase_wipe,21,1,1,0.22719822351346833
all_28,phase_wipe,21,2,1,0.22719822351346833
all_28,phase_wipe,21,3,1,0.22719822351346833
all_28,phase_wipe,21,4,1,0.22719822351346833
all_28,phase_wipe,21,5,1,0.22719822351346833
all_28,phase_wipe,21,6,1,0.22719822351346833
all_28,phase_wipe,21,7,1,0.22719822351346833
all_28,phase_wipe,21,8,1,0.22719822351346833
all_28,phase_wipe,21,9,1,0.22719822351346833
all_28,phase_wipe,21,10,1,0.22719822351346833
all_28,phase_wipe,21,11,1,0.22719822351346833
all_28,phase_wipe,22,0,1,0.22094615476365928
all_28,phase_wipe,22,1,1,0.22094615476365928
all_28,phase_wipe,22,2,1,0.22094615476365928
all_28,phase_wipe,22,3,1,0.22094615476365928
all_28,phase_wipe,22,4,1,0.22094615476365928
all_28,phase_wipe,22,5,1,0.22094615476365928
all_28,phase_wipe,22,6,1,0.22094615476365928
all_28,phase_wipe,22,7,1,0.22094615476365928
all_28,phase_wipe,22,8,1,0.22094615476365928
all_28,phase_wipe,22,9,1,0.22094615476365928
all_28,phase_wipe,22,10,1,0.22094615476365928
all_28,phase_wipe,22,11,1,0.22094615476365928
all_28,phase_wipe,23,0,1,0.2086212680945407
all_28,phase_wipe,23,1,1,0.2086212680945407
all_28,phase_wipe,23,2,1,0.2086212680945407
all_28,phase_wipe,23,3,1,0.2086212680945407
all_28,phase_wipe,23,4,1,0.2086212680945407
all_28,phase_wipe,23,5,1,0.2086212680945407
all_28,phase_wipe,23,6,1,0.2086212680945407
all_28,phase_wipe,23,7,1,0.2086212680945407
all_28,phase_wipe,23,8,1,0.2086212680945407
all_28,phase_wipe,23,9,1,0.2086212680945407
all_28,phase_wipe,23,10,1,0.2086212680945407
all_28,phase_wipe,23,11,1,0.2086212680945407
all_28,dropout_50,0,0,1,0.4159543293863689
all_28,dropout_50,0,1,1,0.35490420153849583
all_28,dropout_50,0,2,1,0.38559548351450734
all_28,dropout_50,0,3,1,0.354292931658847
all_28,dropout_50,0,4,1,0.3386404055328962
all_28,dropout_50,0,5,1,0.38976815634579615
all_28,dropout_50,0,6,1,0.3303561521744841
all_28,dropout_50,0,7,1,0.21814660808644257
all_28,dropout_50,0,8,1,0.37670338040030776
all_28,dropout_50,0,9,1,0.3177148823866469
all_28,dropout_50,0,10,1,0.36248091288071116
all_28,dropout_50,0,11,1,0.3929215971566852
all_28,dropout_50,1,0,1,0.36358781313399285
all_28,dropout_50,1,1,1,0.3676234294958946
all_28,dropout_50,1,2,1,0.41210810497994055
all_28,dropout_50,1,3,1,0.35114104283635705
all_28,dropout_50,1,4,1,0.4354855519515699
all_28,dropout_50,1,5,1,0.3855848511055472
all_28,dropout_50,1,6,1,0.40636908709175334
all_28,dropout_50,1,7,1,0.39097807393127754
all_28,dropout_50,1,8,1,0.31742867138843767
all_28,dropout_50,1,9,1,0.21565624589458046
all_28,dropout_50,1,10,1,0.37703702074227735
all_28,dropout_50,1,11,1,0.40586508780078456
all_28,dropout_50,2,0,1,0.15842401978108336
all_28,dropout_50,2,1,1,0.14716566563474695
all_28,dropout_50,2,2,1,0.1790834395761348
all_28,dropout_50,2,3,1,0.1515168494526641
all_28,dropout_50,2,4,1,0.1558639775093948
all_28,dropout_50,2,5,1,0.14698455269260044
all_28,dropout_50,2,6,1,0.16589600634161977
all_28,dropout_50,2,7,1,0.13933614055441673
all_28,dropout_50,2,8,1,0.1549685027669468
all_28,dropout_50,2,9,1,0.14639657553818639
all_28,dropout_50,2,10,1,0.1368775009309633
all_28,dropout_50,2,11,1,0.15450559819792353
all_28,dropout_50,3,0,1,0.13815138062669968
all_28,dropout_50,3,1,1,0.37245552942310123
all_28,dropout_50,3,2,1,0.3675476307607133
all_28,dropout_50,3,3,1,0.2833396519400163
all_28,dropout_50,3,4,1,0.39744984573189024
all_28,dropout_50,3,5,1,0.2642868404509594
all_28,dropout_50,3,6,1,0.33389267196501193
all_28,dropout_50,3,7,1,0.2672668027870722
all_28,dropout_50,3,8,1,0.3841773539218095
all_28,dropout_50,3,9,1,0.3800075620439898
all_28,dropout_50,3,10,1,0.3598036051042493
all_28,dropout_50,3,11,1,0.3721652091685587
all_28,dropout_50,4,0,1,0.35343896673281056
all_28,dropout_50,4,1,1,0.36715344468034516
all_28,dropout_50,4,2,1,0.33861760021665477
all_28,dropout_50,4,3,1,0.339311968598119
all_28,dropout_50,4,4,1,0.3442410551258155
all_28,dropout_50,4,5,1,0.3275199625802379
all_28,dropout_50,4,6,1,0.38463879635588133
all_28,dropout_50,4,7,1,0.3245457431139261
all_28,dropout_50,4,8,1,0.32962839880260647
all_28,dropout_50,4,9,1,0.39640878349023234
all_28,dropout_50,4,10,1,0.3659180317085122
all_28,dropout_50,4,11,1,0.3618803528774732
all_28,dropout_50,5,0,1,0.3218803673932694
all_28,dropout_50,5,1,1,0.2721443728185924
all_28,dropout_50,5,2,1,0.2726994471076263
all_28,dropout_50,5,3,1,0.3059103077998399
all_28,dropout_50,5,4,1,0.3198210571208286
all_28,dropout_50,5,5,1,0.2523830318143716
all_28,dropout_50,5,6,1,0.3114560488172836
all_28,dropout_50,5,7,1,0.2841101449825934
all_28,dropout_50,5,8,1,0.3133310892732329
all_28,dropout_50,5,9,1,0.29115445553013103
all_28,dropout_50,5,10,1,0.2887785212572918
all_28,dropout_50,5,11,1,0.2913481805829718
all_28,dropout_50,6,0,1,0.43815473327146803
all_28,dropout_50,6,1,1,0.45827114655345963
all_28,dropout_50,6,2,1,0.417366458568869
all_28,dropout_50,6,3,1,0.43938321888600973
all_28,dropout_50,6,4,1,0.3950349141032171
all_28,dropout_50,6,5,1,0.39079944658504506
all_28,dropout_50,6,6,1,0.3941417500479709
all_28,dropout_50,6,7,1,0.3968345289281109
all_28,dropout_50,6,8,1,0.39705076147834645
all_28,dropout_50,6,9,1,0.43217360307306213
all_28,dropout_50,6,10,1,0.43007082165770033
all_28,dropout_50,6,11,1,0.41593639262430926
all_28,dropout_50,7,0,1,0.37341354035970364
all_28,dropout_50,7,1,1,0.3368176825134049
all_28,dropout_50,7,2,1,0.43243740424606736
all_28,dropout_50,7,3,1,0.41584357130597466
all_28,dropout_50,7,4,1,0.39180280108493026
all_28,dropout_50,7,5,1,0.4061076628245511
all_28,dropout_50,7,6,1,0.4255216980799728
all_28,dropout_50,7,7,1,0.38864084003443317
all_28,dropout_50,7,8,1,0.4044680261597299
all_28,dropout_50,7,9,1,0.42231048484840567
all_28,dropout_50,7,10,1,0.40126370519134325
all_28,dropout_50,7,11,1,0.3859817871966553
all_28,dropout_50,8,0,1,0.12995582051562582
all_28,dropout_50,8,1,1,0.14966143223993827
all_28,dropout_50,8,2,1,0.14417386066776786
all_28,dropout_50,8,3,1,0.1617039742768862
all_28,dropout_50,8,4,1,0.16964927502518973
all_28,dropout_50,8,5,1,0.14100694565453037
all_28,dropout_50,8,6,1,0.1665419531039156
all_28,dropout_50,8,7,1,0.16092422964402384
all_28,dropout_50,8,8,1,0.1361417430111016
all_28,dropout_50,8,9,1,0.1477654962766482
all_28,dropout_50,8,10,1,0.1636095224716056
all_28,dropout_50,8,11,1,0.1435250267239575
all_28,dropout_50,9,0,1,0.40050705855471874
all_28,dropout_50,9,1,1,0.4194349775385351
all_28,dropout_50,9,2,1,0.4058393465833084
all_28,dropout_50,9,3,1,0.417682167230534
all_28,dropout_50,9,4,1,0.40268976908822607
all_28,dropout_50,9,5,1,0.4140085031878981
all_28,dropout_50,9,6,1,0.40802289321608215
all_28,dropout_50,9,7,1,0.41551882360375525
all_28,dropout_50,9,8,1,0.4071524389749767
all_28,dropout_50,9,9,1,0.4053050182881991
all_28,dropout_50,9,10,1,0.4208294033240846
all_28,dropout_50,9,11,1,0.4058654332563834
all_28,dropout_50,10,0,1,0.4050363157453996
all_28,dropout_50,10,1,1,0.40789636946066665
all_28,dropout_50,10,2,1,0.3900800116773126
all_28,dropout_50,10,3,1,0.39902604802419916
all_28,dropout_50,10,4,1,0.3790008837695897
all_28,dropout_50,10,5,1,0.40176258461302616
all_28,dropout_50,10,6,1,0.40335273227656704
all_28,dropout_50,10,7,1,0.3682240788032129
all_28,dropout_50,10,8,1,0.4026812075357814
all_28,dropout_50,10,9,1,0.38015320903811645
all_28,dropout_50,10,10,1,0.4005183878887209
all_28,dropout_50,10,11,1,0.4190833086342934
all_28,dropout_50,11,0,1,0.2916776139924433
all_28,dropout_50,11,1,1,0.2880884282586754
all_28,dropout_50,11,2,1,0.3037309488708575
all_28,dropout_50,11,3,1,0.3074430459919283
all_28,dropout_50,11,4,1,0.33635187724450333
all_28,dropout_50,11,5,1,0.2828726996511821
all_28,dropout_50,11,6,1,0.28167324964072876
all_28,dropout_50,11,7,1,0.2739068544214417
all_28,dropout_50,11,8,1,0.28761601884859345
all_28,dropout_50,11,9,1,0.30883280341370284
all_28,dropout_50,11,10,1,0.30493362967400767
all_28,dropout_50,11,11,1,0.2839621221358448
all_28,dropout_50,12,0,1,0.2172978749424578
all_28,dropout_50,12,1,1,0.20487868114831603
all_28,dropout_50,12,2,1,0.20688559753798852
all_28,dropout_50,12,3,1,0.18446645599255612
all_28,dropout_50,12,4,1,0.20918777511073075
all_28,dropout_50,12,5,1,0.18898345601665364
all_28,dropout_50,12,6,1,0.19103848747245417
all_28,dropout_50,12,7,1,0.19060620826123378
all_28,dropout_50,12,8,1,0.20194414842112807
all_28,dropout_50,12,9,1,0.21406716859873665
all_28,dropout_50,12,10,1,0.21865706568047358
all_28,dropout_50,12,11,1,0.20915202272035063
all_28,dropout_50,13,0,1,0.15854062079550826
all_28,dropout_50,13,1,1,0.19479135775995862
all_28,dropout_50,13,2,1,0.19769746631720186
all_28,dropout_50,13,3,1,0.19582636456862218
all_28,dropout_50,13,4,1,0.2033830267758827
all_28,dropout_50,13,5,1,0.20012350831278533
all_28,dropout_50,13,6,1,0.17493691418884982
all_28,dropout_50,13,7,1,0.1837482456235487
all_28,dropout_50,13,8,1,0.1937642570892428
all_28,dropout_50,13,9,1,0.18274739475342516
all_28,dropout_50,13,10,1,0.19767056227720498
all_28,dropout_50,13,11,1,0.21448483085258027
all_28,dropout_50,14,0,1,0.16204506999662463
all_28,dropout_50,14,1,1,0.09478731538855126
all_28,dropout_50,14,2,1,0.17392635825353578
all_28,dropout_50,14,3,1,0.17325783616376372
all_28,dropout_50,14,4,1,0.16141091278649217
all_28,dropout_50,14,5,1,0.1552570853797121
all_28,dropout_50,14,6,1,0.18099566402742917
all_28,dropout_50,14,7,1,0.1694024174193152
all_28,dropout_50,14,8,1,0.1424925349803637
all_28,dropout_50,14,9,1,0.12825884672744395
all_28,dropout_50,14,10,1,0.17792589948739074
all_28,dropout_50,14,11,1,0.1538413411468119
all_28,dropout_50,15,0,1,0.20474230661692633
all_28,dropout_50,15,1,1,0.20409087079549687
all_28,dropout_50,15,2,1,0.20402690768220072
all_28,dropout_50,15,3,1,0.19406153279093577
all_28,dropout_50,15,4,1,0.18440224855297388
all_28,dropout_50,15,5,1,0.16445274096317863
all_28,dropout_50,15,6,1,0.199487298716286
all_28,dropout_50,15,7,1,0.18884017672272646
all_28,dropout_50,15,8,1,0.2065078655735002
all_28,dropout_50,15,9,1,0.1934742966465821
all_28,dropout_50,15,10,1,0.18271521340854657
all_28,dropout_50,15,11,1,0.2050013495826133
all_28,dropout_50,16,0,1,0.19704171967009054
all_28,dropout_50,16,1,1,0.21289366642692337
all_28,dropout_50,16,2,1,0.16693390466924468
all_28,dropout_50,16,3,1,0.1881960531923232
all_28,dropout_50,16,4,1,0.20371651941231605
all_28,dropout_50,16,5,1,0.18537722220541136
all_28,dropout_50,16,6,1,0.17868373610570193
all_28,dropout_50,16,7,1,0.1540858075440096
all_28,dropout_50,16,8,1,0.2006050374372712
all_28,dropout_50,16,9,1,0.19165516428452214
all_28,dropout_50,16,10,1,0.19932755001468822
all_28,dropout_50,16,11,1,0.18409799403388832
all_28,dropout_50,17,0,1,0.16558577502951627
all_28,dropout_50,17,1,1,0.15869626438886136
all_28,dropout_50,17,2,1,0.1627753695329701
all_28,dropout_50,17,3,1,0.16399025379767856
all_28,dropout_50,17,4,1,0.16605366658515258
all_28,dropout_50,17,5,1,0.18479957512208944
all_28,dropout_50,17,6,1,0.18857603852078594
all_28,dropout_50,17,7,1,0.15708616969965325
all_28,dropout_50,17,8,1,0.17392437263487853
all_28,dropout_50,17,9,1,0.18245321066237638
all_28,dropout_50,17,10,1,0.19120421514744637
all_28,dropout_50,17,11,1,0.17311697060752437
all_28,dropout_50,18,0,1,0.18103182914335553
all_28,dropout_50,18,1,1,0.18102691735156712
all_28,dropout_50,18,2,1,0.19547743810129226
all_28,dropout_50,18,3,1,0.18639602919821524
all_28,dropout_50,18,4,1,0.15329093529925591
all_28,dropout_50,18,5,1,0.19834155013863713
all_28,dropout_50,18,6,1,0.18851665029461714
all_28,dropout_50,18,7,1,0.1659074603618387
all_28,dropout_50,18,8,1,0.17176287950068958
all_28,dropout_50,18,9,1,0.1901249481706288
all_28,dropout_50,18,10,1,0.18848164437096676
all_28,dropout_50,18,11,1,0.18768261809800701
all_28,dropout_50,19,0,1,0.13284503541768222
all_28,dropout_50,19,1,1,0.18797900773990042
all_28,dropout_50,19,2,1,0.18722551020273548
all_28,dropout_50,19,3,1,0.1209264812688745
all_28,dropout_50,19,4,1,0.18050163933854896
all_28,dropout_50,19,5,1,0.1790433266985882
all_28,dropout_50,19,6,1,0.20129509795122844
all_28,dropout_50,19,7,1,0.18579166386677048
all_28,dropout_50,19,8,1,0.18637969612275412
all_28,dropout_50,19,9,1,0.19130366819594297
all_28,dropout_50,19,10,1,0.20619777468218284
all_28,dropout_50,19,11,1,0.18484159115798854
all_28,dropout_50,20,0,1,0.17536013712884368
all_28,dropout_50,20,1,1,0.17651187227125442
all_28,dropout_50,20,2,1,0.18188316142622757
all_28,dropout_50,20,3,1,0.18725333769582828
all_28,dropout_50,20,4,1,0.18636675985142015
all_28,dropout_50,20,5,1,0.17307276331502147
all_28,dropout_50,20,6,1,0.19308022501795324
all_28,dropout_50,20,7,1,0.17615998668025484
all_28,dropout_50,20,8,1,0.16212135256856347
all_28,dropout_50,20,9,1,0.16958366592064106
all_28,dropout_50,20,10,1,0.18205421078473688
all_28,dropout_50,20,11,1,0.17125280621198397
all_28,dropout_50,21,0,1,0.16720617137148355
all_28,dropout_50,21,1,1,0.15682734392338868
all_28,dropout_50,21,2,1,0.21033166715860827
all_28,dropout_50,21,3,1,0.06981236779967784
all_28,dropout_50,21,4,1,0.18935433765749551
all_28,dropout_50,21,5,1,0.18265245155579432
all_28,dropout_50,21,6,1,0.17833565392856954
all_28,dropout_50,21,7,1,0.20176328357444615
all_28,dropout_50,21,8,1,0.15795130236336619
all_28,dropout_50,21,9,1,0.15999672690667374
all_28,dropout_50,21,10,1,0.18753656137878955
all_28,dropout_50,21,11,1,0.19490478314170523
all_28,dropout_50,22,0,1,0.11990843707866507
all_28,dropout_50,22,1,1,0.16373688446464874
all_28,dropout_50,22,2,1,0.19232310983533812
all_28,dropout_50,22,3,1,0.1742296778616858
all_28,dropout_50,22,4,1,0.17058388709910904
all_28,dropout_50,22,5,1,0.19155566595107715
all_28,dropout_50,22,6,1,0.18980848956065313
all_28,dropout_50,22,7,1,0.1837030323563789
all_28,dropout_50,22,8,1,0.13189999714082096
all_28,dropout_50,22,9,1,0.15606908917452553
all_28,dropout_50,22,10,1,0.14946718354780844
all_28,dropout_50,22,11,1,0.1408237466934778
all_28,dropout_50,23,0,1,0.15355699661994435
all_28,dropout_50,23,1,1,0.14934550502012506
all_28,dropout_50,23,2,1,0.1652000696161579
all_28,dropout_50,23,3,1,0.18594107020214282
all_28,dropout_50,23,4,1,0.15943973737633096
all_28,dropout_50,23,5,1,0.15563832605086378
all_28,dropout_50,23,6,1,0.15924753130364389
all_28,dropout_50,23,7,1,0.15544018575637472
all_28,dropout_50,23,8,1,0.15015427028796416
all_28,dropout_50,23,9,1,0.15486363443416767
all_28,dropout_50,23,10,1,0.17261794594375218
all_28,dropout_50,23,11,1,0.18279878541268638
all_28,amp_noise,0,0,1,0.3190885691952984
all_28,amp_noise,0,1,0,0.08366381973955195
all_28,amp_noise,0,2,1,0.18791682668662146
all_28,amp_noise,0,3,1,0.22723219808598627
all_28,amp_noise,0,4,1,0.1451395480860267
all_28,amp_noise,0,5,1,0.1847009311265202
all_28,amp_noise,0,6,1,0.06312231297577398
all_28,amp_noise,0,7,1,0.17627641258407978
all_28,amp_noise,0,8,0,0.055276317421200094
all_28,amp_noise,0,9,1,0.16884049643158672
all_28,amp_noise,0,10,1,0.08111846482231422
all_28,amp_noise,0,11,1,0.20505000120939432
all_28,amp_noise,1,0,1,0.2038087621062643
all_28,amp_noise,1,1,1,0.11914933659983928
all_28,amp_noise,1,2,1,0.08489546514647561
all_28,amp_noise,1,3,1,0.09684057297438875
all_28,amp_noise,1,4,1,0.09449609822228822
all_28,amp_noise,1,5,1,0.07749462792403938
all_28,amp_noise,1,6,1,0.14534334772809976
all_28,amp_noise,1,7,1,0.18024290828954137
all_28,amp_noise,1,8,0,0.09058676883486283
all_28,amp_noise,1,9,1,0.26248841272243384
all_28,amp_noise,1,10,1,0.18996308290880914
all_28,amp_noise,1,11,1,0.12184207769907485
all_28,amp_noise,2,0,1,0.0343484969610558
all_28,amp_noise,2,1,1,0.020166508069107913
all_28,amp_noise,2,2,1,0.027400091004748606
all_28,amp_noise,2,3,1,0.020350039186650903
all_28,amp_noise,2,4,1,0.02346094014638056
all_28,amp_noise,2,5,1,0.02526849217470939
all_28,amp_noise,2,6,1,0.021329818609279627
all_28,amp_noise,2,7,1,0.040694079643117886
all_28,amp_noise,2,8,1,0.014573421706278289
all_28,amp_noise,2,9,1,0.026562929195019236
all_28,amp_noise,2,10,1,0.022413075498156743
all_28,amp_noise,2,11,1,0.014318376694348212
all_28,amp_noise,3,0,1,0.1762714230931791
all_28,amp_noise,3,1,1,0.09271461299760464
all_28,amp_noise,3,2,1,0.13345217291096323
all_28,amp_noise,3,3,1,0.10564243829531528
all_28,amp_noise,3,4,1,0.12445659797540021
all_28,amp_noise,3,5,1,0.13932676588518944
all_28,amp_noise,3,6,1,0.18111581004383182
all_28,amp_noise,3,7,1,0.15368850195406103
all_28,amp_noise,3,8,1,0.25311193446694435
all_28,amp_noise,3,9,1,0.14882303636516747
all_28,amp_noise,3,10,1,0.07059266064254766
all_28,amp_noise,3,11,1,0.17849842503341828
all_28,amp_noise,4,0,1,0.17507498579160552
all_28,amp_noise,4,1,1,0.11566754028494852
all_28,amp_noise,4,2,1,0.1408481094653603
all_28,amp_noise,4,3,1,0.16076684751928005
all_28,amp_noise,4,4,1,0.11274897957793895
all_28,amp_noise,4,5,1,0.1233912264739182
all_28,amp_noise,4,6,1,0.018586897294949667
all_28,amp_noise,4,7,1,0.13221923871753472
all_28,amp_noise,4,8,1,0.0920836905823087
all_28,amp_noise,4,9,0,0.07648740060897052
all_28,amp_noise,4,10,1,0.06617370656843535
all_28,amp_noise,4,11,1,0.0410361572887058
all_28,amp_noise,5,0,1,0.09079566870198219
all_28,amp_noise,5,1,1,0.097680103005919
all_28,amp_noise,5,2,1,0.11990019458502033
all_28,amp_noise,5,3,1,0.10485530575359592
all_28,amp_noise,5,4,1,0.04925566166446116
all_28,amp_noise,5,5,1,0.11249108706862043
all_28,amp_noise,5,6,1,0.1262777398609024
all_28,amp_noise,5,7,1,0.034364395190451535
all_28,amp_noise,5,8,0,0.0021716676033104454
all_28,amp_noise,5,9,1,0.10178831968924007
all_28,amp_noise,5,10,1,0.020867938210067494
all_28,amp_noise,5,11,1,0.07677826297092083
all_28,amp_noise,6,0,0,0.017271644192785374
all_28,amp_noise,6,1,1,0.08276594797068582
all_28,amp_noise,6,2,1,0.12042631711348517
all_28,amp_noise,6,3,1,0.15404951961673397
all_28,amp_noise,6,4,0,0.03302284199835881
all_28,amp_noise,6,5,0,0.007425548359195844
all_28,amp_noise,6,6,1,0.08556821330839404
all_28,amp_noise,6,7,1,0.07625390001457055
all_28,amp_noise,6,8,1,0.17724610415824715
all_28,amp_noise,6,9,1,0.028229447546917585
all_28,amp_noise,6,10,1,0.14453374587250345
all_28,amp_noise,6,11,1,0.03364307990156434
all_28,amp_noise,7,0,1,0.0880777474077361
all_28,amp_noise,7,1,0,0.012339506397653355
all_28,amp_noise,7,2,1,0.11806626717905289
all_28,amp_noise,7,3,0,0.04162205913263206
all_28,amp_noise,7,4,1,0.08820030053416872
all_28,amp_noise,7,5,1,0.05116038070963502
all_28,amp_noise,7,6,1,0.041042972041042125
all_28,amp_noise,7,7,1,0.10188928369013184
all_28,amp_noise,7,8,1,0.015396828528856266
all_28,amp_noise,7,9,1,0.10034562435424299
all_28,amp_noise,7,10,1,0.06867499799839372
all_28,amp_noise,7,11,1,0.013450187396613522
all_28,amp_noise,8,0,1,0.018430490699701152
all_28,amp_noise,8,1,1,0.023973693907725413
all_28,amp_noise,8,2,1,0.021299482967901295
all_28,amp_noise,8,3,1,0.001400534776496598
all_28,amp_noise,8,4,1,0.02435288709479866
all_28,amp_noise,8,5,1,0.01756697025889742
all_28,amp_noise,8,6,1,0.013876443087930013
all_28,amp_noise,8,7,1,0.01896714816852041
all_28,amp_noise,8,8,0,0.006023255669454719
all_28,amp_noise,8,9,1,0.029512298768932466
all_28,amp_noise,8,10,1,0.02085270280352003
all_28,amp_noise,8,11,1,0.00861719467787414
all_28,amp_noise,9,0,1,0.010660929765456073
all_28,amp_noise,9,1,1,0.10734451466251882
all_28,amp_noise,9,2,1,0.12154720781580308
all_28,amp_noise,9,3,1,0.08815083676087787
all_28,amp_noise,9,4,1,0.03786480952176774
all_28,amp_noise,9,5,1,0.050897381590340185
all_28,amp_noise,9,6,1,0.038321424553592
all_28,amp_noise,9,7,0,0.0028183282975360324
all_28,amp_noise,9,8,1,0.08341702041691212
all_28,amp_noise,9,9,0,0.05214120011919987
all_28,amp_noise,9,10,1,0.14605164440414609
all_28,amp_noise,9,11,1,0.0807908330882745
all_28,amp_noise,10,0,1,0.030971043541008658
all_28,amp_noise,10,1,1,0.04062031183967263
all_28,amp_noise,10,2,1,0.07109211264126081
all_28,amp_noise,10,3,1,0.004616312205617534
all_28,amp_noise,10,4,1,0.08089747999492647
all_28,amp_noise,10,5,1,0.08980568026667424
all_28,amp_noise,10,6,1,0.04295110785977019
all_28,amp_noise,10,7,1,0.022657587296632586
all_28,amp_noise,10,8,1,0.046017097582048194
all_28,amp_noise,10,9,1,0.06013063012468023
all_28,amp_noise,10,10,0,0.027346333492106356
all_28,amp_noise,10,11,1,0.07763722283257435
all_28,amp_noise,11,0,1,0.01054274522194576
all_28,amp_noise,11,1,0,0.009951815341997738
all_28,amp_noise,11,2,1,0.07380123404021388
all_28,amp_noise,11,3,1,0.08037707022261131
all_28,amp_noise,11,4,1,0.08144859407350413
all_28,amp_noise,11,5,1,0.060952972827424845
all_28,amp_noise,11,6,1,0.009617758250206054
all_28,amp_noise,11,7,1,0.07254764633175814
all_28,amp_noise,11,8,0,0.046004050159550225
all_28,amp_noise,11,9,0,0.0018428967606898272
all_28,amp_noise,11,10,1,0.014741447839539457
all_28,amp_noise,11,11,1,0.009269983739146559
all_28,amp_noise,12,0,0,0.014226645321276044
all_28,amp_noise,12,1,0,0.002956101404341549
all_28,amp_noise,12,2,1,0.013004437815704928
all_28,amp_noise,12,3,1,0.04858238405500204
all_28,amp_noise,12,4,0,0.01765175187206991
all_28,amp_noise,12,5,1,0.01895497131450552
all_28,amp_noise,12,6,1,0.0536662892463895
all_28,amp_noise,12,7,1,0.0673842741350199
all_28,amp_noise,12,8,1,0.01985314636297897
all_28,amp_noise,12,9,0,0.004616120240873989
all_28,amp_noise,12,10,1,0.002700707906621358
all_28,amp_noise,12,11,1,0.04172381800780778
all_28,amp_noise,13,0,1,0.03574779803406658
all_28,amp_noise,13,1,1,0.05212453432749564
all_28,amp_noise,13,2,1,0.026840738137606346
all_28,amp_noise,13,3,0,0.07766412586992144
all_28,amp_noise,13,4,0,0.014356720318403626
all_28,amp_noise,13,5,1,0.023229420972756265
all_28,amp_noise,13,6,1,0.038134685902476595
all_28,amp_noise,13,7,0,0.13616887652503662
all_28,amp_noise,13,8,1,0.02505310780658032
all_28,amp_noise,13,9,1,0.00919783435945598
all_28,amp_noise,13,10,1,0.03281060129882052
all_28,amp_noise,13,11,0,0.04026069908391916
all_28,amp_noise,14,0,1,0.010832084645280071
all_28,amp_noise,14,1,0,0.0191342594483791
all_28,amp_noise,14,2,1,0.032850511015640405
all_28,amp_noise,14,3,1,0.011944195090875742
all_28,amp_noise,14,4,1,0.0016675435927704374
all_28,amp_noise,14,5,0,0.0024007543496855632
all_28,amp_noise,14,6,1,0.018327475303298257
all_28,amp_noise,14,7,0,0.013632306515672266
all_28,amp_noise,14,8,0,0.026747321623971976
all_28,amp_noise,14,9,1,0.02136301214647096
all_28,amp_noise,14,10,1,0.022111723995360766
all_28,amp_noise,14,11,1,0.018920896630962303
all_28,amp_noise,15,0,1,0.020487385890506027
all_28,amp_noise,15,1,1,0.013535363089896224
all_28,amp_noise,15,2,1,0.04007712456097079
all_28,amp_noise,15,3,0,0.09838985116316556
all_28,amp_noise,15,4,1,0.014902879739643105
all_28,amp_noise,15,5,1,0.004828436468732433
all_28,amp_noise,15,6,1,0.015517070578637937
all_28,amp_noise,15,7,1,0.03490344978586135
all_28,amp_noise,15,8,0,0.007228746080430781
all_28,amp_noise,15,9,1,0.045743414064312926
all_28,amp_noise,15,10,1,0.016193890351491103
all_28,amp_noise,15,11,1,0.02556456777043592
all_28,amp_noise,16,0,1,0.002934364749434204
all_28,amp_noise,16,1,0,0.0662355722499458
all_28,amp_noise,16,2,1,0.041985785908097095
all_28,amp_noise,16,3,1,0.04971766452439008
all_28,amp_noise,16,4,0,0.03528292787402709
all_28,amp_noise,16,5,1,0.02740720528614593
all_28,amp_noise,16,6,1,0.047440856292810474
all_28,amp_noise,16,7,1,0.04225935165004535
all_28,amp_noise,16,8,1,0.005788611447610115
all_28,amp_noise,16,9,1,0.015997147376268228
all_28,amp_noise,16,10,1,0.02207007702558783
all_28,amp_noise,16,11,0,0.028645648421561254
all_28,amp_noise,17,0,0,0.01253188036801034
all_28,amp_noise,17,1,0,0.07191916266183185
all_28,amp_noise,17,2,1,0.020933116156650056
all_28,amp_noise,17,3,1,0.008730883795903255
all_28,amp_noise,17,4,1,0.011055444502180545
all_28,amp_noise,17,5,1,0.02188197700136829
all_28,amp_noise,17,6,0,0.006159067704231136
all_28,amp_noise,17,7,1,0.013304633398823706
all_28,amp_noise,17,8,0,0.027618113522934418
all_28,amp_noise,17,9,1,0.02930820009056556
all_28,amp_noise,17,10,0,0.07498650425804276
all_28,amp_noise,17,11,1,0.02771272524787527
all_28,amp_noise,18,0,1,0.04801930419681899
all_28,amp_noise,18,1,1,0.005317346341855322
all_28,amp_noise,18,2,1,0.02075340322525121
all_28,amp_noise,18,3,1,0.008370606830445881
all_28,amp_noise,18,4,0,0.007567242855575862
all_28,amp_noise,18,5,1,0.06546402933776418
all_28,amp_noise,18,6,1,0.008364217640697613
all_28,amp_noise,18,7,1,0.004465664427484639
all_28,amp_noise,18,8,1,0.05952007140729876
all_28,amp_noise,18,9,1,0.03480708154743384
all_28,amp_noise,18,10,1,0.0697704292052389
all_28,amp_noise,18,11,0,0.008039026793010384
all_28,amp_noise,19,0,1,0.02310270171698714
all_28,amp_noise,19,1,1,0.031757213993887756
all_28,amp_noise,19,2,1,0.08148863406186058
all_28,amp_noise,19,3,1,0.003572959053465441
all_28,amp_noise,19,4,1,0.03640696331851334
all_28,amp_noise,19,5,1,0.05414028279580552
all_28,amp_noise,19,6,1,0.06636571943987879
all_28,amp_noise,19,7,1,0.011409938730216562
all_28,amp_noise,19,8,1,0.024123048587659568
all_28,amp_noise,19,9,1,0.028747732706671858
all_28,amp_noise,19,10,1,0.014984577456609027
all_28,amp_noise,19,11,1,0.08046009407840604
all_28,amp_noise,20,0,1,0.040270602314143256
all_28,amp_noise,20,1,1,0.003694852224096379
all_28,amp_noise,20,2,1,0.03179205091147708
all_28,amp_noise,20,3,1,0.03969578012671149
all_28,amp_noise,20,4,0,0.015421502741972182
all_28,amp_noise,20,5,0,0.01852727090755879
all_28,amp_noise,20,6,1,0.0074449317169031914
all_28,amp_noise,20,7,1,0.01868091171021269
all_28,amp_noise,20,8,1,0.01122940251793747
all_28,amp_noise,20,9,0,0.039023782674684204
all_28,amp_noise,20,10,1,0.00665933002636987
all_28,amp_noise,20,11,1,0.029300445459718882
all_28,amp_noise,21,0,1,0.03438354547511824
all_28,amp_noise,21,1,1,0.034060317309459576
all_28,amp_noise,21,2,1,0.030026573713854088
all_28,amp_noise,21,3,1,0.036645462507743254
all_28,amp_noise,21,4,1,0.05305360620597044
all_28,amp_noise,21,5,1,0.051095932256155274
all_28,amp_noise,21,6,1,0.03595566743341638
all_28,amp_noise,21,7,1,0.0712984604860335
all_28,amp_noise,21,8,1,0.053353838820823896
all_28,amp_noise,21,9,1,0.0104569843138137
all_28,amp_noise,21,10,1,0.06536022152843945
all_28,amp_noise,21,11,1,0.013588442866741546
all_28,amp_noise,22,0,1,0.03789665871146697
all_28,amp_noise,22,1,1,0.0012929069788900627
all_28,amp_noise,22,2,1,0.06043007475019058
all_28,amp_noise,22,3,1,0.010284034122416519
all_28,amp_noise,22,4,1,0.03264447073556709
all_28,amp_noise,22,5,0,0.015141905156038193
all_28,amp_noise,22,6,1,0.015181864692447422
all_28,amp_noise,22,7,1,0.022888138955827197
all_28,amp_noise,22,8,1,0.012650769602610579
all_28,amp_noise,22,9,1,0.028161685751748156
all_28,amp_noise,22,10,1,0.025220620290647755
all_28,amp_noise,22,11,0,0.01783177981354922
all_28,amp_noise,23,0,1,0.024840607525912994
all_28,amp_noise,23,1,1,0.01659784120905261
all_28,amp_noise,23,2,1,0.04427036094952741
all_28,amp_noise,23,3,1,0.0007587684088723456
all_28,amp_noise,23,4,1,0.02722943225414809
all_28,amp_noise,23,5,0,0.012216013007390059
all_28,amp_noise,23,6,1,0.028268908078439736
all_28,amp_noise,23,7,1,0.029194952247121764
all_28,amp_noise,23,8,1,0.001982102432440791
all_28,amp_noise,23,9,1,0.012323994034989738
all_28,amp_noise,23,10,1,0.042387050101315826
all_28,amp_noise,23,11,0,0.00716636305135554
all_28,mixed,0,0,1,0.340494795773091
all_28,mixed,0,1,0,0.021745347843811214
all_28,mixed,0,2,1,0.2243786637740569
all_28,mixed,0,3,1,0.25284917461507517
all_28,mixed,0,4,1,0.18496802069093232
all_28,mixed,0,5,1,0.20462553483435508
all_28,mixed,0,6,1,0.1257435796226607
all_28,mixed,0,7,1,0.2154979187746719
all_28,mixed,0,8,1,0.003820275567810394
all_28,mixed,0,9,1,0.20753932953341714
all_28,mixed,0,10,1,0.12257943392715542
all_28,mixed,0,11,1,0.24625486311706968
all_28,mixed,1,0,1,0.2305323947874508
all_28,mixed,1,1,1,0.15245540458461715
all_28,mixed,1,2,1,0.12384800461224221
all_28,mixed,1,3,1,0.14895602039596312
all_28,mixed,1,4,1,0.14790401383981944
all_28,mixed,1,5,1,0.1137754188109732
all_28,mixed,1,6,1,0.190971184202543
all_28,mixed,1,7,1,0.2133729001614828
all_28,mixed,1,8,0,0.024171098392299584
all_28,mixed,1,9,1,0.28756370484238214
all_28,mixed,1,10,1,0.21891769147073908
all_28,mixed,1,11,1,0.1580156573389041
all_28,mixed,2,0,1,0.03208558552050034
all_28,mixed,2,1,1,0.029305415952934677
all_28,mixed,2,2,1,0.03707386778303057
all_28,mixed,2,3,1,0.028186876195807065
all_28,mixed,2,4,1,0.03235817730099377
all_28,mixed,2,5,1,0.03397689037591234
all_28,mixed,2,6,1,0.03071259655166536
all_28,mixed,2,7,1,0.038059146553918066
all_28,mixed,2,8,1,0.02551809294791252
all_28,mixed,2,9,1,0.035837908597883605
all_28,mixed,2,10,1,0.029952664900232295
all_28,mixed,2,11,1,0.03746008785956262
all_28,mixed,3,0,1,0.20876403310772118
all_28,mixed,3,1,1,0.12346966945586846
all_28,mixed,3,2,1,0.1639641864056539
all_28,mixed,3,3,1,0.14910326601897428
all_28,mixed,3,4,1,0.17152066229965118
all_28,mixed,3,5,1,0.17230952842881742
all_28,mixed,3,6,1,0.20862611200863523
all_28,mixed,3,7,1,0.18647880177584697
all_28,mixed,3,8,1,0.2844899898752185
all_28,mixed,3,9,1,0.17959679167588194
all_28,mixed,3,10,1,0.11556814463673493
all_28,mixed,3,11,1,0.21460040576621853
all_28,mixed,4,0,1,0.21291885676622646
all_28,mixed,4,1,1,0.15940519180039042
all_28,mixed,4,2,1,0.17609108000493245
all_28,mixed,4,3,1,0.21659513609257008
all_28,mixed,4,4,1,0.16628454385379837
all_28,mixed,4,5,1,0.1862943471015599
all_28,mixed,4,6,1,0.056437969829813084
all_28,mixed,4,7,1,0.1627223798141243
all_28,mixed,4,8,1,0.13810593409474187
all_28,mixed,4,9,0,0.023315513509397034
all_28,mixed,4,10,1,0.10817083807496097
all_28,mixed,4,11,1,0.10106572511168355
all_28,mixed,5,0,1,0.11787049219937351
all_28,mixed,5,1,1,0.12493888476431514
all_28,mixed,5,2,1,0.13512867613019597
all_28,mixed,5,3,1,0.14008862040570808
all_28,mixed,5,4,1,0.07465278424072475
all_28,mixed,5,5,1,0.15203136125395933
all_28,mixed,5,6,1,0.14876398561307125
all_28,mixed,5,7,1,0.06925633059216052
all_28,mixed,5,8,1,0.025681847996768314
all_28,mixed,5,9,1,0.16072087654321388
all_28,mixed,5,10,1,0.052107847904323656
all_28,mixed,5,11,1,0.11341920345847983
all_28,mixed,6,0,1,0.030508703091252753
all_28,mixed,6,1,1,0.11466835339467907
all_28,mixed,6,2,1,0.16632930536756885
all_28,mixed,6,3,1,0.19699469785399454
all_28,mixed,6,4,1,0.020526804836367596
all_28,mixed,6,5,1,0.05250187782644877
all_28,mixed,6,6,1,0.14139073251998213
all_28,mixed,6,7,1,0.11188448730839518
all_28,mixed,6,8,1,0.22920504676349485
all_28,mixed,6,9,1,0.07734650082487227
all_28,mixed,6,10,1,0.19210652856374266
all_28,mixed,6,11,1,0.07649687440626096
all_28,mixed,7,0,1,0.13743704321127348
all_28,mixed,7,1,1,0.05638284228613377
all_28,mixed,7,2,1,0.15812983750863208
all_28,mixed,7,3,1,0.00695644938449691
all_28,mixed,7,4,1,0.13319024166717552
all_28,mixed,7,5,1,0.10639380301235057
all_28,mixed,7,6,1,0.09296572488051347
all_28,mixed,7,7,1,0.1431949906212462
all_28,mixed,7,8,1,0.058791631058869975
all_28,mixed,7,9,1,0.14535068566349496
all_28,mixed,7,10,1,0.11955017125016565
all_28,mixed,7,11,1,0.06410638082167985
all_28,mixed,8,0,1,0.02567458461866512
all_28,mixed,8,1,1,0.032824557663249654
all_28,mixed,8,2,1,0.03014371049591935
all_28,mixed,8,3,1,0.019936913703039627
all_28,mixed,8,4,1,0.03397315690435476
all_28,mixed,8,5,1,0.02411113919527308
all_28,mixed,8,6,1,0.019273752149782553
all_28,mixed,8,7,1,0.026387893831366416
all_28,mixed,8,8,1,0.035738597635935065
all_28,mixed,8,9,1,0.04078040083183615
all_28,mixed,8,10,1,0.028423722045900046
all_28,mixed,8,11,1,0.012037619292322832
all_28,mixed,9,0,1,0.07284314671212538
all_28,mixed,9,1,1,0.1446689834146695
all_28,mixed,9,2,1,0.1691363978890571
all_28,mixed,9,3,1,0.13195938116236394
all_28,mixed,9,4,1,0.08132375997217067
all_28,mixed,9,5,1,0.10909191177660693
all_28,mixed,9,6,1,0.07383164373334516
all_28,mixed,9,7,1,0.08452905722653203
all_28,mixed,9,8,1,0.13319185489283675
all_28,mixed,9,9,1,0.00861612869777606
all_28,mixed,9,10,1,0.18427218871029216
all_28,mixed,9,11,1,0.12006799151027808
all_28,mixed,10,0,1,0.06838661109313882
all_28,mixed,10,1,1,0.07134260750973964
all_28,mixed,10,2,1,0.1258663473627799
all_28,mixed,10,3,1,0.04413081423820242
all_28,mixed,10,4,1,0.12249696017556633
all_28,mixed,10,5,1,0.12726146907030444
all_28,mixed,10,6,1,0.0731741014795777
all_28,mixed,10,7,1,0.06539558473741891
all_28,mixed,10,8,1,0.08506050375248186
all_28,mixed,10,9,1,0.09501036205425129
all_28,mixed,10,10,1,0.004501696666385002
all_28,mixed,10,11,1,0.1104163372389998
all_28,mixed,11,0,1,0.06031445523785284
all_28,mixed,11,1,1,0.014832711860228831
all_28,mixed,11,2,1,0.1032032810774538
all_28,mixed,11,3,1,0.1036051973893184
all_28,mixed,11,4,1,0.11149287081878106
all_28,mixed,11,5,1,0.08449161955480944
all_28,mixed,11,6,1,0.047039162506359755
all_28,mixed,11,7,1,0.09529381694941297
all_28,mixed,11,8,0,0.005491002962845881
all_28,mixed,11,9,1,0.020435908226673627
all_28,mixed,11,10,1,0.04979033924665971
all_28,mixed,11,11,1,0.04248993530959333
all_28,mixed,12,0,0,0.002592755932668056
all_28,mixed,12,1,1,0.008562388463758897
all_28,mixed,12,2,1,0.014401572586150713
all_28,mixed,12,3,1,0.062033606653798645
all_28,mixed,12,4,0,0.00576326632670876
all_28,mixed,12,5,1,0.032478697241663856
all_28,mixed,12,6,1,0.06507778761163518
all_28,mixed,12,7,1,0.07404374108221806
all_28,mixed,12,8,1,0.07684981379588307
all_28,mixed,12,9,1,0.05418015035059476
all_28,mixed,12,10,1,0.061771160087842225
all_28,mixed,12,11,1,0.05361179894897483
all_28,mixed,13,0,1,0.04578832227085905
all_28,mixed,13,1,1,0.06795260579831824
all_28,mixed,13,2,1,0.03861897281531579
all_28,mixed,13,3,0,0.01939124972683215
all_28,mixed,13,4,0,0.002587837687710981
all_28,mixed,13,5,1,0.045031800897157304
all_28,mixed,13,6,1,0.04820975360116864
all_28,mixed,13,7,0,0.08383551872421913
all_28,mixed,13,8,1,0.04439138577127011
all_28,mixed,13,9,1,0.021651094749228994
all_28,mixed,13,10,1,0.04132007553659067
all_28,mixed,13,11,0,0.028622999449355757
all_28,mixed,14,0,1,0.03251126588715747
all_28,mixed,14,1,0,0.006184122060530206
all_28,mixed,14,2,1,0.0448646313170028
all_28,mixed,14,3,1,0.019506411829669168
all_28,mixed,14,4,1,0.011303971512440225
all_28,mixed,14,5,1,0.01053450331709438
all_28,mixed,14,6,1,0.026027228754248344
all_28,mixed,14,7,0,0.001219060152205964
all_28,mixed,14,8,1,0.011121735494720397
all_28,mixed,14,9,1,0.029571961740956998
all_28,mixed,14,10,1,0.03135633016909145
all_28,mixed,14,11,1,0.026379817618016776
all_28,mixed,15,0,1,0.030440505202274593
all_28,mixed,15,1,1,0.031189680217226345
all_28,mixed,15,2,1,0.05356082142631524
all_28,mixed,15,3,0,0.04426511892198326
all_28,mixed,15,4,1,0.026487731584207252
all_28,mixed,15,5,1,0.020025603818470017
all_28,mixed,15,6,1,0.026809446887635757
all_28,mixed,15,7,1,0.08819869612124581
all_28,mixed,15,8,1,0.0064483379466336865
all_28,mixed,15,9,1,0.059367997154259
all_28,mixed,15,10,1,0.028224305095222113
all_28,mixed,15,11,1,0.03727458580617338
all_28,mixed,16,0,1,0.013569387735397731
all_28,mixed,16,1,0,0.007770169172951091
all_28,mixed,16,2,1,0.051248198903754205
all_28,mixed,16,3,1,0.0845231711686526
all_28,mixed,16,4,0,0.06325941367411525
all_28,mixed,16,5,1,0.03806249641997672
all_28,mixed,16,6,1,0.058677786356662986
all_28,mixed,16,7,1,0.051969556707276765
all_28,mixed,16,8,1,0.06330304249145852
all_28,mixed,16,9,1,0.028285464978722197
all_28,mixed,16,10,1,0.029003898683827245
all_28,mixed,16,11,1,0.01827518611975254
all_28,mixed,17,0,0,0.002114070091004505
all_28,mixed,17,1,0,0.03671925021449873
all_28,mixed,17,2,1,0.03331892131106856
all_28,mixed,17,3,1,0.007445096305465415
all_28,mixed,17,4,1,0.05257906329101103
all_28,mixed,17,5,1,0.05280691429453227
all_28,mixed,17,6,1,0.005173375623303222
all_28,mixed,17,7,1,0.022510610955661647
all_28,mixed,17,8,1,0.004139399049028936
all_28,mixed,17,9,1,0.03749249383969522
all_28,mixed,17,10,0,0.0526443960844134
all_28,mixed,17,11,1,0.037334382809985245
all_28,mixed,18,0,1,0.06088233698882162
all_28,mixed,18,1,1,0.02138611512192584
all_28,mixed,18,2,1,0.02967990950921573
all_28,mixed,18,3,1,0.02264960709084385
all_28,mixed,18,4,1,0.0048204130948170665
all_28,mixed,18,5,1,0.06617853969896864
all_28,mixed,18,6,1,0.024640521456065434
all_28,mixed,18,7,1,0.015469387757257369
all_28,mixed,18,8,1,0.07003386572940873
all_28,mixed,18,9,1,0.0464897297663861
all_28,mixed,18,10,1,0.06904291099806431
all_28,mixed,18,11,1,0.0027368218627744634
all_28,mixed,19,0,1,0.033550238103611574
all_28,mixed,19,1,1,0.048867070832385284
all_28,mixed,19,2,1,0.0818123921068804
all_28,mixed,19,3,1,0.017528528229136364
all_28,mixed,19,4,1,0.049340080409565834
all_28,mixed,19,5,1,0.062277326600406524
all_28,mixed,19,6,1,0.0741395665046577
all_28,mixed,19,7,1,0.028649806624215346
all_28,mixed,19,8,1,0.03403908431540359
all_28,mixed,19,9,1,0.05850902456917223
all_28,mixed,19,10,1,0.036354269600199884
all_28,mixed,19,11,1,0.08977646951567386
all_28,mixed,20,0,1,0.05048962857999795
all_28,mixed,20,1,1,0.014685127314252089
all_28,mixed,20,2,1,0.0437456728573794
all_28,mixed,20,3,1,0.0485924303552947
all_28,mixed,20,4,1,0.04799202936815683
all_28,mixed,20,5,1,0.0418133409157303
all_28,mixed,20,6,1,0.01478154561352052
all_28,mixed,20,7,1,0.027132149120728033
all_28,mixed,20,8,1,0.02401727270277182
all_28,mixed,20,9,0,0.03669773888281247
all_28,mixed,20,10,1,0.015406622618135413
all_28,mixed,20,11,1,0.03782708967890047
all_28,mixed,21,0,1,0.04400324794241184
all_28,mixed,21,1,1,0.04408838017438654
all_28,mixed,21,2,1,0.04190759519573817
all_28,mixed,21,3,1,0.0524447136607481
all_28,mixed,21,4,1,0.05347017261555109
all_28,mixed,21,5,1,0.06621465523876502
all_28,mixed,21,6,1,0.04552815721336312
all_28,mixed,21,7,1,0.08704606110579816
all_28,mixed,21,8,1,0.07560923583501677
all_28,mixed,21,9,1,0.023262731328858366
all_28,mixed,21,10,1,0.07737383285440091
all_28,mixed,21,11,1,0.036812188991298456
all_28,mixed,22,0,1,0.04935239901185062
all_28,mixed,22,1,1,0.011171359803599623
all_28,mixed,22,2,1,0.06907205177005149
all_28,mixed,22,3,1,0.020402562668219493
all_28,mixed,22,4,1,0.0426055584761561
all_28,mixed,22,5,0,0.002702243593539211
all_28,mixed,22,6,1,0.02892180646828374
all_28,mixed,22,7,1,0.03530863206274626
all_28,mixed,22,8,1,0.027311225834409814
all_28,mixed,22,9,1,0.03722388043812275
all_28,mixed,22,10,1,0.03527962926808803
all_28,mixed,22,11,1,0.01092406964324344
all_28,mixed,23,0,1,0.0394989712079421
all_28,mixed,23,1,1,0.028175968032142285
all_28,mixed,23,2,1,0.05596246672798327
all_28,mixed,23,3,1,0.026001434883218266
all_28,mixed,23,4,1,0.038194785406413856
all_28,mixed,23,5,1,0.028895542047821188
all_28,mixed,23,6,1,0.0382481439932445
all_28,mixed,23,7,1,0.0395723184286374
all_28,mixed,23,8,1,0.012673230613502784
all_28,mixed,23,9,1,0.021156197406624888
all_28,mixed,23,10,1,0.053012726391157505
all_28,mixed,23,11,1,0.012280858355504298
