t,bad,disagreement,threshold,flag,raw_error,filtered_error
0,0,0.3573906387290523,1.0,0,0.00031152958749736115,0.10690566203121821
1,0,0.6391355880001113,1.0,0,0.028332936646901175,0.2200736130469345
2,0,0.8915129620113088,1.0,0,0.0,0.26745388860339264
3,0,0.8292333932183557,1.0,0,0.04475957043135182,0.20401044753415487
4,0,1.0006153599309902,1.0,1,0.0017319521099361523,0.998883407821054
5,0,0.6638275691524768,1.0,0,0.007300506461516365,0.19184776428422656
6,1,1.3684199232088463,1.0,1,2.1177879932288404,0.7493680700199941
7,0,0.4972097792014365,1.0,0,0.020361990835646937,0.12880094292478383
8,0,0.8487582432986043,1.0,0,0.0,0.25462747298958127
9,1,1.5435840571924706,1.0,1,2.463577390977095,0.9199933337846244
10,0,0.9837084195506909,1.0,0,0.01968681286377638,0.27542571300143087
11,0,0.7893609087251193,1.0,0,0.007775102264406773,0.22903317035312898
12,0,1.090073914058731,1.0,1,0.04637175051591628,1.1364456645746472
13,0,0.9654387998817591,1.0,0,0.022055932227511475,0.3116875721920392
14,0,0.5642904938200058,1.0,0,0.04565036499600239,0.12363678314999937
15,1,0.9981380624494861,1.0,0,0.6313620150484345,0.3319205963135886
16,0,1.0866550228608691,1.0,1,0.041530670100138514,1.0451243527607306
17,0,0.8198539596229635,1.0,0,0.0,0.24595618788688903
18,0,0.7895391385555279,1.0,0,0.005949084064208708,0.2428108256308671
19,0,0.09896958145427615,1.0,0,0.06724309291778474,0.03755221848150203
20,0,0.5272275496913114,1.0,0,0.012703523370896308,0.17087178827828964
21,0,0.5127734300799862,1.0,0,0.006405546229237169,0.14742648279475867
22,0,0.13418104158899702,1.0,0,0.009964545267248104,0.050218857743947076
23,0,0.45996823325972147,1.0,0,0.09916007067708899,0.2371505406550054
24,0,0.8757930089324666,1.0,0,0.06994691812010247,0.3326848207998424
25,0,0.1672322028844383,1.0,0,0.02206018239783636,0.07222984326316784
26,0,0.596112631095042,1.0,0,0.0,0.1788337893285126
27,0,0.4374603721968868,1.0,0,0.03193537872735419,0.16317349038642015
28,0,0.8558535984789201,1.0,0,0.02309022027957513,0.2798462998232511
29,0,0.41516797412333944,1.0,0,0.036035908328867126,0.16058630056586895
30,0,0.8870944976639195,1.0,0,0.0,0.26612834929917584
31,0,0.03109065500657926,1.0,0,0.03679862549946655,0.027471428997492664
32,0,0.5073298246511969,1.0,0,0.004229731036860647,0.1479692163584984
33,1,1.1367808106019415,1.0,1,0.8096857764348915,0.32709503416705
34,0,0.6518268292944307,1.0,0,0.0,0.1955480487883292
35,0,0.36977898584815194,1.0,0,0.028190667407955464,0.08274302834649011
36,0,0.6154053879913125,1.0,0,0.02797719774959331,0.21259881414698706
37,0,0.2616111777101833,1.0,0,0.005087438902076746,0.07339591441097815
38,0,0.24862278092556434,1.0,0,0.007079626726617216,0.08166646100428643
39,1,0.7417282747866786,1.0,0,0.6154456352283366,0.39292715279233303
40,1,0.6956117032092545,1.5906752554234584,0,0.5035366202133632,0.2948531092505869
41,0,0.5022138755940211,1.5676521046172924,0,0.11251235258454684,0.2631765152627532
42,0,0.30274124393223056,1.5815773027822164,0,0.012761548475918705,0.07806082470375086
43,1,1.1481337094662452,1.5911099266878452,0,1.1014187152087405,0.7569786023688669
44,0,0.14168976280715162,1.628492946923322,0,0.05893606903577475,0.1014429978779201
45,1,0.3299780724909469,1.6250349292490405,0,0.3563450975485136,0.25735167580122964
46,0,0.0351396574087417,1.6684866017892848,0,0.03201560685738247,0.042557504080005026
47,1,0.7256126749881027,1.6250349292490405,0,0.7026782081183165,0.48499440562188567
48,1,0.8779325112259395,1.628492946923322,0,0.7114607609092707,0.44808100754148894
49,0,0.2901072074243425,1.6294727888261749,0,0.01762292875913407,0.10465509098643677
50,0,0.00012638072349147045,1.6684866017892848,0,0.08388771924332916,0.08392563346037663
51,0,0.4811923351845243,1.6820184226908628,0,0.054932864954178796,0.19929056550953606
52,0,0.39250013726794053,1.686501007588748,0,0.03839848845084843,0.15614852963123058
53,0,0.43432440807046846,1.6403928185983927,0,0.037932072537386285,0.09236524988375416
54,0,0.08018745426759455,1.6743742654563873,0,0.06164590171981266,0.03758966543953435
55,0,0.5987770072747528,1.6554487647461171,0,0.022642025478873968,0.15699107670355186
56,0,0.5506497330551177,1.644919459403446,0,0.04023368887627884,0.12496123104025644
57,0,0.9955037031718197,1.6554487647461171,0,0.044211149071791134,0.25443996187975504
58,0,0.011927057698607024,1.6743742654563873,0,0.03975456343673289,0.03617644612715076
59,1,1.9470279047407866,1.6889772472265738,1,2.3523770859673383,0.4053491812265517
60,0,0.14458280793255152,1.7009158528170496,0,0.010516903964167712,0.05389174634393323
61,0,0.46804680197662296,1.7097870948059546,0,0.0,0.14041404059298687
62,1,2.0466218464652353,1.7009158528170496,1,2.543205990539421,0.49658414407418583
63,0,0.39625294407212597,1.7097870948059546,0,0.0013117252266237403,0.11756415799501405
64,0,0.39827365391367087,1.6641468045143872,0,0.11410396673934486,0.005378129434756351
65,1,2.492474988541987,1.7097870948059546,1,2.973600771822287,0.4811257832803002
66,0,0.5064780676227623,1.6641468045143872,0,0.0,0.15194342028682867
67,0,0.3895199238807934,1.6570378134511072,0,0.03220969243254991,0.1490656695967879
68,0,0.6427919318154579,1.6500588151741296,0,0.055655353444984595,0.13718222609965278
69,0,0.041307206606740365,1.6570378134511072,0,0.006029392170769476,0.006362769811252722
70,0,0.23558889777517367,1.6681960060016845,0,0.06819344973910368,0.1388701190716557
71,0,0.47090480005575586,1.6347311853022455,0,0.0,0.14127144001672676
72,0,0.19185270362396678,1.6298796336491286,0,0.031230311631028407,0.026325499456161472
73,0,0.5865566386214858,1.6347311853022455,0,0.023611084898877588,0.1995780764853233
74,0,0.491074322219191,1.616160553591556,0,0.013176143243181055,0.16049843990893836
75,0,0.5689526777515954,1.5788856836310192,0,0.04658577527685542,0.21727157860233406
76,0,0.46572718803419577,1.6154206716611776,0,0.04078076243484389,0.09893739397541484
77,1,0.9563724365057601,1.5788856836310192,0,0.9533482109523123,0.6664364800005842
78,0,0.5709073089045136,1.5797914370611763,0,0.05372725837010666,0.1175449343012474
79,0,0.6700258643233251,1.5678914467134626,0,0.02357899353937054,0.177428765757627
80,0,0.4476642518388673,1.5423506956008608,0,0.04277396189712513,0.1770732374487853
81,0,0.16478580681245192,1.575213745221159,0,0.07997789125541876,0.12941363329915423
82,0,0.784446167054246,1.5423506956008608,0,0.05661673253170285,0.1787171175845712
83,0,0.594290269766347,1.520487826344083,0,0.004295821857694618,0.18258290278759873
84,0,0.08397075081477556,1.5423506956008608,0,0.04959955291558593,0.07479077816001856
85,0,0.2881889571137749,1.575213745221159,0,0.004873383043461632,0.09133007017759409
86,0,0.23405397739621903,1.5950182028577142,0,0.08417755597797216,0.013961362759106533
87,0,0.06336395913915327,1.6052218584477589,0,0.0869517809227982,0.06794259318105222
88,0,0.1276217839256768,1.6093408881817546,0,0.08028168176859962,0.11856821694630248
89,0,0.3937323524156533,1.568360884393121,0,0.01150646920937621,0.1296261749340722
90,0,0.4354521981614191,1.527380880604488,0,0.048615296045662046,0.17925095549408776
91,0,0.4655280551696385,1.5034583487928361,0,0.014905716571109076,0.15456413312200062
92,0,0.12051498750122924,1.522993241659053,0,0.002340962686151027,0.038495458936519844
93,0,0.38167083172803296,1.5009003742642484,0,0.037441700336774124,0.15194294985518397
94,0,0.06425386179647785,1.5010271945452391,0,0.005852637915698344,0.013423520623245144
95,0,0.47203690652305447,1.4962662300535854,0,0.044764519261504744,0.09684655269541159
96,0,0.44728222110854654,1.475249692880046,0,0.009392302853554205,0.14357696918611815
97,0,0.008398869849146728,1.4864062003603218,0,0.02560943772300639,0.023089776768262293
98,0,0.3720690653546944,1.4647128465817185,0,0.02437107878237954,0.08724964082402864
99,0,0.2693850303669788,1.445151030852602,0,0.0008199376041699846,0.0816354467142636
100,0,0.14971709815144174,1.4466578256686597,0,0.044038719972200546,0.08895384941763296
101,0,0.5741155339349686,1.445151030852602,0,0.0,0.17223466018049058
102,0,0.24063102696395589,1.4466578256686597,0,0.08067470434871693,0.008485396259530154
103,0,0.24980871955912476,1.420615155725668,0,0.03563638713335471,0.03930622873438261
104,0,0.13664050095482572,1.400162639790543,0,0.047329408782536886,0.0063372584960892375
105,0,0.23179893907477256,1.4158510954111967,0,0.0379247423887461,0.03161493933368553
106,0,0.6774507673492149,1.400162639790543,0,0.0004869036959152667,0.20372213390067975
107,0,0.2141423953366659,1.4158510954111967,0,0.016922839663817246,0.04731987893718248
108,0,0.7124635505314587,1.4326716574991492,0,0.012939092855702397,0.22667815801513996
109,0,0.2617506315168081,1.4158510954111967,0,0.028144483668165465,0.10666967312320774
110,1,1.4768281838294182,1.4326716574991492,1,2.2009905149730407,0.7241623311436224
111,0,0.15311827057783178,1.4402214038271204,0,0.055611091106494315,0.009675609933144869
112,0,0.3382104944091896,1.4268398600962833,0,0.03842284775373457,0.13988599607649144
113,0,0.47772607118679433,1.4158510954111967,0,0.012494331378197866,0.15581215273423615
114,0,0.12714429787875514,1.4268398600962833,0,0.06902410274339199,0.10716739210701842
115,1,1.0639867075850344,1.4402214038271204,0,0.8228057537464374,0.5036097414709271
116,0,0.39703779892788904,1.4268398600962833,0,0.01139652946054677,0.13050786913891346
117,1,2.995861463639751,1.4402214038271204,1,3.6737899343739233,0.6779284707341717
118,0,0.5969820317272123,1.4326716574991492,0,0.013076162424538795,0.1921707719427025
119,0,0.6683941679503399,1.4307368933807914,0,0.03860710888430916,0.23912535926941114
120,1,0.8691060299527014,1.4521912257207128,0,0.5985432314210635,0.3378114224352531
121,0,0.21926017881476034,1.454240099352576,0,0.008535616317502437,0.05724243732692558
122,0,0.3961408692740885,1.4326716574991492,0,0.023366152646819485,0.14220841342904603
123,0,0.351552175980198,1.4158510954111967,0,0.0176426170892061,0.12310826988326548
124,0,0.28411332240844,1.4037302242588114,0,0.08811337030778432,0.17334736703031695
125,0,0.3078728286976281,1.397268038945108,0,0.04486052447757105,0.04750132413171748
126,0,0.5425854244799703,1.3936638517105373,0,0.010226452258515345,0.1730020796025064
127,1,2.0029904588012237,1.3992630912183237,1,2.4240845104921145,0.42109405169089076
128,1,0.7142886222239125,1.400162639790543,0,0.7550259522459916,0.5407393655788179
129,0,0.2006385901106793,1.4158510954111967,0,0.07778109928717702,0.017589522253973255
130,0,0.6779093871693997,1.400162639790543,0,0.0350270019246155,0.23839981807543564
131,0,0.3870212109948315,1.3992630912183237,0,0.10056009770457236,0.21666646100302178
132,0,0.07782528868118366,1.4037302242588114,0,0.09242656850251763,0.06907898189816253
133,0,0.6173504455472876,1.3992630912183237,0,0.0,0.18520513366418626
134,0,0.6125547338648905,1.3994956491134032,0,0.0016746734996413645,0.18209174665982575
135,0,0.300795713850754,1.394118168746607,0,0.018826423723439234,0.07141229043178687
136,0,0.3835224616773838,1.3887406883798106,0,0.03942820765703286,0.154484946160248
137,0,0.5353359578156005,1.3671589328445806,0,0.053796614030202,0.10680417331447814
138,0,0.3496284615763481,1.3397453799064842,0,0.0006327069855620593,0.10552124545846642
139,0,0.8677810587358836,1.3671589328445806,0,0.011755300229116195,0.2720896178498817
140,0,0.8058321762906795,1.3945724857826765,0,0.0038100255668602756,0.24555967845406457
141,0,0.421957910514869,1.3671589328445806,0,0.0,0.1265873731544607
142,0,0.5445337044593952,1.3455771773093503,0,0.05250365363035758,0.2158637649681765
143,0,0.31925281448190207,1.342371822708735,0,0.0016761947947682848,0.09745203913933892
144,0,0.4203117326986062,1.3391664681081188,0,0.01390028147052292,0.11219323833905895
145,0,0.9057599922362689,1.342371822708735,0,0.007893956681631842,0.26383404098924945
146,1,1.1088856933464024,1.3455771773093503,0,0.8395917493463549,0.5069260413424342
147,0,0.04166157236482515,1.3671589328445806,0,0.010882047237129155,0.0016164244723184673
148,0,0.09691870658832558,1.3887406883798106,0,0.01930245644012407,0.04837806841662173
149,0,0.3910873898551836,1.3580628220147806,0,0.028687380503224308,0.14601359745977938
150,0,0.5391345887415784,1.3397453799064842,0,0.04956268138400987,0.11217769523846363
151,0,0.4864804922206766,1.342371822708735,0,0.027562275091883914,0.11838187257431909
152,0,0.08046659869382378,1.3397453799064842,0,0.07173197016204091,0.09587194977018787
153,0,0.42331213763024306,1.33379420017872,0,0.035997342573872305,0.09099629871520062
154,1,1.4905089380937246,1.3397453799064842,1,0.7699524677242378,0.7205564703694869
155,0,0.5016879375828038,1.342371822708735,0,0.07260917737232031,0.22311555864716137
156,0,0.4582857738863554,1.3391664681081188,0,0.061634543000038455,0.07585118916586808
157,1,2.987822601206518,1.342371822708735,1,3.5948648552703357,0.6070422540638178
158,0,0.35448912113834297,1.3391664681081188,0,0.053752831043161,0.16009956738466388
159,0,0.7704147280713696,1.342371822708735,0,0.08634086816424169,0.14478355025716905
160,0,0.2169148422062439,1.3397453799064842,0,0.01759545518623362,0.04747899747563977
161,1,0.5324602945015413,1.342371822708735,0,0.41096415261475705,0.2512260642642946
162,0,0.1383739389098546,1.3397453799064842,0,0.05704224735251273,0.09855442902546918
163,0,0.40949292445563723,1.33379420017872,0,0.04900673247977705,0.07384114485691406
164,0,0.5006927157143948,1.3391664681081188,0,0.03929987069169516,0.11090794402262327
165,1,0.8229937673468898,1.342371822708735,0,0.5704976857585854,0.32359955555451847
166,1,1.3233810169997038,1.3455771773093503,0,0.6897709113111091,0.29275660621119803
167,0,0.47322283190691183,1.348342238265846,0,0.0,0.14196684957207353
168,0,0.23328622241150798,1.3455771773093503,0,0.046528604001317087,0.11651447072476939
169,0,0.3953298984252729,1.342371822708735,0,0.024550973631689267,0.14314994315927113
170,0,0.5299037120827688,1.344998265510985,0,0.06277932416520736,0.09619178945962327
171,1,1.2857981557771228,1.348342238265846,0,1.0446292374545008,0.658889790721364
172,0,0.531487923967085,1.3511072992223416,0,0.049512398315444746,0.10993397887468076
173,0,0.38161228908431344,1.3364297800777285,0,0.02164170808198662,0.09284197864330745
174,0,0.314152105473807,1.3266753692606146,0,0.014469881924530359,0.0797757497176117
175,0,0.540217234222774,1.323854848145225,0,0.04070984276391825,0.12135532750291395
176,0,0.07482758120996902,1.3266753692606146,0,0.015814963565134788,0.006633310797856007
177,0,0.3036124345673633,1.3275072318511807,0,0.024601279851658497,0.11568501022186739
178,0,0.4983723866346014,1.3247715099734778,0,0.04855051677653718,0.10096119921384325
179,0,0.21256584733854256,1.3275072318511807,0,0.07149430706519277,0.007724552863629608
180,0,0.9402384115725428,1.3266753692606146,0,0.0,0.28207152347176284
181,0,0.4863251971441512,1.323854848145225,0,0.0015957469258329072,0.14749330606907826
182,0,0.5903313079081781,1.321034327029836,0,0.09214261163372983,0.08495678073872359
183,0,0.37574503050297525,1.3196315868047916,0,0.0714869389800008,0.1842104481308934
184,0,0.7510784117101785,1.321034327029836,0,0.02663631659048403,0.25195984010353756
185,0,0.1619615313453825,1.323854848145225,0,0.033815065851438564,0.08240352525505323
186,0,0.3412745877245097,1.3247715099734778,0,0.06243816703358688,0.1648205433509398
187,0,0.2617381532893235,1.3275072318511807,0,0.03440302330556433,0.04411842268123278
188,0,0.5631253799928846,1.3247715099734778,0,0.021667601844643426,0.1906052158425088
189,1,1.5550176262740045,1.323854848145225,1,2.094493150511665,0.5394755242376603
190,0,0.6690754174605029,1.321034327029836,0,0.01762696255067464,0.18309566268747623
191,0,0.5180415667259095,1.3148907727344503,0,0.038388188431364545,0.11702428158640829
192,0,0.5748265611471705,1.3068433591519277,0,0.006395019244230485,0.16605294909992066
193,0,0.6754183804963315,1.2971632714992256,0,0.04309042264708371,0.15953509150181572
194,1,0.6470117487868061,1.2959201907411613,0,0.3046993648583344,0.11059584022229252
195,0,0.602403306589341,1.288784577766663,0,0.003138967924557506,0.1838599599013598
196,1,1.903846542016638,1.3008851647881985,1,2.508048756493952,0.6042022144773139
197,0,0.17488085295418188,1.2926822308849948,0,0.013679910239670079,0.038784345646584395
198,0,0.40703532356839545,1.2959201907411613,0,0.0,0.12211059707051863
199,0,0.48214691139357546,1.2901976188358129,0,0.016803883951322374,0.16144795736939488
200,0,0.35978632084798345,1.2874831838465233,0,0.09704760375995791,0.010888292494437568
201,1,0.6321639864219215,1.2854226549188197,0,0.6710026742403683,0.4813534783137918
202,0,0.7476418554340399,1.2873248391162257,0,0.0,0.22429255663021197
203,0,0.42057603791197584,1.2854226549188197,0,0.042731470350581,0.0834413410230117
204,0,0.5571121401748214,1.2844750469304644,0,0.0014461217173331008,0.16857976376977948
205,0,0.15976237640551838,1.2854226549188197,0,0.08518697683333099,0.03725826391167553
206,0,0.5472039689014595,1.2844750469304644,0,0.014690236534212406,0.17885142720465025
207,0,0.5009313746237685,1.2821100762177466,0,0.0010712682782953893,0.15135068066542592
208,0,0.2760524438374148,1.2844750469304644,0,0.020641903015459193,0.06217383013576523
209,0,0.045657639829072005,1.2854226549188197,0,0.017734117736010857,0.0040368257872893665
210,0,0.003770073187846945,1.2874831838465233,0,0.10203849188337921,0.10090746992702515
211,0,0.10879651136866553,1.2916717852352104,0,0.004334905055800808,0.03697385846640033
212,0,0.54576733477987,1.2874831838465233,0,0.029466446147421506,0.13426375428653953
213,1,2.1480698656504527,1.2901976188358129,1,2.54451366792399,0.39644380227353754
214,1,1.6939511481406349,1.2929120538251024,1,2.3060280054165565,0.6120768572759216
215,1,1.069323647115675,1.2941050019522122,0,1.1609262043379789,0.8401291102032764
216,0,0.6194777763172353,1.3008851647881985,0,0.0067834673452784044,0.19262680024044898
217,0,0.07826210714812243,1.2941050019522122,0,0.0743825263255038,0.05090389418106689
218,0,0.05696125511877692,1.2948159131122394,0,0.06682460377961152,0.08391298031524452
219,1,1.4383652339178759,1.30654614944662,1,0.934771004595579,0.5035942293222968
220,1,1.8981818295630002,1.3257674597770142,1,2.4848479546149105,0.5866661250519103
221,1,2.778071876218375,1.3405294950878164,1,3.5532045443769347,0.7751326681585597
222,1,1.315171612590615,1.35464685705334,0,0.9315429034848765,0.5369914197076919
223,1,0.7099821435493969,1.359635539622499,0,0.37453611284111776,0.16154146977629869
224,0,0.9025337281461249,1.383694496787891,0,0.0,0.27076011844383746
225,0,0.3009459817958726,1.359635539622499,0,0.017358203168977848,0.07292559136978438
226,1,0.7934852247112352,1.383694496787891,0,0.38286509317041323,0.1448195257570427
227,1,1.5492517829688142,1.3948280439004923,1,2.20476242263028,0.6555106396614663
228,0,0.4059208214571432,1.383694496787891,0,0.040072729581530596,0.16184897601867357
229,0,0.4477549248390146,1.359635539622499,0,0.0529237793343833,0.08140269811732107
230,0,0.35940534391717316,1.35464685705334,0,0.009929599948298673,0.11775120312345067
231,0,0.4030916671899626,1.3405294950878164,0,0.06435589116956329,0.18528339132655205
232,0,0.4108002654786692,1.3257674597770142,0,0.00475917508243473,0.12799925472603546
233,0,0.28253552990413017,1.3182806291000468,0,0.0413636171354259,0.04339704183581315
234,1,1.992197045072412,1.3323173182443055,1,2.635973853055416,0.6437768079830041
235,0,0.31065783144517134,1.3182806291000468,0,0.009239935198853244,0.08395741423469816
236,0,0.13600743174484764,1.31079379842308,0,0.032643432380811355,0.008158797142642893
237,0,0.3740471456271475,1.3050602245223537,0,0.045856311155794686,0.06635783253234956
238,0,0.0381338354981251,1.3058765090889188,0,0.038908127853154006,0.0274679772037163
239,1,2.198243064004325,1.3217917065195166,1,2.6058992134173025,0.40765614941297734
240,1,2.258812194952024,1.3377069039501142,1,2.521632653850419,0.2628204588983948
241,1,1.0223573002815745,1.3550941866714286,0,0.8985432672781692,0.591836077193697
242,0,0.35991781628605235,1.3377069039501142,0,0.03416448131985561,0.07381086356596045
243,0,0.3030111669567505,1.3217917065195166,0,0.015774718608633675,0.07512863147839147
244,0,0.6806154574255077,1.31079379842308,0,0.036341864611872055,0.1678427726157805
245,0,0.33030986585526523,1.3079443953295218,0,0.03309473732495632,0.06599822243162325
246,0,0.14440502735774619,1.3090577053610737,0,0.09891621290203245,0.05559470469470873
247,0,0.36747342031168484,1.308902461900069,0,0.013414013755720822,0.12365603984922625
248,1,2.1822704532040067,1.3090577053610737,1,2.5029230974796137,0.320652644275607
249,1,2.484973274503036,1.3217917065195166,1,2.7794975747519586,0.29452430024892295
250,0,0.4748424781064286,1.3090577053610737,0,0.038782222335086936,0.10367052109684163
251,1,2.260326919078337,1.3217917065195166,1,2.612177512227619,0.3518505931492817
252,0,0.4096126345852007,1.3090577053610737,0,0.0528317145570251,0.07005207581853509
253,0,0.26566825943411676,1.3191905279896483,0,0.04619880556828951,0.12589928339852452
254,0,0.2965313212111916,1.3149339182097266,0,0.00479023388257159,0.0841691624807859
255,1,1.7577679447914947,1.3191905279896483,1,2.4150813166197973,0.6573133718283024
256,0,0.11872925555973235,1.3199808737718401,0,0.01921210796512285,0.016406668702796834
257,0,0.37634911959827944,1.3189075507065997,0,0.0032041719930212473,0.1097005638864626
258,1,2.1250626200576486,1.3199808737718401,1,2.3759781126273674,0.2509154925697189
259,0,0.20379152004051015,1.3298547495463762,0,0.05750503666775697,0.003632419344395954
260,0,0.4576268740547758,1.3277580230382517,0,0.020160060897051524,0.11712800131938121
261,0,0.2691276144005448,1.3241207003774975,0,0.06493831149490248,0.14567659581506653
262,0,0.0392292999793753,1.3229381863169727,0,0.028002502919258765,0.039771292913071354
263,0,0.318315906089172,1.323854848145225,0,0.048783585685715405,0.046711186141036184
264,0,0.07786129314511814,1.3266753692606146,0,0.037827197846782235,0.014468809903246838
265,0,0.39036055017251114,1.3261872492982996,0,0.044648669310831224,0.16175683436258437
266,0,0.006994726041141264,1.3283390944417466,0,0.042442944212288114,0.04454136202463055
267,0,0.4213702940088849,1.3281052787880474,0,0.0332677332421227,0.15967882144478815
268,0,0.2959773264129928,1.3244441197630432,0,0.08156288311232895,0.1703560810362268
269,0,0.22522017493871674,1.3184955296164662,0,0.05742039516606501,0.12498644764768002
270,1,2.053775003451588,1.3244959203792355,1,2.3238447773708595,0.27006977391927184
271,0,0.0748723874284789,1.3187849855156488,0,0.10813653641883492,0.13059825264737857
272,1,0.9882209662566204,1.3250230315614087,0,0.6266097527101577,0.33014346283317164
273,1,0.9033431450483119,1.33212065014286,0,0.7558836195614257,0.4848806760469321
274,0,0.3794852775753612,1.3250230315614087,0,0.013683767237581905,0.10016181603502644
275,0,0.36361550765077577,1.3187849855156488,0,0.004727344153926512,0.1043573081413062
276,0,0.2223422289317014,1.3138323482197327,0,0.03649990085286259,0.10320256953237283
277,0,0.3205320755630422,1.3133536330036188,0,0.047899372095460246,0.0482602505734524
278,0,0.6815225633174283,1.3138323482197327,0,0.01121177102250892,0.19324499797271955
279,0,0.20549085465525424,1.3253390321957825,0,0.09686487974517949,0.15851213614175574
280,0,0.17199747557451706,1.3368457161718326,0,0.08012844744459291,0.13172769011694796
281,0,0.2178681869984077,1.346164732122384,0,0.03934182663624497,0.026018629463277376
282,0,0.390386923479452,1.3324033705747347,0,0.054121957152118906,0.06299411989171669
283,0,0.1071561445474295,1.3338122508767667,0,0.024719402939957225,0.05686624630418602
284,0,0.587959078859589,1.3324033705747347,0,0.0,0.1763877236578767
285,1,3.5943996522539416,1.346164732122384,1,4.149391582866689,0.5549919306127471
286,1,2.2938366365107665,1.3452827230664706,1,2.5885352071138303,0.2946985706030639
287,0,0.16430391902629227,1.3491850519441568,0,0.001362205125413407,0.04792897058247436
288,0,0.01798318604504745,1.354366271760116,0,0.015568323010124452,0.010173367196610217
289,1,2.343176999621545,1.352844817235066,1,2.6532487264309816,0.31007172680943673
290,0,0.09738008103931264,1.362803278654754,0,0.08007355550618178,0.10928757981797557
291,0,0.09203244347284459,1.3658116807862974,0,0.03899954877366271,0.06660928181551609
292,0,0.3878491128177,1.361835722970374,0,0.0,0.11635473384531
293,0,0.09640814976400292,1.3649248647121661,0,0.009815782447200272,0.0387382273764012
294,0,0.08909165796381269,1.370181557090115,0,0.0821446133950009,0.05541711600585708
295,0,0.20424978810990102,1.3619117154538918,0,0.007203310181610023,0.06847824661458035
296,0,0.26418067111778565,1.363694353262197,0,0.08098556670199009,0.0017313653666544138
297,0,0.17232660493240393,1.365251250001424,0,0.043056545764728726,0.09475452724444988
298,0,0.3783147192129489,1.3639800892741012,0,0.028377268096761263,0.14187168386064591
299,0,0.14408899197693836,1.3659960609072985,0,0.02577779456775997,0.017448903025321538
300,0,0.30779047607242416,1.3659960609072985,0,0.03852820675050139,0.13086534957222862
301,0,0.2563973661541116,1.358740079508567,0,0.03860668652003635,0.11552589636626981
302,1,1.2818716094625229,1.358740079508567,0,0.7820836712865163,0.3975221884477595
303,1,1.8616340663231212,1.358740079508567,1,2.2686739451255002,0.4070398788023789
304,0,0.14879134059860966,1.334313078860776,0,0.03863002766872781,0.00600737451085509
305,0,0.28942832715489164,1.323627947740233,0,0.0036375570935802586,0.09046605524004775
306,1,2.0621962788583152,1.323627947740233,1,2.31997903334078,0.2577827544824648
307,0,0.5119738653757219,1.323627947740233,0,0.03849099184863043,0.11510116776408613
308,0,0.11478162334267816,1.3065140971102376,0,0.028780447081589777,0.005654039921213716
309,0,0.35616793491813326,1.2746624513461335,0,0.021552407412391533,0.1284027878878315
310,0,0.22773853440774783,1.2647928867631173,0,0.10234602527627823,0.17066758559860262
311,0,0.38221205909600986,1.25194718001378,0,0.1128156021971014,0.2274792199259048
312,0,0.09769440869775092,1.2511556906653283,0,0.07478029228022365,0.04547196967089828
313,1,2.273436388437529,1.2511556906653283,1,2.4054223744289267,0.13198598599139766
314,1,2.058200856896861,1.2585072075589954,1,2.3975435341096185,0.3393426772127577
315,0,0.17569710348191728,1.2494460566205332,0,0.06336320287959166,0.11607233392416683
316,0,0.3720157136977249,1.2399488574237283,0,0.0434050538587063,0.0681996602506112
317,0,0.4823629592880649,1.2326813433949524,0,0.023144525705285794,0.12156436208113366
318,0,0.34961499601163804,1.2106393864621627,0,0.014313432620435097,0.0905710661830563
319,1,1.8143877729432485,1.2249479411901745,1,2.2501141823296993,0.43572640938645096
320,0,0.07818462021706568,1.2183727886669407,0,0.07599446255392962,0.09944984861904933
321,0,0.3977295109652398,1.2154468086329215,0,0.01647727867477158,0.10284157461480034
322,0,0.27846699585006013,1.2096922070125506,0,0.04919660065549563,0.13273669941051366
323,0,0.5750943087719964,1.2096922070125506,0,0.05134056853125088,0.12118772410034803
324,0,0.1854928753887612,1.2083673234870542,0,0.004895830322261235,0.050752032294367116
325,0,0.22285321907359962,1.2008766595948162,0,0.05760851730398105,0.12446448302606092
326,0,0.17389998130317905,1.20484520971594,0,0.03936644817570088,0.0915364425666546
327,0,0.2722504966522854,1.2024200045680513,0,0.037700574397395326,0.11937572339308093
328,0,0.8087856715556212,1.2024200045680513,0,0.05467078374703149,0.18796491771965496
329,0,0.17988551004047293,1.2132815586094559,0,0.058607762275848074,0.004642109263706118
330,0,0.3392553665490776,1.1997476751196505,0,0.02498712991744112,0.07678948004728214
331,1,2.1461818696218087,1.2076944298130052,1,2.458291111731216,0.31210924210940694
332,1,0.7544526565254766,1.2132815586094559,0,1.0226621570037218,0.7963263600460788
333,1,1.009826607450786,1.2132815586094559,0,0.9177808595465401,0.6148328773113043
334,0,0.36611892767430276,1.1997476751196505,0,0.02407649754220462,0.13391217584449544
335,0,0.1623637797281412,1.203274882019398,0,0.06561182218670757,0.11432095610514992
336,0,0.32743820893491926,1.1987540519806603,0,0.04206136836117946,0.14029283104165513
337,0,0.29188571185219825,1.1987540519806603,0,0.03166734692660955,0.05589836662905001
338,0,0.4416468170775621,1.1997476751196505,0,0.08405125301846934,0.21654529814173795
339,1,0.7400210595131753,1.1997476751196505,0,0.7427814104066921,0.5207750925527395
340,1,0.9520361218197892,1.1997476751196505,0,0.7464243091279301,0.46081347258199334
341,0,0.06664705118377279,1.200091764483819,0,0.036720770536954106,0.01672665518182226
342,1,0.008153763810589854,1.2075873114989235,0,0.14989194503169578,0.15233807417487277
343,0,0.3183902251683365,1.1989669680696537,0,0.04316172884992143,0.13867879640042238
344,0,0.15016757023640737,1.1989669680696537,0,0.08432365672460951,0.1293739277955317
345,0,0.4856951259843094,1.200091764483819,0,0.045205036646859265,0.19091357444215204
346,1,1.5548090628356337,1.203274882019398,1,2.2243015766838083,0.6694925138481744
347,0,0.30584525287428793,1.1987540519806603,0,0.0,0.09175357586228637
348,0,0.18512581518175653,1.1962886597312392,0,0.03544324820285816,0.02009449635166871
349,1,1.8934753232710588,1.200091764483819,1,2.2643533955884205,0.37087807231736164
350,0,0.4347395997288046,1.1997476751196505,0,0.0,0.13042187991864138
351,1,2.1167841052952787,1.203274882019398,1,2.4652865135038993,0.34850240820862066
352,0,0.05688739997514447,1.2085405586003914,0,0.0058071033113773485,0.01125911668116597
353,0,0.2624325372976951,1.2075873114989235,0,0.0,0.07872976118930854
354,0,0.6827133752413215,1.2085405586003914,0,0.0,0.20481401257239643
355,0,0.24364490563883842,1.200091764483819,0,0.05117432380816675,0.02191914788348477
356,1,0.8445633979028806,1.2075873114989235,0,0.8030271857590796,0.5496581663882154
357,0,0.23945539330358034,1.1989669680696537,0,0.014685239754497648,0.08652185774557175
358,0,0.06079566010892279,1.1989669680696537,0,0.03353504355816317,0.05177374159083992
359,0,0.43982066973238376,1.1962886597312392,0,0.060875268245077045,0.19282146916479218
360,0,0.35460675624854243,1.19309187503169,0,0.054687438651992215,0.161069465526555
361,0,0.11954929802580105,1.1939784918377243,0,0.0031892771064288006,0.039054066514168984
362,0,0.3921979884444316,1.1916010585478634,0,0.0,0.11765939653332948
363,1,1.964091236858915,1.1931330869169134,1,2.209481881962575,0.24539064510365988
364,1,2.2103609796441384,1.1986378092528263,1,2.4909625439834957,0.2806015643393575
365,1,1.7430180367599613,1.1986378092528263,1,2.205444603839875,0.46242656707991364
366,0,0.47222504954072947,1.1986378092528263,0,0.03505675711186614,0.10661075775035267
367,0,0.23509371548851354,1.1986378092528263,0,0.0026935116457082395,0.07322162629226228
368,0,0.4864110307849931,1.1931330869169134,0,0.025205719744571243,0.17112902898006918
369,0,0.3053445778903586,1.1916010585478634,0,0.02202926219993929,0.06957411116716827
370,0,0.2971964904197924,1.1916010585478634,0,0.0,0.08915894712593772
371,0,0.26699785378898433,1.1890178674318794,0,0.007565969642369043,0.08766532577906434
372,0,0.40325403325813963,1.1892709263255465,0,0.012067823306729394,0.13304403328417128
373,0,0.010075878622632484,1.1853975861866037,0,0.04014097360150215,0.043163737188291806
374,0,0.23591711435848028,1.1773309135635495,0,0.023458074376740246,0.04731705993080384
375,0,0.3595357780797792,1.1705184421943016,0,0.0060507517609404565,0.10180998166299329
376,0,0.3004264517213228,1.1658537908279012,0,0.0460185560557173,0.04410937946067955
377,1,2.48362288243872,1.1658537908279012,1,2.874399255232061,0.3907763727933415
378,0,0.5129772557396013,1.1658537908279012,0,0.0052307188517204395,0.15912389557360118
379,0,0.20579985336830128,1.1604545065678753,0,0.05635440358339319,0.11809435959388356
380,0,0.20787333909432526,1.159244155497734,0,0.09071999551609955,0.15308199724439708
381,0,0.31363258407065975,1.1577683189749992,0,0.05520621120982751,0.038883564011370414
382,0,0.6655272921159907,1.1577683189749992,0,0.01363905104190044,0.2132972386766976
383,0,0.231186698582884,1.1488442912551893,0,0.003209580765529907,0.0661464288093353
384,0,0.4703292156989769,1.1539180199150403,0,0.06327279512591799,0.0778259695837753
385,0,0.3522066595512862,1.1539180199150403,0,0.06989575318188768,0.03576624468349819
386,0,0.4349825229808198,1.1563444838401136,0,0.04229842309398645,0.08819633380025949
387,0,0.17598095093331245,1.1563444838401136,0,0.0360638206378453,0.016730464642148557
388,0,0.04246652076105761,1.1563444838401136,0,0.06794672260313217,0.05520676637481492
389,0,0.021077027923162017,1.1568171194394488,0,0.0024832033455579605,0.008806311722506344
390,0,0.34504636584461634,1.1488442912551893,0,0.0,0.1035139097533849
391,0,0.38027776689031456,1.137700395512145,0,0.06129621097586243,0.17537954104295678
392,1,2.258763600307373,1.1488442912551893,1,2.6540602849063695,0.3952966845989961
393,0,0.0036294520978417955,1.1560986493861596,0,0.15920322932221276,0.1602920649515653
394,1,0.8133624468518744,1.1577683189749992,0,0.8136226627911608,0.5696139287355985
395,1,1.120818691405797,1.159244155497734,0,0.934182381159779,0.5979367737380399
396,0,0.22127899801601625,1.1626429968657137,0,0.044376180325843784,0.022007519078961257
397,0,0.2091000654533067,1.1560986493861596,0,0.03460901345989481,0.09733903309588682
398,0,0.17263747066574642,1.1626429968657137,0,0.06584374534421905,0.11763498654394297
399,0,0.15094436133659128,1.1641188333884482,0,0.050683348891211066,0.09596665729218845
400,0,0.03686482628352317,1.1641188333884482,0,0.031869663409807014,0.042929111294863986
401,0,0.4363418704852658,1.1641188333884482,0,0.02301689785432625,0.10788566329125346
402,0,0.4623431524519659,1.1606476323251234,0,0.027593242370888227,0.16629618810647795
403,0,0.4398056016921039,1.1639817134676227,0,0.027195212598766005,0.159136893106397
404,0,0.0674319747026021,1.1639817134676227,0,0.007656540468596762,0.027886132879377357
405,0,0.23600252787677767,1.1639817134676227,0,0.009602447256172264,0.08040320561920555
406,0,0.4495623848760133,1.1604545065678753,0,0.05471602144532615,0.18958473690813016
407,0,0.2876788090757586,1.1604545065678753,0,0.0024617220188037975,0.08876536474153138
408,0,0.2661696781754349,1.157445226814788,0,0.049542310589998716,0.03030859286263176
409,0,0.1802316001186564,1.159244155497734,0,0.006393070546745393,0.06046255058234231
410,0,0.15444415585458213,1.1563398382702939,0,0.07008025700697351,0.11641350376334816
411,0,0.09532866297864495,1.1563398382702939,0,0.05559267243331045,0.026994073539716945
412,0,0.29574099573581036,1.1563398382702939,0,0.016587547250617323,0.10530984597136042
413,0,0.22542513936601016,1.1451959425272495,0,0.02275883430834988,0.04486870750145318
414,0,0.31249379941739486,1.137700395512145,0,0.0,0.09374813982521846
415,1,1.0269480691282395,1.137700395512145,0,0.7137959794612591,0.4057115587227872
416,1,1.6988814917917827,1.1451959425272495,1,2.482255141224082,0.7833736494322995
417,1,2.1790042381539587,1.1451959425272495,1,2.4485216014644964,0.26951736331053794
418,1,0.691480637936221,1.1451959425272495,0,0.7041135053680105,0.4966693139871443
419,0,0.09416572896531683,1.1352634922177973,0,0.005506556096804616,0.0227431625927903
420,0,0.791414089266735,1.1352634922177973,0,0.08864952547466576,0.14877470130535553
421,1,1.5042070658467503,1.16195550781829,1,2.2355794835187157,0.7313724176719653
422,0,0.21881981560810726,1.1595509318688793,0,0.0017735853515652086,0.0674195300339974
423,0,0.23696464291195793,1.1595509318688793,0,0.023502689084501628,0.09459208195808899
424,0,0.03947179139596102,1.1803039654076295,0,0.025238240870064876,0.013396703451276526
425,0,0.27089785628143703,1.1803039654076295,0,0.027538021664077032,0.10880737854850814
426,0,0.3106352612080625,1.1833137097521749,0,0.01702561672567761,0.11021619508809634
427,1,0.7494654269989837,1.1833137097521749,0,0.7312320117169023,0.5063923836172073
428,0,0.29124414717578917,1.161518270592081,0,0.018186203376209353,0.10555944752894597
429,0,0.06074851936436376,1.1863614579231565,0,0.028613718018005274,0.010389162208696234
430,0,0.11934495088210695,1.1876092602317838,0,0.0508759241399942,0.015072438875362137
431,0,0.35235026839468525,1.1825531561120537,0,0.006331429058406654,0.09937365145999891
432,0,0.7300360023904293,1.1876092602317838,0,0.02504785433882084,0.2440586550559498
433,0,0.3848527192381317,1.1637148053693407,0,0.013974768092073653,0.12943058386351325
434,0,0.12197262987722646,1.1627332815306577,0,0.06068878101104358,0.09728056997421142
435,0,0.19755659907492928,1.1627332815306577,0,0.008872004492371846,0.06813898421485062
436,0,0.32669937623885836,1.1611652025421169,0,0.052453488814361814,0.15046330168601932
437,0,0.2830996556889189,1.15988035818713,0,0.002838072567179717,0.0820918241394959
438,0,0.41462337835587837,1.1611652025421169,0,0.009860103285848076,0.11452691022091566
439,0,0.32531741024220734,1.1401843309753563,0,0.021192572293979313,0.07640265077868288
440,0,0.2083635480052879,1.1212081026736413,0,0.05390020319166677,0.00860886120991955
441,0,0.38226237532022894,1.1212081026736413,0,0.015430499871148494,0.09924821272492018
442,0,0.33906300049211924,1.1193434442710162,0,0.008962074339319837,0.09275682580831593
443,1,1.11628837745802,1.1438114132432307,0,1.0861540972333947,0.7512675839959887
444,0,0.46279644076327475,1.1438114132432307,0,0.027413519848554335,0.11142541238042808
445,1,0.7414617634570406,1.1438114132432307,0,0.6469286413964359,0.42449011235932366
446,1,0.7772089660914663,1.1438114132432307,0,0.7112720980436036,0.47810940821616377
447,1,1.5167212566368204,1.1401843309753563,1,0.9855434850516999,0.5311777715851205
448,0,0.5373336341011069,1.1236439340141942,0,0.009817031167873228,0.1710171213982053
449,1,2.5487555705610307,1.1361354266563732,1,2.789434925914856,0.24067935535382534
450,0,0.5724362848981661,1.1611652025421169,0,0.003766128692074981,0.16796475677737482
451,1,1.0238998620106947,1.1744755421799629,0,0.9652604581383883,0.65809049953518
452,0,0.30567160606314153,1.1611652025421169,0,0.036918599878020986,0.05478288194092147
453,0,0.3720566742003055,1.15988035818713,0,0.005896202594008495,0.11751320485410013
454,0,0.5057564506923579,1.1401843309753563,0,0.053437289325465015,0.20516422453317235
455,0,0.11887581277668546,1.158729371201564,0,0.02785087401527042,0.06351361784827603
456,0,0.415926261990337,1.158729371201564,0,0.0,0.1247778785971011
457,0,0.25792622243044183,1.1444038719542644,0,0.04108076722722609,0.036297099501906516
458,0,0.30756572296902346,1.1444038719542644,0,0.021323100860766078,0.07094661602994096
459,0,0.3155268405206253,1.1197766226554389,0,0.04231066556765306,0.13696871772384056
460,0,0.11071258659211991,1.1433881559895531,0,0.027346554346848184,0.06056033032448427
461,0,0.5184507496365547,1.1433881559895531,0,0.0556500197065952,0.09988520518437122
462,0,0.37718023102104614,1.1193639245223066,0,0.01716863910680555,0.13032270841311933
463,1,1.953143835300711,1.1444038719542644,1,2.331388349382015,0.3782445140813041
464,1,0.4873227619025514,1.1444038719542644,0,0.5609436957776545,0.414746867206889
465,0,0.7166405484658709,1.1444038719542644,0,0.01881399380955262,0.23380615834931362
466,0,0.22027579356176002,1.1197766226554389,0,0.048767846532169645,0.11485058460069764
467,0,0.4862457705759592,1.1197766226554389,0,0.05450267530427774,0.09137105586850999
468,0,0.4167504191359868,1.1193639245223066,0,0.022498693995577433,0.14752381973637346
469,0,0.3050127163069236,1.1197766226554389,0,0.004055619972393842,0.09555943486447092
470,0,0.21439785384045795,1.120530732423402,0,0.018056491973853728,0.046262864178283625
471,0,0.09419282515599114,1.1175823394116908,0,0.06498195832073428,0.03672411077393689
472,0,0.3140478893831389,1.1134333326811676,0,0.05645690662890627,0.037757460186035395
473,0,0.17864760867926577,1.1160920432139567,0,0.005182490450854393,0.04841179215292535
474,0,0.2512218619634455,1.1160920432139567,0,0.009818724810384837,0.06554783377864881
475,1,2.091284661926184,1.1193798392052134,1,2.1769024935603194,0.08561783163413539
476,0,0.3503520360805873,1.1160920432139567,0,0.0,0.10510561082417619
477,1,2.25186419459654,1.1265738964828766,1,2.654856033873544,0.40299183927700405
478,0,0.17134727558381244,1.1237792015318724,0,0.0022490659167532026,0.053653248591896914
479,1,0.7385817217321028,1.135351669741247,0,0.4430141911788482,0.22143967465921743
480,0,0.2945120578026308,1.1237792015318724,0,0.04240973889723321,0.13076335623802243
481,0,0.24891257998306138,1.117621691573656,0,0.05753620475594212,0.017137569238976247
482,0,0.08447116179921155,1.1166376986880509,0,0.009327819963853567,0.03466916850361734
483,1,2.251903092060954,1.1227618852958754,1,2.4922074378979437,0.2403043458369897
484,0,0.423018747647843,1.1166376986880509,0,0.01897859214456666,0.10792703214978625
485,0,0.12851979993064422,1.1166376986880509,0,0.07112379233335564,0.1096797323125489
486,0,0.265976880926691,1.1166376986880509,0,0.010198182892384883,0.08999124717039217
487,0,0.3396049117983455,1.1166376986880509,0,0.024985314639559136,0.12686678817906277
488,0,0.4848716045435153,1.1085332396228642,0,0.013681808418030711,0.15914328978108527
489,1,0.6373234574322524,1.1085332396228642,0,0.7408071008768062,0.5496100636471306
490,0,0.31969840161374413,1.1042641842095353,0,0.0261329705791047,0.06977654990501853
491,0,0.14879196909022638,1.1022938525042436,0,0.07184404780209308,0.11648163852916099
492,0,0.3795165583766843,1.0988776286399302,0,0.0,0.11385496751300528
493,0,0.2647707591285729,1.0832303983058413,0,0.0,0.07943122773857186
494,0,0.23676695620967658,1.062520476737934,0,0.07511946962113564,0.1461495564840386
495,1,2.100008600299391,1.062520476737934,1,2.478174324754006,0.37816572445461505
496,0,0.7809028491803152,1.062520476737934,0,0.05837622515248159,0.17589462960161295
497,0,0.15426420798191565,1.062520476737934,0,0.08582393254371956,0.13210319493829425
498,1,2.0782526816581908,1.0733974637013879,1,2.4455948320054968,0.3673421503473062
499,0,0.26456666427624703,1.0672156786440667,0,0.054147139127055655,0.13351713840992976
500,0,0.3881097665785364,1.0672156786440667,0,0.019229964892520095,0.13566289486608102
501,0,0.013545550259683181,1.0620689515665833,0,0.030712765291205812,0.026649100213300914
502,0,0.24009708461163184,1.052008862831443,0,0.03371050476507122,0.03831862061841833
503,0,0.5647921741080699,1.0553937592873242,0,0.08655893858090469,0.08287871365151656
504,0,0.2831475308255486,1.0417282628007478,0,0.0,0.08494425924766458
505,0,0.3629933448405555,1.04185023427787,0,0.008539269125043835,0.10035873432712282
506,1,0.8491895678571759,1.04185023427787,0,0.9811053921016578,0.726348521744505
507,0,0.28237565279559795,1.037995024841185,0,0.059587594465660865,0.025125101373018488
508,0,0.2835682801446582,1.037995024841185,0,0.057432919712303354,0.02763756433109399
509,0,0.3939317157580895,1.0335962589222298,0,0.010464941831611618,0.128644456559039
510,0,0.518473565839952,1.0402714512014892,0,0.03975552186770415,0.19529759161969018
511,0,0.6989546091285027,1.0421576595068658,0,0.021070067323274665,0.18861631541527615
512,0,0.20255991295659553,1.0310231783273545,0,0.043500881732604975,0.10426885561958363
513,0,0.16249242356655147,1.0297273465575305,0,0.05588937435750019,0.007141647287534747
514,0,0.2805596917215058,1.0199307624356535,0,0.003457192531533565,0.08071071498491818
515,0,0.37028540936465065,1.0120867196512846,0,0.07929574967103943,0.19038137248043457
516,0,0.0637087856951164,0.9941483891325289,0,0.026533263132617835,0.007420627424082893
517,0,0.09571640756118716,0.9941483891325289,0,0.03264400948305979,0.061358931751415824
518,0,0.17507864152664354,0.9941483891325289,0,0.003976768746753193,0.05650036120474625
519,0,0.1297081197466614,0.9792328597069675,0,0.00995732845259456,0.04886976437659296
520,0,0.41240602665650006,0.9659244760971951,0,0.027682260587446605,0.15140406858439648
521,0,0.46096728539024734,0.9514855517586411,0,0.07068383882370166,0.06760634679337252
522,0,0.719656131636194,0.9514855517586411,0,0.005075230685146259,0.22097207017600518
523,0,0.21089270077520228,0.9501039626120555,0,0.0631968060035204,7.100422904016135e-05
524,0,0.24623817630725237,0.9568549346845332,0,0.009328946314611522,0.0832003992067872
525,0,0.34847819398630897,0.9486180019715644,0,0.02230323996246864,0.08224021823342403
526,0,0.20854527680101723,0.954796701863188,0,0.043956101947087343,0.018607481093217824
527,0,0.011848861988296822,0.9403843114616317,0,0.007822855502398252,0.011377514098887431
528,0,0.08565339558071972,0.939297425063309,0,0.03801988589024785,0.06371590456446352
529,0,0.4991869387994388,0.9418668626446851,0,0.025232525415345472,0.1749886070551771
530,0,0.2642050602187589,0.9408064632983292,0,0.02517614525252343,0.054085372813104216
531,0,0.14833107726548533,0.9357627959576867,0,0.08759817766314715,0.13209750084279293
532,0,0.2559514142135215,0.924653388825125,0,0.050837796740504836,0.12762322100456128
533,1,0.8907437787755768,0.9391259322089397,0,1.0548198120168302,0.7875966783841571
534,0,0.35546381604906724,0.9357627959576867,0,0.015148326024448898,0.09149081879027127
535,0,0.5445424645362286,0.9494076303456648,0,0.05244704197610459,0.21580978133697315
536,0,0.14433835365510644,0.9494076303456648,0,0.011591874387625739,0.054893380484157664
537,0,0.5201817291211258,0.951280499842523,0,0.005960748795409976,0.16201526753174766
538,0,0.3426530069242333,0.9548700442905612,0,0.017847201617784858,0.0849487004594851
539,1,2.1833973626106786,0.9548700442905612,1,2.4699683848581753,0.28657102224749664
540,0,0.29089125058387066,0.9463414847821396,0,0.039892583397900555,0.04737479177726064
541,0,0.1772893483614124,0.9344790915848424,0,0.10145932355370335,0.048272519045279516
542,0,0.23661677400048442,0.9209232101460489,0,0.04574585385550975,0.02523917834463557
543,0,0.3017311519834251,0.9209232101460489,0,0.019144398808340492,0.07137494678668704
544,1,2.4504440506785925,0.9209232101460489,1,2.634656028275329,0.18421197759673652
545,0,0.19583643677126947,0.9162470374785615,0,0.0031281731384989776,0.05562275789288186
546,1,2.3312871657941385,0.9209232101460489,1,2.6450070846754814,0.3137199188813428
547,0,0.2703554275897928,0.9162470374785615,0,0.0042318256822550734,0.0853384539591929
548,0,0.054925394711250006,0.9170412478867015,0,0.01572371542157236,0.03220133383494736
549,0,0.2458564539216852,0.9127739036401811,0,0.04333206281425195,0.11708899899075753
550,0,0.02522272086479882,0.9055407747347863,0,0.03664004565781498,0.044206861917254536
551,0,0.09553561684764911,0.9006618520519971,0,0.07208333864360139,0.04342265358930664
552,0,0.03435814882746657,0.8979874751837875,0,0.0011108154401301418,0.00919662920810993
553,0,0.36774936364015165,0.9019902514631564,0,0.051150512716201746,0.05917429637584437
554,0,0.1341545571389969,0.9040229866322668,0,0.008313248331656474,0.04855961547335554
555,0,0.24688377448691828,0.8979874751837875,0,0.02433791247095074,0.04972721987512474
556,1,2.113698142043843,0.9019902514631564,1,2.3914869607619376,0.2777888187180942
557,0,0.4770716004090596,0.9040229866322668,0,0.000613505369070802,0.14250797475364707
558,0,0.14235137042874546,0.9000202103528978,0,0.015225592961165879,0.027479818167457815
559,0,0.16559906529124482,0.9072807287942978,0,0.026373459573451163,0.0760531791608246
560,1,2.178906802783603,0.9133010066732691,1,2.318665666786102,0.13975886400249884
561,0,0.20993006495977745,0.9133010066732691,0,0.03921195434674738,0.02376706514118585
562,0,0.11781822627603011,0.9133010066732691,0,0.025209544223507914,0.06055501210631694
563,1,0.8205687966124556,0.9261454353903209,0,0.8196803935448654,0.5735097545611287
564,1,2.1842022874937594,0.9269224803731929,1,2.5763652453263592,0.3921629578325999
565,1,0.9477778123667933,0.9297782850811784,1,0.8818240963801666,0.0659537159866267
566,0,0.5404468759435294,0.9282777691157151,0,0.025936104841795295,0.13619795794126352
567,0,0.24764918751506076,0.9297782850811784,0,0.02943924145365924,0.10373399770817747
568,0,0.4074616988265717,0.9282777691157151,0,0.01011474443128288,0.11212376521668863
569,0,0.16949796977465992,0.9282777691157151,0,0.06761671031812011,0.11846610125051815
570,0,0.005079640017156883,0.9297782850811784,0,0.0368090052568808,0.03528511325173367
571,0,0.3230412649548689,0.9244811010572445,0,0.04377729171735653,0.053135087769104125
572,0,0.27282492014120363,0.9188297582712371,0,0.04159508333870443,0.12344255938106574
573,0,0.26029875480139186,0.9052082845713133,0,0.029054249433431253,0.10714387587384881
574,0,0.3578244593082752,0.9052082845713133,0,0.006754380449140361,0.11410171824162291
575,0,0.09972117378408019,0.9094194751251585,0,0.09686492525955659,0.12678127739478073
576,1,1.098515616423104,0.9261454353903209,1,0.7011377391425213,0.3973778772805827
577,1,2.5447288271717716,0.928833692783707,1,2.743251767043207,0.1985229398714356
578,1,0.611960343560101,0.928833692783707,0,0.7255626866868502,0.5419745836188199
579,0,0.2507138501755931,0.928833692783707,0,0.015938772698875114,0.05927538235380292
580,0,0.17579657479142408,0.928833692783707,0,0.028537840367791296,0.08127681280521852
581,0,0.4212492615658796,0.9297782850811784,0,0.006252196780432762,0.12012258168933165
582,1,2.322676847180957,0.9312624353485388,1,2.816522473561108,0.49384562638015117
583,0,0.20625867631127523,0.9297782850811784,0,0.0630017280839669,0.12487933097734946
584,0,0.23307198580628274,0.9261454353903209,0,0.0,0.06992159574188482
585,0,0.4874093213031978,0.9261454353903209,0,0.08946421000535909,0.05675858638560016
586,0,0.41004206463061776,0.9171394997829785,0,0.07765051349569974,0.04536210589348544
587,1,2.2875462504729454,0.9188297582712371,1,2.776264597538658,0.48871834706571254
588,0,0.16783123719033788,0.9165090907817138,0,0.035780943946762296,0.014568427210339067
589,0,0.11339143687538818,0.9125063145023449,0,0.0014408400015868,0.03545827106420325
590,0,0.17183584330029267,0.9052082845713133,0,0.032634198672806036,0.08418495166289386
591,0,0.07573573691808944,0.9052082845713133,0,0.0669192799628151,0.04419855888738833
592,0,0.09078963039913035,0.9047862898445249,0,0.003466208227114187,0.023770680892625018
593,1,3.302038695801264,0.9125063145023449,1,3.4097956034787513,0.10775690767748713
594,1,2.431302260604223,0.9165090907817138,1,2.615869973272147,0.1845677126679239
595,0,0.00216561164234097,0.9222892950925594,0,0.12011317564769808,0.12076285914040064
596,0,0.1553668650253297,0.9269224803731929,0,0.017138096462046892,0.029471963045551997
597,0,0.25032638638879257,0.9269224803731929,0,0.04883395664338481,0.02626395927325296
598,0,0.19042920677268155,0.9261454353903209,0,0.010297493355691967,0.06742625538749647
599,0,0.17341999234735087,0.9205990366043006,0,0.035850888801129764,0.016175108903075497
600,0,0.43770543110423255,0.9222892950925594,0,0.0007919322250007355,0.13210356155627068
601,0,0.2664703683207585,0.9222892950925594,0,0.012061733147319533,0.09200284364354708
602,0,0.052786396314499995,0.9205990366043006,0,0.03303634944006062,0.017200430545710632
603,0,0.36574172497019863,0.9125063145023449,0,0.046284134290694556,0.06343838320036499
604,1,1.5607963049175306,0.9165090907817138,1,1.3069396515072387,0.25385665341029195
605,0,0.09258351902761142,0.9222892950925594,0,0.029756281969140597,0.001981226260857172
606,1,0.859972004836504,0.9222892950925594,0,0.966076833109653,0.7080852316587017
607,0,0.32691945267580014,0.9165090907817138,0,0.0616982726444224,0.036377563158317416
608,0,0.25075638448452864,0.9092110608506823,0,0.07549210426039221,0.00026518891503379827
609,0,0.013382525224559183,0.9125063145023449,0,0.04367011798175979,0.04768487554912748
610,0,0.0025173099212651984,0.9205990366043006,0,0.08229300286175945,0.08153780988537984
611,0,0.04107021145457401,0.9239604670565568,0,0.08390189709578255,0.07158083365941015
612,0,0.1209744951642314,0.9239604670565568,0,0.027970643421811214,0.06426299197108062
613,1,2.298914252285637,0.9239604670565568,1,2.508606595888348,0.20969234360271097
614,0,0.14903600533763584,0.9112675162330733,0,0.05744628750592873,0.012735485904637911
615,1,2.8298624138645816,0.9306757551827571,1,3.340619050964034,0.5107566370994525
616,1,3.283516722461079,0.9313620620852227,1,3.3790801502511334,0.09556342779005433
617,0,0.03580792786690412,0.9288980238610369,0,0.011305022130654763,0.0005626437705834597
618,1,2.3454341411204034,0.9424020297740278,1,2.924782652909575,0.5793485117891715
619,0,0.15634843738629933,0.932921246803393,0,0.036385628639582834,0.010518902576306832
620,0,0.4166570525439819,0.9288980238610369,0,0.019456424916684867,0.10554069084651019
621,1,2.8209338289472727,0.9413837090394576,1,2.9889424891158365,0.16800866016856403
622,0,0.43839814817941836,0.9346371553989158,0,0.10875350241016335,0.022765942043662335
623,0,0.24378865878797865,0.9288980238610369,0,0.045450123057449526,0.027686474578944062
624,0,0.2986667203170732,0.9288980238610369,0,0.13012160543363616,0.04052158933851413
625,1,0.7486991786085737,0.9346371553989158,0,0.6992112904217272,0.4746015368391552
626,0,0.46113662342832434,0.936390373278234,0,0.03982401612239386,0.09851697090610342
627,0,0.20871325217958872,0.936390373278234,0,0.0,0.06261397565387661
628,0,0.10882084373307357,0.93498864020427,0,0.0008979424798677277,0.033544195599789786
629,0,0.35790813874269967,0.936390373278234,0,0.034174883064144845,0.07319755855866505
630,0,0.02366456175142928,0.9384338234573865,0,0.04512958680383472,0.038030218278405914
631,0,0.058793932170121854,0.9442395137474431,0,0.045402923140830165,0.02776474348979363
632,0,0.15280758710817238,0.9391625687874783,0,0.0,0.04584227613245171
633,0,0.21180550470093207,0.9319952864544205,0,0.023168422109195896,0.08671007351947546
634,0,0.09869117493163526,0.9329944470044049,0,0.08291808234084946,0.11252543482034005
635,0,0.3020999900001829,0.9329944470044049,0,0.0,0.09062999700005486
636,0,0.2077324628604149,0.9312973841926997,0,0.04586817062734583,0.1081879094854703
637,0,0.00872367616295655,0.9346943117454978,0,0.03740157313487025,0.03478447028598319
638,0,0.30553992129956764,0.9346943117454978,0,0.06186776112469328,0.029794215265176893
639,0,0.32164018908802117,0.9312973841926997,0,0.04130572624916873,0.05518633047723753
640,0,0.20183008590664026,0.9206517747736555,0,0.046353422744014876,0.014195603027977198
641,0,0.19040765663172568,0.9166991718551619,0,0.0,0.0571222969895177
642,0,0.5379097801606108,0.9250560622086144,0,0.02477780839254251,0.13659512565564125
643,0,0.4060466088331398,0.9250560622086144,0,0.08089418965178163,0.04091979299816062
644,1,0.4595209632864896,0.926413952475868,0,0.5939659950486619,0.456109706062715
645,0,0.2088434130922422,0.9137893963461909,0,0.0,0.06265302392767265
646,1,0.6789810067341953,0.9137893963461909,0,0.46935904442017173,0.26566474239991317
647,0,0.5381643013253017,0.9250560622086144,0,0.0007399575326756391,0.16070933286491496
648,0,0.281741894619258,0.9250560622086144,0,0.018730901136922107,0.10325346952269943
649,1,2.585478378013995,0.9250560622086144,1,2.7484885337487515,0.16301015573475655
650,0,0.9287028302814617,0.9290086651271077,0,0.09503409178948363,0.18357675729495515
651,0,0.3517907200377334,0.9250560622086144,0,0.010715031179527545,0.11625224719084759
652,0,0.10657104451508426,0.9250560622086144,0,0.009510724132668846,0.04148203748719426
653,0,0.4642616769641579,0.9303665553943614,0,0.079427430324431,0.05985107276481627
654,0,0.5116298301650963,0.9303665553943614,0,0.036823485047415616,0.11666546400211342
655,0,0.2808453162716785,0.9303665553943614,0,0.019403563761605604,0.10365715864310918
656,0,0.617043089371939,0.9303665553943614,0,0.021545126739340836,0.16356780007224087
657,0,0.12360044760773814,0.9326552744599533,0,0.014324099360111697,0.022756034922209678
658,0,0.24829544441297557,0.9303665553943614,0,0.04688704513378317,0.027601588190109494
659,1,0.8878537438254274,0.9326552744599533,0,1.069900840762974,0.8035447176153457
660,1,0.9514767899156883,0.9360522020127514,1,0.6403399343819398,0.3111368555337485
661,0,0.28513647517939145,0.9326552744599533,0,0.1247688061895662,0.2103097487433836
662,0,0.17897089610967898,0.9312973841926997,0,0.06173147916233012,0.00804021032942643
663,0,0.05278886136954797,0.9229404938392474,0,0.11199582796854712,0.12783248637941158
664,0,0.5867723855170777,0.9229404938392474,0,0.03848468520481507,0.21451640085993873
665,0,0.3226398420529195,0.9206517747736555,0,0.02485016312485655,0.07194178949101904
666,0,0.029731483905191425,0.9144789231578473,0,0.019731167430397045,0.010811722258839751
667,0,0.3467858231277854,0.9206517747736555,0,0.022612041529444446,0.08142370540889116
668,0,0.13023484253192014,0.9144789231578473,0,0.00864993697138771,0.03042051578818833
669,1,3.2947997454601063,0.9148524301602688,1,3.1978997122543564,0.09690003320574991
670,0,0.3085340360296765,0.9229404938392474,0,0.08205349173808268,0.17461370254698563
671,0,0.13496141303681775,0.9263374213920453,0,0.03085739453037677,0.0713458184414221
672,0,0.1326486463954268,0.9247760995487708,0,0.016877765858942118,0.022916828059685916
673,0,0.33237563177383045,0.9263374213920453,0,0.03788231186017501,0.13759500139232414
674,0,0.18652860040725305,0.9263374213920453,0,0.025372470908353928,0.08133105103052973
675,0,0.03176411258519951,0.9247760995487708,0,0.01793457593680703,0.008405342161247109
676,0,0.15778584347891245,0.9247760995487708,0,0.0,0.04733575304367373
677,1,1.1901350533569257,0.9247760995487708,1,0.8857874520154496,0.3043476013414761
678,0,0.11696787779234785,0.920026601809615,0,0.033144331007601835,0.06823469434530627
679,0,0.2601513938623141,0.920026601809615,0,0.08490646110134759,0.16295187926004184
680,0,0.3867076324970298,0.9247760995487708,0,0.038533710220671466,0.07747857952843747
681,1,2.5735026148096085,0.9326045455349673,1,2.6207217398967817,0.04721912508717302
682,0,0.060231784257916046,0.9239876618552869,0,0.10634975301282774,0.12441928829020255
683,0,0.38255574863655717,0.9326045455349673,0,0.0458680684437374,0.06889865614722976
684,1,0.9382075567895057,0.9326045455349673,1,0.7582657599368442,0.17994179685266154
685,0,0.23174032476252213,0.9239876618552869,0,0.031231297304059092,0.038290800124697544
686,1,2.2494750784663706,0.9282292702506075,1,2.4296120233144665,0.18013694484809578
687,0,0.41944565731099837,0.937072136977212,0,0.001642719549042937,0.12747641674234245
688,0,0.1365642206986042,0.937072136977212,0,0.013638444884437773,0.054607711094019074
689,0,0.20841217895222508,0.9326045455349673,0,0.0,0.06252365368566752
690,0,0.2628881046861781,0.9239876618552869,0,0.021931895459696267,0.1007983268655497
691,0,0.28790205205548447,0.912800784213001,0,0.02840082449520153,0.1147714401118469
692,0,0.16550234648098502,0.8986636830264086,0,0.0,0.04965070394429551
693,0,0.41964828521045305,0.9005047467845597,0,0.06596394804101635,0.19185843360415245
694,1,0.9506502736682929,0.9005047467845597,1,1.1235278016893444,0.1728775280210516
695,1,0.45978106469713736,0.9005047467845597,0,0.5196938635510435,0.3817595441419023
696,1,2.3401957178525703,0.920026601809615,1,2.5096215088012714,0.1694257909487013
697,0,0.5269484904318011,0.9326045455349673,0,0.029031410468868615,0.12905313666067172
698,0,0.10304338220601061,0.937072136977212,0,0.05083826192921914,0.01992524726741607
699,0,0.28784653745930916,0.937072136977212,0,0.01983826989891628,0.10619223113670902
700,0,0.36533223401773984,0.9371892879286183,0,0.030410725694151708,0.0791889445111702
701,1,3.049371792222373,0.9455242653113877,1,3.2689547045310405,0.21958291230866767
702,0,0.17085339727233373,0.9287371595944427,0,0.0345022968479858,0.0857583160296859
703,1,1.8070343820922468,0.937072136977212,1,2.134664762587432,0.3276303804951856
704,0,0.1423182716066843,0.937072136977212,0,0.023714442650919657,0.018981038831085636
705,0,0.04847617798145509,0.9385353138808905,0,0.025171053180039094,0.0397139065744756
706,0,0.3714507413485135,0.9385353138808905,0,0.08295510440443632,0.028480118000118182
707,0,0.10077095693745952,0.947779416222643,0,0.03031331443723606,8.202735599827093e-05
708,0,0.09992869166891882,0.9561253541270881,0,0.039538689449578834,0.06951729695025444
709,0,0.08896028291362401,0.9567237120888834,0,0.0004513976023796107,0.02623668727170758
710,0,0.22260873122983357,0.9567237120888834,0,0.050327882932175494,0.016454736436774572
711,0,0.4296190261601565,0.9515531480782062,0,0.0526382162842876,0.07624749156375935
712,0,0.027509072351940445,0.95455519208965,0,0.018813991284494014,0.01056126957891168
713,0,0.2767158658472788,0.95455519208965,0,0.010630418363574812,0.0936451781177583
714,0,0.16214389397013984,0.9567237120888834,0,0.04665792083494038,0.09530108902598233
715,0,0.2866437991174209,0.9513482681946491,0,0.045465161496365925,0.04052797823886034
716,0,0.24908238015252224,0.9203427617602172,0,0.056924590404297315,0.01780012364145936
717,1,1.0472568485387588,0.9203427617602172,1,0.9724278026395174,0.07482904589924133
718,0,0.033005216161252626,0.9032445256756527,0,0.0004427093705420271,0.00945885547783376
719,0,0.038973943052282634,0.9032445256756527,0,0.07632447509129259,0.06463229217560773
720,0,0.10666690751046537,0.9014341220662727,0,0.010750120598443935,0.042750192851583435
721,0,0.2553561362605953,0.8957026743926222,0,0.04996336013760083,0.026643480740577763
722,0,0.018682034294699168,0.8998956374956093,0,0.09545923562226011,0.10106384591066986
723,0,0.18116490121950346,0.8998956374956093,0,0.046626747107532215,0.10097621747338326
724,0,0.15267483283169092,0.8957026743926222,0,0.02486632022364299,0.0706687700731502
725,0,0.17611667071497628,0.8957026743926222,0,0.04969754153180528,0.1025325427462982
726,0,0.10943685944793319,0.8920535525834634,0,0.05989973190024864,0.09273078973462859
727,0,0.4351597802245992,0.8920535525834634,0,0.015394011007059838,0.1459419450744397
728,0,0.41906735280851004,0.8920535525834634,0,0.09289006880096862,0.03283013704158444
729,0,0.37620017007547624,0.8930413884443795,0,0.03249516560942545,0.08036488541321729
730,0,0.1865027097685788,0.8832909556940116,0,0.001076011247897372,0.05702682417847101
731,1,2.285472267783109,0.8930413884443795,1,2.7208597764443723,0.4353875086612631
732,0,0.2953075217817288,0.8832909556940116,0,0.04986873308717009,0.03872352344734856
733,0,0.4314492073245037,0.8853395749100252,0,0.0099491736768089,0.13938393587416
734,0,0.08102082883511152,0.8853395749100252,0,0.00914781404666376,0.033454062697197307
735,0,0.33951716433517365,0.891071848554839,0,0.023526033918447563,0.12538118321899966
736,1,0.9746639259799785,0.893342789275108,1,0.8231120793297202,0.15155184665025823
737,1,0.7935524729118357,0.9024465733028904,0,0.778142588855927,0.5400768469823763
738,0,0.09200635644087496,0.9030680773796935,0,0.020931461463511658,0.04853336839577416
739,0,0.5298529676993419,0.9127276695952022,0,0.029898543391881218,0.12905734691792137
740,0,0.16227884014257887,0.9127276695952022,0,0.02292122281555453,0.07160487485832823
741,0,0.24257226246323604,0.9025182063391686,0,0.01888992594295491,0.053881752796015814
742,1,1.1496050789287053,0.9065099052136436,1,1.2702509664251256,0.12064588749642025
743,0,0.4745357678780894,0.9065099052136436,0,0.07475135203941873,0.0676093783240081
744,0,0.03924343307265654,0.9113072770012278,0,0.0016366792520420281,0.010136350669754823
745,0,0.05460751668867658,0.9123100615347034,0,0.021046127007792625,0.03742838201439569
746,0,0.1976952666390632,0.9056711756029425,0,0.010438226281097723,0.06974680627281668
747,0,0.20805858495374624,0.8964316025822069,0,0.0,0.062417575486123866
748,0,0.21582176345547796,0.8916383331733199,0,0.045381205598983586,0.11012773463562697
749,0,0.20717976054358977,0.8777286276134207,0,0.041378854906005194,0.020775073257071737
750,0,0.03396916735727462,0.876639399304346,0,0.010683207708859221,0.02087395791604152
751,0,0.29906889713559104,0.8646960610774985,0,0.03339521906848909,0.12311588820916641
752,0,0.4008526086305689,0.8646960610774985,0,0.011529019117219395,0.13178480170639006
753,0,0.5687752725524635,0.876639399304346,0,0.0,0.17063258176573906
754,0,0.3531172744813048,0.8646960610774985,0,0.09802635708245033,0.007908825261941033
755,0,0.4015314322740773,0.8653301779416208,0,0.010991245955747964,0.13145067563797141
756,0,0.18474082294349106,0.8620961753091803,0,0.013428346071247474,0.041993900811799836
757,1,0.9118079517451121,0.8657165881475504,1,0.7412538938823474,0.17055405786276467
758,0,0.19599540411682548,0.8646960610774985,0,0.011417226968251717,0.04738139426679593
759,0,0.015753448057886588,0.8758742310423862,0,0.010492384969272517,0.015218419386638482
760,0,0.05552304400822061,0.8758742310423862,0,0.0028133659062844485,0.019470279108750654
761,0,0.18889210593463351,0.8678284151299903,0,0.0682209889518025,0.01155335717141244
762,0,0.08614681690020243,0.8728724399852543,0,0.06537479787074807,0.0395307528006873
763,0,0.0014477143279763016,0.8742868559047423,0,0.021267311459997273,0.021701625758390186
764,0,0.1487324200333211,0.863052982910861,0,0.02881092314361977,0.015808802866376537
765,0,0.2506455249728357,0.8527559227371287,0,0.03691746710548453,0.03827619038636617
766,0,0.13190324633360617,0.8527559227371287,0,0.030149920366557725,0.009421053533524182
767,0,0.31766795449135465,0.8474000122596186,0,0.0270365233845873,0.0682638629628191
768,0,0.06629397401823,0.8496093511865522,0,0.048649200023919814,0.06853739222938882
769,1,2.116505612562916,0.8554215433835843,1,2.6255857251982775,0.5090801126353617
770,0,0.07284651766177186,0.8607774538610946,0,0.01775945071579632,0.039613406014327834
771,0,0.16430451194116297,0.8554215433835843,0,0.0,0.04929135358234889
772,1,2.434757719881592,0.8607774538610946,1,2.511699073674553,0.07694135379296083
773,0,0.12511714584916298,0.8607774538610946,0,0.0004971759168325152,0.03803231967158141
774,0,0.14257153668585135,0.8607774538610946,0,0.0412526376710617,0.08402409867681708
775,1,2.7422910486294865,0.8607774538610946,1,3.086538764367329,0.3442477157378426
776,1,2.2934399918668658,0.8662279857909349,1,2.4764935022237236,0.1830535103568578
777,1,2.2514897369921534,0.8662279857909349,1,2.3841552849929233,0.13266554800076993
778,0,0.1477729823993926,0.8662279857909349,0,0.015579677905331428,0.059911572625149206
779,1,2.143961128281085,0.8662279857909349,1,2.53331409628951,0.38935296800842545
780,0,0.05318085049793897,0.8708430959025173,0,0.08054788954183212,0.06459363439245025
781,0,0.04128498722448848,0.8768361932893505,0,0.0465901204753324,0.05897561664267881
782,0,0.24174512037963397,0.8708430959025173,0,0.0471142415005921,0.11963777761448227
783,0,0.2913049062643457,0.865378181194842,0,0.028098701009194982,0.11549017288849872
784,0,0.23820024702619597,0.8593171623921099,0,0.00048456614670452924,0.07097550796115425
785,0,0.19339510657282954,0.8593171623921099,0,0.0,0.05801853197184886
786,0,0.32664623560510214,0.8593171623921099,0,0.0,0.09799387068153063
787,0,0.37207223260610367,0.8593171623921099,0,0.07943113434574597,0.19105280412757708
788,0,0.06290052096747156,0.8590343129372029,0,0.01214014302421329,0.03101029931445487
789,0,0.1359341575775552,0.8552578157482015,0,0.02433728209902313,0.06511752937228968
790,0,0.18419529762732478,0.8518974297203001,0,0.029667836726117502,0.08492642601431499
791,0,0.26177924992424384,0.8540449106009439,0,0.0587225647604002,0.13725633973767337
792,0,0.07780719700860333,0.8573577143230483,0,0.008471029140213804,0.03181318824279481
793,0,0.08603845566384263,0.8602526029093625,0,0.0020361703183238325,0.02784770701747662
794,0,0.45214884915217335,0.8659475476249029,0,0.028056719568516353,0.16370137431416837
795,0,0.16929210626763314,0.8602526029093625,0,0.03917625598195709,0.011611375898332846
796,0,0.15260109641889535,0.85227233342671,0,0.0,0.045780328925668606
797,0,0.025389932194759157,0.8561304553672529,0,0.0035655037073130114,0.01118248336574068
798,0,0.06267319003423477,0.8598279331142824,0,0.02332156075416647,0.0421235177644369
799,0,0.1986825061377655,0.850543385181346,0,0.01763635691510146,0.07724110875643131
800,0,0.1870042592071236,0.8425267990200649,0,0.0782218732628267,0.022120595500689788
801,0,0.1893834752618393,0.8385865274493711,0,0.0,0.056815042578551786
802,0,0.22205515786955246,0.8385865274493711,0,0.0,0.06661654736086574
803,0,0.1149860845279832,0.8288140873067606,0,0.014262391334713964,0.04875821669310909
804,0,0.10171587319843,0.8373030260288391,0,0.028457882415061433,0.002056879544467566
805,0,0.18764137588387353,0.8332769277038472,0,0.0034273600831822293,0.05971977284834473
806,0,0.3612600751254539,0.8252228419222842,0,0.05848013071845124,0.04989789181918492
807,1,2.521108208602368,0.8332769277038472,1,2.6005961624222205,0.07948795381985194
808,0,0.10239171158849891,0.8337953753527397,0,0.04648782516525152,0.07720533864180124
809,1,0.2363928625643742,0.8247694014740362,0,0.686861503132347,0.6159436443630347
810,0,0.2513560239826005,0.823490774615645,0,0.017506040001666445,0.057900767193113545
811,0,0.2059974420196506,0.8141671234364649,0,0.007489418449883912,0.06928865105577908
812,0,0.12599445265791376,0.8141671234364649,0,0.02799139094322345,0.06578972674059758
813,0,0.3213616211256215,0.8148729583994936,0,0.0026548350942532384,0.09375365124343338
814,1,2.6024070937304695,0.823490774615645,1,2.731468534835303,0.12906144110483359
815,1,2.2232621206095877,0.8247694014740362,1,2.351718590005704,0.12845646939611605
816,1,0.9036281435578892,0.828045952313254,1,0.9468535061475378,0.043225362589648486
817,0,0.3098140803639212,0.8252228419222842,0,0.0496771860593417,0.043267038049834665
818,0,0.09647813984282656,0.8332769277038472,0,0.03339219036535174,0.00444874841250377
819,0,0.4085366684552749,0.843052449068325,0,0.034235122534660434,0.1567961230712429
820,0,0.2309451695218514,0.8332769277038472,0,0.050058500505823944,0.01922505035073152
821,0,0.263594978146046,0.8252228419222842,0,0.03348391267058157,0.045594580773232224
822,0,0.05719222994523365,0.8242073709343758,0,0.038879699157476244,0.02172203017390606
823,1,2.1589955465717146,0.8332769277038472,1,2.316795421261375,0.15779987468966036
824,0,0.04651180813426259,0.8390263507433331,0,0.08333746498903793,0.06938392254875914
825,0,0.5497562428260654,0.8436961239921603,0,0.025910078008041904,0.1390167948397778
826,0,0.008961145848742857,0.8512172580550987,0,0.070182555208117,0.06749421145349421
827,1,2.972942560525473,0.8552433563800907,1,3.106089070385286,0.13314650985981294
828,1,2.4963918124925053,0.8562413236079259,1,2.6866749790116087,0.1902831665191033
829,0,0.1841260690063762,0.8477222223171522,0,0.0427379827879244,0.012499837913988461
830,0,0.14391299403175162,0.8436961239921603,0,0.0062343598010536905,0.03693953840847186
831,1,2.695676480521925,0.8552433563800907,1,2.8540645252524195,0.15838804473049434
832,0,0.06118335308512038,0.8598920486508363,0,0.0978716535296203,0.07951664760408417
833,0,0.06395407198602412,0.8546610732602431,0,0.07266071060498089,0.09184693220078813
834,0,0.1225619818159156,0.8509696849754917,0,0.015858638959663995,0.020909955585110662
835,1,1.007623025478315,0.8509696849754917,1,0.9660047307277406,0.041618294750574325
836,1,2.3700996113652004,0.8574165040567377,1,2.498455314769359,0.12835570340415867
837,0,0.007096732048831544,0.8537251157719863,0,0.008677521924521203,0.010806541539170489
838,0,0.3839593469615942,0.8537251157719863,0,0.02631186347833228,0.08887594061014598
839,0,0.04487484093332883,0.8500891622436362,0,0.011588296091935346,0.0018741561880633029
840,0,0.3208799607419456,0.8500891622436362,0,0.013316147495273656,0.08294784072730998
841,0,0.33998137590209243,0.8537251157719863,0,0.017886489849266773,0.08410792292136104
842,0,0.1599416606365669,0.8537251157719863,0,0.006390650792112318,0.05437314898308232
843,0,0.00667196917996371,0.8534532654275195,0,0.042551388824981995,0.0445529795789712
844,0,0.03247280158753796,0.8488358290750777,0,0.07902571505163447,0.0887675555278955
845,1,2.209503233517891,0.8571628108974341,1,2.2834968559694087,0.07399362245151754
846,0,0.06216408361540715,0.8525453745449924,0,0.011151825155804596,0.007497399928817594
847,0,0.028794261267935148,0.8467524426506556,0,0.04651997141753786,0.05515824979791839
848,1,0.14241732181415762,0.8445734707461754,0,0.4343325766608432,0.3916073801165959
849,0,0.22554699608964918,0.8382935477626157,0,0.005349091185312127,0.062315007641582654
850,0,0.0019113113935880222,0.8382935477626157,0,0.04849890055712924,0.04907229397520574
851,0,0.16865689668411732,0.8361145758581354,0,0.08283188399065922,0.03223481498542413
852,1,1.0638073915631474,0.8435099332168978,1,0.6355938799385181,0.4282135116246293
853,0,0.17699163230559245,0.8361145758581354,0,0.08778313156243445,0.034685641870756734
854,0,0.28198569756322556,0.8435099332168978,0,0.017696492280719234,0.10229220154968743
855,0,0.2762688061749799,0.8454813616287027,0,0.0026604927836879483,0.08022014906880602
856,0,0.07718079116222845,0.8361145758581354,0,0.00691141190567942,0.016242825442989106
857,0,0.28839388221238454,0.8324050303882207,0,0.0,0.08651816466371536
858,1,0.935990423566009,0.8454813616287027,1,0.7192713070866295,0.21671911647937958
859,0,0.06516860324782958,0.8491909070986174,0,0.010734335087228875,0.030284916061577682
860,0,0.03584297680093629,0.8382935477626157,0,0.034545954403121026,0.023793061362840318
861,0,0.21679347977581503,0.8382935477626157,0,0.13012002709176074,0.19515807102450522
862,0,0.12414425380403508,0.8382935477626157,0,0.04909044860531724,0.011847172464106721
863,1,2.2219724631978246,0.8382935477626157,1,2.314195981387766,0.0922235181899412
864,0,0.06408465902463355,0.8330301284965468,0,0.022891099643973997,0.04211649735136405
865,1,0.9212232204340767,0.8330301284965468,1,0.7916214310804154,0.1296017893536613
866,0,0.023069000795272812,0.8291774987477991,0,0.04035728728343774,0.047277987522019574
867,0,0.08331492994720086,0.8299612064480203,0,0.08401595974177123,0.10901043872593147
868,1,2.40342894475482,0.8299612064480203,1,2.525068123042861,0.12163917828804104
869,1,2.136607831130094,0.8366843277269138,1,2.2266057492142357,0.08999791808414181
870,1,1.2431628986559677,0.8399813226824704,1,0.6348950082187546,0.6082678904372132
871,0,0.1364306123096236,0.8366843277269138,0,0.0863398064069425,0.04541062271405538
872,0,0.3117289017657231,0.8366843277269138,0,0.03130417103191413,0.062214499497802785
873,1,2.491846259542045,0.8434102418241762,1,2.7092125393321735,0.21736627979012846
874,0,0.1835786982168985,0.8403766464923309,0,0.0017589902794914042,0.056832599744560945
875,0,0.31740058195697896,0.8434102418241762,0,0.019678789037525526,0.11489896362461921
876,0,0.3262524905224489,0.8366843277269138,0,0.0107332752102283,0.08714247194650639
877,1,2.2968980924105833,0.8366843277269138,1,2.3234313091441297,0.026533216733546305
878,0,0.06994209063238865,0.8391786647407973,0,0.07097807334772721,0.04999544615801077
879,0,0.06148450209426391,0.8297579312128102,0,0.011454533336094103,0.006990817292185071
880,0,0.5214342123187627,0.8429664859412676,0,0.061408957335961745,0.09502130635966699
881,0,0.2860423051596841,0.8403766464923309,0,0.0642538156505128,0.15006650719841796
882,0,0.10147722129294559,0.8260344642199897,0,0.0,0.030443166387883677
883,0,0.30499001362607225,0.8391786647407973,0,0.003238788029158557,0.09473579211698024
884,0,0.1326418216550449,0.8391786647407973,0,0.02405340189908367,0.015739144597429755
885,1,0.17684684580583954,0.8226045847692383,0,0.41874704816467934,0.36569299442292746
886,0,0.19054011672939186,0.8113728415118777,0,0.014788599241819078,0.07195063426063708
887,0,0.16628587252445182,0.798101843860681,0,0.04076754171891395,0.09065330347624934
888,1,2.228836480006566,0.8113728415118777,1,2.318990586476351,0.09015410646978492
889,0,0.12979687966352613,0.8113728415118777,0,0.0,0.03893906389905784
890,0,0.20345069872755622,0.8113728415118777,0,0.0395681221586411,0.021467087459625764
891,0,0.16230113410684788,0.8085732886611949,0,0.04485753604116427,0.00383280419089016
892,0,0.2373001759151876,0.8048148755327122,0,0.05784924029182559,0.1290392930663824
893,1,0.698741238520733,0.8048148755327122,0,0.8258345945955738,0.6162122230393539
894,0,0.31766877920723813,0.8002214113809774,0,0.026774877955705968,0.06852575580646547
895,1,0.8228646888429546,0.8034866702761554,1,0.8129982952366898,0.009866393606264845
896,0,0.3214067339602177,0.8081418419914019,0,0.008206524295147344,0.088215495892918
897,0,0.08018645345429731,0.8078035489987245,0,0.05252591998309175,0.07658185601938106
898,1,2.335271241073431,0.8137631334310538,1,2.736645272157096,0.4013740310836651
899,0,0.38103432790621017,0.8260195770230616,0,0.007586354348839504,0.12189665272070255
900,0,0.16191662602718465,0.8137631334310538,0,0.05631175743817456,0.007736769630019166
901,0,0.13849290204577647,0.8128594412001429,0,0.018019054912065346,0.05956692552579812
902,1,2.2508289184682075,0.8137631334310538,1,2.3196444488259957,0.0688155303577883
903,0,0.15881285618907737,0.8128594412001429,0,0.07722930542132644,0.02958544856460321
904,0,0.20691132210501703,0.8048148755327122,0,0.029985954518786828,0.09205935115029193
905,0,0.05456993689397738,0.8048148755327122,0,0.02639507049314016,0.04276605156133351
906,0,0.21720528619122892,0.7893912104554037,0,0.039115462814511504,0.10427704867188026
907,0,0.08594407729292963,0.7955763586193941,0,0.05244771650401428,0.07823093969189318
908,0,0.30020099839847914,0.7955763586193941,0,0.05905443824711093,0.031005861272432808
909,0,0.26713759978062523,0.7893912104554037,0,0.03107204050900103,0.11121332044318855
910,0,0.18658965636579328,0.7847977463036688,0,0.024565549722642133,0.03141134718709582
911,0,0.16901490448173578,0.7794520778678298,0,0.0,0.05070447134452073
912,0,0.19641538836331152,0.7794520778678298,0,0.0016841294408773688,0.05724048706811602
913,0,0.1933041434808035,0.7662913328505481,0,0.04016948681646926,0.017821756227771823
914,0,0.20872558015824097,0.7662913328505481,0,0.0,0.06261767404747229
915,0,0.1095849684361849,0.7540190188954977,0,0.0,0.03287549053085547
916,0,0.019077592481566485,0.7522730997854494,0,0.13810075150956902,0.14382402925403892
917,1,0.5618099724701139,0.7540190188954977,0,0.7312076807243614,0.5626646889833272
918,0,0.11164234879875079,0.7418847355632849,0,0.010400436045411585,0.04389314068503682
919,0,0.09137490618038074,0.7522730997854494,0,0.04171192808372332,0.06912439993783753
920,0,0.3182518365412359,0.7418847355632849,0,0.010335128110054992,0.08514042285231582
921,0,0.010777976990440252,0.7391830130439827,0,0.07081720003806802,0.07405059313520002
922,0,0.09189185620867302,0.7317104036580033,0,0.024397628682478523,0.05196518554508045
923,1,0.5218818761636872,0.7361222467514493,0,0.6935621299325943,0.5369975670834881
924,0,0.060945913167673754,0.733869453671032,0,0.020062863307501913,0.038346637257804045
925,0,0.09211138457898316,0.7271071163432961,0,0.07711100617308331,0.1047444215467781
926,1,0.44413461530714793,0.7271071163432961,0,0.38606488574643205,0.2528245011542877
927,0,0.12376259034827841,0.7271071163432961,0,0.07925632116216952,0.04212754405768604
928,0,0.12293138813954396,0.7271071163432961,0,0.05696312743583887,0.09384254387770219
929,0,0.19061246909806198,0.7091333980137313,0,0.0,0.05718374072941859
930,0,0.10341491731960395,0.7030485072195958,0,0.009354371859478405,0.04037884705535966
931,0,0.06590910243333142,0.7030485072195958,0,0.05688217811096974,0.07665490884096915
932,1,0.9798682777884102,0.7210222255491605,1,0.6867999602127708,0.29306831757563945
933,0,0.2786466992855196,0.7321031283857891,0,0.0,0.08359400978565588
934,0,0.0679064981888623,0.7325587902523396,0,0.03761927387024734,0.017247324413588658
935,0,0.09074203031084271,0.7207914571821379,0,0.10016275723349344,0.07294014814024063
936,0,0.029293702247385145,0.7303294659457993,0,0.07469841460803028,0.0659103039338147
937,0,0.005857902731149167,0.7303294659457993,0,0.00867886682008212,0.006921496000737326
938,0,0.5063237067606128,0.7363941274585355,0,0.030192161423346908,0.12170495060483688
939,0,0.09574675257226004,0.7185377283492795,0,0.04851963238794472,0.019795606616266708
940,0,0.1441400232667181,0.7185377283492795,0,0.0074678340524875625,0.035774172927527874
941,0,0.10408363703471313,0.7185377283492795,0,0.0,0.03122509111041394
942,1,0.9660361302299093,0.7185377283492795,1,0.9459388191061077,0.020097311123801642
943,0,0.14130255453465698,0.7170062100104462,0,0.05203520236892341,0.009644436008526318
944,1,0.6766429006766462,0.7170062100104462,0,0.718619593774172,0.5156267235711781
945,1,2.7709050220383045,0.7174270244488858,1,2.7051176467875817,0.06578737525072276
946,0,0.062327062730948235,0.7157090849203811,0,0.046951419291020535,0.02825330047173602
947,0,0.06073639836479239,0.7125348187703637,0,0.06021240419976116,0.07843332370919888
948,0,0.15916258629902436,0.7095798826866629,0,0.06495124410909281,0.017202468219385536
949,1,0.9684129862433754,0.7095798826866629,1,0.7462633180174508,0.22214966822592452
950,0,0.1980087631279859,0.7061138413652244,0,0.004345611918069081,0.06374824085646486
951,0,0.0168742143374615,0.7032743947262313,0,0.011166077266481333,0.006103812965242872
952,0,0.12022370495950076,0.7032743947262313,0,0.0,0.036067111487850224
953,0,0.20932363161432635,0.697621335807741,0,0.05282338754684356,0.009973701937454338
954,1,2.4994334015268267,0.697621335807741,1,2.66491613924127,0.16548273771444286
955,0,0.38917875253571244,0.7032743947262313,0,0.06621491805770696,0.050538707703006835
956,0,0.0006250393544551258,0.7005426969163757,0,0.024886580252537427,0.024699068446200956
957,1,3.071199061550586,0.7089791398860112,1,3.24054376144175,0.16934469989116385
958,0,0.2680644107760015,0.7089791398860112,0,0.0038663848866294925,0.08428570811942981
959,0,0.4813555738494134,0.7089791398860112,0,0.06451976463178033,0.07988690752304373
960,1,0.9546113855911922,0.7089791398860112,1,0.9249265237789681,0.029684861812224073
961,1,2.293071122916584,0.7100439946924612,1,2.757263763033978,0.4641926401173938
962,0,0.031891777193904236,0.7145581409616667,0,0.07154246376457563,0.06197493060640458
963,0,0.25328139676236305,0.7121877147221544,0,0.006331007274492428,0.06965341175421647
964,0,0.17223459729254553,0.7089791398860112,0,0.0909857678281718,0.03931538864040818
965,1,0.6982136519586908,0.7100439946924612,0,0.7253264847184553,0.515862389130848
966,1,2.2216065604824813,0.7121877147221544,1,2.1948756483156275,0.026730912166853596
967,1,0.7100262243139415,0.7121877147221544,0,0.4539847152932497,0.24097684799906727
968,0,0.16467992699673062,0.7121877147221544,0,0.045044833526529375,0.004359144572489808
969,0,0.04874252886775872,0.7100439946924612,0,0.003735924736692743,0.018358683397020355
970,0,0.3437614100816172,0.7145581409616667,0,0.05278634264196404,0.05034208038252112
971,0,0.23706009227261857,0.7224066061511399,0,0.017845862419175615,0.08896389010096119
972,0,0.04534992497105528,0.7281806165140563,0,0.0020475681577002414,0.015652545649016858
973,0,0.06425898354117066,0.7199868771029472,0,0.001264720564329136,0.018012974498022083
974,0,0.01500898857942834,0.7266572198673207,0,0.03211328343268294,0.03661598000651134
975,0,0.12583332533849484,0.7199868771029472,0,0.0,0.03774999760154845
976,0,0.08055078557987538,0.7209625176852456,0,0.052062278738235324,0.027897043064272653
977,0,0.012322314818069197,0.7140552512924119,0,0.030814949655618512,0.03451164410103927
978,0,0.28671683084830724,0.7209625176852456,0,0.055458918401103174,0.1414739676555954
979,0,0.005353679677064127,0.7180539357727088,0,0.024984656556154672,0.026590760459273888
980,0,0.11873300340815773,0.7091172283244828,0,0.06834662544874537,0.10396652647119264
981,0,0.21057657751286601,0.7080238367617084,0,0.0070101840142815924,0.05616278923957821
982,0,0.03190680010191753,0.7080238367617084,0,0.009099799983115615,0.01867184001369087
983,0,0.06092725002607424,0.7095793708054436,0,0.06336768081489408,0.08164585582271644
984,1,2.3952690016062257,0.7095793708054436,1,2.5894919928294953,0.19422299122326958
985,0,0.01987130832634021,0.7128873681348922,0,0.06827738392912686,0.0742387764270287
986,0,0.228750833298277,0.7118876145761192,0,0.014206723978301986,0.054418526011181106
987,0,0.028268434759038952,0.7110376833150003,0,0.026659649902637916,0.01817911947492612
988,0,0.19477263188366084,0.7110376833150003,0,0.05817225619178795,0.00025953337331030557
989,0,0.5098062857907477,0.7147683272041939,0,0.02372424367314796,0.12921764206407627
990,0,0.20974420204715025,0.7147683272041939,0,0.036047651722665046,0.02687560889148003
991,1,0.7652070105887916,0.7158617187669681,1,0.7690024947005862,0.0037954841117946447
992,0,0.07817783281720014,0.7158617187669681,0,0.006390121302871643,0.029843471148031653
993,0,0.025454728267113813,0.7173567200237907,0,0.06186387131881599,0.05422745283868191
994,1,2.3339150838635456,0.7173567200237907,1,2.5136833616224634,0.17976827775891766
995,0,0.4139217583426944,0.7173567200237907,0,0.01035796202798589,0.1138185654748225
996,0,0.09512040737045811,0.7137148186059659,0,0.05734162058668321,0.02880549837554578
997,0,0.09314095393505233,0.7106476117976562,0,0.07096164619906585,0.043019360018550154
998,0,0.2130317411614971,0.7094896615064848,0,0.0010361111708400428,0.06494563351928917
999,0,0.31122528232397784,0.7094896615064848,0,0.04741082213839176,0.04595676255880177
1000,1,0.7375135430897723,0.7094896615064848,1,0.7885415810205,0.05102803793072763
1001,1,2.3632735478662967,0.7094896615064848,1,2.4692428154259063,0.10596926755960948
1002,0,0.08554133199029534,0.7094896615064848,0,0.03743921968490216,0.011776820087813444
1003,0,0.18996373585625437,0.7094356828596408,0,0.010473375584008897,0.046515745172867405
1004,0,0.13320943286631004,0.7094356828596408,0,0.042004096832964466,0.0020412669730716093
1005,0,0.12627247379378637,0.7088790019191128,0,0.04590734287552878,0.00802560073739289
1006,0,0.075604998457144,0.7027110904016876,0,0.008571530480047527,0.03125303001719072
1007,0,0.3960407373914089,0.7088790019191128,0,0.07097737586114997,0.18978959707857262
1008,0,0.11151703574309699,0.7088790019191128,0,0.06448491800218961,0.0979400287251187
1009,0,0.027187969915083196,0.7094356828596408,0,0.025131088606727844,0.016974697632202884
1010,0,0.052434847544373116,0.7137243463986691,0,0.0007449437862282471,0.014985510477083679
1011,0,0.141652383488378,0.7073100038347042,0,0.038799672773760244,0.08129538782027364
1012,0,0.07781467877490435,0.7031641293086941,0,0.016659267660843344,0.04000367129331464
1013,1,0.8939331014491356,0.7073100038347042,1,0.8243726666713107,0.06956043477782481
1014,0,0.06422008817798928,0.7096458684205781,0,0.022513075167669136,0.04177910162106592
1015,0,0.10637368514103607,0.7079749651336489,0,0.013029164243089864,0.044941269785400695
1016,1,2.0600258428694045,0.7114000179109734,1,2.0855722116694912,0.025546368800086733
1017,0,0.3699266346857748,0.7114000179109734,0,0.04726918137133329,0.1582471717770657
1018,0,0.23862890758449185,0.7096458684205781,0,0.04726919016335594,0.024319482111991614
1019,0,0.10017092777674427,0.7073100038347042,0,0.0,0.03005127833302328
1020,0,0.11897153831074701,0.7073100038347042,0,0.002521601130290728,0.03821306262351482
1021,1,2.5616454672220197,0.7096458684205781,1,2.6046018550156913,0.04295638779367156
1022,0,0.0088513484449418,0.7096458684205781,0,0.04076042707171068,0.038105022538228145
1023,0,0.21470643442412152,0.7137243463986691,0,0.08835572786490131,0.023943797537664735
1024,0,0.4946995014492028,0.7129805744045372,0,0.028179140201358033,0.17658899063611888
1025,1,2.2507749363614917,0.7191698583219269,1,2.50451488958202,0.2537399532205284
1026,1,3.5549076005158895,0.718450111586565,1,3.5268034854286903,0.028104115087199233
1027,0,0.030229642684652155,0.7214538528460124,0,0.026039357837493032,0.035108250642888666
1028,0,0.12988503814146576,0.7174503395562103,0,0.0,0.038965511442439725
1029,0,0.06377147068178668,0.7145249130684244,0,0.11299648633963333,0.13212792754416935
1030,0,0.33433000102701727,0.7215962140822204,0,0.0033118657102851265,0.09698713459782005
1031,0,0.08991622338314818,0.7145249130684244,0,0.005480409511607311,0.021494457503337137
1032,0,0.11599075700295769,0.715039697017466,0,0.047644072503657764,0.08244129960454494
1033,0,0.21891397243231436,0.7130709211979027,0,0.04361442775882618,0.10928861948852053
1034,0,0.09792121852163238,0.7130709211979027,0,0.0,0.029376365556489713
1035,0,0.47331180923787475,0.7130709211979027,0,0.01345953234696605,0.12853401042439636
1036,0,0.0418194087607543,0.7114000179109734,0,0.009734860092404672,0.0028109625358216164
1037,0,0.05246957625587302,0.7084209258814862,0,0.0,0.015740872876761906
1038,0,0.002067760990563716,0.7103897017010496,0,0.017855129464900865,0.017234801167731795
1039,0,0.032036371884515136,0.707629568809726,0,0.11403896072453912,0.10442804915918469
1040,0,0.05255005302594248,0.7079914037492312,0,0.03785511334123559,0.02209009743345285
1041,0,0.11857432264530798,0.7035043829073674,0,0.0072362836622617,0.02833601313133083
1042,0,0.01870197135082051,0.699844189462761,0,0.05835240619836945,0.05274181479312328
1043,0,0.03670277446119671,0.6974969914270842,0,0.057738124007832875,0.06874895634619188
1044,0,0.22150118012234699,0.6991941232108143,0,0.02372432087880738,0.09017467491551168
1045,1,0.5934060899297331,0.7031425479678624,0,0.7547377930868815,0.5767159661079616
1046,0,0.15545232184744584,0.6991941232108143,0,0.05199625093595217,0.005360554381718341
1047,1,2.2121702428359353,0.699844189462761,1,2.2489798414793927,0.03680959864345763
1048,0,0.011232303704909644,0.6993221312393613,0,0.04040101635240655,0.03703132524093366
1049,0,0.0807680983313771,0.6957719695045832,0,0.10256015812829233,0.07832972862887932
1050,0,0.4211470467148457,0.6993221312393613,0,0.07913365862360158,0.20547777263805528
1051,0,0.09696631520903509,0.6957719695045832,0,0.006920188597236754,0.02216970596547363
1052,0,0.06300039889840714,0.6889257955566035,0,0.027326234266816685,0.008426114597294476
1053,0,0.13280287428920498,0.6864481585101814,0,0.07065327116903651,0.11049413345579802
1054,0,0.05349916245730779,0.6857542726205428,0,0.0013570147782724362,0.01469273395891979
1055,0,0.2467655893037945,0.6839464945555218,0,0.0032495102767710338,0.07078016651436732
1056,1,2.164257420951372,0.6857542726205428,1,2.301727914024872,0.13747049307349973
1057,1,2.6173789097454634,0.6857542726205428,1,2.6762694354421934,0.05889052569673016
1058,0,0.29346671003848157,0.6857542726205428,0,0.03677301927411114,0.12481303228565555
1059,0,0.08463251703546182,0.6839464945555218,0,0.06317427394951698,0.03778451883887844
1060,0,0.007583432735865925,0.6839464945555218,0,0.028906180673264226,0.031181210494023892
1061,0,0.04698597489652223,0.6680576998833669,0,0.01334348586908174,0.0007523065998749079
1062,0,0.22237120954179646,0.6857542726205428,0,0.009244168580295975,0.057467194282242895
1063,0,0.36297393389636134,0.6864481585101814,0,0.029818093105855537,0.13871027327476393
1064,0,0.1650933384006995,0.6864481585101814,0,0.0020175465116761826,0.04751045500853368
1065,0,0.15840352981649547,0.6857542726205428,0,0.003690185009248569,0.051211243954197204
1066,0,0.24342895514463164,0.6864481585101814,0,0.01752409297155106,0.09055277951494053
1067,0,0.38932912262353236,0.6864481585101814,0,0.010834159485152872,0.10596457730190678
1068,0,0.35936124564369265,0.6936877248724221,0,0.024742848874033316,0.08306552481907448
1069,1,1.410712664909006,0.6936877248724221,1,1.1957624613850424,0.21495020352396366
1070,1,0.884006459688633,0.7009225986758152,1,0.8237057297014219,0.060300729987211144
1071,0,0.24541543390873916,0.7025524658589501,0,0.043272160642942294,0.030352469529679453
1072,0,0.10552601546628337,0.6991148206107941,0,0.016662893371232945,0.014994911268652045
1073,0,0.07080285724070667,0.6991148206107941,0,0.09049586527606834,0.06925500810385632
1074,0,0.15662646815710257,0.6991148206107941,0,0.059557751913524304,0.012569811466393466
1075,0,0.052877944318815207,0.6936877248724221,0,0.11088849817030821,0.0950251148746637
1076,0,0.03327891292311613,0.6873424107260131,0,0.02657202641744616,0.016588352540511275
1077,0,0.2044767104822025,0.6864481585101814,0,0.0034620062953267805,0.05788100684933406
1078,0,0.022569387931240636,0.6873424107260131,0,0.024236968408877235,0.031007784788249393
1079,0,0.2584887691423069,0.6864481585101814,0,0.010960056517149375,0.06658657422554282
1080,0,0.08781382986742996,0.6848476910737273,0,0.008577677285033884,0.017766471675195093
1081,1,0.7628829058633498,0.6899004647998198,1,0.6642159830344684,0.09866692282888145
1082,0,0.3321452637550681,0.6918799468074011,0,0.04573301631963747,0.05391056280688296
1083,1,2.468082442763574,0.6936877248724221,1,2.6061249098747155,0.13804246711114115
1084,0,0.09358886000881965,0.6873424107260131,0,0.0,0.028076658002645895
1085,1,0.6812997135653254,0.6880215785328438,0,0.764721461899401,0.5603315478298034
1086,0,0.01315243611116923,0.6868190266117989,0,0.0005167202027147599,0.0034290106306360535
1087,0,0.05338919859274284,0.6703047143845996,0,0.0261638439208665,0.01014708434304365
1088,1,2.5424118568392813,0.6876237332814308,1,2.5836022013377753,0.04119034449849401
1089,0,0.20407016507629683,0.6892118713869011,0,0.01814838502702787,0.043072664495861224
1090,0,0.2433848958814454,0.69537887752805,0,0.04441009016663422,0.028605378597799394
1091,0,0.2227253111278589,0.69537887752805,0,0.0400959516726755,0.026721641665682166
1092,0,0.2032374143396991,0.7013944558540788,0,0.0493578809937274,0.011613343308182422
1093,0,0.37920991213702837,0.7035977985170143,0,0.056893128346734656,0.05686984529437389
1094,0,0.08547648325639193,0.7013944558540788,0,0.009666722506659724,0.03530966748357729
1095,0,0.058385301491394426,0.7027057739067407,0,0.0655876115244024,0.08310320197182075
1096,0,0.4699103362586978,0.7042769663238451,0,0.002402247352622844,0.1433753482302329
1097,0,0.03600198230601806,0.7042769663238451,0,0.014590338790820383,0.0037897440990149675
1098,0,0.13462382834417075,0.7035977985170143,0,0.031421052470706756,0.008966096032544474
1099,0,0.046082748534607254,0.7038487809838785,0,0.0009071096461703565,0.0147319342065525
1100,0,0.21500566981466984,0.7047881005789736,0,0.008439628810066768,0.05606207213433434
1101,0,0.09695778085967308,0.7002200952530373,0,0.016144807032222725,0.04523214129012464
1102,0,0.21776069159209774,0.7002200952530373,0,0.026831901919466862,0.038496305558162455
1103,0,0.05064967705203727,0.7013380119726249,0,0.03973627723574924,0.054931180351360354
1104,0,0.12102775180513381,0.7013380119726249,0,0.012047095614460379,0.024261229927079686
1105,0,0.013752490849979038,0.6941144454794842,0,0.0728281996016984,0.0769539468566921
1106,0,0.3412840955966268,0.6941144454794842,0,0.023347926069732614,0.07903730260925543
1107,1,2.563502071769513,0.6941144454794842,1,2.6198209506314782,0.056318878861964995
1108,0,0.3544389458242425,0.7019614744885334,0,0.0,0.10633168374727275
1109,0,0.08608235107035685,0.6945493227849369,0,0.030735940964274545,0.004911235643167491
1110,0,0.07535052555210509,0.6822116496694668,0,0.007637297589404679,0.030242455255036216
1111,0,0.2314847531207721,0.6822116496694668,0,0.00556767591187346,0.07501310184810517
1112,0,0.07004608638581467,0.6822116496694668,0,0.037002937294311,0.05801676321005539
1113,0,0.00690676292325465,0.671467341691806,0,0.001664140904780842,0.0037361697817572814
1114,0,0.15923337025387185,0.6592149320308018,0,0.0383153801361698,0.009454630939991757
1115,0,0.35180244236901914,0.6592149320308018,0,0.027128060883257143,0.13266879359396277
1116,0,0.0885444413676304,0.6510822086341721,0,0.05041444853040278,0.07697778094069174
1117,0,0.22395290945628654,0.6456392722852625,0,0.03947813420523305,0.10666400704211909
1118,1,0.958110528699355,0.6519598833169085,1,0.9364779584551255,0.021632570244229488
1119,1,2.606839739028849,0.6519598833169085,1,2.6280946443169997,0.02125490528815073
1120,0,0.10614013008782738,0.6510822086341721,0,0.03658482967138692,0.06842686869773514
1121,0,0.12663480162090923,0.6454126038573164,0,0.022171473815154673,0.060161914301427435
1122,1,2.1637788720887743,0.6524822811345059,1,2.4626091290454233,0.2988302569566487
1123,0,0.3603903986937125,0.6524822811345059,0,0.00410649100774485,0.1040106286003688
1124,0,0.02138831552002607,0.6524822811345059,0,0.024587509626006643,0.018171014969999177
1125,0,0.24800929628390625,0.6510822086341721,0,0.028887015989094725,0.04551577289607715
1126,0,0.008979937756708245,0.6510822086341721,0,0.06155698647168817,0.058863005144675684
1127,0,0.29444357090065554,0.6510822086341721,0,0.03844934358320162,0.12678241485339828
1128,0,0.21525173105949363,0.6431628852611894,0,0.015354436341920283,0.04922108297592781
1129,0,0.019518561561399195,0.6454126038573164,0,0.05862542847539842,0.052769860006978586
1130,0,0.060901969055701,0.6454126038573164,0,0.028732937650424506,0.04700352836713473
1131,0,0.0041961588406661116,0.640834387634432,0,0.0562685214883104,0.055009673836110565
1132,0,0.22839460916455423,0.6454126038573164,0,0.0022482748755175974,0.06627010787384868
1133,0,0.23464149653296468,0.6510822086341721,0,0.009612457319815526,0.08000490627970502
1134,0,0.14849408638413353,0.6510822086341721,0,0.0,0.044548225915240054
1135,0,0.32470677921100943,0.6510822086341721,0,0.02468448362612463,0.12209651738942728
1136,0,0.0013150993285560991,0.6454126038573164,0,0.03340917995306804,0.03380370975163487
1137,1,0.8949377463709031,0.6510822086341721,1,0.9508551991026836,0.055917452731780504
1138,0,0.07160880813761261,0.6408733013384448,0,0.028113662852411347,0.049596305293695075
1139,0,0.17713010145112595,0.6347428282696762,0,0.04139813044286922,0.011740899992468412
1140,0,0.15588313906928938,0.6260234195803245,0,0.04807309390420578,0.09483803562499257
1141,0,0.11040484682822153,0.6197232535457219,0,0.015805395900788704,0.04892684994925516
1142,0,0.2064028240054294,0.6211433888660248,0,0.02460376604051125,0.03731708116111755
1143,0,0.2662250420427721,0.6260664177350139,0,0.07057686435874222,0.009290648254089429
1144,0,0.18683728241825048,0.6407134763795754,0,0.025306906742581736,0.030744277982893364
1145,1,2.24390420923883,0.6407134763795754,1,2.3554695366219387,0.11156532738310872
1146,0,0.071698456366394,0.6402972511243076,0,0.02336448724093504,0.044874024150853245
1147,0,0.16289094065012477,0.6388996476416832,0,0.0,0.04886728219503743
1148,1,0.6084822766990607,0.6482319256674951,0,0.6446467914671334,0.4621021084574153
1149,0,0.07281775399994306,0.6402972511243076,0,0.057371033738841226,0.03552570753885831
1150,0,0.15794906935536002,0.6388996476416832,0,0.015677404455256116,0.0630621252618635
1151,0,0.15641874036500433,0.6388996476416832,0,0.048826444958511746,0.09575206706801304
1152,0,0.512048985460596,0.6388996476416832,0,0.03450399282621286,0.11911070281196594
1153,0,0.0816269799580045,0.6248185508956217,0,0.00845270361495909,0.03294079760236057
1154,0,0.2150675665931686,0.6219517816161065,0,0.0035001888581306095,0.0680204588360812
1155,0,0.029737439172827673,0.6106534321167459,0,0.019502114906196688,0.010580883154348464
1156,0,0.07760233361227176,0.6106534321167459,0,0.051322105111762606,0.028041405028081057
1157,0,0.13135822299079636,0.5993962349729685,0,0.02784552882724356,0.011561938069995281
1158,0,0.144272044201738,0.5936763056348768,0,0.0,0.0432816132605214
1159,0,0.10189163857448003,0.5936763056348768,0,0.12152961494916181,0.15209710652150588
1160,0,0.15438060630353678,0.5919274530749494,0,0.03075456824099132,0.07706875013205228
1161,0,0.044466360227559995,0.5907439683744755,0,0.10255324168715035,0.08921333361888234
1162,0,0.3327033600276508,0.5952598974339487,0,0.04860344808792183,0.14841445609621706
1163,1,1.1129270958859363,0.5952598974339487,1,0.7076841725262497,0.4052429233596866
1164,0,0.06766108380192115,0.5952598974339487,0,0.00979072772075229,0.030089052861328458
1165,1,2.6207338079307236,0.5952598974339487,1,2.6454140057429716,0.024680197812247964
1166,0,0.10326594881746097,0.5936763056348768,0,0.044224586431899665,0.013244801786661375
1167,0,0.08606128750530785,0.5936763056348768,0,0.02340172460875735,0.04922011086034969
1168,0,0.16470264676780505,0.5915572338439868,0,0.0,0.049410794030341515
1169,1,2.4546462184972313,0.5915572338439868,1,2.530735950164005,0.07608973166677374
1170,0,0.21573418841706643,0.5898083812840594,0,0.02855294209608461,0.03616731442903531
1171,0,0.4173722078104367,0.5919388129604867,0,0.026593669407141585,0.15180533175027255
1172,1,2.4009245376042863,0.5919388129604867,1,2.7874406617848835,0.38651612418059744
1173,0,0.08497394746039347,0.5898083812840594,0,0.0,0.02549218423811804
1174,0,0.09968190069830257,0.5887572394421492,0,0.030443363748695863,0.060347933958186634
1175,0,0.012445185046143115,0.5834603995727607,0,0.0012630788547638439,0.0024704766590792904
1176,0,0.13862632038335576,0.5780841465778161,0,0.014735206478721619,0.026852689636285287
1177,0,0.20347876554358024,0.5749376905352643,0,0.04484076778316315,0.016202861879911046
1178,0,0.17986704037665135,0.5774471742506938,0,0.0422140210825461,0.011746091030449303
1179,0,0.106169008908337,0.5744491033316155,0,0.05297086968333573,0.021120167010834634
1180,1,0.6533663226849801,0.5744491033316155,1,0.7557878506429078,0.1024215279579277
1181,1,0.34264312923216766,0.5744491033316155,0,0.6852073018101245,0.5824143630404741
1182,0,0.3948531478292152,0.5835740883695915,0,0.041299750104766275,0.159755694453531
1183,0,0.09009719564091545,0.5744491033316155,0,0.01526901893832322,0.011760139753951515
1184,0,0.4399561814861499,0.5835740883695915,0,0.054986695935963024,0.186973550381808
1185,1,2.0777842151952908,0.5870083868822218,1,2.4078777598925005,0.3300935446972096
1186,0,0.21599179493133996,0.5870083868822218,0,0.0,0.06479753847940199
1187,0,0.15027584695621113,0.5817115470128333,0,0.049474744541347655,0.09455749862821097
1188,1,1.1137723416112768,0.5817115470128333,1,1.0830077696537228,0.030764571957554
1189,0,0.0641640389130877,0.5817115470128333,0,0.03431253190935392,0.015063320235427613
1190,0,0.051922230018935076,0.5821075705401484,0,0.0,0.015576669005680522
1191,0,0.026743082527039386,0.5742973274064445,0,0.02798699326807441,0.03600991802618614
1192,0,0.0069054831885402845,0.5696648604370883,0,0.06750156402783788,0.0654299190712758
1193,1,2.4156705861472374,0.5696648604370883,1,2.50829411594469,0.09262352979745242
1194,0,0.13838255572998792,0.5665169590173814,0,0.010112149774766599,0.031402616944229855
1195,0,0.24621796116347125,0.5661208196751584,0,0.014320156729212778,0.0595452316198286
1196,0,0.11423568936073938,0.5640745512799226,0,0.04030080034317807,0.07457150715139987
1197,0,0.023524395449854553,0.5641657634364976,0,0.013064985692576782,0.020122304327533147
1198,1,1.01610544254112,0.5641657634364976,1,0.9097873833964136,0.10631805914470638
1199,0,0.14271024202183707,0.5618497473595268,0,0.005186776536460741,0.037626296070090375
1200,0,0.12390200586814899,0.5572726762671281,0,0.0,0.0371706017604447
1201,0,0.01305925917832973,0.5573638884237031,0,0.045788868965584206,0.04187109121208532
1202,0,0.3903195446026765,0.5573638884237031,0,0.10797089506375002,0.009124968317052895
1203,1,2.320602241013453,0.5577600277659263,1,2.459651437928755,0.13904919691530232
1204,0,0.22134289572493415,0.5577600277659263,0,0.005814136286296137,0.07221700500377637
1205,1,2.0968264352396853,0.562337098858325,1,2.3945341785403764,0.2977077433006908
1206,0,0.23599284116547325,0.562337098858325,0,0.04660011901146732,0.1173979713611093
1207,0,0.03251925845211301,0.5675607947215022,0,0.04269626111153091,0.03294048357589707
1208,0,0.08598134916260247,0.5577600277659263,0,0.0074123946679829356,0.033206799416763744
1209,1,2.332432194090148,0.5577600277659263,1,2.428279620755823,0.09584742666567529
1210,1,2.3148858212144225,0.5629837236291035,1,2.3418243616133783,0.026938540398955907
1211,0,0.0032770242635964814,0.5718695171359934,0,0.03908046053858975,0.040063567817668684
1212,0,0.07559067140523479,0.5714978525920869,0,0.06884548478672614,0.09152268620829651
1213,0,0.287107664326159,0.5816397182167984,0,0.022966152150363905,0.06316614714748381
1214,0,0.08612830729190832,0.580030460105653,0,0.019381386207661624,0.045219878395234114
1215,0,0.23304588596184705,0.5816397182167984,0,0.010613195030444,0.08052696081899813
1216,0,0.09672980873640186,0.5714978525920869,0,0.023922885192587826,0.05294182781350838
1217,0,0.26781888500681605,0.5714978525920869,0,0.13022761487369183,0.049881949371646916
1218,1,1.972265146075449,0.582011382760705,1,2.0204604593211606,0.04819531324571141
1219,0,0.39851481495011176,0.5883757309886721,0,0.06907049384961397,0.1886249383346475
1220,0,0.3620068558045779,0.5883757309886721,0,0.0072625031868143175,0.10133955355455915
1221,0,0.09956424368681527,0.5827765472558828,0,0.036464449448637234,0.06633372255468181
1222,0,0.07711635559433122,0.5827765472558828,0,0.06489982181810983,0.08803472849640925
1223,0,0.39270646518301894,0.5827765472558828,0,0.0411901767082097,0.07662176284669597
1224,0,0.5517361586804457,0.5929528020810708,0,0.018060833123430875,0.1835816807275652
1225,0,0.035550246382218,0.5942422272980515,0,0.03842935419466456,0.04909442810932996
1226,1,2.9032787811952914,0.5942422272980515,1,3.00652889365196,0.10325011245666867
1227,0,0.08253648580987884,0.5942422272980515,0,0.0402530709799711,0.06501401672293475
1228,1,2.3204952912059205,0.5991095741831046,1,2.5358730109844623,0.21537771977854192
1229,1,0.2124118819810742,0.5991095741831046,0,0.4128948745798463,0.34917130998552404
1230,1,2.1943601856966337,0.602094569493394,1,2.249620011344121,0.05525982564748685
1231,0,0.16337507977797028,0.6078186536868428,0,0.10013444934622129,0.051121925412830116
1232,1,1.3532322903601521,0.6078186536868428,1,0.9895410700368733,0.36369122032327894
1233,0,0.02524112503029352,0.602094569493394,0,0.030906730580031128,0.03847906808911916
1234,0,0.003657411805032318,0.6023336945991588,0,0.02299749742830405,0.021900273886794358
1235,0,0.09329103612961287,0.6023336945991588,0,0.08694786577693969,0.058960554938055965
1236,0,0.6012230879131358,0.6091080789038235,0,0.0008521706543810556,0.1812190970283218
1237,1,0.6273830485478562,0.6197756316224724,1,0.805842117373532,0.17845906882567575
1238,0,0.1224446508185157,0.6078186536868428,0,0.0,0.03673339524555471
1239,0,0.12319909704568824,0.6078186536868428,0,0.02730632588674798,0.009653403226958492
1240,0,0.22827576710332442,0.6184862064054917,0,0.041602086402158456,0.026880643728838916
1241,0,0.5137320770723748,0.6243834164162443,0,0.001570278052550833,0.15568990117426385
1242,0,0.060261304429758744,0.6184862064054917,0,0.02210676995297027,0.00402837862404265
1243,1,0.2778148134489126,0.6243834164162443,0,0.38993208624607273,0.306587642211399
1244,1,4.194384415209612,0.6243834164162443,1,4.468567543360368,0.2741831281507565
1245,0,0.040940644850629315,0.6197756316224724,0,0.07555382000839243,0.08783601346358122
1246,0,0.0640446901573949,0.6197756316224724,0,0.07496178954762048,0.055748382500402
1247,0,0.11851956794676699,0.6197756316224724,0,0.02303640650684491,0.012519463877185055
1248,0,0.0669813529170099,0.6197756316224724,0,0.0,0.020094405875102972
1249,0,0.021429080640830045,0.6091080789038235,0,0.04482167158725073,0.05125039577949975
1250,0,0.3137318027449211,0.6108498430080971,0,0.04440160844301222,0.13852114926648862
1251,0,0.0876959651241071,0.6091080789038235,0,0.01886195281284174,0.04517074235007386
1252,0,0.14471552880146976,0.6091080789038235,0,0.009391595396232133,0.034023063244208784
1253,0,0.5418352954885644,0.6108498430080971,0,0.05075124563349721,0.1117993430130721
1254,0,0.016121398501172737,0.6015147321037358,0,0.048915287780622985,0.044078868230271157
1255,0,0.18496938788523365,0.600378638360498,0,0.022612076891629806,0.032878739473940266
1256,0,0.08123833884876785,0.6001395132547334,0,0.0031014629285754935,0.02127003872605493
1257,0,0.039386543839359245,0.5968316164884903,0,0.060618889560700495,0.07243485271250849
1258,0,0.018028067155197336,0.5922545453960916,0,0.01935322174921217,0.01394480160265299
1259,0,0.11000508374926121,0.5874653437492066,0,0.02323186497473606,0.009769660150042325
1260,0,0.12081380873420722,0.583809031513198,0,0.05011793929492048,0.013873796674658379
1261,1,2.556043749516158,0.583809031513198,1,2.630180158687333,0.07413640917117494
1262,0,0.04597091076224569,0.583809031513198,0,0.037653980524229747,0.05144525375290332
1263,0,0.06249975774179718,0.5824459341749999,0,0.09292324602154617,0.07417331869900701
1264,0,0.27163207058157846,0.5831265184581382,0,0.034573925929983984,0.11606354710445754
1265,0,0.1878520315267843,0.5824459341749999,0,0.024921896009768185,0.08127750546780346
1266,0,0.10318728659222638,0.5774499018298506,0,0.07222004159649596,0.10317622757416388
1267,0,0.23346811997794545,0.5761604766128698,0,0.011838964932909285,0.08187940092629292
1268,0,0.9930004067024361,0.5774499018298506,1,0.008272071716689755,0.9847283349857463
1269,0,0.07597394345247173,0.5761604766128698,0,0.0,0.022792183035741518
1270,0,0.03514303882695888,0.56282774082401,0,0.020015074320764402,0.030557985968852057
1271,0,0.15882385081980477,0.56282774082401,0,0.08248640355493475,0.03483924830899332
1272,1,0.07755551964902568,0.5560653920857148,0,0.19771086842226082,0.17444421252755316
1273,0,0.024491393200628764,0.56282774082401,0,0.03409007498304373,0.04143749294323218
1274,0,0.34394874869543385,0.5761604766128698,0,0.03512511056328692,0.06805951404534324
1275,0,0.14134662955523547,0.5761604766128698,0,0.033898465924913704,0.008505522941656941
1276,0,0.18128132184514487,0.580030460105653,0,0.0,0.054384396553543456
1277,0,0.23629213626647252,0.5714978525920869,0,0.05035902373135469,0.12124666461129642
1278,0,0.10762250563915798,0.5556245767213976,0,0.03663436640674833,0.06892111809849566
1279,0,0.17971417608567944,0.5528900270487846,0,0.016292553224414873,0.0702068060501187
1280,0,0.1051732592082057,0.5528900270487846,0,0.030713663835974177,0.0008383139264875258
1281,1,1.0567767734772564,0.5581137229119619,1,0.7716638862839147,0.2851128871933417
1282,1,0.428970895510897,0.5600282710436971,0,0.722653290691539,0.59396202203827
1283,0,0.188369324496369,0.5639698476044168,0,0.006707320250707416,0.06321811759961815
1284,1,0.5453617926609904,0.5639698476044168,0,0.739155442275351,0.5755469044770539
1285,0,0.27478022615091646,0.5685469186968155,0,0.01781161626717953,0.10024568411245482
1286,0,0.45723166691428085,0.5735232124608677,0,0.08892172846464996,0.04824777160963434
1287,0,0.48327464935029435,0.5739606031930901,0,0.007554260590411546,0.13742813421467673
1288,0,0.1961597113103466,0.5739606031930901,0,0.049049767303432024,0.10789768069653605
1289,1,0.6386313246040842,0.5739606031930901,1,0.6495595215827159,0.010928196978631677
1290,0,0.17754769815304583,0.5739606031930901,0,0.0062823490922188086,0.04698196035369495
1291,1,2.856113045206618,0.5739606031930901,1,2.8419254065088664,0.01418763869775165
1292,0,0.09641889710807061,0.5739606031930901,0,0.0076498944583498485,0.036575563590770965
1293,1,2.531984698757737,0.5743755234117782,1,2.5951450543961845,0.06316035563844749
1294,0,0.20474857432972843,0.5704816166727917,0,0.0694113252310587,0.1308358975299772
1295,0,0.054321298785140595,0.5700666964541036,0,0.054510930213131484,0.0382145405775893
1296,0,0.06508390120910618,0.5700666964541036,0,0.0,0.019525170362731853
1297,0,0.007416181172113595,0.5739606031930901,0,0.02779638617330555,0.030021240524939617
1298,0,0.03605721849986382,0.5819586190380764,0,0.051301355501523184,0.04048418995156404
1299,0,0.058913440183583785,0.5726346816311713,0,0.04327983770740039,0.025605805652325255
1300,0,0.2255488797784786,0.5667675285483473,0,0.1776757034848533,0.11001103955130964
1301,0,0.4868675626856553,0.5667675285483473,0,0.033176326396525256,0.11288394240917132
1302,1,1.0739006967604139,0.5735232124608677,1,0.7764416503692043,0.29745904639120957
1303,0,0.46691048741046537,0.5819586190380764,0,0.005863795791461457,0.13420935043167825
1304,0,0.06329707144925467,0.5819586190380764,0,0.0060779269490078836,0.012911194485768718
1305,1,1.7944318594145092,0.5932712197688048,1,2.3051841644225926,0.5107523050080833
1306,1,2.2889120141056436,0.5973432944362773,1,2.3354036618086895,0.04649164770304571
1307,0,0.13433472355860776,0.5932712197688048,0,0.010214029039618211,0.05051444610720057
1308,0,0.43955910703236845,0.5973432944362773,0,0.029183322004171217,0.16105105411388174
1309,0,0.024632776411548617,0.5973432944362773,0,0.0,0.007389832923464585
1310,0,0.33263414323731005,0.6042104365971568,0,0.0158829259281415,0.1156731688993345
1311,0,0.012120270385080997,0.6059168956446597,0,0.05559636309144459,0.05923244420696889
1312,0,0.0017904676278750128,0.6078186536868428,0,0.014025847566345132,0.01456298785470763
1313,0,0.03145810549726366,0.6003744837575316,0,0.0,0.009437431649179097
1314,0,0.06608450643929853,0.6003744837575316,0,0.023976560235600353,0.004151208303810661
1315,0,0.009765872539614168,0.6012221088436969,0,0.05428629288136149,0.05135653111947724
1316,0,0.009522057592070712,0.5990847386195728,0,0.08651390065540987,0.08365728337778866
1317,0,0.09261179390939607,0.595983991402325,0,0.0,0.027783538172818822
1318,0,0.581335861007107,0.5968316164884903,0,0.04570890936442251,0.12869184893770957
1319,0,0.12973226950326566,0.5968316164884903,0,0.047430667718250705,0.08635034856923038
1320,1,0.48294832483389216,0.6003878731658376,0,0.7018339735810614,0.5569494761308937
1321,0,0.3439457704711151,0.6003878731658376,0,5.087966420536105e-05,0.10313285147712914
1322,1,2.610672318830687,0.6025252433899617,1,2.611924428514961,0.001252109684274215
1323,0,0.024867242444219784,0.6034333303473072,0,0.021981076467159077,0.029441249200425013
1324,1,2.7135429501916644,0.6034333303473072,1,2.689805997000964,0.02373695319070071
1325,0,0.07629112888710304,0.5981347510347552,0,0.0122215812630952,0.010665757403035714
1326,0,0.04575461813852013,0.5935576799423565,0,0.0,0.013726385441556039
1327,1,2.3939541942537588,0.5981347510347552,1,2.3580445936544723,0.03590960059928681
1328,0,0.22758950589951427,0.6003878731658376,0,0.02172138082154962,0.0899982325914039
1329,1,0.7877933247512399,0.6038482505659953,1,0.8569780353819776,0.06918471063073772
1330,0,0.12381663321523173,0.6003878731658376,0,0.0542621534078096,0.0914071433723791
1331,0,0.27547370666805016,0.6038482505659953,0,0.09359974896087853,0.01095763696046348
1332,1,0.6518603893284076,0.6130006026405272,1,0.666411384966999,0.014550995638591413
1333,0,0.028978833173582297,0.6097978566160953,0,0.07757437856318816,0.0688807286111135
1334,0,0.14151451848723218,0.6097978566160953,0,0.03432421737241853,0.008130138173751189
1335,0,0.1627328641714536,0.6064896124062071,0,0.05148109660302702,0.0026612373515909615
1336,0,0.02795869452169608,0.6064896124062071,0,0.060721937485176625,0.052334329128667534
1337,0,0.002023035986756301,0.6097978566160953,0,0.014768377472093148,0.01416146667606626
1338,1,0.7518643389779034,0.6163709101224522,1,0.7151046884198231,0.03675965055808028
1339,1,2.5305554040280454,0.6218469983513806,1,2.657914724651451,0.12735932062340583
1340,0,0.40022559281894754,0.6257101325854333,0,0.025938343711159106,0.14600602155684328
1341,0,0.038927372935695814,0.6280554319690361,0,0.02303654333980909,0.0347147552205177
1342,1,2.4216272547733912,0.6280554015448568,1,2.41377079099832,0.007856463775070835
1343,1,2.4699986538617247,0.6317901069054477,1,2.5860328855832573,0.11603423172153231
1344,1,3.0825962912732994,0.6337738257348509,1,3.0715709192569767,0.011025372016322699
1345,0,0.5087194721411825,0.6337738257348509,0,0.11235660900143718,0.040259232640917686
1346,0,0.49842900952531577,0.6639210980375476,0,0.010789109681184073,0.1387395931764107
1347,0,0.12081279839059442,0.6337738257348509,0,0.027698488639347343,0.008545350877830982
1348,0,0.2486087178996935,0.6595867741700286,0,0.006869222977475567,0.06771339239243246
1349,0,0.23276973473791907,0.6795881512545019,0,0.08481752729673409,0.15464844771810982
1350,0,0.09030183523856611,0.6576520697266801,0,0.0,0.02709055057156983
1351,1,1.0568972196976891,0.6795881512545019,1,0.9934248548142184,0.06347236488347074
1352,1,1.3117429201996296,0.6963856628709547,1,0.849205011889961,0.46253790830966857
1353,0,0.40532769549033776,0.7042941579191104,0,0.1274518742646804,0.005853565617578993
1354,1,2.387997248643888,0.709619986440001,1,2.4695262664500746,0.08152901780618628
1355,0,0.2295363215274141,0.709619986440001,0,0.005448542793407785,0.07430943925163203
1356,0,0.08194197675766511,0.7025876988716078,0,0.09499512394184399,0.07041253091454446
1357,1,0.9357666676774913,0.7025876988716078,1,0.7157213822816562,0.22004528539583512
1358,0,0.3956129487733931,0.7055835831360913,0,0.07467642382144946,0.0440074608105685
1359,1,2.663183293871203,0.7126648850905393,1,2.733361194065732,0.0701779001945288
1360,1,2.4784971132356106,0.7245682088487517,1,2.514038260000272,0.035541146764661705
1361,0,0.38801526064671776,0.7370719510675195,0,0.009213036996429835,0.10719154119758567
1362,0,0.4488187948680403,0.7401168497180578,0,0.014321906338725543,0.14896754479913765
1363,0,0.06949643795726657,0.7245682088487517,0,0.016771469591425947,0.03762040097860597
1364,0,0.09036068568559497,0.7245682088487517,0,0.008231221617279794,0.01887698408839869
1365,0,0.0015157970130914578,0.7265519276781549,0,0.03968281006836971,0.040137549172297504
1366,0,0.18071515616868616,0.7194744067187508,0,0.014358914460203542,0.06857346131080944
1367,0,0.03428330431640982,0.71583172679724,0,0.043991619012514506,0.03370662771759156
1368,0,0.021008902413362045,0.7132535624562446,0,0.0,0.006302670724008613
1369,0,0.10664333544250026,0.7026546911818222,0,0.055837032070899295,0.023844031438149282
1370,0,0.013607466585701791,0.695999045190081,0,0.0,0.004082239975710537
1371,0,0.04574455220678563,0.6769488832174115,0,0.011075661702759379,0.024799027364795067
1372,0,0.23736799243880857,0.7006241258596959,0,0.024349877285288368,0.04686052044635436
1373,0,0.11724720809424648,0.7006241258596959,0,0.010889071914709492,0.046063234342983435
1374,0,0.0018989230288479955,0.7127447872078261,0,0.01631093226788578,0.015741255359231383
1375,1,2.542228827388588,0.7291118676613104,1,3.0657244182969783,0.5234955909083903
1376,0,0.01088505556350326,0.7291118676613104,0,0.0,0.0032655166690509782
1377,1,0.4889052217494181,0.7297929482366448,0,0.4687695178214146,0.32209795129658925
1378,0,0.04508752019251894,0.7297929482366448,0,0.0068837714601195366,0.006642484597636056
1379,0,0.08725786822043147,0.7231373022449035,0,0.0015940066533011166,0.027771367119430623
1380,0,0.3904471902508896,0.7302627871086999,0,0.010782939624689902,0.12791709669995677
1381,0,0.23751946863667417,0.7297929482366448,0,0.055819516502726985,0.015436324088275222
1382,0,0.17777665220289074,0.7241215036478446,0,0.10075248312024931,0.04741948745938207
1383,0,0.03981723994178026,0.7224562216695691,0,0.011201289982463856,0.023146461964997936
1384,0,0.023039449467602946,0.7231373022449035,0,0.023800149565889495,0.016888314725608033
1385,1,2.568485249334253,0.7231373022449035,1,2.5783095621726932,0.009824312838439916
1386,0,0.021421981884645662,0.7231373022449035,0,0.05172958574525908,0.05815618031065277
1387,0,0.03760368098221256,0.7236071411169587,0,0.012419753453830396,0.023700857748494286
1388,0,0.03131293063050439,0.6905229129670769,0,0.0,0.009393879189151315
1389,0,0.12530988844794314,0.6591326505252281,0,0.0,0.03759296653438294
1390,0,0.054620683527442954,0.6544663477802861,0,0.022430624601419966,0.006044419543187074
1391,0,0.1347299633101131,0.6528122315755174,0,0.0,0.04041898899303393
1392,1,1.1306438745570797,0.6614196519101572,1,0.9129717410925137,0.21767213346456604
1393,0,0.23467376400078574,0.6528122315755174,0,0.05257063829269246,0.12297276749292818
1394,0,0.15595912019707647,0.6528122315755174,0,0.07209572208735304,0.025307986028230145
1395,0,0.46400378977621703,0.6630737681149259,0,0.014665910915326208,0.12453522601753897
1396,0,0.14777736019753895,0.6528122315755174,0,0.06036913697284785,0.01603592891358563
1397,0,0.2850003059856352,0.6544663477802861,0,0.030981391154316085,0.05451870064137454
1398,0,0.33416369962318215,0.6633048937261788,0,0.03300275268119646,0.06724635720575822
1399,0,0.12057601336945832,0.6633048937261788,0,0.0,0.036172804010837493
1400,0,0.01627848073463995,0.669717156532311,0,0.02127297998068311,0.026156524201075095
1401,0,0.010401200634499713,0.6727236681449016,0,0.0026141446866852075,0.0005062155036647115
1402,0,0.25764455913475026,0.6727236681449016,0,0.0431676257087974,0.03412574203162766
1403,1,0.4392490062829262,0.6773899708898437,0,0.6509642397962127,0.5191895379113348
1404,0,0.019807773595509625,0.6806157251128763,0,0.0,0.005942332078652887
1405,0,0.04840905877402024,0.6773899708898437,0,0.043334615500906004,0.05785733313311203
1406,1,0.3858846296554195,0.6773899708898437,0,0.4030312910711119,0.2872659021744861
1407,0,0.11364716185846868,0.6727236681449016,0,0.08709160059362192,0.05299745203608132
1408,0,0.08170618253163905,0.6693960487290527,0,0.0,0.024511854759491716
1409,0,0.26943736610771407,0.669717156532311,0,0.07894974638313967,0.001881463449174614
1410,0,0.035739805795740154,0.6727236681449016,0,0.02606243035914388,0.015340488620421824
1411,0,0.14878283876582277,0.6717278328940561,0,0.038110284151987694,0.08274513578173448
1412,0,0.18974516568669536,0.6727236681449016,0,0.014168908778397778,0.042754640927610825
1413,0,0.053550927551153094,0.669717156532311,0,0.11344880248216316,0.09738352421681706
1414,0,0.14585314412478834,0.669717156532311,0,0.07660285818391532,0.032846914946478734
1415,1,2.3434752483172616,0.669717156532311,1,2.4487462550270944,0.10527100670983253
1416,0,0.37713355914205043,0.674997126857076,0,0.04118898514837438,0.07195108259424074
1417,0,0.09903884844500088,0.6727236681449016,0,0.01879919988896095,0.010912454644539382
1418,0,0.03895623012612537,0.6717278328940561,0,0.0,0.01168686903783761
1419,0,0.2484975991743022,0.6693960487290527,0,0.06606544340241652,0.008483836349874138
1420,0,0.07715355393125811,0.6693960487290527,0,0.033091431883083056,0.05623749806246049
1421,0,0.004933198664597516,0.6717278328940561,0,0.020006329056578287,0.021486288655957475
1422,1,3.161792971052636,0.6717278328940561,1,3.274089254033087,0.11229628298045125
1423,0,0.115472107652138,0.6605941926895676,0,0.00907500056064936,0.043716632856290794
1424,1,0.44316483352372504,0.6693960487290527,0,0.6298167212771894,0.49686727122007185
1425,0,0.0713807121441316,0.6605941926895676,0,0.009063225851984727,0.03047743949522419
1426,1,0.24625436691395075,0.6614196519101572,0,0.46913058158482146,0.39525427151063625
1427,0,0.4247785650593945,0.6614196519101572,0,0.035163941853933234,0.1625975113717517
1428,0,0.21305778305551126,0.6614196519101572,0,0.06869208645722014,0.13260942137387355
1429,1,2.5684901799669526,0.6623990406673387,1,2.524521754474455,0.043968425492497853
1430,0,0.24540201921060878,0.6633048937261788,0,0.07494119137811373,0.0013205856149312023
1431,0,0.015620244474676026,0.6633048937261788,0,0.026370158246877252,0.031056231589280052
1432,0,0.3655591704198681,0.670561949723387,0,0.03368724350456431,0.1433549946305248
1433,0,0.450465017116517,0.674997126857076,0,0.10125319651701803,0.033886308617937067
1434,1,0.4724007518739797,0.7128179549120904,0,0.7700753022486693,0.6283550766864754
1435,0,0.1399373332915239,0.674997126857076,0,0.01151284075521275,0.053494040742669835
1436,0,0.10752943294131789,0.670561949723387,0,0.09981885448412164,0.06756002460172639
1437,0,0.17552382131735378,0.6633048937261788,0,0.0581092917670496,0.005452145371843464
1438,0,0.18323216842767986,0.6877703687839659,0,0.024163568817652914,0.07913321934595685
1439,1,0.8918194356933802,0.6904234351837258,1,0.9113818726291198,0.01956243693573967
1440,0,0.08360144312745599,0.6904234351837258,0,0.028242186153344728,0.05332261909158165
1441,0,0.031182985576580058,0.6990308555183656,0,0.01495285703478788,0.005597961361813897
1442,0,0.18070814764866694,0.6990308555183656,0,0.04203638123092496,0.09624882552552504
1443,1,2.2415077121680675,0.7086807555483414,1,2.2270865976812813,0.014421114486786405
1444,0,0.036464232868945845,0.6806157251128763,0,0.11484864428905028,0.125787914149734
1445,0,0.10912786441979375,0.6759494223679343,0,0.03696524201604982,0.06970360134198794
1446,0,0.5824824033599034,0.6806157251128763,0,0.05496784173891467,0.11977687926905634
1447,0,0.07497089576602844,0.6806157251128763,0,0.12744151552882022,0.10495024679901155
1448,0,0.15195055828058127,0.6755422742664097,0,0.03780917283954474,0.007775994644629636
1449,0,0.02963602669492756,0.677237989781933,0,0.0,0.008890808008478267
1450,0,0.517417833482756,0.6824028715266423,0,0.011188701287378588,0.16641405133220544
1451,0,0.32376552646681733,0.71464672967962,0,0.012393228313078652,0.1095228862531239
1452,0,0.143889507579515,0.6824028715266423,0,0.0,0.04316685227385449
1453,0,0.24921401112081554,0.7136936561851399,0,0.024510060920403642,0.05025414241584103
1454,0,0.10043541143239493,0.6824028715266423,0,0.0,0.03013062342971848
1455,1,0.8115300029111642,0.7136936561851399,1,0.6608980485594169,0.15063195435174725
1456,0,0.12315229136196887,0.7136936561851399,0,0.05139232738717037,0.08833801479576103
1457,1,2.4874952403164947,0.746875080565677,1,2.507808292516558,0.020313052200063297
1458,0,0.1387184953383519,0.746875080565677,0,0.009790103682921547,0.05140565228442728
1459,1,2.5451696397941297,0.7535334391715258,1,2.5440542885353947,0.0011153512587349715
1460,0,0.2568115989489513,0.7591135063939343,0,0.03114272622082026,0.04590075346386513
1461,0,0.11185359242749748,0.7591135063939343,0,0.027892874325214922,0.005663203403034167
1462,0,0.05463455665852768,0.752580365677046,0,0.03512577445174103,0.05151614144929939
1463,0,0.4447104638749737,0.752580365677046,0,0.06402931594478112,0.06938382321771108
1464,0,0.0929561778614727,0.752580365677046,0,0.08669042133187244,0.1145772746903142
1465,0,0.10887852081994032,0.74598190420994,0,0.0006096989000926867,0.03205385734588939
1466,1,3.4230904709741448,0.752580365677046,1,3.538398133447219,0.11530766247307422
1467,0,0.14546106618498245,0.752580365677046,0,0.0632309630868042,0.01959264323130938
1468,0,0.18756212342829248,0.7581604328994542,0,0.06450045086178369,0.008231813833295742
1469,0,0.002273731734859799,0.752580365677046,0,0.00975840517421108,0.009076285653753145
1470,0,0.420416791455813,0.7535334391715258,0,0.013935357783050328,0.14006039521979408
1471,0,0.2565280569697681,0.752580365677046,0,0.06834414132526168,0.008614275765668644
1472,0,0.18420419320978665,0.75079321926328,0,0.04452880241493684,0.010732455547999065
1473,0,0.5234365576383581,0.7581604328994542,0,0.016483772713798528,0.14054719457770892
1474,1,2.8465314984355845,0.7644975937897991,1,2.8678383507444614,0.021306852308876773
1475,0,0.03360735577166296,0.7644975937897991,0,0.034130312380302064,0.04421251911180102
1476,1,0.5161784860185367,0.7698651118113634,0,0.610696277700699,0.455842731895138
1477,0,0.058722726277240025,0.7673049988948704,0,0.04878158306521003,0.03116476518203802
1478,0,0.05961921942063898,0.7619209114990055,0,0.06457010654017695,0.04668434071398526
1479,0,0.4388962568182598,0.7741842861088382,0,0.056937769437722996,0.18860664648320102
1480,1,2.297249652096424,0.7741842861088382,1,2.3918844124591883,0.09463476036276428
1481,0,0.2949294389997242,0.7694713884289646,0,0.011841490839865946,0.10032032253978321
1482,0,0.4226398021299933,0.7694713884289646,0,0.01913294340608651,0.10765899723291161
1483,1,2.2753105385410217,0.7746847761503416,1,2.377886576426146,0.10257603788512451
1484,0,0.11580517065658134,0.7694713884289646,0,0.03951669870667565,0.004775147509701247
1485,0,0.041735297634442725,0.7591135063939343,0,0.03927215830165487,0.02675156901132203
1486,0,0.20453733187662104,0.7591135063939343,0,0.06584688339306542,0.12720808295605174
1487,1,0.6929214104255017,0.7694713884289646,0,0.7415364656077912,0.5336600424801407
1488,0,0.12664595183309224,0.7591135063939343,0,0.021270646842169283,0.016723138707758434
1489,0,0.03285035192509431,0.7619209114990055,0,0.0,0.009855105577528292
1490,0,0.3178969206542829,0.7694713884289646,0,0.008369113407681254,0.08699996278860361
1491,0,0.11531397204902921,0.7666639833238933,0,0.03589248522763618,0.07048667684234494
1492,0,0.3493423197084261,0.7692421476648889,0,0.016526461210974897,0.08827623470155299
1493,1,2.3944301511404,0.7692421476648889,1,2.4879029982832033,0.09347284714280327
1494,0,0.05560767036506761,0.7692421476648889,0,0.07736605272867592,0.06068375161915563
1495,0,0.022270653324994394,0.7694713884289646,0,0.014804503061758463,0.008123307064260142
1496,0,0.5103702408946152,0.7746847761503416,0,0.07584149186507017,0.07726958040331444
1497,0,0.04320275735822565,0.7719372681840136,0,0.0935683826145185,0.10652920982198621
1498,0,0.22075140812455096,0.7692421476648889,0,0.09743474657697537,0.031209324139610084
1499,0,0.2074050900420028,0.7707184380523053,0,0.05649351745209241,0.11871504446469316
1500,0,0.4321030254248255,0.7772013555070598,0,0.08370353560668353,0.045927372020764023
1501,0,0.013424690373788684,0.7772013555070598,0,0.022526102795387803,0.026553509907524475
1502,0,0.06072200953743759,0.7707184380523053,0,0.02331018264157697,0.005093579780345692
1503,0,0.2701563391932069,0.7697653645578253,0,0.043628747346440955,0.12467564910440299
1504,0,0.3148247804143295,0.7697653645578253,0,0.02375251218122512,0.11819994630552394
1505,1,0.7900283999922745,0.7697653645578253,1,0.46084709167916926,0.3291813083131052
1506,0,0.3727769278308193,0.7707184380523053,0,0.057630438166746956,0.054202640182499096
1507,0,0.34603861555096166,0.7762482820125798,0,0.019491586353571046,0.08431999831171744
1508,0,0.10794074846981183,0.7762482820125798,0,0.04572239997229777,0.01334017543135424
1509,0,0.27864212177502945,0.774461135598814,0,0.04061973248913886,0.04297290404336995
1510,1,0.9150835528111184,0.774461135598814,1,0.6830723166693469,0.23201123614177155
1511,1,2.4272154597684987,0.7819894000004398,1,2.399245605439705,0.02796985432879339
1512,0,0.1622812757410771,0.7819894000004398,0,0.07936275038092488,0.03067836765860177
1513,0,0.004077187953882171,0.7762482820125798,0,0.03254275913296773,0.03376591551913238
1514,1,2.628099344105498,0.7847296199086857,1,2.5865812882942953,0.0415180558112027
1515,0,0.3781800235263022,0.7875370250137569,0,0.011432867361179433,0.10202113969671167
1516,1,0.9524372293585249,0.7969679705026806,1,1.0824333225042555,0.12999609314573046
1517,0,0.1840628757622066,0.7947892201010063,0,0.06289273524016203,0.11811159796882398
1518,0,0.17098656817141147,0.7871730421430718,0,0.12874201759270126,0.0774460471412778
1519,0,0.024831492304550763,0.7800087606121311,0,0.04532949799221043,0.0378800503008452
1520,0,0.06448476627669208,0.7722238552822527,0,0.05391899197517591,0.07326442185818371
1521,0,0.3367882698408169,0.7800087606121311,0,0.012771021672446703,0.11380750262469175
1522,1,2.2342928841003338,0.7922856341912208,1,2.1946950591856913,0.03959782491464249
1523,0,0.06966795206917897,0.7800087606121311,0,0.03525848056724447,0.014358094946490776
1524,1,2.497006995691599,0.7800087606121311,1,2.4754180518379556,0.0215889438536429
1525,1,2.31999612511823,0.7871730421430718,1,2.2908750584650823,0.029121066653147776
1526,0,0.2815153433564318,0.7843656370380006,0,0.0626723659643909,0.14712696897132044
1527,0,0.2030080411289632,0.786869222947786,0,0.006444393631492143,0.06734680597018108
1528,0,0.0763093318351035,0.7834125635435207,0,0.0,0.022892799550531046
1529,1,0.07339681479059168,0.7762482820125798,0,0.18315673274620414,0.16113768830902664
1530,0,0.0749045330960588,0.7697653645578253,0,0.043100943833912164,0.02062958390509452
1531,0,0.06749760414121386,0.7697653645578253,0,0.05388441263479793,0.03363513139243324
1532,0,0.03208060670460691,0.7682890741704088,0,0.053578656612666975,0.043954474601284904
1533,1,2.3973138310558477,0.7697653645578253,1,2.440512938877616,0.04319910782176852
1534,0,0.1476861700644937,0.7679782181440593,0,0.06269856123814188,0.01839271021879374
1535,0,0.01914606924578388,0.7697653645578253,0,0.05513940932791561,0.04939558855418036
1536,0,0.09144858051833138,0.7665019277566429,0,0.09315641084502668,0.06572183668952725
1537,0,0.07282611630985118,0.7606980091926148,0,0.06039739352085983,0.03854955862790447
1538,0,0.0053797775372412815,0.7639237634156475,0,0.023807093352028907,0.0221931600908567
1539,0,0.02976868070152835,0.7657109098294133,0,0.003117895562487115,0.005812708647971392
1540,0,0.007169587425354396,0.7591135063939343,0,0.012076440778480843,0.014227317006087162
1541,0,0.19739715378580436,0.7581604328994542,0,0.0034148391092001518,0.055804307026541045
1542,0,0.1400756262903568,0.7581604328994542,0,0.0062691616607629674,0.03575352622634406
1543,0,0.16244336095127498,0.7535334391715258,0,0.0,0.0487330082853825
1544,0,0.20014439875425832,0.752580365677046,0,0.0168257206322723,0.07686904025854979
1545,0,0.18649106660791703,0.756836843956413,0,0.011518610981107402,0.06746593096348241
1546,0,0.10277493495480455,0.756836843956413,0,0.0039044520747586464,0.0347369325612
1547,0,0.00827335751564373,0.7581604328994542,0,0.014183061106925863,0.01666506836161898
1548,1,2.77458220215214,0.7666639833238933,1,3.0712671498724395,0.2966849477202995
1549,0,0.1296886795846608,0.7657109098294133,0,0.056958219690979695,0.018051615815581568
1550,0,0.2649276940018077,0.7657109098294133,0,0.0018820466339464215,0.08136035483448878
1551,0,0.5601426807964227,0.7692421476648889,0,0.007023497459456518,0.1610193067794703
1552,0,0.14993805498745977,0.7692421476648889,0,0.046915773875232374,0.0019343573789944515
1553,0,0.03661427912924013,0.7666639833238933,0,0.03827123042406458,0.027286946685292537
1554,0,0.17560848251938227,0.7657109098294133,0,0.0,0.05268254475581468
1555,0,0.28736433201434236,0.7657109098294133,0,0.008261421311839483,0.07794787829246322
1556,0,0.02633428938082441,0.7666639833238933,0,0.022837194704107708,0.014936907889860386
1557,0,0.4944745032479545,0.7719372681840136,0,0.02284255052026407,0.12549980045412235
1558,0,0.028999512653159844,0.7719372681840136,0,0.024185115619577202,0.015485261823629241
1559,1,2.094442596861221,0.7749713632485806,1,2.0720959079727397,0.022346688888481077
1560,0,0.0382521984979944,0.7749713632485806,0,0.01869024685535762,0.007214587305959301
1561,1,0.5606957860723714,0.7749713632485806,0,0.7376742610940192,0.5694655252723079
1562,0,0.17664470504169996,0.7749713632485806,0,0.04302035898679502,0.096013770499305
1563,0,0.21226973559558937,0.7814101796820017,0,0.040793775823403294,0.022887144855273517
1564,0,0.29563561661699533,0.7814101796820017,0,0.049364465338640695,0.13805515032373905
1565,1,2.396945144070649,0.7848099106405626,1,2.4517143360967664,0.05476919202611747
1566,0,0.043447097665295614,0.7848099106405626,0,0.001020435672155387,0.012013693627433299
1567,1,2.324105083607744,0.7871749947223836,1,2.2941156155410694,0.029989468066674938
1568,0,0.06958832534274473,0.7783269931858081,0,0.01742390695852472,0.003452590644298703
1569,0,0.11698416519019261,0.7783269931858081,0,0.09222010660449942,0.057124857047441635
1570,0,0.307457112753315,0.7814101796820017,0,0.02997173732154889,0.12220887114754339
1571,0,0.08305285060953582,0.7814101796820017,0,0.03947156343203928,0.014555708249178734
1572,1,0.6930566659021618,0.7919741921715033,0,0.7396073704149044,0.531690370644256
1573,0,0.1401613400793985,0.7885744612129424,0,0.046781604688157175,0.004733202664337632
1574,1,2.091713952083646,0.7885744612129424,1,2.162494928710763,0.07078097662711737
1575,0,0.2198590503934177,0.7910780471227279,0,0.08473276223954507,0.01877504712151956
1576,0,0.07412370073703564,0.7910780471227279,0,0.045409898427930445,0.02317278820681974
1577,0,0.03542453984189776,0.7919741921715033,0,0.048590701872765235,0.037963339920195904
1578,0,0.187167208946585,0.794477778081289,0,0.01744367505272304,0.07359383773669859
1579,0,0.12346794629920016,0.794477778081289,0,0.08831256081786562,0.051272176928105574
1580,1,0.4732449887054113,0.8007319235511345,0,0.4713042770318885,0.3293307804202651
1581,0,0.005276582161564347,0.7968428621631098,0,0.01973148333187269,0.02131445798034215
1582,0,0.045016936099645743,0.7919741921715033,0,0.008296491209076717,0.021801572038970485
1583,1,2.5160732421911054,0.7943392762533243,1,2.559424510462575,0.04335126827146954
1584,1,2.571987644595177,0.7943392762533243,1,2.5561015547820753,0.01588608981310148
1585,0,0.23886679943064637,0.7943392762533243,0,0.10417499246582551,0.1758350322950195
1586,0,0.016535309973720845,0.7857167557594694,0,0.047505207978914506,0.04254461498679825
1587,0,0.15508064411778621,0.7768507027983916,0,0.037752295719754914,0.00877189751558105
1588,1,0.6991877455501885,0.7792157868802125,0,0.9304709962056239,0.7207146725405674
1589,0,0.01756975966259766,0.7728035158505099,0,0.05953731101037896,0.06480823890915821
1590,0,0.08705970517342612,0.7728035158505099,0,0.0,0.026117911552027837
1591,1,0.4945091493477512,0.7728035158505099,0,0.7258354649562686,0.5774827201519432
1592,0,0.03640785699511443,0.7729205318692693,0,0.04793410596020995,0.03701174886167562
1593,0,0.128219772424371,0.7616097512480196,0,0.03093671693324518,0.06940264866055645
1594,0,0.06415703522206043,0.7568701419894293,0,0.0,0.01924711056661813
1595,0,0.3081590204268724,0.7616097512480196,0,0.016244546819054406,0.07620315930900734
1596,0,0.06897228973795201,0.7616097512480196,0,0.023475546010756743,0.04416723293214234
1597,0,0.0372703959458912,0.7613677739770522,0,0.029640588706458255,0.040821707490225616
1598,1,0.889750190275577,0.7716472585257512,1,0.9149776908323733,0.025227500556796345
1599,0,0.15769929265228555,0.7716472585257512,0,0.07282724958406761,0.025517461788381768
1600,1,2.5539231049335753,0.772075716564228,1,2.6411587483517347,0.08723564341815943
1601,0,0.0092289698514484,0.7616097512480196,0,0.0,0.00276869095543452
1602,0,0.2036595876358368,0.7613677739770522,0,0.04226875352309167,0.10336662981384293
1603,0,0.5493417132761071,0.7613677739770522,0,0.07434902342374305,0.23915153740657524
1604,0,0.2134055156470609,0.7716472585257512,0,0.052540589644862634,0.11656224433898088
1605,0,0.014034719154722985,0.7613677739770522,0,0.03746598849764937,0.033255572751232476
1606,0,0.005598020612639595,0.7560253266843879,0,0.040847774389857865,0.039168368206065986
1607,0,0.06248244417764104,0.7560253266843879,0,0.04813162033518503,0.06687635358847732
1608,0,0.01103657088664169,0.7534636061242276,0,0.0017361340879547698,0.005047105353947277
1609,0,0.01675715242302507,0.7534636061242276,0,0.02806316868121282,0.03309031440812034
1610,0,0.03564023292448448,0.7427375960676339,0,0.11331323543146965,0.12400530530881482
1611,1,2.805204887508007,0.7534636061242276,1,2.819103487943365,0.013898600435358108
1612,0,0.1932920473322114,0.7555968686459111,0,0.032324264328196906,0.025663349871466568
1613,0,0.11424041478089092,0.7539235643168802,0,0.04659368434609952,0.0808658087803668
1614,0,0.06013033872316882,0.7539235643168802,0,0.02709682202109577,0.009057720404145125
1615,0,0.07953789488649941,0.7522337276386104,0,0.0,0.023861368465949825
1616,0,0.020228998345879087,0.7522337276386104,0,0.03250325130016843,0.026434551796404707
1617,0,0.09572684600442094,0.7522337276386104,0,0.01892366958712366,0.047641723388449964
1618,0,0.012141580668841426,0.7510365713611052,0,0.01912179230087826,0.02276426650153069
1619,0,0.09014147788018279,0.7510365713611052,0,0.03381826463852411,0.006775821274469296
1620,0,0.21713241435861097,0.7489829292990016,0,0.056626096825160066,0.008513627482423347
1621,0,0.024948220739175273,0.7370785418277939,0,0.04319148634121144,0.03570702011945886
1622,0,0.27346109293217014,0.7350406731785466,0,0.01523623062298829,0.09727455850263933
1623,1,1.9452968905811467,0.7469450606497541,1,2.3827367213369715,0.43743983075582465
1624,0,0.03112114339896742,0.7350406731785466,0,0.04390509230731579,0.034568749287625565
1625,0,0.001664399844012232,0.7370785418277939,0,0.030142631106226947,0.029643311153023433
1626,1,3.4733941939615924,0.7510365713611052,1,3.666253366337923,0.19285917237633043
1627,0,0.014744887902274158,0.7391321838898977,0,0.012760726646887377,0.017184193017569623
1628,0,0.011100823082707219,0.7097926952043674,0,0.045404857244626895,0.04207461031981473
1629,1,0.6830115715088296,0.7097926952043674,0,0.9369708132051098,0.732067341752461
1630,0,0.17606717731452354,0.7408054882189286,0,0.01454401881143344,0.03827613438292362
1631,0,0.07943231556180849,0.7097926952043674,0,0.03510548706309846,0.011275792394555909
1632,0,0.03097886727475374,0.690036158810291,0,0.03793310646181791,0.028639446279391745
1633,0,0.02184782354482734,0.690036158810291,0,0.047448286014874094,0.04089393895142589
1634,0,0.1023234423792096,0.690036158810291,0,0.026848703946322605,0.003848328767440276
1635,0,0.014555689704835124,0.6916895248815402,0,0.033949349434858986,0.029582642523408448
1636,0,0.022591310674555,0.6916895248815402,0,0.1179051569946894,0.11112776379232292
1637,0,0.1514651544605944,0.6888730295854761,0,0.02036438644391314,0.06580393278209151
1638,0,0.05394799105857098,0.6780238787152686,0,0.028628566919120205,0.0448129642366915
1639,0,0.06625339370112589,0.6640342935744902,0,0.017708273209224468,0.0021677449011132943
1640,1,2.3919433004592476,0.6640342935744902,1,2.366547266952926,0.025396033506321858
1641,1,2.3247545165669607,0.6780238787152686,1,2.575131336398916,0.25037681983195553
1642,0,0.018179440713959397,0.6669587360461234,0,0.023038012455400353,0.028491844669588165
1643,0,0.07488128376698006,0.6602140401347256,0,0.08986897670257918,0.06740459157248516
1644,0,0.37556065581176284,0.6602140401347256,0,0.035270666346668866,0.14793886309019777
1645,0,0.3444257505249967,0.6602140401347256,0,0.06988986307636047,0.17321758823385958
1646,0,0.06774382300879239,0.6498894277201237,0,0.0,0.02032314690263772
1647,0,0.18368802472360013,0.6564422201911835,0,0.011575220048578139,0.04353118736850192
1648,0,0.09981561083555346,0.6498894277201237,0,0.034266719747478636,0.06421140299814465
1649,1,2.575772517691273,0.6513697634790188,1,2.5659367614042767,0.009835756286996268
1650,0,0.06568400233830857,0.6513697634790188,0,0.002769128098486791,0.01693607260300578
1651,0,0.020872603534637955,0.644273807063773,0,0.004599388618496944,0.010861169678888331
1652,0,0.13316118249107783,0.6415370186926331,0,0.032342422756441024,0.007605931990882317
1653,0,0.008122341039789038,0.6346283390965516,0,0.019797310753506547,0.017360608441569947
1654,0,0.035461480153308196,0.6290631671678399,0,0.032170758498381045,0.02153231445238859
1655,0,0.3583456966032261,0.6315909790392427,0,0.05507192905039642,0.16257563803136427
1656,0,0.3376728108415056,0.6378194722324542,0,0.009290847292813265,0.110592690545265
1657,0,0.02341161197764341,0.6331843982056928,0,0.04115085944568697,0.04817434303898005
1658,0,0.09039487144739076,0.6294296765298513,0,0.0001033995604172663,0.027221860994634497
1659,0,0.28855940135324865,0.6294296765298513,0,0.053350651576239416,0.13991847198221397
1660,1,2.3367069709871746,0.6294296765298513,1,2.4662185297851504,0.12951155879797596
1661,0,0.1653970936750775,0.6262385433939488,0,0.02242925831944209,0.027189869783081022
1662,0,0.035770491518573255,0.6181134740747851,0,0.0034407193360135313,0.007290428119558379
1663,1,2.7391545827081947,0.6262385433939488,1,2.740300849281836,0.0011462665736412792
1664,0,0.010533981598294932,0.6294296765298513,0,0.0034734173863861934,0.0003132229068977116
1665,1,2.214018783390949,0.6315909790392427,1,2.3258102714919895,0.11179148810104049
1666,0,0.01764011041006392,0.631292814848029,0,0.005514064580479872,0.010806097703499051
1667,1,0.9146515495627722,0.6341174386219202,1,0.9916824407854993,0.0770308912227271
1668,0,0.44891669797697875,0.6396826105506318,0,0.028344179930006375,0.10633082946308714
1669,1,2.543056100019109,0.646458688553115,1,2.5635226122688564,0.020466512249747434
1670,0,0.08953908344288353,0.6449663592579425,0,0.05870923192941335,0.08557095696227845
1671,0,0.25078200355708247,0.6467205026745285,0,0.02997181236543245,0.045262788701692314
1672,0,0.41605396852931065,0.6499116358104311,0,0.007360369332515271,0.11745582122627796
1673,0,0.31524418576317004,0.6592238355910807,0,0.019414023855952145,0.11398727958490351
1674,0,0.08122466286735963,0.6560327024551781,0,0.08408912636436239,0.05972172750415439
1675,1,2.486155527744841,0.6560327024551781,1,2.5081918011205078,0.022036273375667024
1676,0,0.09494570282080445,0.6529410309431105,0,0.04486800490422142,0.016384294057980087
1677,0,0.6190954714504506,0.6529410309431105,0,0.006354317646329322,0.19208295908146455
1678,0,0.17306459672394903,0.6631883334362356,0,0.017887075582125433,0.06980645459931001
1679,1,2.5929095863909892,0.6699330293476335,1,2.7118310589364722,0.11892147254548285
1680,0,0.10305348477422412,0.6631883334362356,0,0.010657078089219521,0.04157312352148676
1681,1,1.7361964773656813,0.6656992626087508,1,2.2124775776867756,0.4762811003210944
1682,0,0.1233642416937073,0.6560327024551781,0,0.030617250419582256,0.006392022088529931
1683,0,0.15939848881771024,0.6656992626087508,0,0.05584770236231318,0.008028155717000107
1684,1,0.7444541073099114,0.6699330293476335,1,1.0456916029153014,0.30123749560539004
1685,0,0.018037946425699357,0.6656992626087508,0,0.014542292668405413,0.009130908740695609
1686,1,0.9610680327669505,0.6699330293476335,1,0.9512877202798928,0.009780312487057685
1687,0,0.03843416617202958,0.6699330293476335,0,0.043453421713603335,0.03192317186199446
1688,0,0.07438517055689872,0.6654373194119086,0,0.056495842237862734,0.07881139340493233
1689,0,0.1673430747033775,0.6696000226025307,0,0.06544112009799452,0.1156440425090084
1690,0,0.060753826907516295,0.6696000226025307,0,0.016222788883916643,0.03444893695617154
1691,0,0.2058071165927975,0.6809538603354055,0,0.01690022349847564,0.04484191147936367
1692,0,0.05249637414744632,0.6692722826339293,0,0.03747391252482769,0.0217250002805938
1693,0,0.20100051570904964,0.6692722826339293,0,0.01611486407735252,0.04418529063536247
1694,0,0.1794871441073873,0.6803761564989479,0,0.03928738516721886,0.09313352839943478
1695,0,0.011090356378189257,0.6692722826339293,0,0.0,0.003327106913456777
1696,0,0.2653971939407256,0.6803761564989479,0,0.018152740306572435,0.06146641787564522
1697,0,0.2031022409112262,0.6803761564989479,0,0.07649523146268433,0.015564559189316318
1698,1,0.5110799747160206,0.6803761564989479,0,0.8310686840975079,0.6777446916827017
1699,0,0.3215205699623962,0.6879482810128081,0,0.03193339258223338,0.06452277840648557
1700,0,0.007517642035446581,0.6879482810128081,0,0.05538869098471555,0.05764398359534961
1701,0,0.1649401047437129,0.6934098335536879,0,0.03685669290100613,0.012625338522107787
1702,0,0.008661475534070151,0.6879482810128081,0,0.03825882533030922,0.03566038267008817
1703,0,0.28513730453141095,0.6870652424354216,0,0.05715278377136235,0.028388407588060938
1704,0,0.03201425951490022,0.6870652424354216,0,0.002620978538772828,0.0069832993156972445
1705,0,0.019706644387398848,0.6879482810128081,0,0.028563518020017845,0.0344755113362375
1706,0,0.3007197570119181,0.6879482810128081,0,0.058900207354502854,0.14911613445807825
1707,1,2.615120548608144,0.6950668372933915,1,2.5669895002950893,0.04813104831305436
1708,0,0.1331739369949131,0.6950668372933915,0,0.022293179423918064,0.062245360522392046
1709,0,0.13481268076030792,0.6882186509610426,0,0.032877955283679754,0.0075658489444126245
1710,0,0.15653060252926693,0.6881549584473012,0,0.04425372594980132,0.0912129067085814
1711,0,0.017914012797441526,0.6887963547975,0,0.001781058215653039,0.007155262054885496
1712,1,0.7083748926504885,0.6892440559874404,1,0.9503560833024326,0.24198119065194412
1713,0,0.35969048757152955,0.6999407370513074,0,0.034712531779063305,0.14261967805052223
1714,0,0.12648602678797682,0.6999407370513074,0,0.02394829625990147,0.061894104296294605
1715,0,0.048327741339048436,0.6892440559874404,0,0.0270565209580571,0.012558198556342569
1716,0,0.07361919750423485,0.6837803437842065,0,0.09384667352123022,0.11593243277250065
1717,0,0.18446640456686036,0.6887963547975,0,0.024466362044294337,0.030873559325763758
1718,0,0.15908570177512893,0.6887963547975,0,0.03985938616546081,0.007866324367078015
1719,0,0.13800645872200445,0.6837803437842065,0,0.01919846179937945,0.06060039941598094
1720,0,0.03615955280677824,0.6837803437842065,0,0.011402450157285395,0.0005545843152519256
1721,0,0.08886316703175877,0.6814015615253457,0,0.0,0.02665895010952763
1722,0,0.14340516525397184,0.6731709133956909,0,0.03134365585124921,0.011677893724942212
1723,0,0.06923343436550322,0.6731709133956909,0,0.019082126318165624,0.03985215662781659
1724,0,0.026622422438496773,0.6691925639006147,0,0.061519405956063866,0.06950613268761296
1725,1,2.9622005924891615,0.6770194081272092,1,2.9897288198377305,0.02752822734856925
1726,0,0.4321896019618434,0.6813318694201029,0,0.049558615824637275,0.17921549641319023
1727,1,0.9629764663015967,0.6813318694201029,1,0.9115275756337831,0.05144889066781366
1728,0,0.13233372653998973,0.6779859779233286,0,0.01324805910933192,0.026452058852665
1729,0,0.47905589703759743,0.6779859779233286,0,0.0005715650237280157,0.14314520408755127
1730,0,0.1778152018218735,0.6779859779233286,0,0.0497848921932218,0.10312945273978391
1731,0,0.008616319102919157,0.6779859779233286,0,0.0688835262952534,0.06629863056437779
1732,0,0.0691957884878038,0.6714049621017166,0,0.03331770269925013,0.054076439245591267
1733,0,0.0024632860883752328,0.6659850037748459,0,0.02089493439010958,0.020155948563597002
1734,0,0.013202742491339844,0.6560327024551781,0,0.0,0.003960822747401953
1735,0,0.05489366745933567,0.6560327024551781,0,0.0,0.0164681002378007
1736,0,0.027992316170294573,0.6577681293054733,0,0.032381371410464196,0.02398367655937582
1737,0,0.010079072985415244,0.6521728553778762,0,0.02121539400217408,0.024239115897798647
1738,1,2.4908361846556613,0.652596531489879,1,2.482097278779523,0.008738905876138327
1739,0,0.08902678274431797,0.6469893713959808,0,0.01907641753874023,0.045784452362035655
1740,0,0.12068702225906122,0.6469893713959808,0,0.00531282801087192,0.03089327866684645
1741,1,2.3162101433265723,0.652596531489879,1,2.5377955221074666,0.2215853787808941
1742,0,0.061857470927548876,0.6474130475079836,0,0.01777326972659181,0.0007839715516728546
1743,0,0.057510682897031574,0.6376797441380108,0,0.02440199556829095,0.007148790699181479
1744,0,0.12973747686192028,0.6376797441380108,0,0.023866198041464948,0.06278744110004109
1745,0,0.164543069241331,0.6468567698023823,0,0.06852677710159849,0.11788969787399761
1746,0,0.007886813223055178,0.6376797441380108,0,0.05440086972775138,0.052034825760834735
1747,1,2.1852284629776073,0.6474130475079836,1,2.1604367383209615,0.024791724656645683
1748,0,0.282073576150231,0.650220273181296,0,0.09543450751764693,0.010812434672577642
1749,0,0.1727113758482881,0.6585094042262799,0,0.0917408847176463,0.03992747196315982
1750,0,0.024602817188115814,0.6474130475079836,0,0.05478157006380189,0.047400724907367145
1751,0,0.14396175800502164,0.6376797441380108,0,0.0683450956791416,0.11153362308064807
1752,0,0.01797213363817525,0.6404869698113232,0,0.023864865319171327,0.029256505410623898
1753,0,0.2640174838289724,0.6404869698113232,0,0.025106359038134407,0.05409888611055802
1754,0,0.017444139315838637,0.6445953974380884,0,0.03358277975314749,0.0283495379583959
1755,0,0.09085926877913542,0.6362797397392455,0,0.03475642197062179,0.062014202604362634
1756,0,0.02712906051787567,0.6383703170469399,0,0.05123154726601673,0.04309282911065403
1757,0,0.05224620749980546,0.6310410198677084,0,0.032248795259976586,0.016574933010034952
1758,0,0.014341023831059804,0.6338844260931773,0,0.009882343916143876,0.014184651065461816
1759,0,0.07865140654371205,0.6257457591937603,0,0.0234639715016961,0.00013145046141749273
1760,0,0.016782838433799668,0.6189887352051732,0,0.05496655686966087,0.049931705339520974
1761,1,2.3213874249575337,0.6302388241821382,1,2.3430750129915676,0.02168758803403381
1762,0,0.03702967502174051,0.6302388241821382,0,0.0024309881608019085,0.008677914345720246
1763,0,0.11592706739639963,0.6189887352051732,0,0.02056546069926646,0.01421265951965342
1764,0,0.008614405922695134,0.6204503157561863,0,0.043298523261936506,0.040714201485127964
1765,0,0.0031319967416116867,0.6239253557713659,0,0.03308780683359469,0.03214820781111083
1766,0,0.322326337658176,0.6239253557713659,0,0.0035271009980168966,0.1002250022954696
1767,1,2.4460268728972423,0.6270446214947625,1,2.762991086998029,0.3169642141007869
1768,0,0.3184561127723381,0.6277615549214836,0,0.06422417869078445,0.03131265514091697
1769,0,0.02963019900968046,0.6270446214947625,0,0.04752614886113796,0.03863708915823382
1770,0,0.2372794223367134,0.6239253557713659,0,0.03391801369357217,0.10510184039458625
1771,0,0.28985769413309714,0.6270446214947625,0,0.005343458229626015,0.09230076646955515
1772,0,0.008559899593262709,0.6191858611852381,0,0.04946767453507114,0.04689970465709233
1773,0,0.019715657936659553,0.6136356625658796,0,0.0,0.005914697380997866
1774,0,0.03156178387899411,0.6000802095408646,0,0.05088710482270642,0.041418569659008364
1775,0,0.2886317057094877,0.6136356625658796,0,0.04587852738981013,0.13246803910265648
1776,0,0.21216111941745933,0.6129187291391587,0,0.0,0.0636483358252378
1777,0,0.11714079090706199,0.6129187291391587,0,0.0,0.0351422372721186
1778,0,0.02497914485533005,0.6129187291391587,0,0.0,0.007493743456599015
1779,0,0.06449716395559942,0.5993632761141436,0,0.0311704273864276,0.011821278199747765
1780,0,0.40725455660004295,0.5993632761141436,0,0.012436540435818655,0.13461290741583154
1781,0,0.029954458978858067,0.5866099663124784,0,0.09330558261140953,0.08431924491775211
1782,0,0.13756095557356743,0.5837329867971258,0,0.01839100448345639,0.05965929115552661
1783,0,0.12042044615817771,0.5760684691122419,0,0.06116949715631814,0.02504336330886492
1784,0,0.018891981454354,0.579479321794966,0,0.11044596736060841,0.10477837292430214
1785,0,0.199348953544221,0.5837329867971258,0,0.01178200691133191,0.048022679151934256
1786,1,2.918926447033316,0.5866099663124784,1,2.899848437242758,0.019078009790557775
1787,0,0.07180129385201761,0.579479321794966,0,0.05300149658848641,0.07454188474409218
1788,1,1.017326834505978,0.5866099663124784,1,1.0706406364234866,0.05331380191750856
1789,1,1.9117496358847894,0.5982158203849032,1,1.9255293541087435,0.013779718223954067
1790,0,0.010835725542498433,0.586916439852978,0,0.0,0.0032507176627495295
1791,1,2.428281020958182,0.5989327538116243,1,2.4895469740982,0.06126595314001818
1792,0,0.32218186661086756,0.5989327538116243,0,0.0008182457147194455,0.09747280569798011
1793,0,0.03243924634073615,0.586916439852978,0,0.022655656482379237,0.012923882580158391
1794,0,0.13347591360606015,0.5876942228917128,0,5.47694893549e-06,0.04003729713288262
1795,0,0.012896348765017097,0.5876942228917128,0,0.011015328178232524,0.014884232807737652
1796,0,0.0023252955945012657,0.5834734088998113,0,0.04336357646416302,0.04266598778581264
1797,1,0.604974651245199,0.5884111563184338,1,0.8817665379822545,0.27679188673705546
1798,0,0.08099679124290474,0.5841903423265322,0,0.0449826887391592,0.06928172611203062
1799,0,0.11750852342154122,0.5833797082775392,0,0.058883365132098686,0.09413592215856104
1800,0,0.02735572616798887,0.5804986951946993,0,0.05984652852482064,0.06805324637521704
1801,0,0.050305169082460244,0.5801922216541997,0,0.11808175401956439,0.13317330474430245
1802,0,0.0033943377266070704,0.5804986951946993,0,0.013559548530767976,0.01254124721278585
1803,0,0.052417513845088304,0.5720051744729131,0,0.02454852590238299,0.040273780055909425
1804,0,0.014199550967973984,0.5655847067147135,0,0.0003943768982167528,0.003865488392175487
1805,0,0.12475397181104451,0.5609587130304632,0,0.07850193909758672,0.11592813064090007
1806,0,0.004721727139988148,0.5527098323812121,0,0.002497825736416409,0.0010813075944199751
1807,0,0.006459375275112977,0.5437831776895039,0,0.030865531084624538,0.03280334366715843
1808,0,0.05677606012501773,0.5437831776895039,0,0.04100400791771542,0.023971189880210096
1809,0,0.16214913467411662,0.5434767041490043,0,0.002189069706245661,0.046455670695989326
1810,0,0.08417220620809149,0.5328262358035389,0,0.045159884493765116,0.019908222631337673
1811,1,0.664520216425074,0.5328262358035389,1,0.7066488369846223,0.04212862055954836
1812,1,2.4772697709306892,0.5357032153188915,1,2.49465811814915,0.017388347218460484
1813,0,0.3709465255311308,0.5434767041490043,0,0.07167581210367702,0.03960814555566228
1814,0,0.10541231996678624,0.5328262358035389,0,0.0705607229146823,0.10218441890471819
1815,1,0.4287125101851661,0.5328262358035389,0,0.5479139315637074,0.4193001785081576
1816,1,2.28848075659696,0.5328262358035389,1,2.3729085669204846,0.08442781032352475
1817,0,0.3954116727945692,0.5357032153188915,0,0.0,0.11862350183837075
1818,0,0.15891946845162608,0.5357032153188915,0,0.00028296735031962256,0.047392873185168195
1819,0,0.14105215074560004,0.5405997246336517,0,0.0003141278906476641,0.042001517333032354
1820,0,0.02480354431040077,0.5434767041490043,0,0.01225264871404752,0.01969371200716763
1821,0,0.09628649845346873,0.5328262358035389,0,0.024778154499734778,0.004107795036305845
1822,0,0.03487709491426458,0.5258359386413963,0,0.0,0.010463128474279373
1823,0,0.3246496805488479,0.5328262358035389,0,0.0454621598881918,0.14285706405284615
1824,0,0.07396765897109936,0.5258359386413963,0,0.007274651285597233,0.014915646405732508
1825,0,0.05756662516404734,0.5186732794466529,0,0.08381516344184187,0.10108515099105608
1826,0,0.23052108973091867,0.5186732794466529,0,0.006482226542350311,0.07563855346162573
1827,0,0.037925715541998584,0.5145019745962456,0,0.05089920117962871,0.06227691584222828
1828,0,0.23376542759953334,0.5220841321293771,0,0.07262474490709292,0.002495116627232896
1829,1,2.503721277558856,0.5292467913241204,1,2.4802189063273317,0.023502371231524218
1830,0,0.09047882748400204,0.5292467913241204,0,0.05753739301509686,0.08468104126029763
1831,0,0.30917464805648887,0.5357032153188915,0,0.047637548567519304,0.045114845849427355
1832,0,0.005611606250643898,0.5360676988339687,0,0.03531650235644397,0.03699998423163714
1833,0,0.3481439245930011,0.5360676988339687,0,0.04577018999883573,0.05867298737906459
1834,1,2.2287258334532196,0.5367846322606897,1,2.2135032022881815,0.015222631165037866
1835,0,0.007611646374438029,0.5367846322606897,0,0.004576536395680959,0.006860030308012369
1836,1,2.79317600749529,0.5474472715179669,1,2.804726216863723,0.011550209368432924
1837,0,0.07608861748513031,0.5474472715179669,0,0.04004758093849424,0.01722099569295514
1838,0,0.21409003968208473,0.5534847757825105,0,0.03351072895634366,0.03071628294828188
1839,1,2.3473276162345513,0.5617336564317617,1,2.3182004256303155,0.029127190604235714
1840,1,3.203968984199808,0.56492578326257,1,3.493182899549351,0.289213915349543
1841,0,0.21299496989507294,0.56492578326257,0,0.05411558385381854,0.00978290711470342
1842,0,0.02733786369354069,0.5617336564317617,0,0.05658442853009228,0.04838306942203008
1843,0,0.005056440300248655,0.5572417672899821,0,0.04868474971472159,0.04716781762464706
1844,0,0.12012767648777337,0.5516224348977743,0,0.04442017844781013,0.00838187550147812
1845,0,0.2350838353234611,0.5548682967204646,0,0.03688449365480739,0.03364065694223095
1846,0,0.20713869732060086,0.5605490895894825,0,0.025647384893608738,0.03649422430257143
1847,0,0.18334585641920553,0.5631046579588705,0,0.032012257433783574,0.02299149949197809
1848,0,0.0278509023852979,0.5547692541069172,0,0.051399598224775966,0.043044327509186596
1849,0,0.09115315916575994,0.5474472715179669,0,0.12367429492364035,0.15102024267336833
1850,1,2.7675875201722198,0.5474472715179669,1,2.85089341183517,0.08330589166295035
1851,0,0.22976035035464998,0.5474472715179669,0,0.0,0.068928105106395
1852,0,0.05239047744735084,0.5396737826878542,0,0.11672415699861445,0.1010070137644092
1853,0,0.4470747857773711,0.5516224348977743,0,0.0440983645404488,0.09002407119276257
1854,1,0.7788884735485065,0.5548682967204646,1,0.7866144834830414,0.007726009934534872
1855,0,0.03877233775526376,0.5438489460676615,0,0.0,0.011631701326579128
1856,0,0.03885624467706236,0.5438489460676615,0,0.051824458720616695,0.04016758531749798
1857,0,0.3321318633536734,0.5438489460676615,0,0.024044821763069546,0.12368438076917165
1858,0,0.1010023600400265,0.5438489460676615,0,0.04658534825808425,0.016284640246076343
1859,1,0.5623447702616682,0.5438489460676615,1,0.6584252655075953,0.09608049524592699
1860,0,0.33055150719719795,0.5548682967204646,0,0.04404823890652643,0.05511721325263319
1861,1,0.3971422218658764,0.5548682967204646,0,0.8308237020200453,0.7116810354602824
1862,0,0.17777058280407765,0.5548682967204646,0,0.024428333449616257,0.07775950829083955
1863,0,0.060738853490542394,0.5470948078903519,0,0.030400182796150643,0.012178526748987922
1864,0,0.007074572020270116,0.5435153634109334,0,0.0,0.002122371606081035
1865,0,0.16413587317871758,0.540269501588243,0,0.026482657546980315,0.02275810440663506
1866,0,0.07048262281160325,0.540269501588243,0,0.01199067991357549,0.009154106929905481
1867,0,0.011575896855752726,0.5331068423934996,0,0.05457734480172191,0.05110457574499609
1868,1,2.011078404153695,0.5435153634109334,1,2.17232398557168,0.16124558141798498
1869,0,0.004946357982744233,0.5470827806988308,0,0.04229192200304216,0.04377582939786543
1870,1,2.54055179053098,0.5470827806988308,1,2.517809349081756,0.022742441449224056
1871,0,0.2928260698826076,0.5540223235141942,0,0.006149618557378611,0.08169820240740377
1872,1,0.7227964749870583,0.5540223235141942,1,0.5761925339993523,0.14660394098770602
1873,1,0.33968808705642506,0.5564237260751821,0,0.38680720558018933,0.28490077946326176
1874,0,0.017895277586125795,0.5528442815957637,0,0.0,0.005368583275837739
1875,0,0.08001044167776608,0.5456816224010201,0,0.03112761508044803,0.05513074758377785
1876,1,0.81927537816052,0.5539285003661436,1,0.7255992040329646,0.09367617412755536
1877,1,2.2988519441319015,0.5592176006992948,1,2.3833867594044325,0.0845348152725312
1878,0,0.36687805983376043,0.5618019315593327,0,0.05482210567029022,0.05524131227983786
1879,1,0.6650344781112815,0.5669910895294075,1,0.36110850283680307,0.3039259752744784
1880,0,0.19191354647955894,0.5652814336756747,0,0.008350125041908463,0.06592418898577623
1881,1,2.5190812457743914,0.5731238695970031,1,2.5343379882495807,0.01525674247518917
1882,0,0.11704334959747198,0.5731238695970031,0,0.04541817788371738,0.08053118276295901
1883,0,0.03103520479790834,0.564197214905295,0,0.008589812609902325,0.01790037404927483
1884,0,0.03623449747382951,0.5572408391154704,0,0.021827477848338425,0.03269782709048727
1885,0,0.03826994900985148,0.5456816224010201,0,0.0193298647795348,0.007848880076579245
1886,0,0.08767736339975896,0.5432802198400323,0,0.07184553555236184,0.04554232653243406
1887,0,0.058344888837032274,0.5356980623069009,0,0.021443904501631743,0.003940437850522054
1888,0,0.17762639364298305,0.5323379639709559,0,0.05249529255740515,0.0007926255354897549
1889,0,0.014251180965725307,0.5323379639709559,0,0.1003627390959072,0.1046380933856248
1890,0,0.42768275717275617,0.5432802198400323,0,0.06234227565938788,0.19064710281121489
1891,0,0.023297112729200875,0.5323379639709559,0,0.0336332538388856,0.026644120020125395
1892,0,0.0019497540124195564,0.5356980623069009,0,0.026840179728979438,0.027425105932705307
1893,0,0.08628034854633371,0.534257388964541,0,0.02233783372335285,0.048221938287253074
1894,0,0.318189384478472,0.5380994648678887,0,0.03505248674906991,0.060404328594471646
1895,0,0.11060493435261665,0.534257388964541,0,0.018083922081787995,0.051265402387573045
1896,0,0.28470904226308535,0.5380994648678887,0,0.01050930430440733,0.09592201698333291
1897,1,0.8578113963005356,0.5467658411714001,1,0.943216665190459,0.08540526888992339
1898,1,2.1296394906321607,0.5467658411714001,1,2.1565540427262015,0.026914552094040832
1899,1,0.9411279081964254,0.5484754970251328,1,0.9901794209170482,0.0490515127206228
1900,0,0.13609593192776778,0.5467658411714001,0,0.019999420567616638,0.020829359010713686
1901,0,0.2862337066841545,0.5572408391154704,0,0.025778123319835866,0.060091988685410436
1902,0,0.015369707220637463,0.5484754970251328,0,0.0009378952231041682,0.003673016943087193
1903,0,0.19168592341600899,0.5467658411714001,0,0.03183386923052911,0.02567190779427364
1904,0,0.04874120931744538,0.5391836836382687,0,0.020077503273970197,0.005455140478736582
1905,0,0.05407677111848504,0.5380994648678887,0,0.0294640737608202,0.013241042425274688
1906,0,0.4200991470156685,0.5456816224010201,0,0.019390649482751487,0.1066390946219491
1907,0,0.029484042184356962,0.5456816224010201,0,0.10619732305305196,0.1150425357083591
1908,1,2.4891514471515004,0.5561566203450905,1,2.4482926209314484,0.04085882622005216
1909,0,0.4837625896227151,0.5607789344679588,0,0.038535830529839554,0.10659294635697503
1910,0,0.3977071220208617,0.570717098593152,0,0.015439365714731604,0.1347515023209901
1911,0,0.24321266056049218,0.570717098593152,0,0.0233695745011977,0.04959422366694999
1912,0,0.10718426880186387,0.5621148271419543,0,0.011303392608617832,0.020851888031941324
1913,0,0.17925795093445512,0.570717098593152,0,0.040607669837972725,0.01316971544236381
1914,0,0.567396086892223,0.5827655810589768,0,0.047799693483310035,0.12241913258435688
1915,0,0.2767094246576056,0.5922253160987283,0,0.01865946133456786,0.0643533660627138
1916,0,0.04832286543831739,0.5906821044727804,0,0.02903343142369301,0.014536571792197792
1917,1,0.9423098084679504,0.5937478938817788,1,0.9149470673702127,0.02736274109773773
1918,0,0.028126872724594895,0.5911022097002421,0,0.008218114561786442,0.00021994725559202483
1919,1,2.598274379342547,0.5945585279307719,1,2.554817542710018,0.043456836632528945
1920,0,0.010986302502804426,0.5973153111696763,0,0.027110193546499198,0.02381430279565787
1921,0,0.0467624791812043,0.5973153111696763,0,0.03022215499921698,0.01619341124485569
1922,0,0.10522819499915026,0.5922253160987283,0,0.003740367286742652,0.027828091213002448
1923,1,0.7160512509671061,0.5922253160987283,1,0.7855792452883874,0.06952799432128132
1924,0,0.07827263582683142,0.5922253160987283,0,0.002611058108283326,0.026092848856332784
1925,0,0.11038998850588067,0.5906821044727804,0,0.009545553150546754,0.04266254970231095
1926,0,0.09343376261976011,0.5797573784563237,0,0.022876179175888245,0.0051539496100398985
1927,0,0.04730836634304049,0.5780547282595813,0,0.01084922806540018,0.02504173796831232
1928,0,0.20803664257603094,0.5841627890231623,0,0.026153116504487706,0.036257876268321554
1929,0,0.016642727787823563,0.5753445558564791,0,0.0,0.004992818336347069
1930,0,0.4005931969773169,0.5780547282595813,0,0.07597506342701266,0.19615302252020772
1931,1,0.6976272623048627,0.588575611623007,1,0.8444959646472776,0.1468687023424149
1932,0,0.07388197955786269,0.588575611623007,0,0.01139318160813696,0.03355777547549588
1933,0,0.488977333931611,0.5896372187235369,0,0.02109862936391771,0.16779182954340133
1934,0,0.09703444588688549,0.5896372187235369,0,0.049101136575285864,0.0782114703413515
1935,0,0.20420530365736078,0.5895569250609909,0,0.0009270992721526206,0.06033449182505568
1936,0,0.006991667989549422,0.5895569250609909,0,0.005301329720410752,0.007398830117275601
1937,0,0.01047543163129951,0.5896372187235369,0,0.030260589505702595,0.027117960016312746
1938,0,0.01453712411431382,0.5946696269881395,0,0.0,0.004361137234294146
1939,0,0.1611220697352892,0.5951177426160162,0,0.023408079821325554,0.024928541099261202
1940,0,0.08703718948101202,0.5896372187235369,0,0.021133852579370616,0.004977304264933036
1941,0,0.007960796399109349,0.5892171134960753,0,0.04030815748614111,0.037919918566408306
1942,1,2.407256216787388,0.5896372187235369,1,2.405638295830765,0.0016179209566231437
1943,0,0.12944574403654685,0.5896372187235369,0,0.011619561332189443,0.050453284543153565
1944,0,0.23638258099433151,0.5890370410823834,0,0.08958686126564941,0.01867208696735001
1945,0,0.0411037947222731,0.5841627890231623,0,0.01568419389203657,0.0033530554753546937
1946,0,0.05434707112292687,0.5841627890231623,0,0.0,0.016304121336878058
1947,0,0.03579466110774212,0.5753445558564791,0,0.03628954625578878,0.02555114792346614
1948,0,0.004813188887445127,0.5780547282595813,0,0.07675213360261794,0.07530817693638439
1949,0,0.016663354866196748,0.5747765016975893,0,0.0,0.004999006459859024
1950,1,2.30543442162248,0.5833247957442211,1,2.2812738877131515,0.0241605339093285
1951,0,0.14476171456383957,0.5868729614262644,0,0.002592540603473914,0.046021054972625874
1952,0,0.1464418696774622,0.586905812436523,0,0.0009142806198046693,0.044846841523043315
1953,0,0.15809664069689255,0.5870844118779259,0,0.05874121745453764,0.10617020966360535
1954,1,1.106192557805232,0.5913583167201759,1,0.9400868728616987,0.1661056849435334
1955,0,0.011010564205170704,0.5895569250609909,0,0.017031243634186066,0.02033441289573728
1956,0,0.20236936224381985,0.5870844118779259,0,0.011035358411438878,0.049675450261707166
1957,0,0.07014987308851797,0.5842483523011097,0,0.0265563495349056,0.005511387608350203
1958,0,0.27519777768965126,0.5884691662930114,0,0.0208153576663741,0.06174397564052159
1959,0,0.0011752663194799506,0.5870844118779259,0,0.03677677038908811,0.03642419049324419
1960,1,2.4543378231594963,0.5870844118779259,1,2.4204026314976073,0.03393519166188908
1961,0,0.16862226149787052,0.5870844118779259,0,0.08388554239623591,0.03329886394687476
1962,1,2.7736582551191242,0.5915959759402132,1,2.763680881525436,0.009977373593687965
1963,0,0.027427595887080214,0.5870844118779259,0,0.07061648915944296,0.06238821039331888
1964,0,0.19888097359726453,0.5876880455338348,0,0.022927413051305967,0.0825917051304852
1965,0,0.03413931609499464,0.5834672315419331,0,0.05467313104865044,0.044431336220152044
1966,0,0.0748203934592778,0.579691895344132,0,0.08845799529084133,0.06601187725305799
1967,1,0.14220678225375294,0.5752294443983258,0,0.45465437831811395,0.4119923436419881
1968,0,0.04431196053823304,0.5708025832168528,0,0.01410995110813286,0.0008163629466629505
1969,0,0.0796122583512684,0.5637306000215023,0,0.07108235298585175,0.09496603049123209
1970,1,0.404545769867467,0.5708025832168528,0,0.6684661370391924,0.5471024060789524
1971,1,2.3755894687593275,0.5708025832168528,1,2.660426114185164,0.2848366454258368
1972,0,0.42225499636729413,0.5708025832168528,0,0.040331677103012,0.08634482180717606
1973,1,3.6247163238725784,0.5708025832168528,1,4.38777263941099,0.763056315538412
1974,0,0.16459656784979793,0.5737444459117065,0,0.0,0.04937897035493938
1975,0,0.13095995488212614,0.5703321069268519,0,0.007925373490722136,0.04721335995535997
1976,0,0.1687264760764096,0.5732739696217055,0,0.0478231912569953,0.0027947515659275737
1977,0,0.03460984863325911,0.5701458551966536,0,0.0,0.010382954589977733
1978,0,0.11894566857936639,0.5651001623278742,0,0.024573976609904236,0.011109723963905749
1979,1,3.448549670062313,0.5651001623278742,1,3.423428850863865,0.025120819198447997
1980,0,0.02030570471368036,0.5659859692328087,0,0.0,0.006091711414104107
1981,0,0.16790151415139598,0.5651001623278742,0,0.08965163289806677,0.1400220871434854
1982,0,0.2970072130317607,0.5703321069268519,0,0.016996404990702096,0.10609856890023028
1983,0,0.15638131935909327,0.5703321069268519,0,0.05136128207321189,0.00444688626548384
1984,0,0.1390805930080551,0.5701458551966536,0,0.03955875558738431,0.0021654223150322158
1985,0,0.025596876799129156,0.5701458551966536,0,0.052318019172542224,0.04463895613280347
1986,0,0.1613781999709581,0.5691180476329583,0,0.05378435496957251,0.005370894978285093
1987,1,2.4163696986508656,0.573087717891507,1,2.532983576174958,0.11661387752409269
1988,1,0.9621714381726466,0.5774947836136071,1,0.9676077409702865,0.005436302797639847
1989,0,0.038316044324867564,0.5732739696217055,0,0.00491440368347399,0.006580409613986274
1990,0,0.016122351889177357,0.5737444459117065,0,0.0,0.004836705566753207
1991,0,0.019151382911558313,0.5722875817034723,0,0.0,0.0057454148734674935
1992,0,0.15645884098756657,0.5752294443983258,0,0.016348186750809512,0.0632858390470794
1993,0,0.0399812171542316,0.5722875817034723,0,0.05902259830416713,0.04702823315789765
1994,0,0.023587119110574095,0.5710277508106893,0,0.03429967500296449,0.04137581073613661
1995,0,0.13528652184101353,0.5722875817034723,0,0.09192327122464106,0.13250922777694513
1996,0,0.3909684407260362,0.5722875817034723,0,0.03791713761988569,0.07937339459792536
1997,1,0.4707482131545056,0.5754678435174513,0,0.6119264076196009,0.47070194367324925
1998,0,0.01881816150714161,0.5710277508106893,0,0.0,0.005645448452142483
1999,0,0.03491792322167029,0.566489270790374,0,0.01805712911342365,0.02853250607992474
2000,0,0.07363159950481446,0.5651723777434676,0,0.016570416892006445,0.005519062959438159
2001,0,0.01836347342170949,0.5642358814149704,0,0.012919280584490093,0.01842832261100294
2002,1,2.1716322887409434,0.566489270790374,1,2.16957126355269,0.002061025188253275
2003,0,0.048926179128347264,0.5629609216444117,0,0.0,0.014677853738504179
2004,0,0.18495428250957513,0.5651723777434676,0,0.06957747457285546,0.125063759325728
2005,0,0.0013819824686020221,0.5651723777434676,0,0.05002108354458084,0.04960648880400023
2006,0,0.14742230366458517,0.5630437141925706,0,0.0,0.04422669109937555
2007,0,0.11914554702313007,0.559178356085342,0,0.003976673175127399,0.039720337282066476
2008,0,0.2708402338295948,0.5616787325125845,0,0.018566393229070277,0.0626856769198082
2009,0,0.07229076862560066,0.5546011191538286,0,0.02996935404783145,0.008282123460151253
2010,0,0.06520747076329148,0.5445581210908024,0,0.006984395881550753,0.026546637110538285
2011,0,0.3153380580114613,0.5546011191538286,0,0.01757169831915295,0.07702971908428546
2012,0,0.017274894114168146,0.5445581210908024,0,0.039506482962206414,0.03432401472795597
2013,0,0.04252191713377401,0.5288408523067696,0,0.02555506243004667,0.012798487289914465
2014,0,0.31031408544477035,0.5296219730659462,0,0.0362854655344067,0.05680876009902458
2015,0,0.13288952219186265,0.5521812872249093,0,0.1057030802408014,0.0658362235832426
2016,0,0.10786968863066883,0.5521812872249093,0,0.0026972071674957604,0.0350581137566964
2017,0,0.033414505451705295,0.5296219730659462,0,0.0340901920348064,0.02406584039929481
2018,0,0.049496767676667164,0.5184603710533963,0,0.0067467689168474315,0.021595799219847583
2019,0,0.10715849020375598,0.5170196977110364,0,0.0915919750995016,0.059444428038374804
2020,0,0.4301265912451251,0.5209852318551645,0,0.007760400078869245,0.12127757729466826
2021,0,0.11749023299519845,0.5209852318551645,0,0.0617416768614385,0.09698874675999813
2022,1,2.051024776237411,0.5236954042582668,1,2.1879696163691165,0.13694484013170544
2023,0,0.04315160217112224,0.5236954042582668,0,0.08565757937848395,0.09860306002982067
2024,0,0.005565294804650067,0.5305064392370353,0,0.0021423301564162944,0.00047274171502120765
2025,0,0.07834299803071987,0.5222547309159069,0,0.002725381424575457,0.02077751798464056
2026,1,0.6691440180503514,0.5222547309159069,1,0.8450609704016177,0.17591695235126625
2027,0,0.12715164843552695,0.5195445585128047,0,0.05741322921023251,0.019267734679574433
2028,0,0.01944567685123902,0.5189710497077128,0,0.0,0.0058337030553717055
2029,0,0.09258076274295615,0.5144652411362985,0,0.025389709527533524,0.05316393835042037
2030,1,2.1022831405782156,0.5159266228585035,1,2.2230824555504354,0.12079931497221956
2031,0,0.045912064093855134,0.5144652411362985,0,0.009624899756018844,0.004148719472137699
2032,0,0.08230374501657488,0.5144652411362985,0,0.04084373502311964,0.016152611518147175
2033,0,0.3982987792160195,0.5162608773046106,0,0.04916697854090435,0.07032265522390158
2034,0,0.1618462879284457,0.5170196977110364,0,0.03060524983963142,0.01794863653890233
2035,0,0.011125618088746118,0.5195445585128047,0,0.031133066365354435,0.027795380938730595
2036,0,0.0005158868793114016,0.5222547309159069,0,0.01471301134553843,0.01455824528174501
2037,0,0.04666606974883114,0.5195445585128047,0,0.011245630124801731,0.025245451049451084
2038,1,1.0165758171740313,0.5195445585128047,1,0.7987428899174263,0.2178329272566052
2039,1,2.195416308875821,0.5236954042582668,1,2.220072605522254,0.02465629664643304
2040,0,0.09058621710148773,0.5222547309159069,0,0.02464782573280422,0.0025280393976421234
2041,0,0.16158739701003733,0.5195445585128047,0,0.03207359529509102,0.016402623807920236
2042,1,0.5761339332351157,0.534170402202337,1,0.8464245591378246,0.2702906259027088
2043,0,0.20924502027554448,0.5515075560359688,0,0.019169647975130766,0.043603858107532534
2044,0,0.46982238409873667,0.554500315948173,0,0.054984516124346516,0.08596219910527458
2045,0,0.10237523721914821,0.5409814371811055,0,0.029119281842213685,0.05983185300795846
2046,0,0.5714419140195703,0.554500315948173,1,0.06176322117767352,0.5096786928418968
2047,0,0.3205035984506478,0.554500315948173,0,0.002146008523444709,0.09400507101174971
2048,1,0.5421924910244108,0.554500315948173,0,0.6139257290352271,0.4512679817279039
2049,0,0.19901069190245868,0.554500315948173,0,0.05015004155483094,0.1098532491255686
2050,0,0.04059507000464735,0.554500315948173,0,0.07858235160691751,0.06640383060552335
2051,0,0.09653600971502041,0.5409814371811055,0,0.055292252462821545,0.08425305537732775
2052,1,0.7882831209817455,0.554500315948173,1,0.7746040889798423,0.013679032001903124
2053,1,2.3675861022823663,0.554500315948173,1,2.380972171284149,0.013386069001782554
2054,0,0.14884166368408058,0.5575757182868146,0,0.06050165380373107,0.10515415290895502
2055,0,0.00494699352504043,0.5604650626036599,0,0.01499735492328804,0.01351325686577591
2056,0,0.019197240619291456,0.5635918722508617,0,0.034944966926769086,0.040704139112556506
2057,0,0.36009442339747794,0.5693689124419705,0,0.014624037501109136,0.09340428951813423
2058,0,0.014765736872380524,0.5693689124419705,0,0.05287958389280757,0.04844986283109341
2059,0,0.015890411470160126,0.5718937732437387,0,0.06162764958594669,0.05686052614489867
2060,1,1.6173331034387817,0.5762544774708909,1,2.262481558939544,0.6451484555007625
2061,0,0.018045963686957434,0.5718937732437387,0,0.04822124480197254,0.04280745569588529
2062,0,0.3627672332479073,0.579143821787736,0,0.0,0.10883016997437218
2063,0,0.037385260329133405,0.579143821787736,0,0.04666324323674962,0.03544766513800959
2064,0,0.2566028430320103,0.5856240257154497,0,0.03702761093956008,0.03995324197004301
2065,0,0.3009868711851955,0.5889084895749434,0,0.008185651252900751,0.0821104101026579
2066,0,0.06717814645759379,0.5827346813986044,0,0.0009939465816228843,0.02114739051890102
2067,0,0.14367692648287245,0.5810880087517002,0,0.09955945192909692,0.056456373984235184
2068,0,0.038740120985270354,0.5713056486366257,0,0.0017619321640571783,0.013383968459638407
2069,0,0.11969929669264978,0.5713056486366257,0,0.011709568168866369,0.02420022083892892
2070,0,0.028136213238558316,0.5663087004626081,0,0.012892026031953607,0.021332890003521104
2071,1,0.5850572211576057,0.5663087004626081,1,0.761270989652524,0.1762137684949182
2072,0,0.26010016190534113,0.5697119536546431,0,0.01290514622325556,0.06512490234834689
2073,1,2.180904842114926,0.5761921575823568,1,2.2533053902894156,0.07240054817448918
2074,0,0.15041529441355064,0.5823659657586957,0,0.0,0.04512458832406519
2075,0,0.014759281764852278,0.5761921575823568,0,0.019247923511171904,0.02367570804062759
2076,0,0.07054814632515569,0.5697119536546431,0,0.04177820775166455,0.020613763854117843
2077,1,0.3110556902952945,0.5810880087517002,0,0.5280953589873698,0.4347786518987814
2078,0,0.07472464818460378,0.5761921575823568,0,0.026278118383592064,0.04869551283897322
2079,0,0.07610472671978508,0.5761921575823568,0,0.08512277600071098,0.062291357984775454
2080,0,0.1526110310643865,0.5725414194783767,0,0.014467649265988425,0.03131566005332764
2081,1,3.372697664513134,0.5823659657586957,1,3.296372111450312,0.07632555306282196
2082,0,0.09878794199594995,0.5761921575823568,0,0.07509627850373417,0.045459895904949185
2083,1,2.2571242860724396,0.5860773944099724,1,2.5079174403603197,0.25079315428787996
2084,0,0.24437740815944906,0.5861913382396087,0,0.0004847101596358594,0.07282851228819887
2085,0,0.0864631783212306,0.5860773944099724,0,0.0,0.02593895349636918
2086,0,0.06837907384855715,0.5761921575823568,0,0.08152022014407954,0.061006497989512395
2087,0,0.012572454640217121,0.5814524922667772,0,0.0,0.003771736392065136
2088,1,2.6874479508696765,0.5814524922667772,1,2.787049825568708,0.09960187469903165
2089,0,0.21227657052913462,0.5761921575823568,0,0.031274110156495505,0.03240886100224494
2090,1,2.5355554337607438,0.5823659657586957,1,2.561576823794062,0.02602139003331838
2091,1,2.229511253608546,0.5823659657586957,1,2.4631963126284724,0.23368505901992612
2092,1,0.8355541282318386,0.5823659657586957,1,0.9909406327132967,0.15538650448145808
2093,0,0.029768434252237103,0.5823659657586957,0,0.0596341030796676,0.06856463335533873
2094,0,0.16696361040976582,0.5854634516448387,0,0.046675492988777156,0.09676457611170708
2095,0,0.0006973956388205138,0.5854634516448387,0,0.04241982091620852,0.042210602224562355
2096,0,0.06475755528868435,0.5852771999146404,0,0.011075843216424214,0.008351423370181098
2097,0,0.2522761875164323,0.5852771999146404,0,0.07237815500176992,0.0033047012531597364
2098,0,0.3401035007714196,0.5950493613753193,0,0.005825099061323558,0.10785614929274945
2099,0,0.4314402447092494,0.6078147968112808,0,0.1336175094920703,0.004185436079295446
2100,0,0.030226746964227984,0.6067869892475855,0,0.013478889087178321,0.02254691317644672
2101,1,2.6295437941352384,0.6159038109465336,1,2.773327998528605,0.14378420439336656
2102,0,0.08282063690236997,0.6148389273163746,0,0.012251545851253487,0.012594645219457495
2103,0,0.3272000464806677,0.6215994046963229,0,0.007140988052160235,0.09101902589204003
2104,1,2.4407056707825405,0.6267285435764555,1,2.409329737737778,0.031375933044762355
2105,0,0.25736347427624073,0.6338500418661686,0,0.0,0.07720904228287222
2106,0,0.05987727099827523,0.6332578392467072,0,0.03294176917498536,0.014978587875502793
2107,0,0.1058795543750642,0.6304408440292466,0,0.03769972791062529,0.005935861598106031
2108,0,0.12064363354103105,0.6304408440292466,0,0.004430482438681965,0.031762607623627336
2109,1,2.4821887314726374,0.6332578392467072,1,2.446467091667052,0.03572163980558539
2110,1,0.7236992933139386,0.6407027615776131,1,0.42769273430906507,0.2960065590048735
2111,0,0.10590815805992454,0.6332578392467072,0,0.019038313489184597,0.05081076090716195
2112,0,0.1924393671482818,0.6304408440292466,0,0.09366800217769922,0.1513998123221838
2113,0,0.21094313272930876,0.6270529408044143,0,0.05454212722405538,0.11782506704284801
2114,0,0.07465985887024096,0.6270529408044143,0,0.014772533828695256,0.037170491489767477
2115,1,0.7441170458209976,0.6270529408044143,1,0.9185572185964106,0.17444017277541302
2116,0,0.07708665780215385,0.6199314425147012,0,0.0,0.023125997340646152
2117,0,0.352781212144186,0.6199314425147012,0,0.044119398041530644,0.14995376168478636
2118,0,0.2165271325462348,0.6199314425147012,0,0.04275361765007957,0.10771175741395
2119,1,2.097404549294973,0.6270529408044143,1,2.0626817503528487,0.0347227989421245
2120,0,0.13758381994089364,0.6255113530551228,0,0.009673179485759409,0.05094832546802763
2121,0,0.037168508219664,0.6255113530551228,0,0.006531046380345629,0.01768159884624465
2122,0,0.2638730413366221,0.6328531245996565,0,0.03320691338026754,0.04595499902071908
2123,0,0.09785976654250132,0.6255113530551228,0,0.08015801188615565,0.050800081923405245
2124,0,0.30939093124162304,0.6328531245996565,0,0.04508078625752692,0.04773649311495999
2125,0,0.3297180041988653,0.6400866659510653,0,0.05189160069735771,0.04702380056230189
2126,0,0.129872199392854,0.6339056605158588,0,0.020970236696347122,0.017991423121509253
2127,0,0.035927326451143715,0.6339056605158588,0,0.0943443872686669,0.08356618933332394
2128,1,2.557339128556317,0.6372935637406911,1,2.5599876511374267,0.0026485225811095363
2129,0,0.28466545968305534,0.6372935637406911,0,0.0895268588620215,0.004127220957104827
2130,0,0.1433532591083002,0.6372935637406911,0,0.004678621627910218,0.04768459936040026
2131,1,2.5477894584966094,0.6372935637406911,1,2.562360644140446,0.014571185643836415
2132,0,0.008373392672625988,0.6372935637406911,0,0.0,0.0025120178017877964
2133,0,0.12797616231140096,0.6304408440292466,0,0.04440390236207359,0.082796751055494
2134,1,2.575145072991073,0.6304408440292466,1,2.5404501806650814,0.034694892325991475
2135,0,0.6036552775322934,0.6339056605158588,0,0.11303875366413596,0.06805782959555273
2136,0,0.13571546269386814,0.6270529408044143,0,0.05780693555896865,0.017092296750808145
2137,1,2.427103596519798,0.6339056605158588,1,2.3966928654690367,0.030410731050760823
2138,0,0.23957532677440402,0.6339056605158588,0,0.03319535290039445,0.10506795093271566
2139,0,0.3059309804471226,0.6339056605158588,0,0.014122008448002415,0.10590130258213917
2140,1,2.4359039263833244,0.6339056605158588,1,2.3050962909871155,0.13080763539620888
2141,0,0.17612159897871438,0.6339056605158588,0,0.029206088469757696,0.023630391223856684
2142,0,0.07652181833783067,0.6328531245996565,0,0.051483095772777654,0.028526550271428475
2143,1,2.2198530140006345,0.6385450782017739,1,2.1855801958678116,0.03427281813282325
2144,0,0.1220963691793955,0.6385450782017739,0,0.04823406200730878,0.011605151253490133
2145,1,1.054046588510486,0.6400866659510653,1,1.1064848182540414,0.0524382297435555
2146,0,0.014558873001849318,0.6372935637406911,0,0.0,0.004367661900554795
2147,0,0.01027174983361487,0.6338500418661686,0,0.054211864321777416,0.05113033937169296
2148,1,0.7736538741625327,0.6401105589581516,1,0.7729686605335584,0.0006852136289743349
2149,0,0.031289010645678225,0.6401105589581516,0,0.0131272182728885,0.02251392146659197
2150,1,2.686470117824185,0.6401105589581516,1,2.8362209040596844,0.1497507862354996
2151,0,0.400014185309862,0.6415813934775736,0,0.015528627035437781,0.1044756285575208
2152,0,0.0032357926524235747,0.6468327542203074,0,0.004998900039484999,0.005969637835212094
2153,1,3.3529537350483407,0.6468327542203074,1,3.40560719485436,0.05265345980601932
2154,0,0.15106423080964038,0.6415813934775736,0,0.05511475634018437,0.10043402558307646
2155,0,0.08709069600029806,0.6415813934775736,0,0.00316493426700426,0.022962274533085192
2156,0,0.00018288852966064084,0.6468327542203074,0,0.08534688684295828,0.08529202028406009
2157,0,0.32654749192087756,0.6468327542203074,0,0.0,0.09796424757626326
2158,0,0.17414583951900942,0.6530137596555139,0,0.047004997887432065,0.005238753968270782
2159,1,2.1423690914814144,0.6530137596555139,1,2.119986322781858,0.022382768699556257
2160,1,0.30868923634191564,0.6530137596555139,0,0.5039222115245496,0.411315440621975
2161,0,0.07133026316227799,0.6415813934775736,0,0.05691121042104661,0.03551213147236322
2162,1,2.2003165986216895,0.6468327542203074,1,2.2481106129079933,0.04779401428630382
2163,0,0.132440727011359,0.6468327542203074,0,0.03269780161169855,0.00703441649170955
2164,0,0.10201803583122071,0.6415813934775736,0,0.05460204727004525,0.08520745801941143
2165,0,0.18789358046411556,0.6415813934775736,0,0.027993664649263846,0.028374409489970817
2166,0,0.28186377058829315,0.6530137596555139,0,0.02844472770040518,0.056114403476082764
2167,0,0.2705459475523613,0.6540004310860235,0,0.05003975759267966,0.031124026673028715
2168,0,0.2197148890630647,0.6533988036283946,0,0.01264620695320895,0.05326825976571048
2169,0,0.01159545887406599,0.6533988036283946,0,0.008383310713522607,0.004904673051302821
2170,0,0.2026490260555907,0.6522057313466917,0,0.10355102523137272,0.042756317414695544
2171,0,0.010295191889671011,0.6462915643933582,0,0.05472295492829385,0.051634397361392546
2172,1,1.164933007947548,0.6462915643933582,1,1.1602147338184403,0.004718274129107636
2173,0,0.23434528353162687,0.6434745691758976,0,0.003018699879478781,0.06728488518001008
2174,1,2.5787927381013214,0.64999036358686,1,2.5535140486984047,0.02527868940291656
2175,0,0.09929257448414364,0.64999036358686,0,0.011520686327564207,0.018267086017678888
2176,0,0.3897720115687796,0.64999036358686,0,0.04174017832831345,0.07519142514232047
2177,0,0.2172366751530389,0.6477955326437307,0,0.012753534020732982,0.07792453656664478
2178,0,0.0040008803591943375,0.6400866659510653,0,0.04262988889743061,0.041429624789672305
2179,0,0.3053021765872752,0.6400866659510653,0,0.003027689152488522,0.09461834212867115
2180,0,0.1323815213053099,0.6339056605158588,0,0.10308448936810599,0.063370032976513
2181,0,0.02967490050133592,0.6272470831991349,0,0.035081391377609794,0.026178921227208996
2182,1,2.36403209081908,0.6340998029105793,1,2.5538106490950634,0.18977855827598322
2183,0,0.0573348179569062,0.6340998029105793,0,0.006819848348690982,0.010380597038380901
2184,1,0.32229784433795405,0.6434745691758976,0,0.7005048470620047,0.6038154937606185
2185,0,0.029520116768289546,0.6434745691758976,0,0.013252604539027664,0.02210863956951453
2186,0,0.3432038559508577,0.6522057313466917,0,0.07213299880873247,0.030828157976524828
2187,0,0.14565499662610115,0.6522057313466917,0,0.017229423689861356,0.02646707529796899
2188,0,0.1720993776758813,0.6522057313466917,0,0.03151370273934836,0.02011611056341602
2189,0,0.12466962426871653,0.64999036358686,0,0.021178238100669988,0.05857912538128507
2190,0,0.09606179898296793,0.6406020836534463,0,0.03749592311564681,0.06631446281053718
2191,0,0.009289418912723448,0.6406020836534463,0,0.016966582435385052,0.014179756761568017
2192,0,0.031189487671146668,0.6402059304963921,0,0.0752532058727763,0.08461005217412029
2193,0,0.06332777805355905,0.6402059304963921,0,0.009706993246940687,0.009291340169127027
2194,0,0.1242721332400083,0.6335095073588046,0,0.0176555081704457,0.019626131801556923
2195,0,0.04023662222386722,0.6335095073588046,0,0.005068362513745511,0.017139349180905677
2196,0,0.08995204659481196,0.6289575606582036,0,0.020866464934209177,0.04785207891265276
2197,0,0.1209658223111159,0.6234846513491153,0,0.0,0.03628974669333477
2198,0,0.039236371013854354,0.6183898547654098,0,0.06912121993974352,0.08089213124389971
2199,0,0.013371337711600817,0.6159076151481416,0,0.013248976292580816,0.009237574979100716
2200,0,0.3828982698097749,0.619535289357647,0,0.040386933690850224,0.07448254725208225
2201,1,2.641227625650461,0.619535289357647,1,2.5768870224557485,0.06434060319471277
2202,0,0.01841078372377325,0.619535289357647,0,0.07821096431967867,0.08373419943681082
2203,1,0.8418128605569731,0.620050707060028,1,0.6784059981636003,0.16340686239337288
2204,0,0.23251272490913444,0.6246300859413526,0,0.025317382825467027,0.09507120029820726
2205,1,0.564321755938487,0.6294729783605846,0,0.8830030407513452,0.7137065139697991
2206,0,0.3609073902762959,0.6294729783605846,0,0.026506563155693996,0.08176565392719481
2207,0,0.1586038258416782,0.6328531245996565,0,0.009075678924049368,0.05665682667655281
2208,0,0.2966078845141085,0.6328531245996565,0,0.004906325781106481,0.09388869113533901
2209,0,0.11574593480404216,0.6278121260659664,0,0.0030202804057153365,0.03170350003549727
2210,0,0.2924128218658961,0.6278121260659664,0,0.06263437998544541,0.025089466574323538
2211,1,0.554106375977126,0.6289575606582036,0,0.7188531258159452,0.5526212130228074
2212,1,2.398474416905777,0.6335095073588046,1,2.4260909844243566,0.027616567518580132
2213,0,0.06702966070205552,0.6294729783605846,0,0.016877333806718298,0.036986232017334864
2214,1,2.511911334929918,0.6294729783605846,1,2.5896393395820527,0.07772800465213481
2215,0,0.1098041273147968,0.6246300859413526,0,0.0,0.03294123819443904
2216,0,0.14353894916267318,0.6246300859413526,0,0.06698560208935589,0.02392391734055388
2217,1,0.6279506575015167,0.6246300859413526,1,1.0435628355459092,0.41561217804439265
2218,0,0.09698529911252773,0.6234846513491153,0,0.046393687921921334,0.017298098188162747
2219,1,2.467585759425499,0.6234846513491153,1,2.438924119632612,0.028661639792887456
2220,0,0.061824358540042014,0.6223469618633424,0,0.014162670023851541,0.032709977585864136
2221,0,0.12034512767972035,0.6223469618633424,0,0.1304451937060687,0.09434165540215259
2222,0,0.009364896122238564,0.6234846513491153,0,0.014817410828070532,0.012007941991398985
2223,0,0.2771560905156111,0.6234846513491153,0,0.1296213280596582,0.04647450090497496
2224,0,0.17011833412641553,0.6278121260659664,0,0.03312429935992589,0.0179112008779988
2225,0,0.22819869587925434,0.6319018324021397,0,0.06597009995775283,0.0024895088060234993
2226,0,0.0990938394153734,0.6319018324021397,0,0.062464160288626815,0.032736008464014796
2227,0,0.10991230000935537,0.6319018324021397,0,0.04270907049916317,0.07568276050196965
2228,0,0.014911808623556344,0.6289575606582036,0,0.013178625894124107,0.017652168481191
2229,1,0.134094955379087,0.6278121260659664,0,0.4843910201876411,0.444162533573915
2230,1,2.5246831350642354,0.6278121260659664,1,2.56878485370709,0.044101718642854434
2231,0,0.0033823075399321213,0.6234846513491153,0,0.0,0.0010146922619796363
2232,0,0.13884063293301174,0.6234846513491153,0,0.05804148651274199,0.0163892966328385
2233,0,0.019383388362622475,0.619535289357647,0,0.039112433293816584,0.03329741678502984
2234,0,0.08783267044529207,0.619535289357647,0,0.04226655526285032,0.06861635639643794
2235,1,0.5653542794882765,0.620050707060028,0,0.6703238864259771,0.5007176025794942
2236,0,0.09679348124358136,0.619535289357647,0,0.02432776347550898,0.004710280897565429
2237,0,0.07795411371718476,0.6183898547654098,0,0.05035919088448231,0.02697295676932688
2238,0,0.2884802819070662,0.6223469618633424,0,0.0017748952046123811,0.0883189797767322
2239,0,0.5511571492221112,0.6234846513491153,0,0.023382348499627503,0.18872949326626098
2240,0,0.047353856233687534,0.6234846513491153,0,0.0,0.014206156870106259
2241,0,0.16857183949640592,0.6248625307475408,0,0.12136066428206937,0.07078911243314759
2242,1,2.757842600488355,0.6248625307475408,1,2.784286054421008,0.026443453932652874
2243,0,0.30594541485936194,0.6319018324021397,0,0.0,0.09178362445780858
2244,0,0.03016748062005359,0.6279351416605885,0,0.06034860662401531,0.05129836243799968
2245,0,0.23975885710984857,0.632024847996762,0,0.011910464025073342,0.08383812115802791
2246,1,2.6133414959495576,0.638668093796396,1,2.618240232853561,0.004898736904003624
2247,0,0.062128046799537096,0.638668093796396,0,0.07948846678786226,0.06085005274800126
2248,0,0.11846221494047438,0.6377168015988792,0,0.0026759272795293665,0.038214591761671635
2249,1,0.7612559925919888,0.6454256682915446,1,0.9402465614765141,0.17899056888452525
2250,1,2.670928599101924,0.6454256682915446,1,2.6184137101736398,0.05251488892828405
2251,0,0.03285021682611634,0.6454256682915446,0,0.038546022629808135,0.028690957581973233
2252,0,0.09909645641357964,0.6454256682915446,0,0.007418241368483819,0.022310695555590065
2253,0,0.015854057747684558,0.638668093796396,0,0.022158454605910705,0.01740223728160528
2254,0,0.15472576322672382,0.6377168015988792,0,0.048345335747666196,0.0019276067796489826
2255,0,0.5381565113640121,0.6454256682915446,0,0.020712293774095114,0.14073465963510845
2256,0,0.007568795354289337,0.638668093796396,0,0.021818720327970054,0.02408935893425701
2257,0,0.14140305649866758,0.638668093796396,0,0.04824061107235367,0.09066152802195404
2258,0,0.24155210146833783,0.6377168015988792,0,0.006881606972698462,0.07934723741319982
2259,0,0.0034167776137835892,0.6377168015988792,0,0.07636017312730792,0.07533513984317283
2260,0,0.09689123866669402,0.6295090944576651,0,0.03586732851739449,0.06493470011740277
2261,0,0.009032909320357895,0.6218360623684904,0,0.043092803407746086,0.040382930611638716
2262,0,0.26724763415837105,0.6218360623684904,0,0.011627033670873477,0.06854725657663785
2263,0,0.12856646404202599,0.6208136433708753,0,0.008628067565501163,0.0299418716471066
2264,0,0.04291423409687866,0.6160174579781956,0,0.0,0.012874270229063598
2265,0,0.04663127132289446,0.6160174579781956,0,0.10241855351903317,0.11640793491590151
2266,0,0.14322091393843495,0.6160174579781956,0,0.08821205749191179,0.13117833167344228
2267,0,0.03623344703661903,0.6160174579781956,0,0.014921077103446825,0.004051042992461111
2268,1,2.263974544483174,0.6218360623684904,1,2.609385096319563,0.34541055183638936
2269,0,0.04411872137159667,0.6218360623684904,0,0.0054537088813896295,0.018689325292868708
2270,1,2.223281063858941,0.6218360623684904,1,2.233147711417742,0.009866647558801032
2271,0,0.023726922552893045,0.6163858858797868,0,0.010154214081603101,0.0030361373157351823
2272,1,2.2921504504953356,0.6163858858797868,1,2.409603178173868,0.11745272767853229
2273,0,0.03771864003129183,0.6155522352431435,0,0.0069443773729643415,0.018259969382351894
2274,0,0.06950717420106012,0.6147330909981866,0,0.03774241363278752,0.016890261372469628
2275,0,0.027857603927749205,0.6152485087005676,0,0.035302359920708154,0.04365964109903292
2276,0,0.4671756100406911,0.6162120243811714,0,0.013383163735720904,0.1535358467479283
2277,0,0.26673068835647645,0.6192614137756363,0,0.05235913975861364,0.027660066748329284
2278,0,0.4179891030256874,0.6235458425646185,0,0.0,0.12539673090770623
2279,1,2.3213422642575043,0.6235458425646185,1,2.5399606419707146,0.21861837771321058
2280,1,1.0895407077592814,0.6261437632452078,1,0.9057400115887914,0.18380069617048989
2281,1,0.9260381842948432,0.6289960190533221,1,0.8816920423652955,0.04434614192954767
2282,1,0.7631607243451131,0.6289960190533221,1,0.9848167494115009,0.22165602506638782
2283,0,0.00931603757653307,0.6303564878006307,0,0.05285152879430891,0.05564634006726884
2284,0,0.29728932665232843,0.6392456509950887,0,0.009123204867720898,0.09831000286341941
2285,0,0.08536760875558021,0.6345531953378396,0,0.09454094354642842,0.06893066091975435
2286,1,1.3842963857660242,0.6431270028267462,1,1.1140232204995757,0.2702731652664485
2287,1,2.416070480605496,0.6431270028267462,1,2.3753573653785836,0.04071311522691226
2288,1,2.425709392988753,0.6431270028267462,1,2.5739566307604416,0.14824723777168847
2289,1,2.3550777392482285,0.646566599194701,1,2.3064232198000623,0.04865451944816606
2290,0,0.018549961302238294,0.646566599194701,0,0.026932214303964086,0.021367225913292542
2291,0,0.13086163989498267,0.6423573303889866,0,0.025234291166253087,0.06449278313474771
2292,0,0.2906104159334262,0.646566599194701,0,0.07573786820842032,0.011445256571607554
2293,1,0.7254543768680684,0.6518697685153226,1,0.5781056027857159,0.14734877408235247
2294,0,0.13924404700459703,0.646850469478843,0,0.10241220639548176,0.1441854204968609
2295,0,0.05165532988943111,0.646850469478843,0,0.06148784740670998,0.04599124843988078
2296,0,0.1013020582764399,0.6423573303889866,0,0.03722444059166774,0.006833823108735704
2297,1,2.217498873552353,0.6423573303889866,1,2.18456608731058,0.0329327862417733
2298,0,0.19219290040312553,0.6415728791498817,0,0.05917835566895813,0.0015204855480204227
2299,0,0.11437978444095642,0.6415728791498817,0,0.06640778050096985,0.10072171583325684
2300,0,0.010625267655398094,0.6444453646723329,0,0.0,0.003187580296619428
2301,1,2.2719221762059236,0.6499154857374663,1,2.36373582962313,0.09181365341720606
2302,0,0.025810621314638738,0.6444453646723329,0,0.0063835924340069905,0.014126778828398745
2303,0,0.01803275121499326,0.646850469478843,0,0.052919106594083824,0.047509281229585844
2304,1,2.350395224731041,0.6516775610998073,1,2.377083579376816,0.026688354645774903
2305,1,1.0734991527068942,0.6533988036283946,1,0.9497256520634316,0.1237735006434626
2306,0,0.3717152882293153,0.6602838689627851,0,0.04732153560061092,0.06419305086818361
2307,0,0.24140949871189965,0.665939296110144,0,0.006245293822973119,0.07866814343654305
2308,0,0.013202923444945147,0.6651109605837495,0,0.017364690454747183,0.021325567488230727
2309,0,0.10959292157675175,0.6651109605837495,0,0.01625443513724969,0.016623441335775833
2310,0,0.08227050344773346,0.6651109605837495,0,0.02925544411054659,0.004574293076226477
2311,1,0.9499879983894123,0.6651109605837495,1,0.8080770361176449,0.14191096227176736
2312,0,0.37388542799840463,0.669295692918243,0,0.042903084561003446,0.06926254383851793
2313,0,0.03402810597897599,0.669295692918243,0,0.005909426973571774,0.01611785876726457
2314,0,0.26573068298464064,0.665939296110144,0,0.033275826829519684,0.04644337806587251
2315,0,0.02018838215594132,0.669295692918243,0,0.04994131335009466,0.04388479870331219
2316,0,0.2519622480638266,0.6753700854648809,0,0.10526334310277585,0.029674668683628003
2317,0,0.13190687035057702,0.6753700854648809,0,0.013855129931499711,0.05342719103667281
2318,0,0.23209135368156397,0.6862588253818054,0,0.06078708170203084,0.13041448780650003
2319,1,2.2259536349338704,0.7017079559573216,1,2.2180933919991346,0.00786024293473566
2320,0,0.04023316523872389,0.6862588253818054,0,0.018938797430132603,0.031008747001749826
2321,0,0.07804591648664255,0.6862588253818054,0,0.14241435346902329,0.16582812841501604
2322,0,0.007704531714968632,0.6753700854648809,0,0.0,0.0023113595144905893
2323,0,0.1859936426399833,0.6862588253818054,0,0.03811931805154889,0.09391741084354388
2324,0,0.34162930786789814,0.7013185091578864,0,0.044695129054288185,0.057793663306081156
2325,0,0.08928199885146393,0.7013185091578864,0,0.007135055612303098,0.019649544043136125
2326,0,0.001341958114211235,0.6862588253818054,0,0.00233349767912875,0.001930910244865379
2327,0,0.1796499566685964,0.7013185091578864,0,0.07680546354807627,0.022910476547497338
2328,0,0.08691696510429181,0.7002960901602713,0,0.08594083960402266,0.05986575007273509
2329,0,0.2255091414629568,0.7059248982581399,0,0.053229406452778405,0.014423335986108635
2330,0,0.010496669082994115,0.7002960901602713,0,0.021392207763683634,0.024541208488581868
2331,0,0.010098688498490965,0.7013185091578864,0,0.06431731824909004,0.06734692479863733
2332,0,0.18307226027482051,0.7076962130119162,0,0.0,0.054921678082446156
2333,0,0.050125683540751975,0.7002960901602713,0,0.06755829934591129,0.08259600440813686
2334,0,0.058963418969552706,0.6841608284226135,0,0.048245315845225734,0.06593434153609157
2335,0,0.3628291501971752,0.7002960901602713,0,0.01844400324302331,0.1272927483021764
2336,0,0.08558310094805444,0.6993447979627543,0,0.061881633897551525,0.03620670361313505
2337,0,0.030532225264663565,0.6993447979627543,0,0.08408667928229097,0.0749270117028919
2338,0,0.44101535751259513,0.6993447979627543,0,0.007421000119389842,0.13972560737316841
2339,0,0.1666085279892015,0.6985877193886161,0,0.017481248286482315,0.06746380668324277
2340,0,0.4425723118854752,0.7156358332987051,0,0.004322511879867763,0.12844918168577468
2341,0,0.4600475953857346,0.7265858877297273,0,0.08558244549795857,0.052431833117761784
2342,0,0.009342622923375343,0.7115203451837906,0,0.011359816994354094,0.014162603871366697
2343,1,0.8325181964648292,0.7122774237579289,1,0.685500080328479,0.14701811613635019
2344,1,2.4363997437738774,0.7122774237579289,1,2.5778571653887945,0.1414574216149174
2345,0,0.06677610855148941,0.7122774237579289,0,0.15062184211748797,0.1305890095520411
2346,0,0.01231887817443714,0.6862588253818054,0,0.017197761608780286,0.013502098156449142
2347,1,2.4022470214395835,0.6862588253818054,1,2.5676122656824214,0.16536524424283802
2348,1,0.5684056062072205,0.6862588253818054,0,0.5419960944908084,0.37147441262864234
2349,0,0.2584293070029249,0.6862588253818054,0,0.048299308957749254,0.12582810105862663
2350,1,0.48278832479047207,0.7132287159554456,0,0.4716320348899089,0.32679553745276735
2351,0,0.04627385321009009,0.7132287159554456,0,0.05135824634599703,0.06524040230902406
2352,0,0.05208457366085817,0.6862588253818054,0,0.06791250623988798,0.0835378783381453
2353,0,0.2671416141998114,0.6841608284226135,0,0.025932272551086433,0.05421021170885687
2354,1,0.7160054756853091,0.7122774237579289,1,0.7586987480271035,0.04269327234179432
2355,0,0.050383150358813356,0.7115203451837906,0,0.02411101807841331,0.008996072970769306
2356,0,0.07956455217745087,0.7095220420628818,0,0.028537032279764465,0.004667666626529211
2357,0,0.19470306500481854,0.7079512280546326,0,0.03991982274213013,0.01849109675931543
2358,1,2.6157480907415556,0.7203505718787544,1,2.5816909335211755,0.03405715722038023
2359,0,0.023437447619382205,0.7203505718787544,0,0.04356566845320317,0.03653443416738851
2360,0,0.1875311010432813,0.7139636000566626,0,0.10064690461948689,0.15690623493247124
2361,0,0.034418443865287696,0.7131533991263185,0,0.05952783082261481,0.04920229766302864
2362,1,2.4720242896243225,0.7131533991263185,1,2.4530712434859048,0.0189530461384176
2363,0,0.04281848635072527,0.7131533991263185,0,0.022931944441866747,0.010086398536649277
2364,0,0.05369870969091914,0.7013688537202084,0,0.03270850899162813,0.01659889608435239
2365,0,0.06428177109489965,0.6789163178300539,0,0.04133869105552595,0.022054159727056055
2366,0,0.5121117397940307,0.7013688537202084,0,0.02543458369704077,0.17906810563524997
2367,0,0.1656652997654956,0.7117663843054417,0,0.07453883942751893,0.024839249497870197
2368,1,2.2750253379298,0.7170954971071687,1,2.5099026163927913,0.23487727846299125
2369,1,2.6854289362719816,0.7254073555291704,1,2.7014930027558863,0.01606406648390455
2370,1,0.6401491761267466,0.7324165500088209,0,0.5180151591178901,0.3259704062798662
2371,0,0.335852629335581,0.7324165500088209,0,0.011451380534024835,0.08930440826664954
2372,0,0.17014826693040352,0.7324165500088209,0,0.056907450745825594,0.005862970666704603
2373,0,0.010216666900658228,0.7254073555291704,0,0.08940540271443412,0.09247040278463159
2374,0,0.07840438658696654,0.7254073555291704,0,0.002458937298433356,0.025980253274523316
2375,0,0.13115416436538968,0.7221522807575848,0,0.0629409075914394,0.1022871569010563
2376,0,0.028182846083224217,0.7254073555291704,0,0.06668335834099462,0.05822850451602735
2377,0,0.014512381623373649,0.7203505718787544,0,0.034563097826376676,0.030209383339364515
2378,0,0.10739410687790202,0.7203505718787544,0,0.013054437246897303,0.01916379481647329
2379,0,0.2705639909404081,0.7254073555291704,0,0.04062102499436038,0.040548172287762085
2380,0,0.2098722570393407,0.7324165500088209,0,0.020358632222871056,0.08332030933467327
2381,0,0.0622466069595303,0.7221522807575848,0,0.021688604106940818,0.040362586194799904
2382,0,0.15396416073579092,0.7221522807575848,0,0.015354391499221593,0.030834856721515674
2383,0,0.28102080565061716,0.7182101827767345,0,0.04946530821119011,0.034840933483995085
2384,0,0.06923887452301358,0.7131533991263185,0,0.02808448641152883,0.007312824054624856
2385,0,0.33276210724996735,0.7221522807575848,0,0.03309246357633899,0.13292109575132915
2386,0,0.06933656216912566,0.7221522807575848,0,0.05250834661992531,0.031707377969187614
2387,0,0.04679105266771133,0.7182101827767345,0,0.00746152690016233,0.02149884270047564
2388,0,0.03763342760173738,0.7093861059437763,0,0.09045927627071904,0.07916924799019776
2389,0,0.11981330633999576,0.7091770247020922,0,0.06485904382733043,0.1008030357293288
2390,0,0.06145214968339496,0.6947112199174419,0,0.01098484910538644,0.007450795799632148
2391,1,0.6966603895472883,0.6947112199174419,1,0.6613286666940171,0.03533172285327113
2392,0,0.06364350122740337,0.6767719405414903,0,0.12215060951523798,0.10305755914701695
2393,0,0.05559932121414697,0.6746552593847948,0,0.004746911567863749,0.011932884796380341
2394,0,0.3742102610709901,0.6767719405414903,0,0.0057645732275528605,0.11802765154884998
2395,0,0.12761006117104629,0.6746552593847948,0,0.03272400487397017,0.07100702322528406
2396,1,2.259411872440891,0.6931342852401137,1,2.295677762953334,0.03626589051244279
2397,1,1.1699147175726432,0.6947112199174419,1,0.8111448048059707,0.35876991276667236
2398,0,0.14813450938746486,0.6767719405414903,0,0.0116676056004964,0.03277274721574297
2399,1,0.38127618951092124,0.6767719405414903,0,0.529518562061177,0.41513570520790055
2400,0,0.022011264262093915,0.6767719405414903,0,0.0,0.006603379278628175
2401,1,2.390513967692099,0.6767719405414903,1,2.368717527433732,0.02179644025836664
2402,0,0.18107441332171348,0.6931342852401137,0,0.021706680132184908,0.07602900412869895
2403,0,0.18689944086007773,0.689479627596624,0,0.0733599484959627,0.129429780753986
2404,0,0.35968186208166325,0.689479627596624,0,0.04401915060074478,0.0638854080237542
2405,0,0.0187207475615992,0.6767719405414903,0,0.0,0.00561622426847976
2406,1,2.1866370914816065,0.6947112199174419,1,2.306389010647775,0.11975191916616833
2407,0,0.11422512113375394,0.6947112199174419,0,0.009128726290688949,0.02513881004943741
2408,0,0.0640894141566181,0.6947112199174419,0,0.020174723293396195,0.0009478990464107662
2409,0,0.1910648571569804,0.6931342852401137,0,0.014185258158788683,0.043134198988305394
2410,1,2.0790184493281636,0.6931342852401137,1,2.066315507929697,0.012702941398466762
2411,0,0.2913269994925051,0.7060421251159681,0,0.0,0.08739809984775153
2412,1,0.5398098360895908,0.7072200586951608,0,0.6035999058391288,0.44165695501225166
2413,1,1.8096530152839512,0.7091770247020922,1,2.080693923872654,0.27104090858870283
2414,0,0.1693884183876662,0.7135283251084901,0,0.04790198613152669,0.0029145393847731654
2415,0,0.12784544561101696,0.7072200586951608,0,0.02742632486782172,0.06577995855112681
2416,0,0.2472098640414192,0.7109520785824786,0,0.0,0.07416295921242576
2417,0,0.07114989574904818,0.7060421251159681,0,0.11719385665282434,0.09584888792810986
2418,0,0.1660793716767801,0.7046792089514431,0,0.009913058960098864,0.05973687046313292
2419,1,1.057889978798046,0.7046792089514431,1,1.0283115504263338,0.029578428371712207
2420,0,0.010829775586255419,0.7069554805389502,0,0.02040959763604011,0.02365853031191678
2421,1,2.7582515903961644,0.7088415232105779,1,2.775921872631346,0.01767028223518212
2422,1,0.038654855650538444,0.7100107845541959,0,0.21320460998928648,0.20160815329412496
2423,0,0.13234380567779905,0.7100107845541959,0,0.004424434719422384,0.0441275764227621
2424,0,0.2535340661542995,0.7069554805389502,0,0.036064077849081055,0.03999614199720858
2425,1,0.26632860590966867,0.7046792089514431,0,0.12470521612127106,0.0448066343483704
2426,0,0.03995057248426345,0.7046792089514431,0,0.12823572311982354,0.11625055137454449
2427,1,0.5935289159189506,0.706791698518767,0,0.5134432279491454,0.3353845531734603
2428,0,0.06786458209377315,0.7011379571592249,0,0.040336322713131464,0.019976948084999516
2429,1,3.311261418913101,0.7063200844069142,1,3.206838413221203,0.10442300569189822
2430,0,0.15902678823814131,0.7063200844069142,0,0.08146058948618551,0.033752553014743114
2431,0,0.70164630907513,0.7063200844069142,0,0.0826149596633442,0.12787893305919473
2432,0,0.020263094353082156,0.7063200844069142,0,0.0281846938090895,0.022105765503164676
2433,0,0.1349377893970746,0.7063200844069142,0,0.04364007269825877,0.08412140951738113
2434,0,0.02575237802400754,0.69641007061424,0,0.012651728894912062,0.004926015487709767
2435,0,0.005125663519523611,0.6884233958822119,0,0.009452689383212219,0.010990388439069305
2436,0,0.051392750654560615,0.6884233958822119,0,0.0883960795181088,0.07297825432174054
2437,0,0.3295279839404235,0.6884233958822119,0,0.02373559209755761,0.12259398727968465
2438,0,0.011574514971649519,0.6789163178300539,0,0.023471385887451124,0.02694374037894609
2439,0,0.333167318737857,0.6789163178300539,0,0.025321869518638553,0.12527206513999564
2440,0,0.10468853884882004,0.669087529512257,0,0.03195108974980505,0.0005445280951590428
2441,0,0.25936606698804665,0.669087529512257,0,0.035122509798576895,0.11293232989499091
2442,0,0.08300490917825343,0.669087529512257,0,0.023663730748287204,0.04856520350176319
2443,0,0.1015568360746626,0.6596567401575203,0,0.12121681211064517,0.15168386293304392
2444,1,2.699946436365881,0.669087529512257,1,2.687041689874701,0.012904746491179585
2445,0,0.0340434156841366,0.6596567401575203,0,0.0378059457260399,0.02759292102079891
2446,0,0.15560348158414575,0.6653953967884769,0,0.052458907896141466,0.005777863420897741
2447,0,0.0006112142341093314,0.6653953967884769,0,0.01874344044393863,0.01856007617370583
2448,0,0.020932227659709486,0.6575354214419894,0,0.019824051495555148,0.026103719793467997
2449,1,2.549705690158605,0.6669662107967262,1,2.5172609383526305,0.03244475180597427
2450,0,0.22089806551178182,0.6648872327893415,0,0.001141099876574625,0.06512831977695988
2451,0,0.07987092049273005,0.6527241054373756,0,0.04749181597316989,0.023530539825350867
2452,0,0.03210653634166638,0.6508206425348981,0,0.016242648136117976,0.006610687233618018
2453,0,0.04821987031229614,0.6395752525532951,0,0.04285356717913541,0.028387606085446562
2454,0,0.12385720911740195,0.6369295767356651,0,0.03589207448603393,0.07304923722125456
2455,0,0.024026103829857794,0.639962696472839,0,0.000432134456379539,0.006775696692577798
2456,1,1.9543054094094368,0.6471548354201251,1,2.296623465318843,0.3423180559094061
2457,0,0.1137771245667803,0.6369295767356651,0,0.01933256183399823,0.05346569920403231
2458,0,0.15683436670987927,0.6369295767356651,0,0.06510511542590858,0.018054805412944797
2459,0,0.2318979574699569,0.6338326089032558,0,0.08462050220535178,0.15418988944633885
2460,0,0.009440359882925284,0.6219961001658734,0,0.00885752716951553,0.011689635134393118
2461,1,0.6236280125143572,0.6369295767356651,0,0.864338294121872,0.6772498903675649
2462,0,0.013258988662684448,0.6250930679982827,0,0.01262966107051021,0.016607357669315537
2463,0,0.2814502551506986,0.639962696472839,0,0.0,0.08443507654520958
2464,0,0.023076151346935164,0.6406377821004291,0,0.11151125343100887,0.1184340988350894
2465,1,0.34658839365143146,0.6418788548405343,0,0.33808260248541844,0.23410608438998903
2466,0,0.0491628620748573,0.6334677307692886,0,0.011942030659566803,0.0028068279628903903
2467,1,0.6081848677329837,0.6334677307692886,0,0.736023535290143,0.5535680749702478
2468,0,0.04875845728217998,0.6281611080881064,0,0.004671890790973521,0.009955646393680517
2469,0,0.22703926368485294,0.6285438461506219,0,0.031413507323973966,0.09952528642942982
2470,1,1.0068594119681813,0.6334677307692886,1,0.815678733494334,0.19118067847384723
2471,0,0.006266909292886483,0.6334677307692886,0,0.007051166688144274,0.008931239476010218
2472,1,2.85547548718382,0.6334677307692886,1,2.824677974883903,0.03079751229991727
2473,0,0.10667386694034442,0.6281611080881064,0,0.02441078931156615,0.007591370770537287
2474,0,0.05068406725992203,0.6251487852605855,0,0.0359609765099258,0.051166196687902454
2475,1,0.4776833090819263,0.6281611080881064,0,0.6433230885402239,0.5000180958156459
2476,0,0.069178556338025,0.6251487852605855,0,0.03470369268241612,0.013950125781008613
2477,1,0.9595618910167036,0.626066810549351,1,0.8171558014948499,0.14240608952185374
2478,0,0.11641064090264897,0.6251487852605855,0,0.0010246238319033818,0.033898568438891385
2479,1,1.0761688965462366,0.6251487852605855,1,1.0607041406393294,0.015464755906907213
2480,0,0.0962283396293678,0.6251487852605855,0,0.011040695487077583,0.01782780640173276
2481,0,0.3398745239248371,0.6281611080881064,0,0.02166808571106227,0.12363044288851338
2482,0,0.4931870299431921,0.6281611080881064,0,0.05277544767735676,0.2007315566603145
2483,1,3.4050296597028646,0.637837421864131,1,3.280249091285844,0.12478056841702045
2484,1,2.4141249765344464,0.637837421864131,1,2.641868196259715,0.22774321972526826
2485,0,0.10616362080580376,0.637837421864131,0,0.07512530576029713,0.043276219518556
2486,1,0.9345061895178887,0.637837421864131,1,0.6349881770903617,0.29951801242752696
2487,1,0.6316434449986914,0.6442237541128097,0,0.6186858631433203,0.42919282964371286
2488,0,0.14171212853605453,0.635272117002581,0,0.010869067993843462,0.03164457056697301
2489,0,0.18287662731676424,0.6442237541128097,0,0.011727572301926892,0.043135415893102325
2490,0,0.07515881178404626,0.6442237541128097,0,0.029218354588784634,0.006670711053570755
2491,1,1.6333073355304553,0.6499895137581773,1,1.2603238080224364,0.3729835275080189
2492,0,0.018209810124799084,0.6521108324737082,0,0.0,0.005462943037439725
2493,0,0.14226100822089127,0.6521108324737082,0,0.013757719894904819,0.05643602236117218
2494,0,0.05226359395158897,0.6521108324737082,0,0.028795399827976187,0.013116321642499651
2495,0,0.0028883255570342214,0.6569872978778709,0,0.04332502259639903,0.044191520263509254
2496,0,0.09840447404960069,0.6569872978778709,0,0.06539995193817215,0.035878609723291946
2497,1,2.471870353235645,0.6739639949164199,1,2.4652260745080343,0.006644278727611114
2498,0,0.0027965069600294004,0.6787584673740344,0,0.02929617525662605,0.02845722316861723
2499,0,0.2353788372936635,0.6758499692518738,0,0.011388807202481921,0.059224843985617115
2500,0,0.12548901758236292,0.669087529512257,0,0.03710208880175514,0.0005446164729537364
2501,0,0.14464837973716893,0.6521108324737082,0,0.02094142187900605,0.022453092042145073
2502,0,0.1244036075932643,0.6492730204488303,0,0.07786517087374589,0.04054408859576675
2503,0,0.12575181298416171,0.6430472622602461,0,0.030464552739736916,0.06819009663498532
2504,1,2.526179889858554,0.6451229134102434,1,2.8059550282129417,0.27977513835438766
2505,0,0.13126693277073764,0.6352447391403215,0,0.08001301401449767,0.04063293418327607
2506,1,3.3705074504088026,0.6352447391403215,1,3.517864622646896,0.14735717223809353
2507,0,0.26302009817138006,0.6365801863766134,0,0.03883428751561402,0.0400717419358001
2508,0,0.14898702164462696,0.6352447391403215,0,0.013872734528934672,0.030823371964453505
2509,0,0.2785864951837902,0.6430472622602461,0,0.12322034631304257,0.039644397757905514
2510,0,0.29115291651213526,0.6430472622602461,0,0.18545228324430751,0.09810640829066686
2511,0,0.2298113587101751,0.640134473655963,0,0.07566273528451184,0.14460614289756435
2512,1,3.3559054130849226,0.640134473655963,1,3.31598293907686,0.039922474008062814
2513,0,0.02827602665111954,0.640134473655963,0,0.0663271054209084,0.05784429742557254
2514,0,0.1383291073098854,0.6308750480454792,0,0.04725134674174539,0.005752614548779768
2515,0,0.013242195439535753,0.6352447391403215,0,0.010773405968035207,0.00680074733617448
2516,0,0.2980030994113847,0.6430472622602461,0,0.058023288254968275,0.03137764156844702
2517,0,0.15843342991139364,0.640134473655963,0,0.03912911856669421,0.008400910406724194
2518,0,0.1572655492331553,0.6404379074195344,0,0.007510929439316007,0.039668735330630575
2519,0,0.12841752991508382,0.6377876721641949,0,0.038182313605055196,0.00034294536947010457
2520,0,0.12552027326675508,0.6377876721641949,0,0.08848176898247433,0.12613785096250085
2521,0,0.08048739423282453,0.6377876721641949,0,0.039231207950118384,0.01508498968027102
2522,1,2.3491658399158792,0.6395849733020746,1,2.3746871318841163,0.025521291968236926
2523,0,0.027113621742949068,0.6377876721641949,0,0.029466236681180424,0.021332150158295704
2524,0,0.06044369987789766,0.6273513439915042,0,0.07141576246295256,0.05328265249958308
2525,0,0.30712257656709907,0.6316001429825808,0,0.03859177676763448,0.0535449962024952
2526,0,0.017920329370055065,0.6344255948953645,0,0.0,0.00537609881101652
2527,0,0.1783219534607563,0.6416787128380216,0,0.0529042429124279,0.000592343125798922
2528,1,2.6834992308977856,0.6410472815867727,1,2.7487202366547865,0.06522100575700067
2529,0,0.13043802111406505,0.6410472815867727,0,0.06411706992247154,0.10324847625669104
2530,0,0.36165343587832127,0.6410472815867727,0,0.0,0.10849603076349638
2531,0,0.1440128045654443,0.6404379074195344,0,0.07305899686692907,0.029855155497295893
2532,0,0.06541520068998087,0.6404379074195344,0,0.026050844899589178,0.006426284692594916
2533,0,0.009228246374692387,0.6404379074195344,0,0.02602001043835029,0.02878848435075801
2534,0,0.034367308168559596,0.6404379074195344,0,0.03742810472433433,0.0477382971749023
2535,0,0.28697460073119885,0.6404379074195344,0,0.0065823398343294315,0.07951004038503018
2536,1,2.395624198543113,0.6502818155257367,1,2.5773802810642024,0.18175608252108977
2537,0,0.04671316845975315,0.6502818155257367,0,0.12885500218581292,0.14286895272373884
2538,0,0.2863498221083465,0.6502818155257367,0,0.040278058990674825,0.12618300562317875
2539,0,0.041296727666380144,0.6404379074195344,0,0.048829799133853,0.03644078083393895
2540,0,0.19450188226207132,0.6464315735335412,0,0.016638032577390494,0.07498859725601181
2541,0,0.04841903641530687,0.6404379074195344,0,0.03512893867052813,0.049654649595120226
2542,1,0.5853812874073571,0.6404379074195344,0,0.5698703016921033,0.3942559154698962
2543,0,0.11908164577772598,0.6377876721641949,0,0.06678505212165976,0.03106055838834197
2544,1,2.105639777847955,0.6399742882025281,1,2.513868665316355,0.4082288874683998
2545,0,0.14419853281074976,0.6400069969738436,0,0.002493450352552877,0.040766109490672046
2546,0,0.03312614112324363,0.6298693382637932,0,0.012758566922968097,0.002820724585995013
2547,0,0.09908581220777313,0.6298693382637932,0,0.03735073815181689,0.007624994489484949
2548,0,0.12771328574600482,0.6298693382637932,0,0.017239031348559752,0.055553017072361266
2549,0,0.16393943817614665,0.6276500134541445,0,0.07184018872685083,0.12102202017969488
2550,0,0.23939067931005267,0.6267815185126081,0,0.02941535221950263,0.04240185157351317
2551,0,0.008995367050141152,0.6276500134541445,0,0.013876539204937335,0.016575149319979676
2552,0,0.07454311952339876,0.6276500134541445,0,0.054282059113075376,0.07664499497009492
2553,0,0.01671956378257833,0.6276500134541445,0,0.01561468201412275,0.020630551148896337
2554,0,0.014466389278156251,0.6282323254284923,0,0.053575833713687404,0.04923591693024053
2555,0,0.1307795632257104,0.6241492367984154,0,0.0207801609674463,0.06001402993515942
2556,0,0.0885562004652198,0.6234741511708253,0,0.06171878810760117,0.08828564824716711
2557,0,0.3025950522093588,0.6260130006188437,0,0.002047108798977182,0.09282562446178483
2558,1,2.29253399637235,0.6282323254284923,1,2.4815599023374824,0.1890259059651321
2559,0,0.13697023076878626,0.6260130006188437,0,0.03684151496833301,0.004249554262302863
2560,0,0.15092873290761166,0.6276500134541445,0,0.05444090395740475,0.009162284085121208
2561,0,0.2626058899707271,0.6336397804526304,0,0.0991799781728524,0.020398211181634984
2562,0,0.24826402378139423,0.6296940458869453,0,0.06163656596413847,0.012842641170279778
2563,1,2.475162814825858,0.636211124525179,1,2.4503065930502137,0.024856221775643988
2564,1,0.6521818050987748,0.6356939050927665,1,0.7660889046007134,0.11390709950193867
2565,1,2.6684261706596413,0.6459104424084422,1,2.8386889250317653,0.1702627543721239
2566,0,0.11096256546288474,0.6459104424084422,0,0.04546959712978449,0.012180827490918977
2567,1,2.432926820355056,0.6619393988916559,1,2.6798632410214127,0.2469364206663568
2568,0,0.192434620707422,0.6579509120896706,0,0.012720436983392203,0.0704508231956188
2569,1,2.3530584044345946,0.6657104047292453,1,2.5428965199790823,0.1898381155444877
2570,0,0.12438217701507992,0.6579509120896706,0,0.05863122195469195,0.021316568850168083
2571,0,0.01649377848674065,0.6579509120896706,0,0.0842263539775652,0.079278220431543
2572,0,0.029584304435049447,0.6459104424084422,0,0.020087138540734628,0.011211847210219839
2573,0,0.041901110504371175,0.6459104424084422,0,0.046516063212230785,0.03394573006091939
2574,0,0.13468757403842804,0.6459104424084422,0,0.0,0.04040627221152841
2575,0,0.3601702516534012,0.6579509120896706,0,0.04418599048243821,0.15223706597845865
2576,0,0.0833908895303563,0.6440065106388704,0,0.07165864734489343,0.04664138048578653
2577,0,0.38485358437408845,0.6459104424084422,0,0.028526014433210234,0.08693006087901645
2578,1,2.3451500130936154,0.6459104424084422,1,2.488331910600831,0.14318189750721538
2579,0,0.26819632410188765,0.6440065106388704,0,0.04108298062596338,0.03937591660460282
2580,0,0.20355981830553294,0.6433821649266287,0,0.0012605544878705466,0.05980739100378951
2581,1,2.294971004117251,0.6433821649266287,1,2.2893144221398947,0.005656581977356086
2582,1,1.9469304086934194,0.6433821649266287,1,2.427514953349145,0.48058454465572564
2583,0,0.09426363974876226,0.6427098807302609,0,0.025735788563210123,0.0540148804878388
2584,0,0.5152510358099733,0.6427098807302609,0,0.04308029616288037,0.1114950145801116
2585,0,0.37998319372133266,0.6553429186873113,0,0.035966379544459304,0.07802857857194048
2586,0,0.1255107806586262,0.6427098807302609,0,0.08102716279865174,0.043373928601063816
2587,0,0.3752594389176108,0.6427098807302609,0,0.012552210061560931,0.10002562161372242
2588,0,0.1205529684694463,0.6321342382322623,0,0.02024767945668382,0.015918211084150036
2589,0,0.17107082184331757,0.6311871921101049,0,0.026780477340609066,0.07810172389360437
2590,0,0.07344501626869882,0.6308613880557374,0,0.045493052702076264,0.06752655758268578
2591,0,0.5216403364259554,0.6376893174359977,0,0.023696661978874895,0.13279543894891174
2592,0,0.022140942394406834,0.6311871921101049,0,0.05811394731712902,0.05147166459880697
2593,0,0.18311882439886873,0.6308613880557374,0,0.07273451762365335,0.12767016494331396
2594,1,2.5316932028071357,0.6376893174359977,1,2.562294734149126,0.030601531341990167
2595,1,1.5230188064305477,0.6477852070531057,1,1.747100811838731,0.2240820054081834
2596,0,0.12581644105808648,0.6477852070531057,0,0.018092605292796438,0.019652327024629504
2597,0,0.19128023274024808,0.6389919412951679,0,0.05710018553419103,0.11448425535626544
2598,0,0.4658351981635882,0.6477852070531057,0,0.03294342327627435,0.1726939827253508
2599,0,0.24822094444304477,0.6551778243682066,0,0.03482721640358655,0.10929349973649982
2600,0,0.03558452298239789,0.6527574639095679,0,0.02039816718698706,0.03107352408170616
2601,0,0.24829358886323152,0.6463845586102688,0,0.021587502584299735,0.09607557924326918
2602,0,0.014890369041950745,0.6463845586102688,0,0.0,0.004467110712585223
2603,0,0.2783556241559776,0.6506654465297637,0,0.1167800899534539,0.20028677720024723
2604,0,0.014664117735970868,0.6463845586102688,0,0.0,0.00439923532079126
2605,0,0.06514509389101886,0.6361478500130334,0,0.07668540909929378,0.05714188093198813
2606,0,0.11211576063863893,0.6288269705321277,0,0.10559478455609994,0.13922951274769158
2607,0,0.026277308081559703,0.6301891038593698,0,0.053393502118375125,0.04551030969390801
2608,1,0.8585561789209128,0.6310161685932731,1,0.6664894405695534,0.19206673835135946
2609,0,0.3543348951208338,0.6389919412951679,0,0.10894563946085856,0.0026451709246084754
2610,0,0.0415629319782165,0.6389919412951679,0,0.04370341838314242,0.031234538789677472
2611,0,0.14789485909133826,0.6310161685932731,0,0.026479477880797297,0.07084793560819858
2612,1,2.235722873965139,0.6310161685932731,1,2.5346180641161986,0.2988951901510595
2613,1,3.439751568410335,0.6361478500130334,1,3.8306657885329596,0.39091422012262456
2614,1,2.276421780160695,0.6389919412951679,1,2.4407034530529663,0.16428167289227114
2615,1,3.1188534375184784,0.6463845586102688,1,3.1697469234797118,0.050893485961233255
2616,0,0.02473495054359298,0.6453648465944671,0,0.07010695616427609,0.06268647100119817
2617,0,0.06671221348606218,0.6453648465944671,0,0.003065825098300695,0.01694783894751796
2618,0,0.0032342030743798267,0.6425240255121585,0,0.049903699846370886,0.050873960768684834
2619,0,0.05817950303298114,0.6321024607958428,0,0.044593614898318035,0.0620474658082123
2620,0,0.08703280904033105,0.6321024607958428,0,0.03916711269163402,0.013057269979534686
2621,0,0.2113988719770079,0.6399975257559632,0,0.03179641998544824,0.03162324160765406
2622,0,0.2677493282184028,0.6389919412951679,0,0.114868696148547,0.19519349461406788
2623,0,0.007954785336885983,0.6399975257559632,0,0.13288020272148104,0.13526663832254682
2624,0,0.24782776431696096,0.635268956977359,0,0.007334503009145066,0.08168283230423345
2625,1,2.3581134661255794,0.6453648465944671,1,2.5472077199273664,0.18909425380178724
2626,1,0.8015789777336274,0.6527574639095679,1,0.5965997200984414,0.20497925763518599
2627,0,0.050027556846896915,0.6453648465944671,0,0.03919775002637199,0.054206017080441066
2628,1,1.0971675582750722,0.6594306127522924,1,0.8937741439979979,0.20339341427707436
2629,0,0.27651610795632864,0.6594306127522924,0,0.0017681490071314032,0.0811866833797672
2630,0,0.10687195985886455,0.656310310462302,0,0.01551585907357178,0.047577447031231124
2631,0,0.023394682366671762,0.656310310462302,0,0.002637707634383507,0.009656112344385029
2632,0,0.5520568874367945,0.6594306127522924,0,0.0,0.16561706623103833
2633,0,0.05576888051403173,0.6594306127522924,0,0.02740505052907971,0.01067438637487017
2634,0,0.27586180723118725,0.6609595176914462,0,0.051784749945409006,0.030973792223947166
2635,1,0.4923832846092415,0.6609595176914462,0,0.7415011868211817,0.5937862014384093
2636,0,0.01772860378485553,0.6614387228316152,0,0.018148994416753335,0.023467575552209997
2637,0,0.031353899616193434,0.6614387228316152,0,0.0,0.00940616988485803
2638,0,0.3061659920885381,0.6614387228316152,0,0.09840078423188603,0.006550986605324605
2639,0,0.06483597080740067,0.6619571125084878,0,0.02244036898683834,0.002989577744618138
2640,0,0.11275880537139224,0.6553429186873113,0,0.03141054504986888,0.06523818666128654
2641,0,0.21722930166649143,0.6545644951933869,0,0.025506806719140792,0.039661983780806626
2642,0,0.01905289389005807,0.6545644951933869,0,0.14367915660586913,0.1379632884388517
2643,0,0.0964130835203969,0.6425240255121585,0,0.027840202398390135,0.056764127454509206
2644,0,0.1332194292241361,0.6340063925654146,0,0.06954252553689655,0.10950835430413741
2645,1,2.569676116907656,0.6425240255121585,1,2.590051651419233,0.020375534511577288
2646,0,0.17256109515401297,0.6453648465944671,0,0.019692122672728907,0.03207620587347493
2647,0,0.030496918499757553,0.6399975257559632,0,0.04968228918601525,0.04053321363608797
2648,0,0.05259111298645669,0.6321024607958428,0,0.004320783972487474,0.011456549923449577
2649,1,1.333566138622009,0.6340063925654146,1,1.0181353917706375,0.3154307468513715
2650,1,1.08743054954473,0.6340063925654146,1,0.9385024033729392,0.14892814617179084
2651,0,0.22733502825908572,0.6399975257559632,0,0.0670209515166509,0.0011795569610748152
2652,1,2.384908909751549,0.6520379954371915,1,2.5479240971908523,0.16301518743930343
2653,0,0.1892309980007184,0.6520379954371915,0,0.013097723165232278,0.06986702256544786
2654,0,0.009769163037018469,0.6425240255121585,0,0.03275351043827868,0.029822761527173225
2655,0,0.06491343116399706,0.6425240255121585,0,0.04631976582302845,0.06579379517222757
2656,0,0.0016421536226168126,0.6427098807302609,0,0.015190601314906925,0.01568324740169197
2657,0,0.16341570252268764,0.6427098807302609,0,0.018525626255843204,0.06755033701264948
2658,0,0.15876997324740105,0.6425240255121585,0,0.023491619866037802,0.07112261184025812
2659,0,0.15011587501734014,0.6399975257559632,0,0.026101408091930622,0.018933354413271264
2660,0,0.01607640442601431,0.6356157955351002,0,0.0281304641772818,0.03295338550508609
2661,0,0.16059520454477588,0.6401036650535199,0,0.0,0.048178561363432765
2662,1,0.29346115614843654,0.6401036650535199,0,0.7092482559851369,0.6212099091406059
2663,0,0.16185695270407116,0.6453648465944671,0,0.036542129237022714,0.012014956574198633
2664,1,0.6692834928861291,0.654252275873818,1,0.7974983255225396,0.12821483263641054
2665,0,0.1221298489084992,0.654252275873818,0,0.012566584015984539,0.04920553868853439
2666,0,0.294261963268438,0.654252275873818,0,0.05530943828163992,0.03296915069889139
2667,0,0.3009884683364725,0.656310310462302,0,0.042769083065700375,0.1330656235666423
2668,0,0.22500960309241538,0.654252275873818,0,0.024299138525421385,0.04320374240230322
2669,0,0.390338650261609,0.654252275873818,0,0.08299854310258166,0.20010013818106437
2670,0,0.051651575488934225,0.6453648465944671,0,0.0017340670118248525,0.013761405634855416
2671,0,0.09881317815459231,0.635268956977359,0,0.08619519175580535,0.056551238309427654
2672,0,0.29723918921088177,0.6401036650535199,0,0.0,0.08917175676326453
2673,0,0.026739563490091878,0.6401036650535199,0,0.05099930799882768,0.04297743895180006
2674,0,0.04317383762427529,0.6401036650535199,0,0.03471644504447957,0.021764293757196906
2675,0,0.006425973910635235,0.6427098807302609,0,0.0239428499244033,0.02587064209759387
2676,0,0.3631371471143767,0.6521441347347483,0,0.031186448607301465,0.07775469552701164
2677,0,0.03037665056117602,0.6521441347347483,0,0.008386209464756421,0.017499204633109226
2678,0,0.13660750035739672,0.6521441347347483,0,0.028511128990966694,0.012471121116252315
2679,1,0.9974171701270527,0.6553429186873113,1,0.813956884858854,0.1834602852681987
2680,1,0.7297284688399113,0.6567158986706886,1,0.7426108772731943,0.012882408433283143
2681,0,0.039977336730432134,0.6567158986706886,0,0.02542273503567216,0.013429534016542455
2682,1,0.9819093516770312,0.6626549836231368,1,0.8061360023017248,0.17577334937530642
2683,1,2.356055454638026,0.6626549836231368,1,2.357768963698758,0.0017135090607321782
2684,0,0.12114029900527942,0.6626549836231368,0,0.0,0.03634208970158383
2685,0,0.3340416404593507,0.6626549836231368,0,0.005447609263465991,0.09476488287433915
2686,1,0.5758647295880244,0.6639652225878105,0,0.8378094988424092,0.665050079966002
2687,1,0.9226771635892685,0.6707088889262816,1,0.5155488636896883,0.4071282998995802
2688,0,0.18327795800670266,0.6718111057817445,0,0.12438349448365693,0.06940010708164623
2689,0,0.1481992939440418,0.6718111057817445,0,0.01365756800764606,0.05811735619085867
2690,0,0.039345182659948255,0.6718111057817445,0,0.03554260312850796,0.023739048330523482
2691,0,0.09962863009291956,0.6679362511136926,0,0.00034446956346871616,0.030233058591344585
2692,0,0.12213136594278631,0.6679362511136926,0,0.044725228393342684,0.08136463817617855
2693,0,0.12146495289818149,0.6679362511136926,0,0.00575012267646971,0.04218960854592416
2694,0,0.09603497968346004,0.6614387228316152,0,0.0,0.028810493905038013
2695,0,0.3515835012827492,0.6679362511136926,0,0.08866873608981446,0.1941437864746392
2696,0,0.014129439479887079,0.6639652225878105,0,0.027478938351991524,0.031717770195957645
2697,0,0.3936242399116292,0.6639652225878105,0,0.0413967989509354,0.07669047302255372
2698,0,0.15401305672522303,0.6639652225878105,0,0.07126360065814052,0.025059683640573538
2699,0,0.13277775015193818,0.6626549836231368,0,0.031697968817894454,0.008135356227686998
2700,0,0.21491166303488995,0.6609595176914462,0,0.019574775606201023,0.084048274516668
2701,0,0.21790812626926925,0.6568097217651043,0,0.03160360867010348,0.09697604655088432
2702,0,0.05650069031379956,0.656310310462302,0,0.043433869517315316,0.06038407661145517
2703,0,0.12152841959598937,0.6554688571535322,0,0.04675618414004834,0.01029765826125173
2704,1,0.8867402997131109,0.6554688571535322,1,0.9921123840973565,0.10537208438424561
2705,0,0.0020893436352811268,0.6554688571535322,0,0.002358408715777971,0.0017316056251935885
2706,0,0.005433034896686076,0.643428387472304,0,0.007180269883533735,0.005550359414527917
2707,0,0.05451923508542447,0.643428387472304,0,0.025185939711035887,0.041541710236663226
2708,1,1.3476280488705115,0.6567403466654046,1,1.0916572290983277,0.2559708197721837
2709,0,0.0026196774905563464,0.6500248676766485,0,0.07598226143848232,0.07519635819131541
2710,1,0.7514066168457018,0.6500248676766485,1,0.7279819042713601,0.023424712574341644
2711,0,0.041163264002573585,0.6384475298402685,0,0.010245975168978547,0.02259495436975062
2712,1,0.9044965921042212,0.6384475298402685,1,0.8137786862786378,0.09071790582558337
2713,1,2.8338277093060293,0.6384475298402685,1,2.874371643444261,0.04054393413823188
2714,0,0.3480292875081119,0.6405638623091016,0,0.0027227915532028746,0.10713157780563698
2715,0,0.03874852810205564,0.6405638623091016,0,0.032093211714463964,0.04371777014508066
2716,0,0.1250799184913144,0.6402274070348734,0,0.02401675803026071,0.013507217517133574
2717,1,0.683732035118972,0.6436656659442507,1,0.7313971360298787,0.0476651009109067
2718,1,1.3398898588501105,0.6470066531216303,1,1.0869020156456641,0.25298784320444634
2719,0,0.024435394085723774,0.6429339938549888,0,0.03267663600356101,0.040007254229278144
2720,0,0.2231320676600519,0.6436656659442507,0,0.025050099753451738,0.09198972005146722
2721,0,0.40459983665789834,0.6436656659442507,0,0.009592211612786117,0.11178773938458342
2722,0,0.01929983003848354,0.6470066531216303,0,0.0387152104266934,0.03292526141514833
2723,0,0.2352805903827847,0.6570443902157217,0,0.06853997032372627,0.002044206791109171
2724,1,0.647559300622526,0.6590728074442782,0,0.7421014710345415,0.5478336808477837
2725,0,0.46740749671432325,0.660967065701549,0,0.028819848806127313,0.11140240020816972
2726,1,0.017904130568633048,0.6636584820001927,0,0.6551597837066457,0.6605310228772356
2727,0,0.11111223264563591,0.6509293286074574,0,0.06583144475739632,0.09916511455108708
2728,0,0.008867306162192085,0.655289467620127,0,0.013304986368747732,0.010644794520090102
2729,0,0.29908922564600204,0.655289467620127,0,0.034695596344070934,0.12442236403787166
2730,0,0.09804612324593731,0.650288318422733,0,0.0670722332843677,0.03765839631058652
2731,0,0.08230745232842882,0.6441757387679576,0,0.03614361240381774,0.011451376705289097
2732,0,0.09047931914089745,0.642942159040014,0,0.02811504129209152,0.055258837034360755
2733,0,0.22613996576549467,0.6440339211527928,0,0.02182874969364218,0.04601324003600621
2734,0,0.004254913615632287,0.6440339211527928,0,0.00921506595760118,0.007938591872911495
2735,1,0.994963757793605,0.6490350703501866,1,0.6286348932625587,0.3663288645310463
2736,0,0.012787926413511196,0.6509293286074574,0,0.0505953303158766,0.04675895239182323
2737,1,1.1504843252788215,0.6509293286074574,1,1.110249782989653,0.04023454228916856
2738,0,0.15225406808681152,0.65454228594764,0,0.043406456479322175,0.0022697639467212927
2739,0,0.24550377211109353,0.6525138687190837,0,0.06886642421092648,0.004784707422401446
2740,1,0.9683793274837396,0.662426891332522,1,0.7087685196048181,0.25961080787892143
2741,0,0.01391666385622041,0.6564365442049107,0,0.021356337293064437,0.025531336449930553
2742,0,0.00705154097328356,0.6607966832175802,0,0.003719548223005485,0.005835010514990559
2743,1,0.5420458431819183,0.6656792423469252,0,0.5345400421080411,0.3719262891534656
2744,0,0.09376547346338726,0.6607966832175802,0,0.04507832892839114,0.016948686889374898
2745,0,0.319947499030783,0.6656792423469252,0,0.02504913456467983,0.07093511514455506
2746,1,0.9654518992176498,0.6687407910151728,1,0.6572523225250145,0.3081995766926353
2747,0,0.22794776002547013,0.6722551768621943,0,0.011356786752939718,0.07974111476058066
2748,0,0.11404436255764769,0.6689141896848148,0,0.10999986861305107,0.07578655984575676
2749,0,0.15933346711240226,0.6670315247686169,0,0.04421752719631115,0.09201756733003183
2750,0,0.2781173669368132,0.6670315247686169,0,0.005716344552809227,0.07771886552823482
2751,1,1.9944802309472087,0.674601905760297,1,2.092181315364179,0.09770108441697012
2752,0,0.0528156188947507,0.6724855732914639,0,0.009332306826948505,0.0065123788414767035
2753,0,0.2350912883625701,0.673285104892221,0,0.11540079457452068,0.044873408065749576
2754,1,2.6551587891034503,0.6831685728315128,1,2.7241429600123412,0.06898417090889103
2755,0,0.052557127491107775,0.6769138215038795,0,0.08504138269477063,0.0692742444474383
2756,1,1.2948433549298433,0.6769138215038795,1,1.1214942918578947,0.17334906307194853
2757,0,0.11756979103569698,0.6769138215038795,0,0.010541203609688798,0.04581214092039798
2758,1,0.37236070109901076,0.6846570726598205,0,0.6731719489375242,0.561463738607821
2759,0,0.051147730204303854,0.6831685728315128,0,0.06473337272313773,0.04938905366184665
2760,0,0.32121605958316457,0.6846570726598205,0,0.05428180596834631,0.04208301190660313
2761,0,0.28874814858762976,0.6846570726598205,0,0.00910389086234531,0.07752055371394373
2762,0,0.137445507422162,0.6792319933202854,0,0.07179730502076753,0.11303095724741619
2763,1,0.8766917204417176,0.6846570726598205,1,0.689645404175428,0.18704631626628965
2764,0,0.11545028575559209,0.6792319933202854,0,0.020102656657151892,0.014532429069525739
2765,0,0.2184157733190153,0.6741292775981504,0,0.001681010696467311,0.06720574269217217
2766,1,2.1510800148322544,0.6829934723425682,1,2.3066788012012553,0.1555987863690006
2767,1,2.1052596897024265,0.6829934723425682,1,2.4717656404039814,0.36650595070155506
2768,0,0.09762402529549459,0.6829934723425682,0,0.0,0.029287207588648376
2769,0,0.16084279696946435,0.6829934723425682,0,0.008501172926413947,0.05675401201725272
2770,1,2.414361868753263,0.6829934723425682,1,2.530325864282336,0.11596399552907259
2771,0,0.07773933232644925,0.6788304163369209,0,0.015983539531999824,0.0073382601659357505
2772,0,0.036643654738645476,0.6694044016034173,0,0.0601124127972511,0.04911931637565746
2773,0,0.07108932776747948,0.6694044016034173,0,0.021012876432098572,0.0003139218981452613
2774,0,0.09696554570656546,0.6694044016034173,0,0.05602008445060691,0.08510974816257644
2775,0,0.017212339130997734,0.6670862297870115,0,0.011142403999527817,0.01630610573882718
2776,0,0.05744281904044813,0.6670862297870115,0,0.007848656671267933,0.009384189040866506
2777,0,0.21680239231249754,0.6607920902009575,0,0.0009793355867255826,0.06602005328047511
2778,0,0.530033411292763,0.6694044016034173,0,0.0003126835626433705,0.15869733982518552
2779,0,0.10825332271554944,0.6607920902009575,0,0.0479636903341254,0.015487693519460555
2780,0,0.30591087374749104,0.6694044016034173,0,0.06907612599074664,0.02269713613350066
2781,0,0.3677843024024182,0.6694044016034173,0,0.03619142898739092,0.07414386173333454
2782,0,0.011683502360553613,0.6670862297870115,0,0.04077058477694495,0.03726553406877886
2783,1,1.0228079649635657,0.6670862297870115,1,0.8331505236151372,0.18965744134842843
2784,0,0.1557502215770743,0.6600398781938346,0,0.05060987364182257,0.0038848071687000996
2785,1,2.2381596773160566,0.6670862297870115,1,2.217785529491885,0.020374147824171136
2786,1,2.3504087213378195,0.6670862297870115,1,2.4596088767680313,0.10920015543021189
2787,0,0.2151355857238886,0.6607920902009575,0,0.004354910312351218,0.06018576540481535
2788,0,0.4726217140150909,0.6694044016034173,0,0.03032198463236829,0.111464529572159
2789,0,0.23554328856567272,0.6694044016034173,0,0.04858629062136957,0.02207669594833224
2790,0,0.08639540888884889,0.6694044016034173,0,0.03574035989519753,0.061658982561852316
2791,0,0.2152544638477779,0.6628370660168509,0,0.04335557905897469,0.10793191821330805
2792,0,0.01755020365495641,0.6628370660168509,0,0.041953286501878795,0.03668822540539174
2793,1,0.9204930266499538,0.6741055403421878,1,0.7758531990581413,0.1446398275918125
2794,0,0.024816904480818865,0.6788304163369209,0,0.0324612142770497,0.039906285621295355
2795,0,0.032030936429869615,0.6788304163369209,0,0.0,0.009609280928960883
2796,0,0.06913441388503916,0.6788304163369209,0,0.09804930478484142,0.07730898061932923
2797,1,2.0187424213591596,0.6788304163369209,1,2.289678741766175,0.2709363204070155
2798,0,0.04851587562249386,0.6741055403421878,0,0.026556677317977617,0.012001914631229453
2799,1,2.4890928024847634,0.6788304163369209,1,2.613217734593181,0.12412493210841764
2800,0,0.25669505855701,0.6812216375149039,0,0.035739013734233605,0.041269503832869425
2801,1,2.5388814059735574,0.683149327095289,1,2.626657433085187,0.08777602711162959
2802,0,0.024770431108703583,0.6859677157189716,0,0.016515909846085197,0.023947039178696228
2803,0,0.25339126360481923,0.6881170267446229,0,0.04539475953206917,0.030622619549376617
2804,0,0.1726964007191012,0.6859186505060851,0,0.03527368276534878,0.08708260298107914
2805,0,0.20301749924762102,0.6869598932421228,0,0.005291868115198106,0.05561338165908758
2806,1,2.9788269551514177,0.6869598932421228,1,2.7141259243655838,0.26470103078583396
2807,0,0.12533202958441758,0.6859186505060851,0,0.07150480780935176,0.10910441668467707
2808,0,0.2603912199626608,0.6869598932421228,0,0.05213025414545214,0.025987111843346122
2809,0,0.08717540389650136,0.6859186505060851,0,0.06942977241119952,0.04327715124224907
2810,0,0.16625218946597253,0.6822374036333628,0,0.08808036319342372,0.038204706353631934
2811,1,0.2880642881374467,0.6844992024012673,0,0.583106169297209,0.49668688285597495
2812,0,0.031212453565078443,0.683149327095289,0,0.06956837551735572,0.07893211158687924
2813,0,0.027127691454854497,0.683149327095289,0,0.09464946642111019,0.10278777385756654
2814,0,0.1220304005557411,0.683149327095289,0,0.04946440127445029,0.012855281107728045
2815,0,0.32386589090123724,0.6844992024012673,0,0.02154034722477073,0.07561942004560043
2816,0,0.18589569710281306,0.6810652640898253,0,0.0552612994023467,0.11103000853319056
2817,1,0.8699962802545417,0.6825909338940941,1,0.8988708322976243,0.028874552043082646
2818,0,0.22739573254437762,0.688364485294102,0,0.04478273788704712,0.02343598187626661
2819,1,2.219057828522726,0.7026486484171655,1,2.3824985039493614,0.16344067542663557
2820,0,0.22135346564151495,0.7130894380302939,0,0.0,0.06640603969245448
2821,0,0.10092488263112379,0.7130894380302939,0,0.043653862729139375,0.013376397939802241
2822,0,0.5055731061463051,0.7130894380302939,0,0.06223512113132834,0.08943681071256382
2823,0,0.09590698500657902,0.7118349568364462,0,0.0067983038154182385,0.021973791686555444
2824,0,0.039093915334507526,0.7130894380302939,0,0.04453292519019275,0.032804750589840496
2825,0,0.055286992653398155,0.7001870903340179,0,0.0,0.016586097796019446
2826,0,0.38305422342976225,0.7118349568364462,0,0.005446592999660105,0.12036286002858887
2827,0,0.21010446951322861,0.7118349568364462,0,0.009207769453347663,0.053823571400620926
2828,0,0.15743830005786735,0.6976695350209128,0,0.052010046774981666,0.09924153679234186
2829,0,0.1648955392692223,0.6976695350209128,0,0.024514069974136715,0.02495459180662997
2830,0,0.20125111701680515,0.6968399681839494,0,0.0,0.06037533510504154
2831,1,2.2913928961281975,0.7095921931892881,1,2.3061260133026744,0.014733117174477249
2832,1,1.3695779009860394,0.7137396723770975,1,1.27882416907357,0.09075373191246938
2833,0,0.1104472283297373,0.7110979490579397,0,0.02830066838477585,0.06143483688369711
2834,1,0.5345506663613626,0.7152540968807073,0,0.6464241667413755,0.4860589668329667
2835,0,0.04522729059062588,0.7110979490579397,0,0.010256823301896298,0.023825010479084058
2836,0,0.4392187670579862,0.7110979490579397,0,0.022147543525016317,0.10961808659237954
2837,0,0.1936840417488197,0.7152540968807073,0,0.023706116144046385,0.08181132866869234
2838,0,0.21682064451253114,0.7152540968807073,0,0.011351944139473602,0.05369424921428578
2839,1,2.017043667160864,0.7425083790929451,1,2.112994742516257,0.09595107535539277
2840,0,0.39631610917057875,0.7467978806259725,0,0.08764455360306944,0.03125027914810419
2841,0,0.03978099998565215,0.7534227959295133,0,0.0,0.011934299995695645
2842,0,0.00594654100313613,0.7329671599348706,0,0.05575148626969531,0.05753544857063614
2843,0,0.3328253051385537,0.7560558709544586,0,0.0007326957534494749,0.10058028729501545
2844,0,0.06079663242675458,0.7329671599348706,0,0.01601957472995244,0.03425856445797881
2845,0,0.25346080671841786,0.7534227959295133,0,0.014712935516202563,0.09075117753172801
2846,1,3.0834752202237343,0.7506183886708844,1,3.2061325728026917,0.12265735257895738
2847,0,0.027579507518738625,0.7572772730466865,0,0.04324332362638347,0.05151717588200505
2848,0,0.2882159409740088,0.7616547820856935,0,0.018457819961427813,0.10492260225363026
2849,1,0.5228662062999517,0.7803837909311977,0,0.6730906178021876,0.5162307559122021
2850,0,0.16054835374658616,0.77161840673786,0,0.02094815732028954,0.027216348803686174
2851,1,0.9562014555060445,0.7803837909311977,1,0.6993518054701617,0.25684965003588267
2852,0,0.05498481181136314,0.7803837909311977,0,0.039090618207392014,0.05558606175080094
2853,0,0.13735995416363045,0.7755234074548967,0,0.004549701925269753,0.03665828432381937
2854,0,0.02050044921231782,0.7755234074548967,0,0.04874705600289253,0.054897190766587875
2855,0,0.10586872739630587,0.7755234074548967,0,0.021819107753576872,0.05357972597246863
2856,0,0.22374384550689094,0.7788478962679295,0,0.04062915170011226,0.026494001951955018
2857,1,1.0050182119015187,0.7813725705131886,1,0.7489454165556216,0.2560727953458972
2858,0,0.10995797759505806,0.7755234074548967,0,0.07584521436244514,0.10883260764096256
2859,0,0.07706805471977345,0.7755234074548967,0,0.025561687827429125,0.048682104243361154
2860,0,0.03039353338617201,0.7803837909311977,0,0.019927526377777616,0.029045586393629197
2861,0,0.26280780301222517,0.7803837909311977,0,0.03912298030632644,0.039719360597341116
2862,0,0.007999254991706353,0.7827065544884823,0,0.0010101239027543868,0.0034099004002662928
2863,0,0.11119962716275189,0.7629444031834752,0,0.07071794145777299,0.03735805330894741
2864,0,0.22517335865954433,0.7572772730466865,0,0.04611376406635008,0.021438243531513225
2865,0,0.0340313495334883,0.7560558709544586,0,0.0332933358381644,0.023083930978117916
2866,1,0.4290650152770955,0.7629444031834752,0,0.6150119948554406,0.4862924902723119
2867,0,0.4556159548022318,0.7629444031834752,0,0.06793418135393203,0.06875060508673769
2868,0,0.06368143571750884,0.7603181000695346,0,0.028609373997932286,0.04771380471318509
2869,0,0.0511116282262534,0.7398711123691042,0,0.016830727741642817,0.0014972392737667983
2870,1,0.2724236390889277,0.7560558709544586,0,0.6262863553106683,0.5445592635839901
2871,1,2.3430784129527993,0.7572772730466865,1,2.382751546476932,0.03967313352413255
2872,0,0.08920114203488055,0.7506183886708844,0,0.03359173462414019,0.006831392013676024
2873,0,0.13173303463721686,0.7479853136459391,0,0.05338565113701817,0.01386574074585311
2874,1,0.1106263148111849,0.7479853136459391,0,0.3561992046969161,0.32301131025356067
2875,1,2.511727792224305,0.7479853136459391,1,2.6625952266877513,0.1508674344634465
2876,0,0.36192278020992186,0.756266934151226,0,0.00448148989714281,0.10409534416583377
2877,0,0.09377704075444204,0.7479853136459391,0,0.0,0.02813311222633261
2878,0,0.15168649468042394,0.7391696697443195,0,0.03248425528196819,0.013021693122159173
2879,0,0.22336462461870746,0.7391696697443195,0,0.04746091949107667,0.01954846789453557
2880,0,0.026075466087808315,0.7218790121842482,0,0.006982323758070931,0.0008403160682715627
2881,0,0.1362228826822679,0.7077632593080221,0,0.12849625203742954,0.08762938723274916
2882,0,0.1438762795055033,0.7030083257720822,0,0.0913306481523315,0.04816776430068037
2883,1,2.898058836263413,0.7077632593080221,1,2.7798678563686074,0.11819097989480554
2884,0,0.05469423210511892,0.7030083257720822,0,0.07058044047344447,0.08698871010498022
2885,1,2.7087313117373886,0.7030083257720822,1,2.7371935112773054,0.02846219953991711
2886,1,2.371289993249573,0.7077632593080221,1,2.461544182936781,0.09025418968720804
2887,0,0.020302189511832942,0.7069504698701303,0,0.011786642314183006,0.01787729916773289
2888,1,0.4866493571035392,0.7133801394929118,0,0.41155254763510074,0.265557740504039
2889,1,0.6718791190562994,0.7329671599348706,0,0.784942673160546,0.5833789374436562
2890,1,0.774422690561952,0.7560558709544586,1,0.5906012035714063,0.18382148699054568
2891,0,0.21441668494143873,0.7534227959295133,0,0.02614110309257034,0.038183902389861246
2892,0,0.0881253747371018,0.746596877293967,0,0.048668607478296794,0.022230995057166247
2893,0,0.2218494200773674,0.7479853136459391,0,0.025586306379221435,0.09214113240243171
2894,0,0.02455784143322906,0.7222888830699297,0,0.0823765849804895,0.07500923255052078
2895,0,0.028523228268028257,0.7133801394929118,0,0.04636638010551634,0.03780941162510786
2896,0,0.15800960582269585,0.7133801394929118,0,0.05352782712060655,0.1009307088674154
2897,0,0.07227160095709773,0.7042465231731634,0,0.008239204624831964,0.013442275662297387
2898,0,0.20611778208523956,0.7009553982530523,0,0.025616202554141765,0.036219132071430016
2899,1,0.9894559271359301,0.7042465231731634,1,0.6501623191156476,0.3392936080202825
2900,1,0.5958105131570597,0.7133801394929118,0,0.5685800355104653,0.3898368815633475
2901,0,0.11073272611798421,0.7042465231731634,0,0.030418510228668462,0.0028013076067268036
2902,1,2.6799630134313888,0.7133801394929118,1,2.7222684470694585,0.04230543363806968
2903,0,0.06023854512220961,0.7042465231731634,0,0.05320267501664522,0.03513111147998238
2904,0,0.38334461425539,0.7133801394929118,0,0.03596624729670794,0.15096963157332488
2905,0,0.3126002061542976,0.7329612491034814,0,0.09059586708515877,0.18437592893144794
2906,0,0.37085983121174015,0.7506183886708844,0,0.022038542668079454,0.1332964920316015
2907,1,1.2978934915453684,0.756266934151226,1,1.082284025127306,0.21560946641806233
2908,1,2.480896938661143,0.756266934151226,1,2.811662484652085,0.33076554599094177
2909,0,0.041099312285176076,0.7506183886708844,0,0.03616765025655841,0.023837856571005588
2910,0,0.02166607286297624,0.7506183886708844,0,0.11621847266141959,0.10971865080252671
2911,0,0.14180001182775892,0.7506183886708844,0,0.09998120216799666,0.14252120571632443
2912,1,2.477608153644214,0.7506183886708844,1,2.69498730541521,0.21737915177099598
2913,0,0.13962147849374734,0.7329612491034814,0,0.0399247324170917,0.0019617111310325022
2914,0,0.08977719350708926,0.7142097063298751,0,0.02166572464104021,0.04859888269316699
2915,0,0.17407465702513325,0.7077632593080221,0,0.012069919617821556,0.06429231672536151
2916,0,0.007306747684059964,0.7077632593080221,0,0.06190648657430843,0.06409851087952642
2917,0,0.18250423676284555,0.7096726406803825,0,0.0,0.05475127102885367
2918,1,2.5446932505137725,0.7138823231053034,1,2.5180130819919753,0.026680168521797148
2919,0,0.11791996149367323,0.7138823231053034,0,0.051673274422091575,0.016297285973989828
2920,0,0.06542058075057877,0.7138823231053034,0,0.07964481152131986,0.0992709857464934
2921,1,2.5871796260705042,0.7238459477574699,1,2.613173919134498,0.025994293063993867
2922,0,0.12436729458264435,0.7181080968276073,0,0.05619267216354891,0.0935028605383422
2923,0,0.014697690209839805,0.7181080968276073,0,0.0394709309257778,0.035061623862825866
2924,1,0.6198016494709917,0.7224140646024553,0,0.5694871043851285,0.383546609543831
2925,0,0.1782032962704172,0.7181080968276073,0,0.003131816400006704,0.050329172481118345
2926,0,0.1913246723905886,0.7096726406803825,0,0.03225494667783513,0.08965234839501168
2927,0,0.22571422217619097,0.7153921427532944,0,0.05075934821617223,0.016954918436685174
2928,0,0.1079433865456294,0.7042578111285063,0,0.04385383606524451,0.07623685202893338
2929,0,0.18157851663343408,0.7042578111285063,0,0.022916175249688503,0.07738973023971873
2930,0,0.06590516773366947,0.7042578111285063,0,0.03200977080453284,0.012238220484432002
2931,0,0.21081979607383328,0.7005545068175377,0,0.027495546523966352,0.035750392298183664
2932,0,0.012029839929902404,0.6991630665936579,0,0.013306578949005344,0.016915530927976066
2933,0,0.2655103964489324,0.7005545068175377,0,0.010737049450719738,0.09039016838539946
2934,0,0.17575536160951621,0.6989613729381674,0,0.03236328039441316,0.08508988887726798
2935,0,0.40766929614512826,0.6989613729381674,0,0.0004594396695516423,0.12276022851309021
2936,0,0.23639932194042212,0.6994206141290699,0,0.10729592469402993,0.03637612811190327
2937,0,0.08498370992179369,0.6982998779927589,0,0.006083223670713227,0.019411889305824874
2938,0,0.01985509087849535,0.6896313809056518,0,0.007155104679652857,0.013111631943201418
2939,0,0.1700677486100235,0.6896313809056518,0,0.00998184373927935,0.061002168322286554
2940,1,2.329713616466083,0.6994206141290699,1,2.4628591291955257,0.13314551272944275
2941,0,0.011090947130561801,0.6989613729381674,0,0.07430001003703746,0.07097272589786918
2942,0,0.3062217355609692,0.7048833967732578,0,0.08875496800993576,0.0031115526583550546
2943,1,2.2894371886696656,0.7144189651348736,1,2.4627012522348752,0.17326406356520965
2944,0,0.16301794033567885,0.7144189651348736,0,0.042268909623683903,0.006636472477019595
2945,0,0.35213982006675837,0.7144189651348736,0,0.07071044128378123,0.03493150473624629
2946,0,0.3541589947769572,0.7254966395047918,0,0.01624666376255557,0.09000103467053155
2947,0,0.27260382279141376,0.7287530525471264,0,0.0006462663721963219,0.0811348804652278
2948,0,0.013126217867028282,0.7298737886834374,0,0.023846953419148314,0.0277848187792568
2949,0,0.3712940698733235,0.7298737886834374,0,0.04013729715770997,0.0712509238042871
2950,1,2.864112363524808,0.7298737886834374,1,2.856885100558537,0.007227262966270846
2951,0,0.10946653538348039,0.7254966395047918,0,0.10491054781814887,0.13775050843319298
2952,0,0.32149761178439934,0.7254966395047918,0,0.023382770863344393,0.07306651267197539
2953,0,0.08019165516947024,0.7198817477790616,0,0.06153879379381255,0.08559629034465366
2954,0,0.0007604302964095422,0.7198817477790616,0,0.07037039338079824,0.07014226429187538
2955,0,0.03559039487265374,0.7280390575569587,0,0.003556894337099846,0.007120224124696269
2956,0,0.2786404650362282,0.7254966395047918,0,0.006512300888925737,0.07707983862194256
2957,0,0.14078847115476334,0.7254966395047918,0,0.017080776036418,0.02515576531001118
2958,0,0.19596867317145852,0.7298737886834374,0,0.028287191762217147,0.0870777937136547
2959,0,0.05027988049844598,0.7316751322469042,0,0.026016166082577764,0.010932201933043974
2960,1,0.8317601648434476,0.7404103131569381,1,0.843809865401954,0.012049700558506404
2961,0,0.03404047602278775,0.7443238745652179,0,0.047504375728098326,0.037292232921262006
2962,0,0.18380956330618958,0.7404250314394702,0,0.050517414175341946,0.0046254548165147735
2963,0,0.07860944690467764,0.7404250314394702,0,0.024460362117839418,0.000877528046436149
2964,0,0.13074415310770782,0.7316751322469042,0,0.11761587480686053,0.07839262887454823
2965,0,0.0739049602215871,0.7316751322469042,0,0.05177578745478861,0.02960429938831255
2966,1,2.279596496164732,0.7370629801813715,1,2.616758533648864,0.337162037484132
2967,0,0.09631591169625553,0.732685831002726,0,0.007574523760109919,0.03646929726898662
2968,1,2.6591462360606903,0.7431731887189937,1,2.6690737235165582,0.009927487455868161
2969,1,2.3029953033689448,0.7431731887189937,1,2.4055412286555438,0.10254592528659937
2970,0,0.005668450091778743,0.7522657814248674,0,0.03289344332708133,0.031192908299547684
2971,0,0.09212277093007604,0.7522657814248674,0,0.04529985430492367,0.07293668558394684
2972,0,0.02780817066976643,0.7516191182469228,0,0.0027637487773210304,0.005578702423608903
2973,0,0.17423801664181093,0.7431836620996979,0,0.0356665594591854,0.08793796445172875
2974,0,0.04954368360909221,0.7348649761925051,0,0.028336747084117556,0.043199852166845215
2975,1,0.7833732053289506,0.7431731887189937,1,0.8545704390483477,0.07119723371939723
2976,0,0.013946736408699145,0.7348649761925051,0,0.037344653872874556,0.041528674795484166
2977,0,0.04180652251718264,0.7348649761925051,0,0.02568397605561401,0.013142019300459218
2978,0,0.0793916690381109,0.7348649761925051,0,0.018815942015403042,0.005001558696029917
2979,0,0.20052933994608818,0.7280390575569587,0,0.021971465025566073,0.08213026700939252
2980,0,0.13180990153639527,0.7128596607630742,0,0.03631612760418057,0.07585909806509916
2981,0,0.04543385752739477,0.7128596607630742,0,0.011986749754259389,0.0016434075039590407
2982,0,0.5054699121362654,0.7128596607630742,0,0.03418762199894676,0.11745335164193316
2983,0,0.029138099823059482,0.71328119055956,0,0.02011518937579604,0.011373759428878194
2984,0,0.004502398755588322,0.7160861129493791,0,0.017832727841761632,0.01918344746843813
2985,1,1.2386272822410223,0.7160861129493791,1,1.0664660654543336,0.1721612167866886
2986,0,0.2453200315927747,0.71328119055956,0,0.006117663773532955,0.06747834570429945
2987,0,0.06328447802421244,0.7021263819682932,0,0.028616952334492452,0.00963160892722872
2988,0,0.0014235350907338962,0.7049816529686717,0,0.02622965340795136,0.02665671393517144
2989,0,0.012342777204619182,0.7125106946092682,0,0.03294808965797347,0.029245256496587824
2990,1,2.342932090509319,0.7152457606571876,1,2.43856763045302,0.09563553994370118
2991,0,0.05618226846705687,0.7152457606571876,0,0.020978672452157454,0.03783335299227453
2992,0,0.21664324907889995,0.7160861129493791,0,0.0,0.06499297472366998
2993,0,0.03453100809174907,0.7191075139570913,0,0.0038818860341760485,0.006477416393348666
2994,0,0.09051217846606989,0.7191075139570913,0,0.0,0.027153653539820966
2995,0,0.02095092859689461,0.7217556993284285,0,0.009695106524036469,0.003409827944968087
2996,0,0.2303534963990561,0.7160861129493791,0,0.03509748939670865,0.034008559523008186
2997,1,2.8045660183124643,0.7160861129493791,1,2.7868365589933424,0.017729459319121836
2998,0,0.24181747583604074,0.7182852313815752,0,0.004332986620057433,0.06821225613075477
2999,0,0.07251215615039852,0.7182852313815752,0,0.023025529746974582,0.0012718829018550926
