seed,noise,case_id,text,true_label,top1_label,top1_correct,topk_covered,adaptive_choice,adaptive_correct,shuffled_choice,shuffled_correct,rescued_from_top1_error,shift_target,post_shift_adaptive_choice,post_shift_frozen_choice,post_shift_adaptive_correct,post_shift_frozen_correct,switch_episode,trust_snapshot,labels,probs
0,0.0,s0_case0,before <e1> comes <e2> directly,precedes:rev,precedes:fwd,0,1,precedes:rev,1,precedes:rev,1,1,precedes:fwd,precedes:fwd,precedes:rev,1.0,0.0,1.0,"{""precedes:fwd"": 0.04621002813514998, ""precedes:rev"": 0.9537899718648504, ""supports:fwd"": 0.04621002813514998, ""contains:rev"": 0.04621002813514998, ""contains:fwd"": 0.04621002813514998}","[""precedes:fwd"", ""precedes:rev"", ""supports:fwd"", ""contains:rev"", ""contains:fwd""]","[0.9670285582542419, 0.013684932142496109, 0.006531639490276575, 0.005310775246471167, 0.003893456421792507]"
0,0.0,s0_case1,support for <e1> comes from <e2> directly,supports:rev,precedes:fwd,0,1,supports:rev,1,precedes:fwd,0,1,precedes:fwd,precedes:fwd,supports:rev,1.0,0.0,1.0,"{""precedes:fwd"": 0.04621002813514998, ""maps:fwd"": 0.04621002813514998, ""supports:rev"": 0.9537899718648504, ""contains:rev"": 0.04621002813514998, ""contains:fwd"": 0.04621002813514998}","[""precedes:fwd"", ""maps:fwd"", ""supports:rev"", ""contains:rev"", ""contains:fwd""]","[0.8783217668533325, 0.039653580635786057, 0.03419126570224762, 0.02474154718220234, 0.012706856243312359]"
0,0.0,s0_case2,<e2> is held up by <e1> for this case,supports:fwd,supports:fwd,1,1,supports:fwd,1,supports:rev,0,0,contains:fwd,contains:fwd,supports:fwd,1.0,0.0,6.0,"{""supports:fwd"": 0.9537899718648504, ""contains:fwd"": 0.04621002813514998, ""maps:fwd"": 0.04621002813514998, ""supports:rev"": 0.04621002813514998, ""precedes:fwd"": 0.04621002813514998}","[""supports:fwd"", ""contains:fwd"", ""maps:fwd"", ""supports:rev"", ""precedes:fwd""]","[0.7126652002334595, 0.14712956547737122, 0.1146116703748703, 0.010787391103804111, 0.007070355117321014]"
0,0.0,s0_case3,support for <e2> comes from <e1> for this case,supports:fwd,supports:fwd,1,1,supports:fwd,1,maps:rev,0,0,contains:fwd,contains:fwd,supports:fwd,1.0,0.0,5.0,"{""supports:fwd"": 0.9537899718648504, ""contains:fwd"": 0.04621002813514998, ""maps:fwd"": 0.04621002813514998, ""maps:rev"": 0.04621002813514998, ""precedes:fwd"": 0.04621002813514998}","[""supports:fwd"", ""contains:fwd"", ""maps:fwd"", ""maps:rev"", ""precedes:fwd""]","[0.475405216217041, 0.1677665114402771, 0.1258815973997116, 0.11198528110980988, 0.09756863117218018]"
0,0.0,s0_case4,from <e2> <e1> is mapped for this case,maps:rev,maps:rev,1,1,maps:rev,1,maps:fwd,0,0,maps:fwd,maps:rev,maps:rev,0.0,0.0,13.0,"{""maps:rev"": 0.9537899718648504, ""maps:fwd"": 0.04621002813514998, ""supports:fwd"": 0.04621002813514998, ""precedes:rev"": 0.04621002813514998, ""supports:rev"": 0.04621002813514998}","[""maps:rev"", ""maps:fwd"", ""supports:fwd"", ""precedes:rev"", ""supports:rev""]","[0.9858080148696899, 0.0071639143861830235, 0.003162635723128915, 0.0018230074783787131, 0.0008148050401359797]"
0,0.0,s0_case5,usually <e1> has <e2> inside,contains:fwd,contains:fwd,1,1,contains:fwd,1,contains:rev,0,0,supports:fwd,supports:fwd,contains:fwd,1.0,0.0,6.0,"{""contains:fwd"": 0.9537899718648504, ""supports:fwd"": 0.04621002813514998, ""contains:rev"": 0.04621002813514998, ""maps:fwd"": 0.04621002813514998, ""maps:rev"": 0.04621002813514998}","[""contains:fwd"", ""supports:fwd"", ""contains:rev"", ""maps:fwd"", ""maps:rev""]","[0.8186179399490356, 0.14437313377857208, 0.02966986410319805, 0.0028412225656211376, 0.0019299843115732074]"
0,0.0,s0_case6,backing <e2> is <e1> usually,supports:fwd,supports:fwd,1,1,supports:fwd,1,maps:rev,0,0,precedes:rev,precedes:rev,supports:fwd,1.0,0.0,7.0,"{""supports:fwd"": 0.9537899718648504, ""precedes:rev"": 0.04621002813514998, ""contains:rev"": 0.04621002813514998, ""maps:rev"": 0.04621002813514998, ""contains:fwd"": 0.04621002813514998}","[""supports:fwd"", ""precedes:rev"", ""contains:rev"", ""maps:rev"", ""contains:fwd""]","[0.7504311203956604, 0.07988300919532776, 0.06716103106737137, 0.04817808046936989, 0.03487090766429901]"
0,0.0,s0_case7,<e2> is held up by <e1> for this case,supports:fwd,supports:fwd,1,1,supports:fwd,1,contains:fwd,0,0,contains:fwd,contains:fwd,supports:fwd,1.0,0.0,6.0,"{""supports:fwd"": 0.9537899718648504, ""contains:fwd"": 0.04621002813514998, ""maps:fwd"": 0.04621002813514998, ""supports:rev"": 0.04621002813514998, ""precedes:fwd"": 0.04621002813514998}","[""supports:fwd"", ""contains:fwd"", ""maps:fwd"", ""supports:rev"", ""precedes:fwd""]","[0.7126652002334595, 0.14712956547737122, 0.1146116703748703, 0.010787391103804111, 0.007070355117321014]"
0,0.0,s0_case8,<e2> trails <e1>,precedes:fwd,supports:rev,0,0,supports:rev,0,supports:rev,0,0,,,,,,,,,
0,0.0,s0_case9,<e2> is held up by <e1> in context,supports:fwd,supports:fwd,1,1,supports:fwd,1,supports:fwd,1,0,contains:fwd,contains:fwd,supports:fwd,1.0,0.0,6.0,"{""supports:fwd"": 0.9537899718648504, ""contains:fwd"": 0.04621002813514998, ""maps:fwd"": 0.04621002813514998, ""maps:rev"": 0.04621002813514998, ""precedes:fwd"": 0.04621002813514998}","[""supports:fwd"", ""contains:fwd"", ""maps:fwd"", ""maps:rev"", ""precedes:fwd""]","[0.8267437815666199, 0.14693771302700043, 0.015758251771330833, 0.0029885689727962017, 0.0024330108426511288]"
0,0.0,s0_case10,within <e1> sits <e2>,contains:fwd,contains:fwd,1,1,contains:fwd,1,precedes:rev,0,0,supports:fwd,supports:fwd,contains:fwd,1.0,0.0,6.0,"{""contains:fwd"": 0.9537899718648504, ""supports:fwd"": 0.04621002813514998, ""maps:rev"": 0.04621002813514998, ""precedes:rev"": 0.04621002813514998, ""maps:fwd"": 0.04621002813514998}","[""contains:fwd"", ""supports:fwd"", ""maps:rev"", ""precedes:rev"", ""maps:fwd""]","[0.7340478897094727, 0.14045026898384094, 0.09375354647636414, 0.016989227384328842, 0.010949235409498215]"
0,0.0,s0_case11,the target of <e2> is <e1>,maps:rev,maps:fwd,0,1,maps:rev,1,supports:fwd,0,1,maps:fwd,maps:fwd,maps:rev,1.0,0.0,3.0,"{""maps:fwd"": 0.04621002813514998, ""maps:rev"": 0.9537899718648504, ""supports:fwd"": 0.04621002813514998, ""supports:rev"": 0.04621002813514998, ""precedes:rev"": 0.04621002813514998}","[""maps:fwd"", ""maps:rev"", ""supports:fwd"", ""supports:rev"", ""precedes:rev""]","[0.5385628342628479, 0.3803333640098572, 0.055849455296993256, 0.01088450662791729, 0.008952217176556587]"
0,0.0,s0_case12,from <e2> <e1> is mapped in context,maps:rev,maps:rev,1,1,maps:rev,1,supports:fwd,0,0,maps:fwd,maps:rev,maps:rev,0.0,0.0,13.0,"{""maps:rev"": 0.9537899718648504, ""maps:fwd"": 0.04621002813514998, ""supports:fwd"": 0.04621002813514998, ""precedes:rev"": 0.04621002813514998, ""contains:fwd"": 0.04621002813514998}","[""maps:rev"", ""maps:fwd"", ""supports:fwd"", ""precedes:rev"", ""contains:fwd""]","[0.9842140674591064, 0.008727301843464375, 0.0033519279677420855, 0.001651821075938642, 0.0007787462673150003]"
0,0.0,s0_case13,in context <e1> is ahead of <e2>,precedes:fwd,maps:rev,0,0,maps:rev,0,maps:rev,0,0,,,,,,,,,
0,0.0,s0_case14,usually <e1> is ahead of <e2>,precedes:fwd,supports:rev,0,0,supports:rev,0,supports:rev,0,0,,,,,,,,,
0,0.0,s0_case15,inside <e2> is <e1>,contains:rev,contains:rev,1,1,contains:rev,1,maps:rev,0,0,supports:rev,supports:rev,contains:rev,1.0,0.0,9.0,"{""contains:rev"": 0.9537899718648504, ""supports:rev"": 0.04621002813514998, ""supports:fwd"": 0.04621002813514998, ""maps:rev"": 0.04621002813514998, ""contains:fwd"": 0.04621002813514998}","[""contains:rev"", ""supports:rev"", ""supports:fwd"", ""maps:rev"", ""contains:fwd""]","[0.9087101817131042, 0.036828164011240005, 0.020997507497668266, 0.013087035156786442, 0.009873851202428341]"
0,0.0,s0_case16,backing <e2> is <e1> for this case,supports:fwd,contains:rev,0,1,supports:fwd,1,contains:fwd,0,1,contains:rev,contains:rev,supports:fwd,1.0,0.0,2.0,"{""contains:rev"": 0.04621002813514998, ""supports:fwd"": 0.9537899718648504, ""maps:rev"": 0.04621002813514998, ""precedes:rev"": 0.04621002813514998, ""contains:fwd"": 0.04621002813514998}","[""contains:rev"", ""supports:fwd"", ""maps:rev"", ""precedes:rev"", ""contains:fwd""]","[0.7758662104606628, 0.07286559045314789, 0.062754325568676, 0.03287710249423981, 0.029156729578971863]"
0,0.0,s0_case17,within <e1> sits <e2> directly,contains:fwd,contains:fwd,1,1,contains:fwd,1,supports:fwd,0,0,supports:fwd,supports:fwd,contains:fwd,1.0,0.0,5.0,"{""contains:fwd"": 0.9537899718648504, ""supports:fwd"": 0.04621002813514998, ""maps:rev"": 0.04621002813514998, ""precedes:rev"": 0.04621002813514998, ""maps:fwd"": 0.04621002813514998}","[""contains:fwd"", ""supports:fwd"", ""maps:rev"", ""precedes:rev"", ""maps:fwd""]","[0.6399730443954468, 0.31191885471343994, 0.028492838144302368, 0.011066138744354248, 0.005162508226931095]"
0,0.0,s0_case18,in context <e1> is ahead of <e2>,precedes:fwd,maps:rev,0,0,maps:rev,0,maps:rev,0,0,,,,,,,,,
0,0.0,s0_case19,usually <e1> trails <e2>,precedes:rev,supports:fwd,0,1,precedes:rev,1,precedes:rev,1,1,supports:fwd,supports:fwd,precedes:rev,1.0,0.0,2.0,"{""supports:fwd"": 0.04621002813514998, ""contains:fwd"": 0.04621002813514998, ""precedes:rev"": 0.9537899718648504, ""maps:rev"": 0.04621002813514998, ""supports:rev"": 0.04621002813514998}","[""supports:fwd"", ""contains:fwd"", ""precedes:rev"", ""maps:rev"", ""supports:rev""]","[0.5305022597312927, 0.23856312036514282, 0.16083987057209015, 0.05522169545292854, 0.006517719943076372]"
0,0.0,s0_case20,<e2> is held up by <e1>,supports:fwd,supports:fwd,1,1,supports:fwd,1,maps:fwd,0,0,contains:fwd,contains:fwd,supports:fwd,1.0,0.0,8.0,"{""supports:fwd"": 0.9537899718648504, ""contains:fwd"": 0.04621002813514998, ""maps:fwd"": 0.04621002813514998, ""maps:rev"": 0.04621002813514998, ""precedes:rev"": 0.04621002813514998}","[""supports:fwd"", ""contains:fwd"", ""maps:fwd"", ""maps:rev"", ""precedes:rev""]","[0.9004346132278442, 0.08343246579170227, 0.007386298384517431, 0.00299586053006351, 0.0018108750227838755]"
0,0.0,s0_case21,to <e2> <e1> points in context,maps:fwd,maps:rev,0,1,maps:fwd,1,supports:fwd,0,1,maps:rev,maps:rev,maps:fwd,1.0,0.0,1.0,"{""maps:rev"": 0.04621002813514998, ""maps:fwd"": 0.9537899718648504, ""supports:fwd"": 0.04621002813514998, ""contains:fwd"": 0.04621002813514998, ""supports:rev"": 0.04621002813514998}","[""maps:rev"", ""maps:fwd"", ""supports:fwd"", ""contains:fwd"", ""supports:rev""]","[0.9653952717781067, 0.014706725254654884, 0.008562786504626274, 0.004240050911903381, 0.003594954963773489]"
0,0.0,s0_case22,within <e1> sits <e2>,contains:fwd,contains:fwd,1,1,contains:fwd,1,contains:fwd,1,0,supports:fwd,supports:fwd,contains:fwd,1.0,0.0,6.0,"{""contains:fwd"": 0.9537899718648504, ""supports:fwd"": 0.04621002813514998, ""maps:rev"": 0.04621002813514998, ""precedes:rev"": 0.04621002813514998, ""maps:fwd"": 0.04621002813514998}","[""contains:fwd"", ""supports:fwd"", ""maps:rev"", ""precedes:rev"", ""maps:fwd""]","[0.7340478897094727, 0.14045026898384094, 0.09375354647636414, 0.016989227384328842, 0.010949235409498215]"
0,0.0,s0_case23,to <e1> <e2> points,maps:rev,maps:fwd,0,1,maps:rev,1,maps:fwd,0,1,maps:fwd,maps:fwd,maps:rev,1.0,0.0,1.0,"{""maps:fwd"": 0.04621002813514998, ""contains:fwd"": 0.04621002813514998, ""supports:fwd"": 0.04621002813514998, ""maps:rev"": 0.9537899718648504, ""precedes:fwd"": 0.04621002813514998}","[""maps:fwd"", ""contains:fwd"", ""supports:fwd"", ""maps:rev"", ""precedes:fwd""]","[0.6953626275062561, 0.20401306450366974, 0.046856608241796494, 0.04075680673122406, 0.0064432937651872635]"
0,0.0,s0_case24,the target of <e1> is <e2> directly,maps:fwd,maps:rev,0,1,maps:fwd,1,maps:fwd,1,1,maps:rev,maps:rev,maps:fwd,1.0,0.0,1.0,"{""maps:rev"": 0.04621002813514998, ""precedes:rev"": 0.04621002813514998, ""supports:fwd"": 0.04621002813514998, ""maps:fwd"": 0.9537899718648504, ""supports:rev"": 0.04621002813514998}","[""maps:rev"", ""precedes:rev"", ""supports:fwd"", ""maps:fwd"", ""supports:rev""]","[0.9356886744499207, 0.04683053120970726, 0.01132284291088581, 0.002454482251778245, 0.0016294632805511355]"
0,0.0,s0_case25,<e2> trails <e1> in context,precedes:fwd,precedes:rev,0,0,precedes:rev,0,precedes:rev,0,0,,,,,,,,,
0,0.0,s0_case26,<e1> trails <e2>,precedes:rev,contains:fwd,0,1,precedes:rev,1,contains:fwd,0,1,contains:fwd,contains:fwd,precedes:rev,1.0,0.0,1.0,"{""contains:fwd"": 0.04621002813514998, ""precedes:fwd"": 0.04621002813514998, ""supports:fwd"": 0.04621002813514998, ""maps:rev"": 0.04621002813514998, ""precedes:rev"": 0.9537899718648504}","[""contains:fwd"", ""precedes:fwd"", ""supports:fwd"", ""maps:rev"", ""precedes:rev""]","[0.7794952988624573, 0.07987011224031448, 0.05390939489006996, 0.02915319986641407, 0.028168005868792534]"
0,0.0,s0_case27,<e2> trails <e1>,precedes:fwd,supports:rev,0,0,supports:rev,0,supports:rev,0,0,,,,,,,,,
0,0.0,s0_case28,usually <e1> trails <e2>,precedes:rev,supports:fwd,0,1,precedes:rev,1,supports:fwd,0,1,supports:fwd,supports:fwd,precedes:rev,1.0,0.0,2.0,"{""supports:fwd"": 0.04621002813514998, ""contains:fwd"": 0.04621002813514998, ""precedes:rev"": 0.9537899718648504, ""maps:rev"": 0.04621002813514998, ""supports:rev"": 0.04621002813514998}","[""supports:fwd"", ""contains:fwd"", ""precedes:rev"", ""maps:rev"", ""supports:rev""]","[0.5305022597312927, 0.23856312036514282, 0.16083987057209015, 0.05522169545292854, 0.006517719943076372]"
0,0.0,s0_case29,<e2> is held up by <e1> for this case,supports:fwd,supports:fwd,1,1,supports:fwd,1,supports:rev,0,0,contains:fwd,contains:fwd,supports:fwd,1.0,0.0,6.0,"{""supports:fwd"": 0.9537899718648504, ""contains:fwd"": 0.04621002813514998, ""maps:fwd"": 0.04621002813514998, ""supports:rev"": 0.04621002813514998, ""precedes:fwd"": 0.04621002813514998}","[""supports:fwd"", ""contains:fwd"", ""maps:fwd"", ""supports:rev"", ""precedes:fwd""]","[0.7126652002334595, 0.14712956547737122, 0.1146116703748703, 0.010787391103804111, 0.007070355117321014]"
0,0.0,s0_case30,within <e1> sits <e2>,contains:fwd,contains:fwd,1,1,contains:fwd,1,maps:fwd,0,0,supports:fwd,supports:fwd,contains:fwd,1.0,0.0,6.0,"{""contains:fwd"": 0.9537899718648504, ""supports:fwd"": 0.04621002813514998, ""maps:rev"": 0.04621002813514998, ""precedes:rev"": 0.04621002813514998, ""maps:fwd"": 0.04621002813514998}","[""contains:fwd"", ""supports:fwd"", ""maps:rev"", ""precedes:rev"", ""maps:fwd""]","[0.7340478897094727, 0.14045026898384094, 0.09375354647636414, 0.016989227384328842, 0.010949235409498215]"
0,0.0,s0_case31,<e1> is held up by <e2>,supports:rev,supports:fwd,0,0,supports:fwd,0,supports:fwd,0,0,,,,,,,,,
0,0.0,s0_case32,the target of <e2> is <e1> for this case,maps:rev,maps:rev,1,1,maps:rev,1,supports:rev,0,0,maps:fwd,maps:fwd,maps:rev,1.0,0.0,9.0,"{""maps:rev"": 0.9537899718648504, ""maps:fwd"": 0.04621002813514998, ""supports:fwd"": 0.04621002813514998, ""precedes:rev"": 0.04621002813514998, ""supports:rev"": 0.04621002813514998}","[""maps:rev"", ""maps:fwd"", ""supports:fwd"", ""precedes:rev"", ""supports:rev""]","[0.9298487305641174, 0.049662329256534576, 0.012219413183629513, 0.003483033971861005, 0.002846780698746443]"
0,0.0,s0_case33,within <e1> sits <e2> for this case,contains:fwd,contains:fwd,1,1,contains:fwd,1,contains:fwd,1,0,supports:fwd,supports:fwd,contains:fwd,1.0,0.0,6.0,"{""contains:fwd"": 0.9537899718648504, ""supports:fwd"": 0.04621002813514998, ""maps:rev"": 0.04621002813514998, ""precedes:rev"": 0.04621002813514998, ""maps:fwd"": 0.04621002813514998}","[""contains:fwd"", ""supports:fwd"", ""maps:rev"", ""precedes:rev"", ""maps:fwd""]","[0.6544574499130249, 0.1848612278699875, 0.10178404301404953, 0.04843480512499809, 0.00586733827367425]"
0,0.0,s0_case34,<e1> is ahead of <e2>,precedes:fwd,supports:fwd,0,1,precedes:fwd,1,maps:fwd,0,1,supports:fwd,supports:fwd,precedes:fwd,1.0,0.0,2.0,"{""supports:fwd"": 0.04621002813514998, ""contains:fwd"": 0.04621002813514998, ""maps:rev"": 0.04621002813514998, ""precedes:fwd"": 0.9537899718648504, ""maps:fwd"": 0.04621002813514998}","[""supports:fwd"", ""contains:fwd"", ""maps:rev"", ""precedes:fwd"", ""maps:fwd""]","[0.391061931848526, 0.23774951696395874, 0.20515406131744385, 0.07901587337255478, 0.05865572765469551]"
0,0.0,s0_case35,the target of <e2> is <e1> usually,maps:rev,maps:rev,1,1,maps:rev,1,precedes:rev,0,0,supports:fwd,supports:fwd,maps:rev,1.0,0.0,8.0,"{""maps:rev"": 0.9537899718648504, ""supports:fwd"": 0.04621002813514998, ""maps:fwd"": 0.04621002813514998, ""precedes:rev"": 0.04621002813514998, ""supports:rev"": 0.04621002813514998}","[""maps:rev"", ""supports:fwd"", ""maps:fwd"", ""precedes:rev"", ""supports:rev""]","[0.8481475710868835, 0.0676301121711731, 0.06749654561281204, 0.010279237292706966, 0.0033278518822044134]"
0,0.0,s0_case36,within <e1> sits <e2> directly,contains:fwd,contains:fwd,1,1,contains:fwd,1,contains:fwd,1,0,supports:fwd,supports:fwd,contains:fwd,1.0,0.0,5.0,"{""contains:fwd"": 0.9537899718648504, ""supports:fwd"": 0.04621002813514998, ""maps:rev"": 0.04621002813514998, ""precedes:rev"": 0.04621002813514998, ""maps:fwd"": 0.04621002813514998}","[""contains:fwd"", ""supports:fwd"", ""maps:rev"", ""precedes:rev"", ""maps:fwd""]","[0.6399730443954468, 0.31191885471343994, 0.028492838144302368, 0.011066138744354248, 0.005162508226931095]"
0,0.0,s0_case37,from <e1> <e2> is mapped,maps:fwd,maps:rev,0,1,maps:fwd,1,maps:fwd,1,1,maps:rev,maps:rev,maps:fwd,1.0,0.0,1.0,"{""maps:rev"": 0.04621002813514998, ""maps:fwd"": 0.9537899718648504, ""supports:fwd"": 0.04621002813514998, ""precedes:rev"": 0.04621002813514998, ""contains:fwd"": 0.04621002813514998}","[""maps:rev"", ""maps:fwd"", ""supports:fwd"", ""precedes:rev"", ""contains:fwd""]","[0.9833364486694336, 0.006479201372712851, 0.005623515695333481, 0.001967052696272731, 0.0012909130891785026]"
0,0.0,s0_case38,in context <e1> has <e2> inside,contains:fwd,contains:rev,0,1,contains:fwd,1,supports:fwd,0,1,contains:rev,contains:rev,contains:fwd,1.0,0.0,1.0,"{""contains:rev"": 0.04621002813514998, ""contains:fwd"": 0.9537899718648504, ""supports:fwd"": 0.04621002813514998, ""maps:fwd"": 0.04621002813514998, ""precedes:rev"": 0.04621002813514998}","[""contains:rev"", ""contains:fwd"", ""supports:fwd"", ""maps:fwd"", ""precedes:rev""]","[0.9168787598609924, 0.06647235155105591, 0.009612559340894222, 0.0026972228661179543, 0.001818494638428092]"
0,0.0,s0_case39,before <e1> comes <e2> usually,precedes:rev,precedes:fwd,0,1,precedes:rev,1,contains:fwd,0,1,precedes:fwd,precedes:fwd,precedes:rev,1.0,0.0,3.0,"{""precedes:fwd"": 0.04621002813514998, ""precedes:rev"": 0.9537899718648504, ""supports:fwd"": 0.04621002813514998, ""contains:fwd"": 0.04621002813514998, ""contains:rev"": 0.04621002813514998}","[""precedes:fwd"", ""precedes:rev"", ""supports:fwd"", ""contains:fwd"", ""contains:rev""]","[0.7080203890800476, 0.250213086605072, 0.025206757709383965, 0.00757799856364727, 0.00391674367710948]"
0,0.0,s0_case40,inside <e2> is <e1> usually,contains:rev,supports:fwd,0,1,contains:rev,1,contains:fwd,0,1,supports:fwd,supports:fwd,contains:rev,1.0,0.0,2.0,"{""supports:fwd"": 0.04621002813514998, ""contains:rev"": 0.9537899718648504, ""precedes:rev"": 0.04621002813514998, ""maps:rev"": 0.04621002813514998, ""contains:fwd"": 0.04621002813514998}","[""supports:fwd"", ""contains:rev"", ""precedes:rev"", ""maps:rev"", ""contains:fwd""]","[0.8114697933197021, 0.06945540010929108, 0.03990286588668823, 0.03359657898545265, 0.026244254782795906]"
0,0.0,s0_case41,directly <e1> trails <e2>,precedes:rev,contains:fwd,0,1,precedes:rev,1,contains:fwd,0,1,contains:fwd,contains:fwd,precedes:rev,1.0,0.0,2.0,"{""contains:fwd"": 0.04621002813514998, ""supports:fwd"": 0.04621002813514998, ""precedes:rev"": 0.9537899718648504, ""maps:rev"": 0.04621002813514998, ""maps:fwd"": 0.04621002813514998}","[""contains:fwd"", ""supports:fwd"", ""precedes:rev"", ""maps:rev"", ""maps:fwd""]","[0.5715993642807007, 0.33447933197021484, 0.04445432871580124, 0.03286139667034149, 0.009925620630383492]"
0,0.0,s0_case42,within <e2> sits <e1> in context,contains:rev,maps:rev,0,0,maps:rev,0,maps:rev,0,0,,,,,,,,,
0,0.0,s0_case43,support for <e2> comes from <e1> for this case,supports:fwd,supports:fwd,1,1,supports:fwd,1,maps:fwd,0,0,contains:fwd,contains:fwd,supports:fwd,1.0,0.0,5.0,"{""supports:fwd"": 0.9537899718648504, ""contains:fwd"": 0.04621002813514998, ""maps:fwd"": 0.04621002813514998, ""maps:rev"": 0.04621002813514998, ""precedes:fwd"": 0.04621002813514998}","[""supports:fwd"", ""contains:fwd"", ""maps:fwd"", ""maps:rev"", ""precedes:fwd""]","[0.475405216217041, 0.1677665114402771, 0.1258815973997116, 0.11198528110980988, 0.09756863117218018]"
0,0.0,s0_case44,within <e2> sits <e1> usually,contains:rev,contains:fwd,0,0,contains:fwd,0,contains:fwd,0,0,,,,,,,,,
0,0.0,s0_case45,<e1> is held up by <e2>,supports:rev,supports:fwd,0,0,supports:fwd,0,supports:fwd,0,0,,,,,,,,,
0,0.0,s0_case46,to <e1> <e2> points,maps:rev,maps:fwd,0,1,maps:rev,1,maps:rev,1,1,maps:fwd,maps:fwd,maps:rev,1.0,0.0,1.0,"{""maps:fwd"": 0.04621002813514998, ""contains:fwd"": 0.04621002813514998, ""supports:fwd"": 0.04621002813514998, ""maps:rev"": 0.9537899718648504, ""precedes:fwd"": 0.04621002813514998}","[""maps:fwd"", ""contains:fwd"", ""supports:fwd"", ""maps:rev"", ""precedes:fwd""]","[0.6953626275062561, 0.20401306450366974, 0.046856608241796494, 0.04075680673122406, 0.0064432937651872635]"
0,0.0,s0_case47,<e2> is ahead of <e1> for this case,precedes:rev,supports:rev,0,1,precedes:rev,1,maps:rev,0,1,supports:rev,supports:rev,precedes:rev,1.0,0.0,1.0,"{""supports:rev"": 0.04621002813514998, ""supports:fwd"": 0.04621002813514998, ""precedes:rev"": 0.9537899718648504, ""contains:rev"": 0.04621002813514998, ""maps:rev"": 0.04621002813514998}","[""supports:rev"", ""supports:fwd"", ""precedes:rev"", ""contains:rev"", ""maps:rev""]","[0.7836419343948364, 0.10604396462440491, 0.04553287476301193, 0.027499211952090263, 0.026597775518894196]"
0,0.0,s0_case48,usually <e1> trails <e2>,precedes:rev,supports:fwd,0,1,precedes:rev,1,supports:rev,0,1,supports:fwd,supports:fwd,precedes:rev,1.0,0.0,2.0,"{""supports:fwd"": 0.04621002813514998, ""contains:fwd"": 0.04621002813514998, ""precedes:rev"": 0.9537899718648504, ""maps:rev"": 0.04621002813514998, ""supports:rev"": 0.04621002813514998}","[""supports:fwd"", ""contains:fwd"", ""precedes:rev"", ""maps:rev"", ""supports:rev""]","[0.5305022597312927, 0.23856312036514282, 0.16083987057209015, 0.05522169545292854, 0.006517719943076372]"
0,0.0,s0_case49,for this case <e1> is held up by <e2>,supports:rev,maps:fwd,0,1,supports:rev,1,supports:fwd,0,1,maps:fwd,maps:fwd,supports:rev,1.0,0.0,1.0,"{""maps:fwd"": 0.04621002813514998, ""supports:rev"": 0.9537899718648504, ""precedes:fwd"": 0.04621002813514998, ""supports:fwd"": 0.04621002813514998, ""contains:rev"": 0.04621002813514998}","[""maps:fwd"", ""supports:rev"", ""precedes:fwd"", ""supports:fwd"", ""contains:rev""]","[0.8812834024429321, 0.04341171681880951, 0.03895450383424759, 0.015101170167326927, 0.008191250264644623]"
0,0.0,s0_case50,before <e1> comes <e2>,precedes:rev,precedes:fwd,0,1,precedes:rev,1,precedes:fwd,0,1,precedes:fwd,precedes:fwd,precedes:rev,1.0,0.0,1.0,"{""precedes:fwd"": 0.04621002813514998, ""precedes:rev"": 0.9537899718648504, ""maps:fwd"": 0.04621002813514998, ""maps:rev"": 0.04621002813514998, ""supports:fwd"": 0.04621002813514998}","[""precedes:fwd"", ""precedes:rev"", ""maps:fwd"", ""maps:rev"", ""supports:fwd""]","[0.9701848030090332, 0.021566463634371758, 0.0017458038637414575, 0.0017331845592707396, 0.0016041295602917671]"
0,0.0,s0_case51,within <e2> sits <e1> in context,contains:rev,maps:rev,0,0,maps:rev,0,maps:rev,0,0,,,,,,,,,
0,0.0,s0_case52,the target of <e2> is <e1> directly,maps:rev,maps:fwd,0,1,maps:rev,1,precedes:rev,0,1,maps:fwd,maps:fwd,maps:rev,1.0,0.0,3.0,"{""maps:fwd"": 0.04621002813514998, ""maps:rev"": 0.9537899718648504, ""supports:fwd"": 0.04621002813514998, ""supports:rev"": 0.04621002813514998, ""precedes:rev"": 0.04621002813514998}","[""maps:fwd"", ""maps:rev"", ""supports:fwd"", ""supports:rev"", ""precedes:rev""]","[0.6917348504066467, 0.24150902032852173, 0.042564403265714645, 0.00973513163626194, 0.008514286950230598]"
0,0.0,s0_case53,the target of <e1> is <e2> for this case,maps:fwd,maps:rev,0,1,maps:fwd,1,maps:fwd,1,1,maps:rev,maps:rev,maps:fwd,1.0,0.0,1.0,"{""maps:rev"": 0.04621002813514998, ""precedes:rev"": 0.04621002813514998, ""maps:fwd"": 0.9537899718648504, ""supports:fwd"": 0.04621002813514998, ""supports:rev"": 0.04621002813514998}","[""maps:rev"", ""precedes:rev"", ""maps:fwd"", ""supports:fwd"", ""supports:rev""]","[0.9715335965156555, 0.016835154965519905, 0.004789575003087521, 0.004173215012997389, 0.0014811799628660083]"
0,0.0,s0_case54,from <e1> <e2> is mapped,maps:fwd,maps:rev,0,1,maps:fwd,1,supports:fwd,0,1,maps:rev,maps:rev,maps:fwd,1.0,0.0,1.0,"{""maps:rev"": 0.04621002813514998, ""maps:fwd"": 0.9537899718648504, ""supports:fwd"": 0.04621002813514998, ""precedes:rev"": 0.04621002813514998, ""contains:fwd"": 0.04621002813514998}","[""maps:rev"", ""maps:fwd"", ""supports:fwd"", ""precedes:rev"", ""contains:fwd""]","[0.9833364486694336, 0.006479201372712851, 0.005623515695333481, 0.001967052696272731, 0.0012909130891785026]"
0,0.0,s0_case55,in context <e1> is ahead of <e2>,precedes:fwd,maps:rev,0,0,maps:rev,0,maps:rev,0,0,,,,,,,,,
0,0.0,s0_case56,usually <e1> is held up by <e2>,supports:rev,contains:rev,0,1,supports:rev,1,contains:rev,0,1,contains:rev,contains:rev,supports:rev,1.0,0.0,1.0,"{""contains:rev"": 0.04621002813514998, ""supports:rev"": 0.9537899718648504, ""maps:rev"": 0.04621002813514998, ""maps:fwd"": 0.04621002813514998, ""precedes:rev"": 0.04621002813514998}","[""contains:rev"", ""supports:rev"", ""maps:rev"", ""maps:fwd"", ""precedes:rev""]","[0.9866442084312439, 0.004449333995580673, 0.0024505038745701313, 0.0019018453313037753, 0.001602100906893611]"
0,0.0,s0_case57,backing <e1> is <e2> usually,supports:rev,contains:rev,0,1,contains:rev,0,contains:rev,0,0,contains:rev,contains:rev,contains:rev,1.0,1.0,1.0,"{""contains:rev"": 0.04621002813514998, ""contains:fwd"": 0.04621002813514998, ""precedes:fwd"": 0.04621002813514998, ""supports:fwd"": 0.04621002813514998, ""supports:rev"": 0.9537899718648504}","[""contains:rev"", ""contains:fwd"", ""precedes:fwd"", ""supports:fwd"", ""supports:rev""]","[0.9885990619659424, 0.003693499369546771, 0.0034162721130996943, 0.0012142083141952753, 0.001200215076096356]"
0,0.0,s0_case58,within <e1> sits <e2>,contains:fwd,contains:fwd,1,1,contains:fwd,1,contains:fwd,1,0,supports:fwd,supports:fwd,contains:fwd,1.0,0.0,6.0,"{""contains:fwd"": 0.9537899718648504, ""supports:fwd"": 0.04621002813514998, ""maps:rev"": 0.04621002813514998, ""precedes:rev"": 0.04621002813514998, ""maps:fwd"": 0.04621002813514998}","[""contains:fwd"", ""supports:fwd"", ""maps:rev"", ""precedes:rev"", ""maps:fwd""]","[0.7340478897094727, 0.14045026898384094, 0.09375354647636414, 0.016989227384328842, 0.010949235409498215]"
0,0.0,s0_case59,support for <e2> comes from <e1> in context,supports:fwd,contains:fwd,0,1,supports:fwd,1,maps:fwd,0,1,contains:fwd,contains:fwd,supports:fwd,1.0,0.0,3.0,"{""contains:fwd"": 0.04621002813514998, ""supports:fwd"": 0.9537899718648504, ""precedes:fwd"": 0.04621002813514998, ""maps:rev"": 0.04621002813514998, ""maps:fwd"": 0.04621002813514998}","[""contains:fwd"", ""supports:fwd"", ""precedes:fwd"", ""maps:rev"", ""maps:fwd""]","[0.2909649908542633, 0.2183460295200348, 0.18801574409008026, 0.16787166893482208, 0.11693454533815384]"
0,0.0,s0_case60,within <e2> sits <e1> directly,contains:rev,contains:fwd,0,0,contains:fwd,0,contains:fwd,0,0,,,,,,,,,
0,0.0,s0_case61,<e2> has <e1> inside for this case,contains:rev,contains:rev,1,1,contains:rev,1,contains:fwd,0,0,contains:fwd,contains:fwd,contains:rev,1.0,0.0,9.0,"{""contains:rev"": 0.9537899718648504, ""contains:fwd"": 0.04621002813514998, ""supports:fwd"": 0.04621002813514998, ""maps:fwd"": 0.04621002813514998, ""maps:rev"": 0.04621002813514998}","[""contains:rev"", ""contains:fwd"", ""supports:fwd"", ""maps:fwd"", ""maps:rev""]","[0.9369392991065979, 0.05362671613693237, 0.0036616367287933826, 0.0018270727014169097, 0.0015169993275776505]"
0,0.0,s0_case62,backing <e1> is <e2> for this case,supports:rev,contains:rev,0,1,supports:rev,1,supports:rev,1,1,contains:rev,contains:rev,supports:rev,1.0,0.0,1.0,"{""contains:rev"": 0.04621002813514998, ""contains:fwd"": 0.04621002813514998, ""supports:rev"": 0.9537899718648504, ""maps:rev"": 0.04621002813514998, ""maps:fwd"": 0.04621002813514998}","[""contains:rev"", ""contains:fwd"", ""supports:rev"", ""maps:rev"", ""maps:fwd""]","[0.9820250272750854, 0.00914430059492588, 0.0032003442756831646, 0.0018636580789461732, 0.001503433333709836]"
0,0.0,s0_case63,<e2> trails <e1> in context,precedes:fwd,precedes:rev,0,0,precedes:rev,0,precedes:rev,0,0,,,,,,,,,
0,0.0,s0_case64,to <e2> <e1> points,maps:fwd,maps:fwd,1,1,maps:fwd,1,supports:rev,0,0,maps:rev,maps:rev,maps:fwd,1.0,0.0,7.0,"{""maps:fwd"": 0.9537899718648504, ""maps:rev"": 0.04621002813514998, ""contains:fwd"": 0.04621002813514998, ""supports:rev"": 0.04621002813514998, ""supports:fwd"": 0.04621002813514998}","[""maps:fwd"", ""maps:rev"", ""contains:fwd"", ""supports:rev"", ""supports:fwd""]","[0.7678072452545166, 0.09291931986808777, 0.08385169506072998, 0.02477155067026615, 0.019246211275458336]"
0,0.0,s0_case65,from <e1> <e2> is mapped directly,maps:fwd,maps:rev,0,1,maps:fwd,1,maps:rev,0,1,maps:rev,maps:rev,maps:fwd,1.0,0.0,1.0,"{""maps:rev"": 0.04621002813514998, ""maps:fwd"": 0.9537899718648504, ""supports:fwd"": 0.04621002813514998, ""precedes:rev"": 0.04621002813514998, ""contains:fwd"": 0.04621002813514998}","[""maps:rev"", ""maps:fwd"", ""supports:fwd"", ""precedes:rev"", ""contains:fwd""]","[0.9831640124320984, 0.006724821403622627, 0.005575572606176138, 0.0019656613003462553, 0.001295433728955686]"
0,0.0,s0_case66,before <e1> comes <e2> in context,precedes:rev,precedes:fwd,0,1,precedes:rev,1,contains:rev,0,1,precedes:fwd,precedes:fwd,precedes:rev,1.0,0.0,2.0,"{""precedes:fwd"": 0.04621002813514998, ""precedes:rev"": 0.9537899718648504, ""supports:fwd"": 0.04621002813514998, ""contains:rev"": 0.04621002813514998, ""maps:rev"": 0.04621002813514998}","[""precedes:fwd"", ""precedes:rev"", ""supports:fwd"", ""contains:rev"", ""maps:rev""]","[0.8228558301925659, 0.16186115145683289, 0.0053876060992479324, 0.003150408389046788, 0.0028329186607152224]"
0,0.0,s0_case67,<e2> has <e1> inside,contains:rev,contains:rev,1,1,contains:rev,1,precedes:fwd,0,0,contains:fwd,contains:fwd,contains:rev,1.0,0.0,10.0,"{""contains:rev"": 0.9537899718648504, ""contains:fwd"": 0.04621002813514998, ""precedes:fwd"": 0.04621002813514998, ""supports:rev"": 0.04621002813514998, ""maps:fwd"": 0.04621002813514998}","[""contains:rev"", ""contains:fwd"", ""precedes:fwd"", ""supports:rev"", ""maps:fwd""]","[0.9559245705604553, 0.031641773879528046, 0.003123657777905464, 0.002984260208904743, 0.002318563172593713]"
0,0.0,s0_case68,the target of <e2> is <e1>,maps:rev,maps:fwd,0,1,maps:rev,1,maps:fwd,0,1,maps:fwd,maps:fwd,maps:rev,1.0,0.0,3.0,"{""maps:fwd"": 0.04621002813514998, ""maps:rev"": 0.9537899718648504, ""supports:fwd"": 0.04621002813514998, ""supports:rev"": 0.04621002813514998, ""precedes:rev"": 0.04621002813514998}","[""maps:fwd"", ""maps:rev"", ""supports:fwd"", ""supports:rev"", ""precedes:rev""]","[0.5385628342628479, 0.3803333640098572, 0.055849455296993256, 0.01088450662791729, 0.008952217176556587]"
0,0.0,s0_case69,to <e2> <e1> points for this case,maps:fwd,maps:rev,0,1,maps:fwd,1,maps:fwd,1,1,maps:rev,maps:rev,maps:fwd,1.0,0.0,1.0,"{""maps:rev"": 0.04621002813514998, ""supports:fwd"": 0.04621002813514998, ""contains:fwd"": 0.04621002813514998, ""maps:fwd"": 0.9537899718648504, ""contains:rev"": 0.04621002813514998}","[""maps:rev"", ""supports:fwd"", ""contains:fwd"", ""maps:fwd"", ""contains:rev""]","[0.8255780935287476, 0.08473799377679825, 0.0595674030482769, 0.01973624899983406, 0.005110335536301136]"
0,0.0,s0_case70,<e1> is held up by <e2>,supports:rev,supports:fwd,0,0,supports:fwd,0,supports:fwd,0,0,,,,,,,,,
0,0.0,s0_case71,to <e2> <e1> points usually,maps:fwd,maps:rev,0,1,maps:fwd,1,supports:rev,0,1,maps:rev,maps:rev,maps:fwd,1.0,0.0,1.0,"{""maps:rev"": 0.04621002813514998, ""supports:fwd"": 0.04621002813514998, ""contains:fwd"": 0.04621002813514998, ""maps:fwd"": 0.9537899718648504, ""supports:rev"": 0.04621002813514998}","[""maps:rev"", ""supports:fwd"", ""contains:fwd"", ""maps:fwd"", ""supports:rev""]","[0.8499501943588257, 0.08386179059743881, 0.02865048125386238, 0.028319744393229485, 0.004035973455756903]"
0,0.0,s0_case72,within <e1> sits <e2> usually,contains:fwd,supports:fwd,0,1,contains:fwd,1,supports:fwd,0,1,supports:fwd,supports:fwd,contains:fwd,1.0,0.0,3.0,"{""supports:fwd"": 0.04621002813514998, ""contains:fwd"": 0.9537899718648504, ""maps:rev"": 0.04621002813514998, ""precedes:rev"": 0.04621002813514998, ""maps:fwd"": 0.04621002813514998}","[""supports:fwd"", ""contains:fwd"", ""maps:rev"", ""precedes:rev"", ""maps:fwd""]","[0.5785393118858337, 0.31080198287963867, 0.050907716155052185, 0.05078266188502312, 0.0033723553642630577]"
0,0.0,s0_case73,backing <e1> is <e2>,supports:rev,contains:rev,0,1,supports:rev,1,supports:rev,1,1,contains:rev,contains:rev,supports:rev,1.0,0.0,1.0,"{""contains:rev"": 0.04621002813514998, ""supports:rev"": 0.9537899718648504, ""precedes:fwd"": 0.04621002813514998, ""precedes:rev"": 0.04621002813514998, ""contains:fwd"": 0.04621002813514998}","[""contains:rev"", ""supports:rev"", ""precedes:fwd"", ""precedes:rev"", ""contains:fwd""]","[0.9779039621353149, 0.00846293568611145, 0.005762042477726936, 0.0034868253860622644, 0.001408126438036561]"
0,0.0,s0_case74,<e2> has <e1> inside usually,contains:rev,contains:rev,1,1,contains:rev,1,precedes:fwd,0,0,contains:fwd,contains:fwd,contains:rev,1.0,0.0,4.0,"{""contains:rev"": 0.9537899718648504, ""contains:fwd"": 0.04621002813514998, ""supports:fwd"": 0.04621002813514998, ""precedes:fwd"": 0.04621002813514998, ""maps:fwd"": 0.04621002813514998}","[""contains:rev"", ""contains:fwd"", ""supports:fwd"", ""precedes:fwd"", ""maps:fwd""]","[0.5890939235687256, 0.3806841969490051, 0.019421981647610664, 0.004759534727782011, 0.002758575603365898]"
0,0.0,s0_case75,backing <e1> is <e2>,supports:rev,contains:rev,0,1,supports:rev,1,contains:rev,0,1,contains:rev,contains:rev,supports:rev,1.0,0.0,1.0,"{""contains:rev"": 0.04621002813514998, ""supports:rev"": 0.9537899718648504, ""precedes:fwd"": 0.04621002813514998, ""precedes:rev"": 0.04621002813514998, ""contains:fwd"": 0.04621002813514998}","[""contains:rev"", ""supports:rev"", ""precedes:fwd"", ""precedes:rev"", ""contains:fwd""]","[0.9779039621353149, 0.00846293568611145, 0.005762042477726936, 0.0034868253860622644, 0.001408126438036561]"
0,0.0,s0_case76,to <e2> <e1> points,maps:fwd,maps:fwd,1,1,maps:fwd,1,contains:fwd,0,0,maps:rev,maps:rev,maps:fwd,1.0,0.0,7.0,"{""maps:fwd"": 0.9537899718648504, ""maps:rev"": 0.04621002813514998, ""contains:fwd"": 0.04621002813514998, ""supports:rev"": 0.04621002813514998, ""supports:fwd"": 0.04621002813514998}","[""maps:fwd"", ""maps:rev"", ""contains:fwd"", ""supports:rev"", ""supports:fwd""]","[0.7678072452545166, 0.09291931986808777, 0.08385169506072998, 0.02477155067026615, 0.019246211275458336]"
0,0.0,s0_case77,inside <e2> is <e1> directly,contains:rev,contains:rev,1,1,contains:rev,1,contains:rev,1,0,supports:fwd,supports:fwd,contains:rev,1.0,0.0,10.0,"{""contains:rev"": 0.9537899718648504, ""supports:fwd"": 0.04621002813514998, ""contains:fwd"": 0.04621002813514998, ""maps:fwd"": 0.04621002813514998, ""supports:rev"": 0.04621002813514998}","[""contains:rev"", ""supports:fwd"", ""contains:fwd"", ""maps:fwd"", ""supports:rev""]","[0.9566512703895569, 0.02208295650780201, 0.014218299649655819, 0.0018949111690744758, 0.0017572223441675305]"
0,0.0,s0_case78,before <e2> comes <e1> directly,precedes:fwd,supports:fwd,0,1,precedes:fwd,1,precedes:rev,0,1,supports:fwd,supports:fwd,precedes:fwd,1.0,0.0,1.0,"{""supports:fwd"": 0.04621002813514998, ""contains:fwd"": 0.04621002813514998, ""precedes:rev"": 0.04621002813514998, ""precedes:fwd"": 0.9537899718648504, ""contains:rev"": 0.04621002813514998}","[""supports:fwd"", ""contains:fwd"", ""precedes:rev"", ""precedes:fwd"", ""contains:rev""]","[0.9748287200927734, 0.012150655500590801, 0.00435898220166564, 0.002833011792972684, 0.0022455104626715183]"
0,0.0,s0_case79,to <e1> <e2> points in context,maps:rev,maps:rev,1,1,maps:rev,1,precedes:fwd,0,0,maps:fwd,maps:fwd,maps:rev,1.0,0.0,8.0,"{""maps:rev"": 0.9537899718648504, ""maps:fwd"": 0.04621002813514998, ""supports:fwd"": 0.04621002813514998, ""contains:fwd"": 0.04621002813514998, ""precedes:fwd"": 0.04621002813514998}","[""maps:rev"", ""maps:fwd"", ""supports:fwd"", ""contains:fwd"", ""precedes:fwd""]","[0.8990553617477417, 0.06379043310880661, 0.017886359244585037, 0.010345951654016972, 0.004997431766241789]"
0,0.15,s0_case0,before <e1> comes <e2> directly,precedes:rev,precedes:fwd,0,1,precedes:fwd,0,precedes:fwd,0,0,precedes:fwd,precedes:fwd,precedes:fwd,1.0,1.0,1.0,"{""precedes:fwd"": 0.10093122899146997, ""precedes:rev"": 0.6943281253680574, ""supports:fwd"": 0.04621002813514998, ""contains:rev"": 0.04621002813514998, ""contains:fwd"": 0.2509506737756229}","[""precedes:fwd"", ""precedes:rev"", ""supports:fwd"", ""contains:rev"", ""contains:fwd""]","[0.9670285582542419, 0.013684932142496109, 0.006531639490276575, 0.005310775246471167, 0.003893456421792507]"
0,0.15,s0_case1,support for <e1> comes from <e2> directly,supports:rev,precedes:fwd,0,1,supports:rev,1,contains:rev,0,1,precedes:fwd,precedes:fwd,supports:rev,1.0,0.0,1.0,"{""precedes:fwd"": 0.04621002813514998, ""maps:fwd"": 0.04621002813514998, ""supports:rev"": 0.8870568000888504, ""contains:rev"": 0.11294319991115, ""contains:fwd"": 0.04621002813514998}","[""precedes:fwd"", ""maps:fwd"", ""supports:rev"", ""contains:rev"", ""contains:fwd""]","[0.8783217668533325, 0.039653580635786057, 0.03419126570224762, 0.02474154718220234, 0.012706856243312359]"
0,0.15,s0_case2,<e2> is held up by <e1> for this case,supports:fwd,supports:fwd,1,1,supports:fwd,1,supports:rev,0,0,contains:fwd,contains:fwd,supports:fwd,1.0,0.0,6.0,"{""supports:fwd"": 0.9236184527911029, ""contains:fwd"": 0.07638154720889745, ""maps:fwd"": 0.04621002813514998, ""supports:rev"": 0.04621002813514998, ""precedes:fwd"": 0.04621002813514998}","[""supports:fwd"", ""contains:fwd"", ""maps:fwd"", ""supports:rev"", ""precedes:fwd""]","[0.7126652002334595, 0.14712956547737122, 0.1146116703748703, 0.010787391103804111, 0.007070355117321014]"
0,0.15,s0_case3,support for <e2> comes from <e1> for this case,supports:fwd,supports:fwd,1,1,supports:fwd,1,contains:fwd,0,0,contains:fwd,contains:fwd,supports:fwd,1.0,0.0,5.0,"{""supports:fwd"": 0.9236184527911029, ""contains:fwd"": 0.04621002813514998, ""maps:fwd"": 0.07638154720889745, ""maps:rev"": 0.04621002813514998, ""precedes:fwd"": 0.04621002813514998}","[""supports:fwd"", ""contains:fwd"", ""maps:fwd"", ""maps:rev"", ""precedes:fwd""]","[0.475405216217041, 0.1677665114402771, 0.1258815973997116, 0.11198528110980988, 0.09756863117218018]"
0,0.15,s0_case4,from <e2> <e1> is mapped for this case,maps:rev,maps:rev,1,1,maps:rev,1,maps:rev,1,0,maps:fwd,maps:rev,maps:rev,0.0,0.0,13.0,"{""maps:rev"": 0.8990687710085301, ""maps:fwd"": 0.04621002813514998, ""supports:fwd"": 0.04621002813514998, ""precedes:rev"": 0.04621002813514998, ""supports:rev"": 0.10093122899146997}","[""maps:rev"", ""maps:fwd"", ""supports:fwd"", ""precedes:rev"", ""supports:rev""]","[0.9858080148696899, 0.0071639143861830235, 0.003162635723128915, 0.0018230074783787131, 0.0008148050401359797]"
0,0.15,s0_case5,usually <e1> has <e2> inside,contains:fwd,contains:fwd,1,1,contains:fwd,1,contains:fwd,1,0,supports:fwd,supports:fwd,contains:fwd,1.0,0.0,6.0,"{""contains:fwd"": 0.6059026424396625, ""supports:fwd"": 0.19381002813515, ""contains:rev"": 0.0664973575603378, ""maps:fwd"": 0.22621002813514998, ""maps:rev"": 0.04621002813514998}","[""contains:fwd"", ""supports:fwd"", ""contains:rev"", ""maps:fwd"", ""maps:rev""]","[0.8186179399490356, 0.14437313377857208, 0.02966986410319805, 0.0028412225656211376, 0.0019299843115732074]"
0,0.15,s0_case6,backing <e2> is <e1> usually,supports:fwd,supports:fwd,1,1,supports:fwd,1,contains:fwd,0,0,precedes:rev,precedes:rev,supports:fwd,1.0,0.0,7.0,"{""supports:fwd"": 0.9537899718648504, ""precedes:rev"": 0.04621002813514998, ""contains:rev"": 0.04621002813514998, ""maps:rev"": 0.04621002813514998, ""contains:fwd"": 0.04621002813514998}","[""supports:fwd"", ""precedes:rev"", ""contains:rev"", ""maps:rev"", ""contains:fwd""]","[0.7504311203956604, 0.07988300919532776, 0.06716103106737137, 0.04817808046936989, 0.03487090766429901]"
0,0.15,s0_case7,<e2> is held up by <e1> for this case,supports:fwd,supports:fwd,1,1,supports:fwd,1,contains:fwd,0,0,contains:fwd,contains:fwd,supports:fwd,1.0,0.0,8.0,"{""supports:fwd"": 0.9537899718648504, ""contains:fwd"": 0.04621002813514998, ""maps:fwd"": 0.04621002813514998, ""supports:rev"": 0.04621002813514998, ""precedes:fwd"": 0.04621002813514998}","[""supports:fwd"", ""contains:fwd"", ""maps:fwd"", ""supports:rev"", ""precedes:fwd""]","[0.7126652002334595, 0.14712956547737122, 0.1146116703748703, 0.010787391103804111, 0.007070355117321014]"
0,0.15,s0_case8,<e2> trails <e1>,precedes:fwd,supports:rev,0,0,supports:rev,0,supports:rev,0,0,,,,,,,,,
0,0.15,s0_case9,<e2> is held up by <e1> in context,supports:fwd,supports:fwd,1,1,supports:fwd,1,supports:fwd,1,0,contains:fwd,contains:fwd,supports:fwd,1.0,0.0,9.0,"{""supports:fwd"": 0.8743281253680575, ""contains:fwd"": 0.04621002813514998, ""maps:fwd"": 0.10093122899146997, ""maps:rev"": 0.04621002813514998, ""precedes:fwd"": 0.0709506737756229}","[""supports:fwd"", ""contains:fwd"", ""maps:fwd"", ""maps:rev"", ""precedes:fwd""]","[0.8267437815666199, 0.14693771302700043, 0.015758251771330833, 0.0029885689727962017, 0.0024330108426511288]"
0,0.15,s0_case10,within <e1> sits <e2>,contains:fwd,contains:fwd,1,1,contains:fwd,1,supports:fwd,0,0,supports:fwd,supports:fwd,contains:fwd,1.0,0.0,5.0,"{""contains:fwd"": 0.7528744856396625, ""supports:fwd"": 0.12759194493515, ""maps:rev"": 0.04621002813514998, ""precedes:rev"": 0.1657435975603378, ""maps:fwd"": 0.04621002813514998}","[""contains:fwd"", ""supports:fwd"", ""maps:rev"", ""precedes:rev"", ""maps:fwd""]","[0.7340478897094727, 0.14045026898384094, 0.09375354647636414, 0.016989227384328842, 0.010949235409498215]"
0,0.15,s0_case11,the target of <e2> is <e1>,maps:rev,maps:fwd,0,1,maps:rev,1,maps:rev,1,1,maps:fwd,maps:fwd,maps:rev,1.0,0.0,3.0,"{""maps:fwd"": 0.0664973575603378, ""maps:rev"": 0.5656244024396624, ""supports:fwd"": 0.29305626813515, ""supports:rev"": 0.04621002813514998, ""precedes:rev"": 0.16724202813515002}","[""maps:fwd"", ""maps:rev"", ""supports:fwd"", ""supports:rev"", ""precedes:rev""]","[0.5385628342628479, 0.3803333640098572, 0.055849455296993256, 0.01088450662791729, 0.008952217176556587]"
0,0.15,s0_case12,from <e2> <e1> is mapped in context,maps:rev,maps:rev,1,1,maps:rev,1,maps:rev,1,0,maps:fwd,maps:fwd,maps:rev,1.0,0.0,12.0,"{""maps:rev"": 0.8841779415221951, ""maps:fwd"": 0.04621002813514998, ""supports:fwd"": 0.04621002813514998, ""precedes:rev"": 0.0910814128373324, ""contains:fwd"": 0.0709506737756229}","[""maps:rev"", ""maps:fwd"", ""supports:fwd"", ""precedes:rev"", ""contains:fwd""]","[0.9842140674591064, 0.008727301843464375, 0.0033519279677420855, 0.001651821075938642, 0.0007787462673150003]"
0,0.15,s0_case13,in context <e1> is ahead of <e2>,precedes:fwd,maps:rev,0,0,maps:rev,0,maps:rev,0,0,,,,,,,,,
0,0.15,s0_case14,usually <e1> is ahead of <e2>,precedes:fwd,supports:rev,0,0,supports:rev,0,supports:rev,0,0,,,,,,,,,
0,0.15,s0_case15,inside <e2> is <e1>,contains:rev,contains:rev,1,1,contains:rev,1,supports:rev,0,0,supports:rev,contains:rev,contains:rev,0.0,0.0,9.0,"{""contains:rev"": 0.5589046703626678, ""supports:rev"": 0.0910814128373324, ""supports:fwd"": 0.31484202813515, ""maps:rev"": 0.12759194493515, ""contains:fwd"": 0.04621002813514998}","[""contains:rev"", ""supports:rev"", ""supports:fwd"", ""maps:rev"", ""contains:fwd""]","[0.9087101817131042, 0.036828164011240005, 0.020997507497668266, 0.013087035156786442, 0.009873851202428341]"
0,0.15,s0_case16,backing <e2> is <e1> for this case,supports:fwd,contains:rev,0,1,supports:fwd,1,contains:rev,0,1,contains:rev,contains:rev,supports:fwd,1.0,0.0,2.0,"{""contains:rev"": 0.04621002813514998, ""supports:fwd"": 0.7660248000888503, ""maps:rev"": 0.04621002813514998, ""precedes:rev"": 0.04621002813514998, ""contains:fwd"": 0.23397519991115}","[""contains:rev"", ""supports:fwd"", ""maps:rev"", ""precedes:rev"", ""contains:fwd""]","[0.7758662104606628, 0.07286559045314789, 0.062754325568676, 0.03287710249423981, 0.029156729578971863]"
0,0.15,s0_case17,within <e1> sits <e2> directly,contains:fwd,contains:fwd,1,1,contains:fwd,1,maps:rev,0,0,supports:fwd,supports:fwd,contains:fwd,1.0,0.0,4.0,"{""contains:fwd"": 0.8568852810151029, ""supports:fwd"": 0.04621002813514998, ""maps:rev"": 0.11294319991115, ""precedes:rev"": 0.04621002813514998, ""maps:fwd"": 0.07638154720889745}","[""contains:fwd"", ""supports:fwd"", ""maps:rev"", ""precedes:rev"", ""maps:fwd""]","[0.6399730443954468, 0.31191885471343994, 0.028492838144302368, 0.011066138744354248, 0.005162508226931095]"
0,0.15,s0_case18,in context <e1> is ahead of <e2>,precedes:fwd,maps:rev,0,0,maps:rev,0,maps:rev,0,0,,,,,,,,,
0,0.15,s0_case19,usually <e1> trails <e2>,precedes:rev,supports:fwd,0,1,precedes:rev,1,precedes:rev,1,1,supports:fwd,supports:fwd,precedes:rev,1.0,0.0,2.0,"{""supports:fwd"": 0.04621002813514998, ""contains:fwd"": 0.04621002813514998, ""precedes:rev"": 0.9537899718648504, ""maps:rev"": 0.04621002813514998, ""supports:rev"": 0.04621002813514998}","[""supports:fwd"", ""contains:fwd"", ""precedes:rev"", ""maps:rev"", ""supports:rev""]","[0.5305022597312927, 0.23856312036514282, 0.16083987057209015, 0.05522169545292854, 0.006517719943076372]"
0,0.15,s0_case20,<e2> is held up by <e1>,supports:fwd,supports:fwd,1,1,supports:fwd,1,supports:fwd,1,0,contains:fwd,contains:fwd,supports:fwd,1.0,0.0,8.0,"{""supports:fwd"": 0.7973995247833423, ""contains:fwd"": 0.18231314579147, ""maps:fwd"": 0.04621002813514998, ""maps:rev"": 0.0664973575603378, ""precedes:rev"": 0.04621002813514998}","[""supports:fwd"", ""contains:fwd"", ""maps:fwd"", ""maps:rev"", ""precedes:rev""]","[0.9004346132278442, 0.08343246579170227, 0.007386298384517431, 0.00299586053006351, 0.0018108750227838755]"
0,0.15,s0_case21,to <e2> <e1> points in context,maps:fwd,maps:rev,0,1,maps:fwd,1,maps:rev,0,1,maps:rev,maps:rev,maps:fwd,1.0,0.0,1.0,"{""maps:rev"": 0.04621002813514998, ""maps:fwd"": 0.9236184527911029, ""supports:fwd"": 0.04621002813514998, ""contains:fwd"": 0.04621002813514998, ""supports:rev"": 0.07638154720889745}","[""maps:rev"", ""maps:fwd"", ""supports:fwd"", ""contains:fwd"", ""supports:rev""]","[0.9653952717781067, 0.014706725254654884, 0.008562786504626274, 0.004240050911903381, 0.003594954963773489]"
0,0.15,s0_case22,within <e1> sits <e2>,contains:fwd,contains:fwd,1,1,contains:fwd,1,contains:fwd,1,0,supports:fwd,contains:fwd,contains:fwd,0.0,0.0,10.0,"{""contains:fwd"": 0.8061899718648504, ""supports:fwd"": 0.04621002813514998, ""maps:rev"": 0.19381002813515, ""precedes:rev"": 0.04621002813514998, ""maps:fwd"": 0.04621002813514998}","[""contains:fwd"", ""supports:fwd"", ""maps:rev"", ""precedes:rev"", ""maps:fwd""]","[0.7340478897094727, 0.14045026898384094, 0.09375354647636414, 0.016989227384328842, 0.010949235409498215]"
0,0.15,s0_case23,to <e1> <e2> points,maps:rev,maps:fwd,0,1,maps:rev,1,supports:fwd,0,1,maps:fwd,maps:fwd,maps:rev,1.0,0.0,1.0,"{""maps:fwd"": 0.04621002813514998, ""contains:fwd"": 0.04621002813514998, ""supports:fwd"": 0.04621002813514998, ""maps:rev"": 0.9236184527911029, ""precedes:fwd"": 0.07638154720889745}","[""maps:fwd"", ""contains:fwd"", ""supports:fwd"", ""maps:rev"", ""precedes:fwd""]","[0.6953626275062561, 0.20401306450366974, 0.046856608241796494, 0.04075680673122406, 0.0064432937651872635]"
0,0.15,s0_case24,the target of <e1> is <e2> directly,maps:fwd,maps:rev,0,1,maps:rev,0,precedes:rev,0,0,maps:rev,maps:rev,maps:rev,1.0,1.0,1.0,"{""maps:rev"": 0.04621002813514998, ""precedes:rev"": 0.10093122899146997, ""supports:fwd"": 0.04621002813514998, ""maps:fwd"": 0.7998225310085303, ""supports:rev"": 0.14545626813515}","[""maps:rev"", ""precedes:rev"", ""supports:fwd"", ""maps:fwd"", ""supports:rev""]","[0.9356886744499207, 0.04683053120970726, 0.01132284291088581, 0.002454482251778245, 0.0016294632805511355]"
0,0.15,s0_case25,<e2> trails <e1> in context,precedes:fwd,precedes:rev,0,0,precedes:rev,0,precedes:rev,0,0,,,,,,,,,
0,0.15,s0_case26,<e1> trails <e2>,precedes:rev,contains:fwd,0,1,precedes:rev,1,precedes:fwd,0,1,contains:fwd,contains:fwd,precedes:rev,1.0,0.0,1.0,"{""contains:fwd"": 0.04621002813514998, ""precedes:fwd"": 0.04621002813514998, ""supports:fwd"": 0.04621002813514998, ""maps:rev"": 0.07638154720889745, ""precedes:rev"": 0.9236184527911029}","[""contains:fwd"", ""precedes:fwd"", ""supports:fwd"", ""maps:rev"", ""precedes:rev""]","[0.7794952988624573, 0.07987011224031448, 0.05390939489006996, 0.02915319986641407, 0.028168005868792534]"
0,0.15,s0_case27,<e2> trails <e1>,precedes:fwd,supports:rev,0,0,supports:rev,0,supports:rev,0,0,,,,,,,,,
0,0.15,s0_case28,usually <e1> trails <e2>,precedes:rev,supports:fwd,0,1,precedes:rev,1,precedes:rev,1,1,supports:fwd,supports:fwd,precedes:rev,1.0,0.0,3.0,"{""supports:fwd"": 0.04621002813514998, ""contains:fwd"": 0.37381002813514996, ""precedes:rev"": 0.6261899718648504, ""maps:rev"": 0.04621002813514998, ""supports:rev"": 0.04621002813514998}","[""supports:fwd"", ""contains:fwd"", ""precedes:rev"", ""maps:rev"", ""supports:rev""]","[0.5305022597312927, 0.23856312036514282, 0.16083987057209015, 0.05522169545292854, 0.006517719943076372]"
0,0.15,s0_case29,<e2> is held up by <e1> for this case,supports:fwd,supports:fwd,1,1,supports:fwd,1,maps:fwd,0,0,contains:fwd,contains:fwd,supports:fwd,1.0,0.0,9.0,"{""supports:fwd"": 0.8724080550648503, ""contains:fwd"": 0.04621002813514998, ""maps:fwd"": 0.04621002813514998, ""supports:rev"": 0.04621002813514998, ""precedes:fwd"": 0.12759194493515}","[""supports:fwd"", ""contains:fwd"", ""maps:fwd"", ""supports:rev"", ""precedes:fwd""]","[0.7126652002334595, 0.14712956547737122, 0.1146116703748703, 0.010787391103804111, 0.007070355117321014]"
0,0.15,s0_case30,within <e1> sits <e2>,contains:fwd,contains:fwd,1,1,contains:fwd,1,contains:fwd,1,0,supports:fwd,supports:fwd,contains:fwd,1.0,0.0,8.0,"{""contains:fwd"": 0.9537899718648504, ""supports:fwd"": 0.04621002813514998, ""maps:rev"": 0.04621002813514998, ""precedes:rev"": 0.04621002813514998, ""maps:fwd"": 0.04621002813514998}","[""contains:fwd"", ""supports:fwd"", ""maps:rev"", ""precedes:rev"", ""maps:fwd""]","[0.7340478897094727, 0.14045026898384094, 0.09375354647636414, 0.016989227384328842, 0.010949235409498215]"
0,0.15,s0_case31,<e1> is held up by <e2>,supports:rev,supports:fwd,0,0,supports:fwd,0,supports:fwd,0,0,,,,,,,,,
0,0.15,s0_case32,the target of <e2> is <e1> for this case,maps:rev,maps:rev,1,1,maps:rev,1,maps:rev,1,0,maps:fwd,maps:fwd,maps:rev,1.0,0.0,12.0,"{""maps:rev"": 0.7577150680889202, ""maps:fwd"": 0.04621002813514998, ""supports:fwd"": 0.07638154720889745, ""precedes:rev"": 0.16724202813515002, ""supports:rev"": 0.0910814128373324}","[""maps:rev"", ""maps:fwd"", ""supports:fwd"", ""precedes:rev"", ""supports:rev""]","[0.9298487305641174, 0.049662329256534576, 0.012219413183629513, 0.003483033971861005, 0.002846780698746443]"
0,0.15,s0_case33,within <e1> sits <e2> for this case,contains:fwd,contains:fwd,1,1,contains:fwd,1,maps:rev,0,0,supports:fwd,supports:fwd,contains:fwd,1.0,0.0,5.0,"{""contains:fwd"": 0.8275366703626679, ""supports:fwd"": 0.12759194493515, ""maps:rev"": 0.04621002813514998, ""precedes:rev"": 0.0910814128373324, ""maps:fwd"": 0.04621002813514998}","[""contains:fwd"", ""supports:fwd"", ""maps:rev"", ""precedes:rev"", ""maps:fwd""]","[0.6544574499130249, 0.1848612278699875, 0.10178404301404953, 0.04843480512499809, 0.00586733827367425]"
0,0.15,s0_case34,<e1> is ahead of <e2>,precedes:fwd,supports:fwd,0,1,precedes:fwd,1,maps:rev,0,1,supports:fwd,supports:fwd,precedes:fwd,1.0,0.0,2.0,"{""supports:fwd"": 0.11294319991115, ""contains:fwd"": 0.04621002813514998, ""maps:rev"": 0.04621002813514998, ""precedes:fwd"": 0.8870568000888504, ""maps:fwd"": 0.04621002813514998}","[""supports:fwd"", ""contains:fwd"", ""maps:rev"", ""precedes:fwd"", ""maps:fwd""]","[0.391061931848526, 0.23774951696395874, 0.20515406131744385, 0.07901587337255478, 0.05865572765469551]"
0,0.15,s0_case35,the target of <e2> is <e1> usually,maps:rev,maps:rev,1,1,maps:rev,1,precedes:rev,0,0,supports:fwd,supports:fwd,maps:rev,1.0,0.0,9.0,"{""maps:rev"": 0.9335026424396624, ""supports:fwd"": 0.04621002813514998, ""maps:fwd"": 0.0664973575603378, ""precedes:rev"": 0.04621002813514998, ""supports:rev"": 0.04621002813514998}","[""maps:rev"", ""supports:fwd"", ""maps:fwd"", ""precedes:rev"", ""supports:rev""]","[0.8481475710868835, 0.0676301121711731, 0.06749654561281204, 0.010279237292706966, 0.0033278518822044134]"
0,0.15,s0_case36,within <e1> sits <e2> directly,contains:fwd,contains:fwd,1,1,contains:fwd,1,maps:rev,0,0,supports:fwd,supports:fwd,contains:fwd,1.0,0.0,5.0,"{""contains:fwd"": 0.7737899718648504, ""supports:fwd"": 0.22621002813514998, ""maps:rev"": 0.04621002813514998, ""precedes:rev"": 0.04621002813514998, ""maps:fwd"": 0.04621002813514998}","[""contains:fwd"", ""supports:fwd"", ""maps:rev"", ""precedes:rev"", ""maps:fwd""]","[0.6399730443954468, 0.31191885471343994, 0.028492838144302368, 0.011066138744354248, 0.005162508226931095]"
0,0.15,s0_case37,from <e1> <e2> is mapped,maps:fwd,maps:rev,0,1,maps:rev,0,maps:rev,0,0,maps:rev,maps:rev,maps:rev,1.0,1.0,1.0,"{""maps:rev"": 0.0709506737756229, ""maps:fwd"": 0.7490493262243773, ""supports:fwd"": 0.04621002813514998, ""precedes:rev"": 0.22621002813514998, ""contains:fwd"": 0.04621002813514998}","[""maps:rev"", ""maps:fwd"", ""supports:fwd"", ""precedes:rev"", ""contains:fwd""]","[0.9833364486694336, 0.006479201372712851, 0.005623515695333481, 0.001967052696272731, 0.0012909130891785026]"
0,0.15,s0_case38,in context <e1> has <e2> inside,contains:fwd,contains:rev,0,1,contains:fwd,1,supports:fwd,0,1,contains:rev,contains:rev,contains:fwd,1.0,0.0,1.0,"{""contains:rev"": 0.04621002813514998, ""contains:fwd"": 0.9169954364090609, ""supports:fwd"": 0.08300456359093959, ""maps:fwd"": 0.04621002813514998, ""precedes:rev"": 0.04621002813514998}","[""contains:rev"", ""contains:fwd"", ""supports:fwd"", ""maps:fwd"", ""precedes:rev""]","[0.9168787598609924, 0.06647235155105591, 0.009612559340894222, 0.0026972228661179543, 0.001818494638428092]"
0,0.15,s0_case39,before <e1> comes <e2> usually,precedes:rev,precedes:fwd,0,1,precedes:rev,1,contains:fwd,0,1,precedes:fwd,precedes:fwd,precedes:rev,1.0,0.0,4.0,"{""precedes:fwd"": 0.0709506737756229, ""precedes:rev"": 0.8988778071506298, ""supports:fwd"": 0.04621002813514998, ""contains:fwd"": 0.04621002813514998, ""contains:rev"": 0.07638154720889745}","[""precedes:fwd"", ""precedes:rev"", ""supports:fwd"", ""contains:fwd"", ""contains:rev""]","[0.7080203890800476, 0.250213086605072, 0.025206757709383965, 0.00757799856364727, 0.00391674367710948]"
0,0.15,s0_case40,inside <e2> is <e1> usually,contains:rev,supports:fwd,0,1,contains:rev,1,maps:rev,0,1,supports:fwd,supports:fwd,contains:rev,1.0,0.0,2.0,"{""supports:fwd"": 0.04621002813514998, ""contains:rev"": 0.9537899718648504, ""precedes:rev"": 0.04621002813514998, ""maps:rev"": 0.04621002813514998, ""contains:fwd"": 0.04621002813514998}","[""supports:fwd"", ""contains:rev"", ""precedes:rev"", ""maps:rev"", ""contains:fwd""]","[0.8114697933197021, 0.06945540010929108, 0.03990286588668823, 0.03359657898545265, 0.026244254782795906]"
0,0.15,s0_case41,directly <e1> trails <e2>,precedes:rev,contains:fwd,0,1,precedes:rev,1,precedes:rev,1,1,contains:fwd,contains:fwd,precedes:rev,1.0,0.0,1.0,"{""contains:fwd"": 0.0709506737756229, ""supports:fwd"": 0.04621002813514998, ""precedes:rev"": 0.8743281253680575, ""maps:rev"": 0.10093122899146997, ""maps:fwd"": 0.04621002813514998}","[""contains:fwd"", ""supports:fwd"", ""precedes:rev"", ""maps:rev"", ""maps:fwd""]","[0.5715993642807007, 0.33447933197021484, 0.04445432871580124, 0.03286139667034149, 0.009925620630383492]"
0,0.15,s0_case42,within <e2> sits <e1> in context,contains:rev,maps:rev,0,0,maps:rev,0,maps:rev,0,0,,,,,,,,,
0,0.15,s0_case43,support for <e2> comes from <e1> for this case,supports:fwd,supports:fwd,1,1,supports:fwd,1,precedes:fwd,0,0,contains:fwd,contains:fwd,supports:fwd,1.0,0.0,5.0,"{""supports:fwd"": 0.9537899718648504, ""contains:fwd"": 0.04621002813514998, ""maps:fwd"": 0.04621002813514998, ""maps:rev"": 0.04621002813514998, ""precedes:fwd"": 0.04621002813514998}","[""supports:fwd"", ""contains:fwd"", ""maps:fwd"", ""maps:rev"", ""precedes:fwd""]","[0.475405216217041, 0.1677665114402771, 0.1258815973997116, 0.11198528110980988, 0.09756863117218018]"
0,0.15,s0_case44,within <e2> sits <e1> usually,contains:rev,contains:fwd,0,0,contains:fwd,0,contains:fwd,0,0,,,,,,,,,
0,0.15,s0_case45,<e1> is held up by <e2>,supports:rev,supports:fwd,0,0,supports:fwd,0,supports:fwd,0,0,,,,,,,,,
0,0.15,s0_case46,to <e1> <e2> points,maps:rev,maps:fwd,0,1,maps:rev,1,contains:fwd,0,1,maps:fwd,maps:fwd,maps:rev,1.0,0.0,1.0,"{""maps:fwd"": 0.04621002813514998, ""contains:fwd"": 0.04621002813514998, ""supports:fwd"": 0.0910814128373324, ""maps:rev"": 0.9089185871626677, ""precedes:fwd"": 0.04621002813514998}","[""maps:fwd"", ""contains:fwd"", ""supports:fwd"", ""maps:rev"", ""precedes:fwd""]","[0.6953626275062561, 0.20401306450366974, 0.046856608241796494, 0.04075680673122406, 0.0064432937651872635]"
0,0.15,s0_case47,<e2> is ahead of <e1> for this case,precedes:rev,supports:rev,0,1,supports:rev,0,supports:rev,0,0,supports:rev,supports:rev,supports:rev,1.0,1.0,1.0,"{""supports:rev"": 0.20017746899147, ""supports:fwd"": 0.04621002813514998, ""precedes:rev"": 0.7998225310085303, ""contains:rev"": 0.04621002813514998, ""maps:rev"": 0.04621002813514998}","[""supports:rev"", ""supports:fwd"", ""precedes:rev"", ""contains:rev"", ""maps:rev""]","[0.7836419343948364, 0.10604396462440491, 0.04553287476301193, 0.027499211952090263, 0.026597775518894196]"
0,0.15,s0_case48,usually <e1> trails <e2>,precedes:rev,supports:fwd,0,1,precedes:rev,1,contains:fwd,0,1,supports:fwd,supports:fwd,precedes:rev,1.0,0.0,2.0,"{""supports:fwd"": 0.04621002813514998, ""contains:fwd"": 0.19381002813515, ""precedes:rev"": 0.8061899718648504, ""maps:rev"": 0.04621002813514998, ""supports:rev"": 0.04621002813514998}","[""supports:fwd"", ""contains:fwd"", ""precedes:rev"", ""maps:rev"", ""supports:rev""]","[0.5305022597312927, 0.23856312036514282, 0.16083987057209015, 0.05522169545292854, 0.006517719943076372]"
0,0.15,s0_case49,for this case <e1> is held up by <e2>,supports:rev,maps:fwd,0,1,supports:rev,1,precedes:fwd,0,1,maps:fwd,maps:fwd,supports:rev,1.0,0.0,1.0,"{""maps:fwd"": 0.04621002813514998, ""supports:rev"": 0.6945854153866677, ""precedes:fwd"": 0.3054145846133324, ""supports:fwd"": 0.04621002813514998, ""contains:rev"": 0.04621002813514998}","[""maps:fwd"", ""supports:rev"", ""precedes:fwd"", ""supports:fwd"", ""contains:rev""]","[0.8812834024429321, 0.04341171681880951, 0.03895450383424759, 0.015101170167326927, 0.008191250264644623]"
0,0.15,s0_case50,before <e1> comes <e2>,precedes:rev,precedes:fwd,0,1,precedes:fwd,0,precedes:fwd,0,0,precedes:fwd,precedes:fwd,precedes:fwd,1.0,1.0,1.0,"{""precedes:fwd"": 0.0709506737756229, ""precedes:rev"": 0.7512778071506299, ""maps:fwd"": 0.07638154720889745, ""maps:rev"": 0.04621002813514998, ""supports:fwd"": 0.19381002813515}","[""precedes:fwd"", ""precedes:rev"", ""maps:fwd"", ""maps:rev"", ""supports:fwd""]","[0.9701848030090332, 0.021566463634371758, 0.0017458038637414575, 0.0017331845592707396, 0.0016041295602917671]"
0,0.15,s0_case51,within <e2> sits <e1> in context,contains:rev,maps:rev,0,0,maps:rev,0,maps:rev,0,0,,,,,,,,,
0,0.15,s0_case52,the target of <e2> is <e1> directly,maps:rev,maps:fwd,0,1,maps:rev,1,maps:rev,1,1,maps:fwd,maps:fwd,maps:rev,1.0,0.0,3.0,"{""maps:fwd"": 0.04621002813514998, ""maps:rev"": 0.9537899718648504, ""supports:fwd"": 0.04621002813514998, ""supports:rev"": 0.04621002813514998, ""precedes:rev"": 0.04621002813514998}","[""maps:fwd"", ""maps:rev"", ""supports:fwd"", ""supports:rev"", ""precedes:rev""]","[0.6917348504066467, 0.24150902032852173, 0.042564403265714645, 0.00973513163626194, 0.008514286950230598]"
0,0.15,s0_case53,the target of <e1> is <e2> for this case,maps:fwd,maps:rev,0,1,maps:rev,0,maps:rev,0,0,maps:rev,maps:rev,maps:rev,1.0,1.0,1.0,"{""maps:rev"": 0.04621002813514998, ""precedes:rev"": 0.04621002813514998, ""maps:fwd"": 0.8787814415833424, ""supports:fwd"": 0.12121855841665782, ""supports:rev"": 0.04621002813514998}","[""maps:rev"", ""precedes:rev"", ""maps:fwd"", ""supports:fwd"", ""supports:rev""]","[0.9715335965156555, 0.016835154965519905, 0.004789575003087521, 0.004173215012997389, 0.0014811799628660083]"
0,0.15,s0_case54,from <e1> <e2> is mapped,maps:fwd,maps:rev,0,1,maps:rev,0,maps:rev,0,0,maps:rev,maps:rev,maps:rev,1.0,1.0,1.0,"{""maps:rev"": 0.14545626813515, ""maps:fwd"": 0.8298030862243775, ""supports:fwd"": 0.0709506737756229, ""precedes:rev"": 0.04621002813514998, ""contains:fwd"": 0.04621002813514998}","[""maps:rev"", ""maps:fwd"", ""supports:fwd"", ""precedes:rev"", ""contains:fwd""]","[0.9833364486694336, 0.006479201372712851, 0.005623515695333481, 0.001967052696272731, 0.0012909130891785026]"
0,0.15,s0_case55,in context <e1> is ahead of <e2>,precedes:fwd,maps:rev,0,0,maps:rev,0,maps:rev,0,0,,,,,,,,,
0,0.15,s0_case56,usually <e1> is held up by <e2>,supports:rev,contains:rev,0,1,supports:rev,1,contains:rev,0,1,contains:rev,contains:rev,supports:rev,1.0,0.0,1.0,"{""contains:rev"": 0.04621002813514998, ""supports:rev"": 0.9537899718648504, ""maps:rev"": 0.04621002813514998, ""maps:fwd"": 0.04621002813514998, ""precedes:rev"": 0.04621002813514998}","[""contains:rev"", ""supports:rev"", ""maps:rev"", ""maps:fwd"", ""precedes:rev""]","[0.9866442084312439, 0.004449333995580673, 0.0024505038745701313, 0.0019018453313037753, 0.001602100906893611]"
0,0.15,s0_case57,backing <e1> is <e2> usually,supports:rev,contains:rev,0,1,contains:rev,0,contains:rev,0,0,contains:rev,contains:rev,contains:rev,1.0,1.0,1.0,"{""contains:rev"": 0.04621002813514998, ""contains:fwd"": 0.0709506737756229, ""precedes:fwd"": 0.04621002813514998, ""supports:fwd"": 0.16724202813515002, ""supports:rev"": 0.8080173262243773}","[""contains:rev"", ""contains:fwd"", ""precedes:fwd"", ""supports:fwd"", ""supports:rev""]","[0.9885990619659424, 0.003693499369546771, 0.0034162721130996943, 0.0012142083141952753, 0.001200215076096356]"
0,0.15,s0_case58,within <e1> sits <e2>,contains:fwd,contains:fwd,1,1,contains:fwd,1,contains:fwd,1,0,supports:fwd,supports:fwd,contains:fwd,1.0,0.0,6.0,"{""contains:fwd"": 0.5313035992325303, ""supports:fwd"": 0.04621002813514998, ""maps:rev"": 0.28093122899146994, ""precedes:rev"": 0.16724202813515002, ""maps:fwd"": 0.11294319991115}","[""contains:fwd"", ""supports:fwd"", ""maps:rev"", ""precedes:rev"", ""maps:fwd""]","[0.7340478897094727, 0.14045026898384094, 0.09375354647636414, 0.016989227384328842, 0.010949235409498215]"
0,0.15,s0_case59,support for <e2> comes from <e1> in context,supports:fwd,contains:fwd,0,1,supports:fwd,1,precedes:fwd,0,1,contains:fwd,contains:fwd,supports:fwd,1.0,0.0,3.0,"{""contains:fwd"": 0.04621002813514998, ""supports:fwd"": 0.8870568000888504, ""precedes:fwd"": 0.04621002813514998, ""maps:rev"": 0.11294319991115, ""maps:fwd"": 0.04621002813514998}","[""contains:fwd"", ""supports:fwd"", ""precedes:fwd"", ""maps:rev"", ""maps:fwd""]","[0.2909649908542633, 0.2183460295200348, 0.18801574409008026, 0.16787166893482208, 0.11693454533815384]"
0,0.15,s0_case60,within <e2> sits <e1> directly,contains:rev,contains:fwd,0,0,contains:fwd,0,contains:fwd,0,0,,,,,,,,,
0,0.15,s0_case61,<e2> has <e1> inside for this case,contains:rev,contains:rev,1,1,contains:rev,1,contains:rev,1,0,contains:fwd,contains:fwd,contains:rev,1.0,0.0,10.0,"{""contains:rev"": 0.8870568000888504, ""contains:fwd"": 0.11294319991115, ""supports:fwd"": 0.04621002813514998, ""maps:fwd"": 0.04621002813514998, ""maps:rev"": 0.04621002813514998}","[""contains:rev"", ""contains:fwd"", ""supports:fwd"", ""maps:fwd"", ""maps:rev""]","[0.9369392991065979, 0.05362671613693237, 0.0036616367287933826, 0.0018270727014169097, 0.0015169993275776505]"
0,0.15,s0_case62,backing <e1> is <e2> for this case,supports:rev,contains:rev,0,1,contains:rev,0,contains:rev,0,0,contains:rev,contains:rev,contains:rev,1.0,1.0,1.0,"{""contains:rev"": 0.11294319991115, ""contains:fwd"": 0.04621002813514998, ""supports:rev"": 0.8056748832888503, ""maps:rev"": 0.12759194493515, ""maps:fwd"": 0.04621002813514998}","[""contains:rev"", ""contains:fwd"", ""supports:rev"", ""maps:rev"", ""maps:fwd""]","[0.9820250272750854, 0.00914430059492588, 0.0032003442756831646, 0.0018636580789461732, 0.001503433333709836]"
0,0.15,s0_case63,<e2> trails <e1> in context,precedes:fwd,precedes:rev,0,0,precedes:rev,0,precedes:rev,0,0,,,,,,,,,
0,0.15,s0_case64,to <e2> <e1> points,maps:fwd,maps:fwd,1,1,maps:fwd,1,contains:fwd,0,0,maps:rev,maps:rev,maps:fwd,1.0,0.0,8.0,"{""maps:fwd"": 0.9537899718648504, ""maps:rev"": 0.04621002813514998, ""contains:fwd"": 0.04621002813514998, ""supports:rev"": 0.04621002813514998, ""supports:fwd"": 0.04621002813514998}","[""maps:fwd"", ""maps:rev"", ""contains:fwd"", ""supports:rev"", ""supports:fwd""]","[0.7678072452545166, 0.09291931986808777, 0.08385169506072998, 0.02477155067026615, 0.019246211275458336]"
0,0.15,s0_case65,from <e1> <e2> is mapped directly,maps:fwd,maps:rev,0,1,maps:rev,0,maps:rev,0,0,maps:rev,maps:rev,maps:rev,1.0,1.0,1.0,"{""maps:rev"": 0.12759194493515, ""maps:fwd"": 0.8724080550648503, ""supports:fwd"": 0.04621002813514998, ""precedes:rev"": 0.04621002813514998, ""contains:fwd"": 0.04621002813514998}","[""maps:rev"", ""maps:fwd"", ""supports:fwd"", ""precedes:rev"", ""contains:fwd""]","[0.9831640124320984, 0.006724821403622627, 0.005575572606176138, 0.0019656613003462553, 0.001295433728955686]"
0,0.15,s0_case66,before <e1> comes <e2> in context,precedes:rev,precedes:fwd,0,1,precedes:rev,1,precedes:fwd,0,1,precedes:fwd,precedes:fwd,precedes:rev,1.0,0.0,1.0,"{""precedes:fwd"": 0.04621002813514998, ""precedes:rev"": 0.6436123720970073, ""supports:fwd"": 0.1657435975603378, ""contains:rev"": 0.16724202813515002, ""maps:rev"": 0.11582205847780534}","[""precedes:fwd"", ""precedes:rev"", ""supports:fwd"", ""contains:rev"", ""maps:rev""]","[0.8228558301925659, 0.16186115145683289, 0.0053876060992479324, 0.003150408389046788, 0.0028329186607152224]"
0,0.15,s0_case67,<e2> has <e1> inside,contains:rev,contains:rev,1,1,contains:rev,1,contains:rev,1,0,contains:fwd,contains:rev,contains:rev,0.0,0.0,10.0,"{""contains:rev"": 0.8275366703626679, ""contains:fwd"": 0.04621002813514998, ""precedes:fwd"": 0.1724633296373324, ""supports:rev"": 0.04621002813514998, ""maps:fwd"": 0.04621002813514998}","[""contains:rev"", ""contains:fwd"", ""precedes:fwd"", ""supports:rev"", ""maps:fwd""]","[0.9559245705604553, 0.031641773879528046, 0.003123657777905464, 0.002984260208904743, 0.002318563172593713]"
0,0.15,s0_case68,the target of <e2> is <e1>,maps:rev,maps:fwd,0,1,maps:rev,1,maps:rev,1,1,maps:fwd,maps:fwd,maps:rev,1.0,0.0,4.0,"{""maps:fwd"": 0.14545626813515, ""maps:rev"": 0.784931701522195, ""supports:fwd"": 0.04621002813514998, ""supports:rev"": 0.04621002813514998, ""precedes:rev"": 0.11582205847780534}","[""maps:fwd"", ""maps:rev"", ""supports:fwd"", ""supports:rev"", ""precedes:rev""]","[0.5385628342628479, 0.3803333640098572, 0.055849455296993256, 0.01088450662791729, 0.008952217176556587]"
0,0.15,s0_case69,to <e2> <e1> points for this case,maps:fwd,maps:rev,0,1,maps:fwd,1,supports:fwd,0,1,maps:rev,maps:rev,maps:fwd,1.0,0.0,1.0,"{""maps:rev"": 0.04621002813514998, ""supports:fwd"": 0.04621002813514998, ""contains:fwd"": 0.0664973575603378, ""maps:fwd"": 0.9335026424396624, ""contains:rev"": 0.04621002813514998}","[""maps:rev"", ""supports:fwd"", ""contains:fwd"", ""maps:fwd"", ""contains:rev""]","[0.8255780935287476, 0.08473799377679825, 0.0595674030482769, 0.01973624899983406, 0.005110335536301136]"
0,0.15,s0_case70,<e1> is held up by <e2>,supports:rev,supports:fwd,0,0,supports:fwd,0,supports:fwd,0,0,,,,,,,,,
0,0.15,s0_case71,to <e2> <e1> points usually,maps:fwd,maps:rev,0,1,maps:fwd,1,contains:fwd,0,1,maps:rev,maps:rev,maps:fwd,1.0,0.0,1.0,"{""maps:rev"": 0.04621002813514998, ""supports:fwd"": 0.31135965283733247, ""contains:fwd"": 0.04621002813514998, ""maps:fwd"": 0.6584688280889204, ""supports:rev"": 0.07638154720889745}","[""maps:rev"", ""supports:fwd"", ""contains:fwd"", ""maps:fwd"", ""supports:rev""]","[0.8499501943588257, 0.08386179059743881, 0.02865048125386238, 0.028319744393229485, 0.004035973455756903]"
0,0.15,s0_case72,within <e1> sits <e2> usually,contains:fwd,supports:fwd,0,1,contains:fwd,1,precedes:rev,0,1,supports:fwd,supports:fwd,contains:fwd,1.0,0.0,3.0,"{""supports:fwd"": 0.04621002813514998, ""contains:fwd"": 0.8545437318648501, ""maps:rev"": 0.04621002813514998, ""precedes:rev"": 0.14545626813515, ""maps:fwd"": 0.04621002813514998}","[""supports:fwd"", ""contains:fwd"", ""maps:rev"", ""precedes:rev"", ""maps:fwd""]","[0.5785393118858337, 0.31080198287963867, 0.050907716155052185, 0.05078266188502312, 0.0033723553642630577]"
0,0.15,s0_case73,backing <e1> is <e2>,supports:rev,contains:rev,0,1,contains:rev,0,contains:rev,0,0,contains:rev,contains:rev,contains:rev,1.0,1.0,1.0,"{""contains:rev"": 0.04621002813514998, ""supports:rev"": 0.6034920517068783, ""precedes:fwd"": 0.19381002813515, ""precedes:rev"": 0.16724202813515002, ""contains:fwd"": 0.12787594829312202}","[""contains:rev"", ""supports:rev"", ""precedes:fwd"", ""precedes:rev"", ""contains:fwd""]","[0.9779039621353149, 0.00846293568611145, 0.005762042477726936, 0.0034868253860622644, 0.001408126438036561]"
0,0.15,s0_case74,<e2> has <e1> inside usually,contains:rev,contains:rev,1,1,contains:rev,1,precedes:fwd,0,0,contains:fwd,contains:fwd,contains:rev,1.0,0.0,4.0,"{""contains:rev"": 0.9537899718648504, ""contains:fwd"": 0.04621002813514998, ""supports:fwd"": 0.04621002813514998, ""precedes:fwd"": 0.04621002813514998, ""maps:fwd"": 0.04621002813514998}","[""contains:rev"", ""contains:fwd"", ""supports:fwd"", ""precedes:fwd"", ""maps:fwd""]","[0.5890939235687256, 0.3806841969490051, 0.019421981647610664, 0.004759534727782011, 0.002758575603365898]"
0,0.15,s0_case75,backing <e1> is <e2>,supports:rev,contains:rev,0,1,contains:rev,0,contains:rev,0,0,contains:rev,contains:rev,contains:rev,1.0,1.0,1.0,"{""contains:rev"": 0.19381002813515, ""supports:rev"": 0.8061899718648504, ""precedes:fwd"": 0.04621002813514998, ""precedes:rev"": 0.04621002813514998, ""contains:fwd"": 0.04621002813514998}","[""contains:rev"", ""supports:rev"", ""precedes:fwd"", ""precedes:rev"", ""contains:fwd""]","[0.9779039621353149, 0.00846293568611145, 0.005762042477726936, 0.0034868253860622644, 0.001408126438036561]"
0,0.15,s0_case76,to <e2> <e1> points,maps:fwd,maps:fwd,1,1,maps:fwd,1,contains:fwd,0,0,maps:rev,maps:rev,maps:fwd,1.0,0.0,9.0,"{""maps:fwd"": 0.8870568000888504, ""maps:rev"": 0.11294319991115, ""contains:fwd"": 0.04621002813514998, ""supports:rev"": 0.04621002813514998, ""supports:fwd"": 0.04621002813514998}","[""maps:fwd"", ""maps:rev"", ""contains:fwd"", ""supports:rev"", ""supports:fwd""]","[0.7678072452545166, 0.09291931986808777, 0.08385169506072998, 0.02477155067026615, 0.019246211275458336]"
0,0.15,s0_case77,inside <e2> is <e1> directly,contains:rev,contains:rev,1,1,contains:rev,1,contains:rev,1,0,supports:fwd,contains:rev,contains:rev,0.0,0.0,10.0,"{""contains:rev"": 0.9537899718648504, ""supports:fwd"": 0.04621002813514998, ""contains:fwd"": 0.04621002813514998, ""maps:fwd"": 0.04621002813514998, ""supports:rev"": 0.04621002813514998}","[""contains:rev"", ""supports:fwd"", ""contains:fwd"", ""maps:fwd"", ""supports:rev""]","[0.9566512703895569, 0.02208295650780201, 0.014218299649655819, 0.0018949111690744758, 0.0017572223441675305]"
0,0.15,s0_case78,before <e2> comes <e1> directly,precedes:fwd,supports:fwd,0,1,supports:fwd,0,supports:fwd,0,0,supports:fwd,supports:fwd,supports:fwd,1.0,1.0,1.0,"{""supports:fwd"": 0.04621002813514998, ""contains:fwd"": 0.04621002813514998, ""precedes:rev"": 0.07638154720889745, ""precedes:fwd"": 0.9236184527911029, ""contains:rev"": 0.04621002813514998}","[""supports:fwd"", ""contains:fwd"", ""precedes:rev"", ""precedes:fwd"", ""contains:rev""]","[0.9748287200927734, 0.012150655500590801, 0.00435898220166564, 0.002833011792972684, 0.0022455104626715183]"
0,0.15,s0_case79,to <e1> <e2> points in context,maps:rev,maps:rev,1,1,maps:rev,1,maps:rev,1,0,maps:fwd,maps:fwd,maps:rev,1.0,0.0,8.0,"{""maps:rev"": 0.5669815196090606, ""maps:fwd"": 0.19381002813515, ""supports:fwd"": 0.16724202813515002, ""contains:fwd"": 0.04621002813514998, ""precedes:fwd"": 0.16438648039093962}","[""maps:rev"", ""maps:fwd"", ""supports:fwd"", ""contains:fwd"", ""precedes:fwd""]","[0.8990553617477417, 0.06379043310880661, 0.017886359244585037, 0.010345951654016972, 0.004997431766241789]"
0,0.3,s0_case0,before <e1> comes <e2> directly,precedes:rev,precedes:fwd,0,1,precedes:fwd,0,precedes:fwd,0,0,precedes:fwd,precedes:fwd,precedes:fwd,1.0,1.0,1.0,"{""precedes:fwd"": 0.04621002813514998, ""precedes:rev"": 0.6401299967991896, ""supports:fwd"": 0.0709506737756229, ""contains:rev"": 0.3351293575603378, ""contains:fwd"": 0.04621002813514998}","[""precedes:fwd"", ""precedes:rev"", ""supports:fwd"", ""contains:rev"", ""contains:fwd""]","[0.9670285582542419, 0.013684932142496109, 0.006531639490276575, 0.005310775246471167, 0.003893456421792507]"
0,0.3,s0_case1,support for <e1> comes from <e2> directly,supports:rev,precedes:fwd,0,1,supports:rev,1,maps:fwd,0,1,precedes:fwd,precedes:fwd,supports:rev,1.0,0.0,1.0,"{""precedes:fwd"": 0.04621002813514998, ""maps:fwd"": 0.11317608266468705, ""supports:rev"": 0.8868239173353132, ""contains:rev"": 0.04621002813514998, ""contains:fwd"": 0.04621002813514998}","[""precedes:fwd"", ""maps:fwd"", ""supports:rev"", ""contains:rev"", ""contains:fwd""]","[0.8783217668533325, 0.039653580635786057, 0.03419126570224762, 0.02474154718220234, 0.012706856243312359]"
0,0.3,s0_case2,<e2> is held up by <e1> for this case,supports:fwd,supports:fwd,1,1,supports:fwd,1,contains:fwd,0,0,contains:fwd,contains:fwd,supports:fwd,1.0,0.0,10.0,"{""supports:fwd"": 0.49197655076858776, ""contains:fwd"": 0.04621002813514998, ""maps:fwd"": 0.04621002813514998, ""supports:rev"": 0.18225080359093962, ""precedes:fwd"": 0.3719826737756229}","[""supports:fwd"", ""contains:fwd"", ""maps:fwd"", ""supports:rev"", ""precedes:fwd""]","[0.7126652002334595, 0.14712956547737122, 0.1146116703748703, 0.010787391103804111, 0.007070355117321014]"
0,0.3,s0_case3,support for <e2> comes from <e1> for this case,supports:fwd,supports:fwd,1,1,supports:fwd,1,maps:fwd,0,0,contains:fwd,contains:fwd,supports:fwd,1.0,0.0,4.0,"{""supports:fwd"": 0.5956761069838729, ""contains:fwd"": 0.34724202813515004, ""maps:fwd"": 0.08300456359093959, ""maps:rev"": 0.04621002813514998, ""precedes:fwd"": 0.0664973575603378}","[""supports:fwd"", ""contains:fwd"", ""maps:fwd"", ""maps:rev"", ""precedes:fwd""]","[0.475405216217041, 0.1677665114402771, 0.1258815973997116, 0.11198528110980988, 0.09756863117218018]"
0,0.3,s0_case4,from <e2> <e1> is mapped for this case,maps:rev,maps:rev,1,1,maps:rev,1,maps:rev,1,0,maps:fwd,maps:rev,maps:rev,0.0,0.0,13.0,"{""maps:rev"": 0.6740064224484477, ""maps:fwd"": 0.04621002813514998, ""supports:fwd"": 0.11582205847780534, ""precedes:rev"": 0.04621002813514998, ""supports:rev"": 0.25638154720889744}","[""maps:rev"", ""maps:fwd"", ""supports:fwd"", ""precedes:rev"", ""supports:rev""]","[0.9858080148696899, 0.0071639143861830235, 0.003162635723128915, 0.0018230074783787131, 0.0008148050401359797]"
0,0.3,s0_case5,usually <e1> has <e2> inside,contains:fwd,contains:fwd,1,1,contains:fwd,1,supports:fwd,0,0,supports:fwd,supports:fwd,contains:fwd,1.0,0.0,7.0,"{""contains:fwd"": 0.7513760550648503, ""supports:fwd"": 0.12759194493515, ""contains:rev"": 0.04621002813514998, ""maps:fwd"": 0.04621002813514998, ""maps:rev"": 0.16724202813515002}","[""contains:fwd"", ""supports:fwd"", ""contains:rev"", ""maps:fwd"", ""maps:rev""]","[0.8186179399490356, 0.14437313377857208, 0.02966986410319805, 0.0028412225656211376, 0.0019299843115732074]"
0,0.3,s0_case6,backing <e2> is <e1> usually,supports:fwd,supports:fwd,1,1,supports:fwd,1,precedes:rev,0,0,precedes:rev,precedes:rev,supports:fwd,1.0,0.0,12.0,"{""supports:fwd"": 0.7422033567111501, ""precedes:rev"": 0.07638154720889745, ""contains:rev"": 0.16608994311884026, ""maps:rev"": 0.08300456359093959, ""contains:fwd"": 0.0709506737756229}","[""supports:fwd"", ""precedes:rev"", ""contains:rev"", ""maps:rev"", ""contains:fwd""]","[0.7504311203956604, 0.07988300919532776, 0.06716103106737137, 0.04817808046936989, 0.03487090766429901]"
0,0.3,s0_case7,<e2> is held up by <e1> for this case,supports:fwd,supports:fwd,1,1,supports:fwd,1,supports:fwd,1,0,contains:fwd,supports:fwd,supports:fwd,0.0,0.0,4.0,"{""supports:fwd"": 0.5482557622745582, ""contains:fwd"": 0.18231314579147, ""maps:fwd"": 0.16724202813515002, ""supports:rev"": 0.08300456359093959, ""precedes:fwd"": 0.15781458461333242}","[""supports:fwd"", ""contains:fwd"", ""maps:fwd"", ""supports:rev"", ""precedes:fwd""]","[0.7126652002334595, 0.14712956547737122, 0.1146116703748703, 0.010787391103804111, 0.007070355117321014]"
0,0.3,s0_case8,<e2> trails <e1>,precedes:fwd,supports:rev,0,0,supports:rev,0,supports:rev,0,0,,,,,,,,,
0,0.3,s0_case9,<e2> is held up by <e1> in context,supports:fwd,supports:fwd,1,1,supports:fwd,1,supports:fwd,1,0,contains:fwd,contains:fwd,supports:fwd,1.0,0.0,11.0,"{""supports:fwd"": 0.7814493262243773, ""contains:fwd"": 0.04621002813514998, ""maps:fwd"": 0.0709506737756229, ""maps:rev"": 0.19381002813515, ""precedes:fwd"": 0.04621002813514998}","[""supports:fwd"", ""contains:fwd"", ""maps:fwd"", ""maps:rev"", ""precedes:fwd""]","[0.8267437815666199, 0.14693771302700043, 0.015758251771330833, 0.0029885689727962017, 0.0024330108426511288]"
0,0.3,s0_case10,within <e1> sits <e2>,contains:fwd,contains:fwd,1,1,contains:fwd,1,contains:fwd,1,0,supports:fwd,supports:fwd,contains:fwd,1.0,0.0,5.0,"{""contains:fwd"": 0.439628005709595, ""supports:fwd"": 0.21248466486521753, ""maps:rev"": 0.0664973575603378, ""precedes:rev"": 0.37381002813514996, ""maps:fwd"": 0.04621002813514998}","[""contains:fwd"", ""supports:fwd"", ""maps:rev"", ""precedes:rev"", ""maps:fwd""]","[0.7340478897094727, 0.14045026898384094, 0.09375354647636414, 0.016989227384328842, 0.010949235409498215]"
0,0.3,s0_case11,the target of <e2> is <e1>,maps:rev,maps:fwd,0,1,maps:rev,1,maps:rev,1,1,maps:fwd,maps:fwd,maps:rev,1.0,0.0,2.0,"{""maps:fwd"": 0.16724202813515002, ""maps:rev"": 0.5671859745303478, ""supports:fwd"": 0.15781458461333242, ""supports:rev"": 0.14545626813515, ""precedes:rev"": 0.10093122899146997}","[""maps:fwd"", ""maps:rev"", ""supports:fwd"", ""supports:rev"", ""precedes:rev""]","[0.5385628342628479, 0.3803333640098572, 0.055849455296993256, 0.01088450662791729, 0.008952217176556587]"
0,0.3,s0_case12,from <e2> <e1> is mapped in context,maps:rev,maps:rev,1,1,maps:rev,1,maps:rev,1,0,maps:fwd,maps:rev,maps:rev,0.0,0.0,13.0,"{""maps:rev"": 0.5109032015833425, ""maps:fwd"": 0.14545626813515, ""supports:fwd"": 0.04621002813514998, ""precedes:rev"": 0.24853122899146998, ""contains:fwd"": 0.18752935756033778}","[""maps:rev"", ""maps:fwd"", ""supports:fwd"", ""precedes:rev"", ""contains:fwd""]","[0.9842140674591064, 0.008727301843464375, 0.0033519279677420855, 0.001651821075938642, 0.0007787462673150003]"
0,0.3,s0_case13,in context <e1> is ahead of <e2>,precedes:fwd,maps:rev,0,0,maps:rev,0,maps:rev,0,0,,,,,,,,,
0,0.3,s0_case14,usually <e1> is ahead of <e2>,precedes:fwd,supports:rev,0,0,supports:rev,0,supports:rev,0,0,,,,,,,,,
0,0.3,s0_case15,inside <e2> is <e1>,contains:rev,contains:rev,1,1,contains:rev,1,contains:rev,1,0,supports:rev,contains:rev,contains:rev,0.0,0.0,13.0,"{""contains:rev"": 0.6735692295063478, ""supports:rev"": 0.18231314579147, ""supports:fwd"": 0.04621002813514998, ""maps:rev"": 0.14545626813515, ""contains:fwd"": 0.0910814128373324}","[""contains:rev"", ""supports:rev"", ""supports:fwd"", ""maps:rev"", ""contains:fwd""]","[0.9087101817131042, 0.036828164011240005, 0.020997507497668266, 0.013087035156786442, 0.009873851202428341]"
0,0.3,s0_case16,backing <e2> is <e1> for this case,supports:fwd,contains:rev,0,1,contains:rev,0,contains:rev,0,0,contains:rev,contains:rev,contains:rev,1.0,1.0,1.0,"{""contains:rev"": 0.40196322899146997, ""supports:fwd"": 0.41740861420853015, ""maps:rev"": 0.14545626813515, ""precedes:rev"": 0.04621002813514998, ""contains:fwd"": 0.12759194493515}","[""contains:rev"", ""supports:fwd"", ""maps:rev"", ""precedes:rev"", ""contains:fwd""]","[0.7758662104606628, 0.07286559045314789, 0.062754325568676, 0.03287710249423981, 0.029156729578971863]"
0,0.3,s0_case17,within <e1> sits <e2> directly,contains:fwd,contains:fwd,1,1,contains:fwd,1,contains:fwd,1,0,supports:fwd,supports:fwd,contains:fwd,1.0,0.0,4.0,"{""contains:fwd"": 0.7238523727674, ""supports:fwd"": 0.1032918930161274, ""maps:rev"": 0.12759194493515, ""precedes:rev"": 0.0709506737756229, ""maps:fwd"": 0.11294319991115}","[""contains:fwd"", ""supports:fwd"", ""maps:rev"", ""precedes:rev"", ""maps:fwd""]","[0.6399730443954468, 0.31191885471343994, 0.028492838144302368, 0.011066138744354248, 0.005162508226931095]"
0,0.3,s0_case18,in context <e1> is ahead of <e2>,precedes:fwd,maps:rev,0,0,maps:rev,0,maps:rev,0,0,,,,,,,,,
0,0.3,s0_case19,usually <e1> trails <e2>,precedes:rev,supports:fwd,0,1,precedes:rev,1,precedes:rev,1,1,supports:fwd,supports:fwd,precedes:rev,1.0,0.0,3.0,"{""supports:fwd"": 0.04621002813514998, ""contains:fwd"": 0.14973773536693963, ""precedes:rev"": 0.8255216189925876, ""maps:rev"": 0.0709506737756229, ""supports:rev"": 0.04621002813514998}","[""supports:fwd"", ""contains:fwd"", ""precedes:rev"", ""maps:rev"", ""supports:rev""]","[0.5305022597312927, 0.23856312036514282, 0.16083987057209015, 0.05522169545292854, 0.006517719943076372]"
0,0.3,s0_case20,<e2> is held up by <e1>,supports:fwd,supports:fwd,1,1,supports:fwd,1,contains:fwd,0,0,contains:fwd,contains:fwd,supports:fwd,1.0,0.0,6.0,"{""supports:fwd"": 0.7045207256396624, ""contains:fwd"": 0.21409735756033782, ""maps:fwd"": 0.04621002813514998, ""maps:rev"": 0.12759194493515, ""precedes:rev"": 0.04621002813514998}","[""supports:fwd"", ""contains:fwd"", ""maps:fwd"", ""maps:rev"", ""precedes:rev""]","[0.9004346132278442, 0.08343246579170227, 0.007386298384517431, 0.00299586053006351, 0.0018108750227838755]"
0,0.3,s0_case21,to <e2> <e1> points in context,maps:fwd,maps:rev,0,1,maps:fwd,1,maps:rev,0,1,maps:rev,maps:rev,maps:fwd,1.0,0.0,1.0,"{""maps:rev"": 0.04621002813514998, ""maps:fwd"": 0.8988778071506298, ""supports:fwd"": 0.04621002813514998, ""contains:fwd"": 0.1011221928493704, ""supports:rev"": 0.04621002813514998}","[""maps:rev"", ""maps:fwd"", ""supports:fwd"", ""contains:fwd"", ""supports:rev""]","[0.9653952717781067, 0.014706725254654884, 0.008562786504626274, 0.004240050911903381, 0.003594954963773489]"
0,0.3,s0_case22,within <e1> sits <e2>,contains:fwd,contains:fwd,1,1,contains:fwd,1,maps:rev,0,0,supports:fwd,supports:fwd,contains:fwd,1.0,0.0,8.0,"{""contains:fwd"": 0.7592134986637327, ""supports:fwd"": 0.07638154720889745, ""maps:rev"": 0.1657435975603378, ""precedes:rev"": 0.04621002813514998, ""maps:fwd"": 0.0910814128373324}","[""contains:fwd"", ""supports:fwd"", ""maps:rev"", ""precedes:rev"", ""maps:fwd""]","[0.7340478897094727, 0.14045026898384094, 0.09375354647636414, 0.016989227384328842, 0.010949235409498215]"
0,0.3,s0_case23,to <e1> <e2> points,maps:rev,maps:fwd,0,1,maps:fwd,0,contains:fwd,0,0,maps:fwd,maps:fwd,maps:fwd,1.0,1.0,1.0,"{""maps:fwd"": 0.11317608266468705, ""contains:fwd"": 0.04621002813514998, ""supports:fwd"": 0.19381002813515, ""maps:rev"": 0.5514587455593132, ""precedes:fwd"": 0.23397519991115}","[""maps:fwd"", ""contains:fwd"", ""supports:fwd"", ""maps:rev"", ""precedes:fwd""]","[0.6953626275062561, 0.20401306450366974, 0.046856608241796494, 0.04075680673122406, 0.0064432937651872635]"
0,0.3,s0_case24,the target of <e1> is <e2> directly,maps:fwd,maps:rev,0,1,maps:rev,0,maps:rev,0,0,maps:rev,maps:rev,maps:rev,1.0,1.0,1.0,"{""maps:rev"": 0.04621002813514998, ""precedes:rev"": 0.04621002813514998, ""supports:fwd"": 0.04621002813514998, ""maps:fwd"": 0.7631459415221951, ""supports:rev"": 0.23685405847780538}","[""maps:rev"", ""precedes:rev"", ""supports:fwd"", ""maps:fwd"", ""supports:rev""]","[0.9356886744499207, 0.04683053120970726, 0.01132284291088581, 0.002454482251778245, 0.0016294632805511355]"
0,0.3,s0_case25,<e2> trails <e1> in context,precedes:fwd,precedes:rev,0,0,precedes:rev,0,precedes:rev,0,0,,,,,,,,,
0,0.3,s0_case26,<e1> trails <e2>,precedes:rev,contains:fwd,0,1,contains:fwd,0,contains:fwd,0,0,contains:fwd,contains:fwd,contains:fwd,1.0,1.0,1.0,"{""contains:fwd"": 0.15781458461333242, ""precedes:fwd"": 0.04621002813514998, ""supports:fwd"": 0.04621002813514998, ""maps:rev"": 0.22621002813514998, ""precedes:rev"": 0.6621854153866679}","[""contains:fwd"", ""precedes:fwd"", ""supports:fwd"", ""maps:rev"", ""precedes:rev""]","[0.7794952988624573, 0.07987011224031448, 0.05390939489006996, 0.02915319986641407, 0.028168005868792534]"
0,0.3,s0_case27,<e2> trails <e1>,precedes:fwd,supports:rev,0,0,supports:rev,0,supports:rev,0,0,,,,,,,,,
0,0.3,s0_case28,usually <e1> trails <e2>,precedes:rev,supports:fwd,0,1,precedes:rev,1,maps:rev,0,1,supports:fwd,supports:fwd,precedes:rev,1.0,0.0,3.0,"{""supports:fwd"": 0.16724202813515002, ""contains:fwd"": 0.04621002813514998, ""precedes:rev"": 0.8327579718648501, ""maps:rev"": 0.04621002813514998, ""supports:rev"": 0.04621002813514998}","[""supports:fwd"", ""contains:fwd"", ""precedes:rev"", ""maps:rev"", ""supports:rev""]","[0.5305022597312927, 0.23856312036514282, 0.16083987057209015, 0.05522169545292854, 0.006517719943076372]"
0,0.3,s0_case29,<e2> is held up by <e1> for this case,supports:fwd,supports:fwd,1,1,supports:fwd,1,maps:fwd,0,0,contains:fwd,supports:fwd,supports:fwd,0.0,0.0,4.0,"{""supports:fwd"": 0.45149614008116, ""contains:fwd"": 0.04621002813514998, ""maps:fwd"": 0.18752935756033778, ""supports:rev"": 0.2710814128373324, ""precedes:fwd"": 0.18231314579147}","[""supports:fwd"", ""contains:fwd"", ""maps:fwd"", ""supports:rev"", ""precedes:fwd""]","[0.7126652002334595, 0.14712956547737122, 0.1146116703748703, 0.010787391103804111, 0.007070355117321014]"
0,0.3,s0_case30,within <e1> sits <e2>,contains:fwd,contains:fwd,1,1,contains:fwd,1,supports:fwd,0,0,supports:fwd,supports:fwd,contains:fwd,1.0,0.0,7.0,"{""contains:fwd"": 0.6696341078330607, ""supports:fwd"": 0.26363272039093966, ""maps:rev"": 0.04621002813514998, ""precedes:rev"": 0.11294319991115, ""maps:fwd"": 0.04621002813514998}","[""contains:fwd"", ""supports:fwd"", ""maps:rev"", ""precedes:rev"", ""maps:fwd""]","[0.7340478897094727, 0.14045026898384094, 0.09375354647636414, 0.016989227384328842, 0.010949235409498215]"
0,0.3,s0_case31,<e1> is held up by <e2>,supports:rev,supports:fwd,0,0,supports:fwd,0,supports:fwd,0,0,,,,,,,,,
0,0.3,s0_case32,the target of <e2> is <e1> for this case,maps:rev,maps:rev,1,1,maps:rev,1,maps:rev,1,0,maps:fwd,maps:fwd,maps:rev,1.0,0.0,5.0,"{""maps:rev"": 0.27921783664121763, ""maps:fwd"": 0.3298508035909396, ""supports:fwd"": 0.16724202813515002, ""precedes:rev"": 0.31610938790299314, ""supports:rev"": 0.04621002813514998}","[""maps:rev"", ""maps:fwd"", ""supports:fwd"", ""precedes:rev"", ""supports:rev""]","[0.9298487305641174, 0.049662329256534576, 0.012219413183629513, 0.003483033971861005, 0.002846780698746443]"
0,0.3,s0_case33,within <e1> sits <e2> for this case,contains:fwd,contains:fwd,1,1,contains:fwd,1,maps:rev,0,0,supports:fwd,supports:fwd,contains:fwd,1.0,0.0,7.0,"{""contains:fwd"": 0.7069437318648502, ""supports:fwd"": 0.19381002813515, ""maps:rev"": 0.04621002813514998, ""precedes:rev"": 0.14545626813515, ""maps:fwd"": 0.04621002813514998}","[""contains:fwd"", ""supports:fwd"", ""maps:rev"", ""precedes:rev"", ""maps:fwd""]","[0.6544574499130249, 0.1848612278699875, 0.10178404301404953, 0.04843480512499809, 0.00586733827367425]"
0,0.3,s0_case34,<e1> is ahead of <e2>,precedes:fwd,supports:fwd,0,1,supports:fwd,0,supports:fwd,0,0,supports:fwd,supports:fwd,supports:fwd,1.0,1.0,1.0,"{""supports:fwd"": 0.34724202813515004, ""contains:fwd"": 0.19381002813515, ""maps:rev"": 0.0664973575603378, ""precedes:fwd"": 0.399977922509595, ""maps:fwd"": 0.1311027480652175}","[""supports:fwd"", ""contains:fwd"", ""maps:rev"", ""precedes:fwd"", ""maps:fwd""]","[0.391061931848526, 0.23774951696395874, 0.20515406131744385, 0.07901587337255478, 0.05865572765469551]"
0,0.3,s0_case35,the target of <e2> is <e1> usually,maps:rev,maps:rev,1,1,maps:rev,1,maps:rev,1,0,supports:fwd,maps:rev,maps:rev,0.0,0.0,13.0,"{""maps:rev"": 0.8177491964090609, ""supports:fwd"": 0.04621002813514998, ""maps:fwd"": 0.04621002813514998, ""precedes:rev"": 0.18225080359093962, ""supports:rev"": 0.04621002813514998}","[""maps:rev"", ""supports:fwd"", ""maps:fwd"", ""precedes:rev"", ""supports:rev""]","[0.8481475710868835, 0.0676301121711731, 0.06749654561281204, 0.010279237292706966, 0.0033278518822044134]"
0,0.3,s0_case36,within <e1> sits <e2> directly,contains:fwd,contains:fwd,1,1,contains:fwd,1,maps:rev,0,0,supports:fwd,supports:fwd,contains:fwd,1.0,0.0,5.0,"{""contains:fwd"": 0.7814493262243773, ""supports:fwd"": 0.0709506737756229, ""maps:rev"": 0.04621002813514998, ""precedes:rev"": 0.19381002813515, ""maps:fwd"": 0.04621002813514998}","[""contains:fwd"", ""supports:fwd"", ""maps:rev"", ""precedes:rev"", ""maps:fwd""]","[0.6399730443954468, 0.31191885471343994, 0.028492838144302368, 0.011066138744354248, 0.005162508226931095]"
0,0.3,s0_case37,from <e1> <e2> is mapped,maps:fwd,maps:rev,0,1,maps:rev,0,maps:rev,0,0,maps:rev,maps:rev,maps:rev,1.0,1.0,1.0,"{""maps:rev"": 0.2787027480652175, ""maps:fwd"": 0.4719968990625203, ""supports:fwd"": 0.10774520923141251, ""precedes:rev"": 0.04621002813514998, ""contains:fwd"": 0.23397519991115}","[""maps:rev"", ""maps:fwd"", ""supports:fwd"", ""precedes:rev"", ""contains:fwd""]","[0.9833364486694336, 0.006479201372712851, 0.005623515695333481, 0.001967052696272731, 0.0012909130891785026]"
0,0.3,s0_case38,in context <e1> has <e2> inside,contains:fwd,contains:rev,0,1,contains:fwd,1,supports:fwd,0,1,contains:rev,contains:rev,contains:fwd,1.0,0.0,1.0,"{""contains:rev"": 0.11294319991115, ""contains:fwd"": 0.8568852810151029, ""supports:fwd"": 0.04621002813514998, ""maps:fwd"": 0.07638154720889745, ""precedes:rev"": 0.04621002813514998}","[""contains:rev"", ""contains:fwd"", ""supports:fwd"", ""maps:fwd"", ""precedes:rev""]","[0.9168787598609924, 0.06647235155105591, 0.009612559340894222, 0.0026972228661179543, 0.001818494638428092]"
0,0.3,s0_case39,before <e1> comes <e2> usually,precedes:rev,precedes:fwd,0,1,precedes:rev,1,precedes:fwd,0,1,precedes:fwd,precedes:fwd,precedes:rev,1.0,0.0,1.0,"{""precedes:fwd"": 0.08300456359093959, ""precedes:rev"": 0.44310770219258766, ""supports:fwd"": 0.39906576235162294, ""contains:fwd"": 0.16724202813515002, ""contains:rev"": 0.04621002813514998}","[""precedes:fwd"", ""precedes:rev"", ""supports:fwd"", ""contains:fwd"", ""contains:rev""]","[0.7080203890800476, 0.250213086605072, 0.025206757709383965, 0.00757799856364727, 0.00391674367710948]"
0,0.3,s0_case40,inside <e2> is <e1> usually,contains:rev,supports:fwd,0,1,contains:rev,1,supports:fwd,0,1,supports:fwd,supports:fwd,contains:rev,1.0,0.0,1.0,"{""supports:fwd"": 0.04621002813514998, ""contains:rev"": 0.5283487135920573, ""precedes:rev"": 0.16766440076747002, ""maps:rev"": 0.22621002813514998, ""contains:fwd"": 0.17019691377562293}","[""supports:fwd"", ""contains:rev"", ""precedes:rev"", ""maps:rev"", ""contains:fwd""]","[0.8114697933197021, 0.06945540010929108, 0.03990286588668823, 0.03359657898545265, 0.026244254782795906]"
0,0.3,s0_case41,directly <e1> trails <e2>,precedes:rev,contains:fwd,0,1,contains:fwd,0,contains:fwd,0,0,contains:fwd,contains:fwd,contains:fwd,1.0,1.0,1.0,"{""contains:fwd"": 0.25638154720889744, ""supports:fwd"": 0.04621002813514998, ""precedes:rev"": 0.25426252933633786, ""maps:rev"": 0.17054325933412537, ""maps:fwd"": 0.41123272039093967}","[""contains:fwd"", ""supports:fwd"", ""precedes:rev"", ""maps:rev"", ""maps:fwd""]","[0.5715993642807007, 0.33447933197021484, 0.04445432871580124, 0.03286139667034149, 0.009925620630383492]"
0,0.3,s0_case42,within <e2> sits <e1> in context,contains:rev,maps:rev,0,0,maps:rev,0,maps:rev,0,0,,,,,,,,,
0,0.3,s0_case43,support for <e2> comes from <e1> for this case,supports:fwd,supports:fwd,1,1,supports:fwd,1,supports:fwd,1,0,contains:fwd,contains:fwd,supports:fwd,1.0,0.0,6.0,"{""supports:fwd"": 0.7044896189925878, ""contains:fwd"": 0.11294319991115, ""maps:fwd"": 0.2287772092314125, ""maps:rev"": 0.04621002813514998, ""precedes:fwd"": 0.04621002813514998}","[""supports:fwd"", ""contains:fwd"", ""maps:fwd"", ""maps:rev"", ""precedes:fwd""]","[0.475405216217041, 0.1677665114402771, 0.1258815973997116, 0.11198528110980988, 0.09756863117218018]"
0,0.3,s0_case44,within <e2> sits <e1> usually,contains:rev,contains:fwd,0,0,contains:fwd,0,contains:fwd,0,0,,,,,,,,,
0,0.3,s0_case45,<e1> is held up by <e2>,supports:rev,supports:fwd,0,0,supports:fwd,0,supports:fwd,0,0,,,,,,,,,
0,0.3,s0_case46,to <e1> <e2> points,maps:rev,maps:fwd,0,1,maps:rev,1,maps:fwd,0,1,maps:fwd,maps:fwd,maps:rev,1.0,0.0,1.0,"{""maps:fwd"": 0.04621002813514998, ""contains:fwd"": 0.04621002813514998, ""supports:fwd"": 0.10093122899146997, ""maps:rev"": 0.8541973863063477, ""precedes:fwd"": 0.0910814128373324}","[""maps:fwd"", ""contains:fwd"", ""supports:fwd"", ""maps:rev"", ""precedes:fwd""]","[0.6953626275062561, 0.20401306450366974, 0.046856608241796494, 0.04075680673122406, 0.0064432937651872635]"
0,0.3,s0_case47,<e2> is ahead of <e1> for this case,precedes:rev,supports:rev,0,1,supports:rev,0,supports:fwd,0,0,supports:rev,supports:rev,supports:rev,1.0,1.0,1.0,"{""supports:rev"": 0.19032765283733247, ""supports:fwd"": 0.19381002813515, ""precedes:rev"": 0.6620723471626677, ""contains:rev"": 0.04621002813514998, ""maps:rev"": 0.04621002813514998}","[""supports:rev"", ""supports:fwd"", ""precedes:rev"", ""contains:rev"", ""maps:rev""]","[0.7836419343948364, 0.10604396462440491, 0.04553287476301193, 0.027499211952090263, 0.026597775518894196]"
0,0.3,s0_case48,usually <e1> trails <e2>,precedes:rev,supports:fwd,0,1,precedes:rev,1,supports:fwd,0,1,supports:fwd,supports:fwd,precedes:rev,1.0,0.0,1.0,"{""supports:fwd"": 0.15233259057562296, ""contains:fwd"": 0.22621002813514998, ""precedes:rev"": 0.5200674094243772, ""maps:rev"": 0.04621002813514998, ""supports:rev"": 0.19381002813515}","[""supports:fwd"", ""contains:fwd"", ""precedes:rev"", ""maps:rev"", ""supports:rev""]","[0.5305022597312927, 0.23856312036514282, 0.16083987057209015, 0.05522169545292854, 0.006517719943076372]"
0,0.3,s0_case49,for this case <e1> is held up by <e2>,supports:rev,maps:fwd,0,1,maps:fwd,0,maps:fwd,0,0,maps:fwd,maps:fwd,maps:fwd,1.0,1.0,1.0,"{""maps:fwd"": 0.14545626813515, ""supports:rev"": 0.33592844949430983, ""precedes:fwd"": 0.2509506737756229, ""supports:fwd"": 0.10093122899146997, ""contains:rev"": 0.3053634640088975}","[""maps:fwd"", ""supports:rev"", ""precedes:fwd"", ""supports:fwd"", ""contains:rev""]","[0.8812834024429321, 0.04341171681880951, 0.03895450383424759, 0.015101170167326927, 0.008191250264644623]"
0,0.3,s0_case50,before <e1> comes <e2>,precedes:rev,precedes:fwd,0,1,precedes:fwd,0,precedes:fwd,0,0,precedes:fwd,precedes:fwd,precedes:fwd,1.0,1.0,1.0,"{""precedes:fwd"": 0.22621002813514998, ""precedes:rev"": 0.6280173262243773, ""maps:fwd"": 0.0709506737756229, ""maps:rev"": 0.16724202813515002, ""supports:fwd"": 0.04621002813514998}","[""precedes:fwd"", ""precedes:rev"", ""maps:fwd"", ""maps:rev"", ""supports:fwd""]","[0.9701848030090332, 0.021566463634371758, 0.0017458038637414575, 0.0017331845592707396, 0.0016041295602917671]"
0,0.3,s0_case51,within <e2> sits <e1> in context,contains:rev,maps:rev,0,0,maps:rev,0,maps:rev,0,0,,,,,,,,,
0,0.3,s0_case52,the target of <e2> is <e1> directly,maps:rev,maps:fwd,0,1,maps:rev,1,maps:fwd,0,1,maps:fwd,maps:fwd,maps:rev,1.0,0.0,1.0,"{""maps:fwd"": 0.25638154720889744, ""maps:rev"": 0.5804140254696525, ""supports:fwd"": 0.04621002813514998, ""supports:rev"": 0.20941445545660037, ""precedes:rev"": 0.04621002813514998}","[""maps:fwd"", ""maps:rev"", ""supports:fwd"", ""supports:rev"", ""precedes:rev""]","[0.6917348504066467, 0.24150902032852173, 0.042564403265714645, 0.00973513163626194, 0.008514286950230598]"
0,0.3,s0_case53,the target of <e1> is <e2> for this case,maps:fwd,maps:rev,0,1,maps:rev,0,maps:rev,0,0,maps:rev,maps:rev,maps:rev,1.0,1.0,1.0,"{""maps:rev"": 0.12125293191107989, ""precedes:rev"": 0.19381002813515, ""maps:fwd"": 0.6101150680889202, ""supports:fwd"": 0.04621002813514998, ""supports:rev"": 0.16724202813515002}","[""maps:rev"", ""precedes:rev"", ""maps:fwd"", ""supports:fwd"", ""supports:rev""]","[0.9715335965156555, 0.016835154965519905, 0.004789575003087521, 0.004173215012997389, 0.0014811799628660083]"
0,0.3,s0_case54,from <e1> <e2> is mapped,maps:fwd,maps:rev,0,1,maps:rev,0,maps:rev,0,0,maps:rev,maps:rev,maps:rev,1.0,1.0,1.0,"{""maps:rev"": 0.1431147189848975, ""maps:fwd"": 0.7325520498161275, ""supports:fwd"": 0.04621002813514998, ""precedes:rev"": 0.14580261369365244, ""contains:fwd"": 0.0709506737756229}","[""maps:rev"", ""maps:fwd"", ""supports:fwd"", ""precedes:rev"", ""contains:fwd""]","[0.9833364486694336, 0.006479201372712851, 0.005623515695333481, 0.001967052696272731, 0.0012909130891785026]"
0,0.3,s0_case55,in context <e1> is ahead of <e2>,precedes:fwd,maps:rev,0,0,maps:rev,0,maps:rev,0,0,,,,,,,,,
0,0.3,s0_case56,usually <e1> is held up by <e2>,supports:rev,contains:rev,0,1,supports:rev,1,contains:rev,0,1,contains:rev,contains:rev,supports:rev,1.0,0.0,1.0,"{""contains:rev"": 0.04621002813514998, ""supports:rev"": 0.9537899718648504, ""maps:rev"": 0.04621002813514998, ""maps:fwd"": 0.04621002813514998, ""precedes:rev"": 0.04621002813514998}","[""contains:rev"", ""supports:rev"", ""maps:rev"", ""maps:fwd"", ""precedes:rev""]","[0.9866442084312439, 0.004449333995580673, 0.0024505038745701313, 0.0019018453313037753, 0.001602100906893611]"
0,0.3,s0_case57,backing <e1> is <e2> usually,supports:rev,contains:rev,0,1,contains:rev,0,contains:rev,0,0,contains:rev,contains:rev,contains:rev,1.0,1.0,1.0,"{""contains:rev"": 0.0664973575603378, ""contains:fwd"": 0.14973773536693963, ""precedes:fwd"": 0.17019691377562293, ""supports:fwd"": 0.16724202813515002, ""supports:rev"": 0.5849560495673999}","[""contains:rev"", ""contains:fwd"", ""precedes:fwd"", ""supports:fwd"", ""supports:rev""]","[0.9885990619659424, 0.003693499369546771, 0.0034162721130996943, 0.0012142083141952753, 0.001200215076096356]"
0,0.3,s0_case58,within <e1> sits <e2>,contains:fwd,contains:fwd,1,1,contains:fwd,1,maps:rev,0,0,supports:fwd,supports:fwd,contains:fwd,1.0,0.0,8.0,"{""contains:fwd"": 0.8990687710085301, ""supports:fwd"": 0.04621002813514998, ""maps:rev"": 0.04621002813514998, ""precedes:rev"": 0.04621002813514998, ""maps:fwd"": 0.10093122899146997}","[""contains:fwd"", ""supports:fwd"", ""maps:rev"", ""precedes:rev"", ""maps:fwd""]","[0.7340478897094727, 0.14045026898384094, 0.09375354647636414, 0.016989227384328842, 0.010949235409498215]"
0,0.3,s0_case59,support for <e2> comes from <e1> in context,supports:fwd,contains:fwd,0,1,supports:fwd,1,contains:fwd,0,1,contains:fwd,contains:fwd,supports:fwd,1.0,0.0,4.0,"{""contains:fwd"": 0.04621002813514998, ""supports:fwd"": 0.4115790659494421, ""precedes:fwd"": 0.44648826813515, ""maps:rev"": 0.13323052933633783, ""maps:fwd"": 0.1011221928493704}","[""contains:fwd"", ""supports:fwd"", ""precedes:fwd"", ""maps:rev"", ""maps:fwd""]","[0.2909649908542633, 0.2183460295200348, 0.18801574409008026, 0.16787166893482208, 0.11693454533815384]"
0,0.3,s0_case60,within <e2> sits <e1> directly,contains:rev,contains:fwd,0,0,contains:fwd,0,contains:fwd,0,0,,,,,,,,,
0,0.3,s0_case61,<e2> has <e1> inside for this case,contains:rev,contains:rev,1,1,contains:rev,1,contains:rev,1,0,contains:fwd,contains:rev,contains:rev,0.0,0.0,13.0,"{""contains:rev"": 0.6154279955527406, ""contains:fwd"": 0.18225080359093962, ""supports:fwd"": 0.10093122899146997, ""maps:fwd"": 0.04621002813514998, ""maps:rev"": 0.19381002813515}","[""contains:rev"", ""contains:fwd"", ""supports:fwd"", ""maps:fwd"", ""maps:rev""]","[0.9369392991065979, 0.05362671613693237, 0.0036616367287933826, 0.0018270727014169097, 0.0015169993275776505]"
0,0.3,s0_case62,backing <e1> is <e2> for this case,supports:rev,contains:rev,0,1,contains:rev,0,contains:rev,0,0,contains:rev,contains:rev,contains:rev,1.0,1.0,1.0,"{""contains:rev"": 0.18231314579147, ""contains:fwd"": 0.19741354720889745, ""supports:rev"": 0.33888333513478286, ""maps:rev"": 0.04621002813514998, ""maps:fwd"": 0.37381002813514996}","[""contains:rev"", ""contains:fwd"", ""supports:rev"", ""maps:rev"", ""maps:fwd""]","[0.9820250272750854, 0.00914430059492588, 0.0032003442756831646, 0.0018636580789461732, 0.001503433333709836]"
0,0.3,s0_case63,<e2> trails <e1> in context,precedes:fwd,precedes:rev,0,0,precedes:rev,0,precedes:rev,0,0,,,,,,,,,
0,0.3,s0_case64,to <e2> <e1> points,maps:fwd,maps:fwd,1,1,maps:fwd,1,contains:fwd,0,0,maps:rev,maps:rev,maps:fwd,1.0,0.0,8.0,"{""maps:fwd"": 0.6967171964090606, ""maps:rev"": 0.14545626813515, ""contains:fwd"": 0.04621002813514998, ""supports:rev"": 0.2040365635909396, ""supports:fwd"": 0.04621002813514998}","[""maps:fwd"", ""maps:rev"", ""contains:fwd"", ""supports:rev"", ""supports:fwd""]","[0.7678072452545166, 0.09291931986808777, 0.08385169506072998, 0.02477155067026615, 0.019246211275458336]"
0,0.3,s0_case65,from <e1> <e2> is mapped directly,maps:fwd,maps:rev,0,1,maps:rev,0,maps:rev,0,0,maps:rev,maps:rev,maps:rev,1.0,1.0,1.0,"{""maps:rev"": 0.19381002813515, ""maps:fwd"": 0.5811619967991895, ""supports:fwd"": 0.2509506737756229, ""precedes:rev"": 0.0664973575603378, ""contains:fwd"": 0.04621002813514998}","[""maps:rev"", ""maps:fwd"", ""supports:fwd"", ""precedes:rev"", ""contains:fwd""]","[0.9831640124320984, 0.006724821403622627, 0.005575572606176138, 0.0019656613003462553, 0.001295433728955686]"
0,0.3,s0_case66,before <e1> comes <e2> in context,precedes:rev,precedes:fwd,0,1,precedes:rev,1,precedes:rev,1,1,precedes:fwd,precedes:fwd,precedes:rev,1.0,0.0,1.0,"{""precedes:fwd"": 0.04621002813514998, ""precedes:rev"": 0.43276290486521757, ""supports:fwd"": 0.2630045635909396, ""contains:rev"": 0.28528384555162295, ""maps:rev"": 0.11136874226252023}","[""precedes:fwd"", ""precedes:rev"", ""supports:fwd"", ""contains:rev"", ""maps:rev""]","[0.8228558301925659, 0.16186115145683289, 0.0053876060992479324, 0.003150408389046788, 0.0028329186607152224]"
0,0.3,s0_case67,<e2> has <e1> inside,contains:rev,contains:rev,1,1,contains:rev,1,contains:rev,1,0,contains:fwd,contains:rev,contains:rev,0.0,0.0,13.0,"{""contains:rev"": 0.5389365879101254, ""contains:fwd"": 0.07638154720889745, ""precedes:fwd"": 0.2306045635909396, ""supports:rev"": 0.2464973575603378, ""maps:fwd"": 0.04621002813514998}","[""contains:rev"", ""contains:fwd"", ""precedes:fwd"", ""supports:rev"", ""maps:fwd""]","[0.9559245705604553, 0.031641773879528046, 0.003123657777905464, 0.002984260208904743, 0.002318563172593713]"
0,0.3,s0_case68,the target of <e2> is <e1>,maps:rev,maps:fwd,0,1,maps:rev,1,maps:rev,1,1,maps:fwd,maps:fwd,maps:rev,1.0,0.0,2.0,"{""maps:fwd"": 0.04621002813514998, ""maps:rev"": 0.5678652519347829, ""supports:fwd"": 0.34724202813515004, ""supports:rev"": 0.04621002813514998, ""precedes:rev"": 0.1311027480652175}","[""maps:fwd"", ""maps:rev"", ""supports:fwd"", ""supports:rev"", ""precedes:rev""]","[0.5385628342628479, 0.3803333640098572, 0.055849455296993256, 0.01088450662791729, 0.008952217176556587]"
0,0.3,s0_case69,to <e2> <e1> points for this case,maps:fwd,maps:rev,0,1,maps:rev,0,contains:fwd,0,0,maps:rev,maps:rev,maps:rev,1.0,1.0,1.0,"{""maps:rev"": 0.19381002813515, ""supports:fwd"": 0.04621002813514998, ""contains:fwd"": 0.04621002813514998, ""maps:fwd"": 0.7069437318648502, ""contains:rev"": 0.14545626813515}","[""maps:rev"", ""supports:fwd"", ""contains:fwd"", ""maps:fwd"", ""contains:rev""]","[0.8255780935287476, 0.08473799377679825, 0.0595674030482769, 0.01973624899983406, 0.005110335536301136]"
0,0.3,s0_case70,<e1> is held up by <e2>,supports:rev,supports:fwd,0,0,supports:fwd,0,supports:fwd,0,0,,,,,,,,,
0,0.3,s0_case71,to <e2> <e1> points usually,maps:fwd,maps:rev,0,1,maps:rev,0,maps:rev,0,0,maps:rev,maps:rev,maps:rev,1.0,1.0,1.0,"{""maps:rev"": 0.34724202813515004, ""supports:fwd"": 0.0910814128373324, ""contains:fwd"": 0.04621002813514998, ""maps:fwd"": 0.5628586120970073, ""supports:rev"": 0.09123800320081073}","[""maps:rev"", ""supports:fwd"", ""contains:fwd"", ""maps:fwd"", ""supports:rev""]","[0.8499501943588257, 0.08386179059743881, 0.02865048125386238, 0.028319744393229485, 0.004035973455756903]"
0,0.3,s0_case72,within <e1> sits <e2> usually,contains:fwd,supports:fwd,0,1,contains:fwd,1,contains:fwd,1,1,supports:fwd,supports:fwd,contains:fwd,1.0,0.0,4.0,"{""supports:fwd"": 0.0664973575603378, ""contains:fwd"": 0.9335026424396624, ""maps:rev"": 0.04621002813514998, ""precedes:rev"": 0.04621002813514998, ""maps:fwd"": 0.04621002813514998}","[""supports:fwd"", ""contains:fwd"", ""maps:rev"", ""precedes:rev"", ""maps:fwd""]","[0.5785393118858337, 0.31080198287963867, 0.050907716155052185, 0.05078266188502312, 0.0033723553642630577]"
0,0.3,s0_case73,backing <e1> is <e2>,supports:rev,contains:rev,0,1,contains:rev,0,contains:rev,0,0,contains:rev,contains:rev,contains:rev,1.0,1.0,1.0,"{""contains:rev"": 0.04621002813514998, ""supports:rev"": 0.6478483478330606, ""precedes:fwd"": 0.16724202813515002, ""precedes:rev"": 0.11294319991115, ""contains:fwd"": 0.16438648039093962}","[""contains:rev"", ""supports:rev"", ""precedes:fwd"", ""precedes:rev"", ""contains:fwd""]","[0.9779039621353149, 0.00846293568611145, 0.005762042477726936, 0.0034868253860622644, 0.001408126438036561]"
0,0.3,s0_case74,<e2> has <e1> inside usually,contains:rev,contains:rev,1,1,contains:rev,1,supports:fwd,0,0,contains:fwd,contains:fwd,contains:rev,1.0,0.0,4.0,"{""contains:rev"": 0.821665203207943, ""contains:fwd"": 0.04621002813514998, ""supports:fwd"": 0.0910814128373324, ""precedes:fwd"": 0.1032918930161274, ""maps:fwd"": 0.07638154720889745}","[""contains:rev"", ""contains:fwd"", ""supports:fwd"", ""precedes:fwd"", ""maps:fwd""]","[0.5890939235687256, 0.3806841969490051, 0.019421981647610664, 0.004759534727782011, 0.002758575603365898]"
0,0.3,s0_case75,backing <e1> is <e2>,supports:rev,contains:rev,0,1,contains:rev,0,contains:rev,0,0,contains:rev,contains:rev,contains:rev,1.0,1.0,1.0,"{""contains:rev"": 0.04621002813514998, ""supports:rev"": 0.7429391753866679, ""precedes:fwd"": 0.04621002813514998, ""precedes:rev"": 0.11294319991115, ""contains:fwd"": 0.19032765283733247}","[""contains:rev"", ""supports:rev"", ""precedes:fwd"", ""precedes:rev"", ""contains:fwd""]","[0.9779039621353149, 0.00846293568611145, 0.005762042477726936, 0.0034868253860622644, 0.001408126438036561]"
0,0.3,s0_case76,to <e2> <e1> points,maps:fwd,maps:fwd,1,1,maps:fwd,1,maps:fwd,1,0,maps:rev,maps:rev,maps:fwd,1.0,0.0,6.0,"{""maps:fwd"": 0.5683865013362677, ""maps:rev"": 0.0709506737756229, ""contains:fwd"": 0.04621002813514998, ""supports:rev"": 0.19432511671115005, ""supports:fwd"": 0.2587577644472596}","[""maps:fwd"", ""maps:rev"", ""contains:fwd"", ""supports:rev"", ""supports:fwd""]","[0.7678072452545166, 0.09291931986808777, 0.08385169506072998, 0.02477155067026615, 0.019246211275458336]"
0,0.3,s0_case77,inside <e2> is <e1> directly,contains:rev,contains:rev,1,1,contains:rev,1,contains:rev,1,0,supports:fwd,contains:rev,contains:rev,0.0,0.0,13.0,"{""contains:rev"": 0.6621854153866679, ""supports:fwd"": 0.04621002813514998, ""contains:fwd"": 0.22621002813514998, ""maps:fwd"": 0.0910814128373324, ""supports:rev"": 0.11294319991115}","[""contains:rev"", ""supports:fwd"", ""contains:fwd"", ""maps:fwd"", ""supports:rev""]","[0.9566512703895569, 0.02208295650780201, 0.014218299649655819, 0.0018949111690744758, 0.0017572223441675305]"
0,0.3,s0_case78,before <e2> comes <e1> directly,precedes:fwd,supports:fwd,0,1,precedes:fwd,1,contains:fwd,0,1,supports:fwd,supports:fwd,precedes:fwd,1.0,0.0,1.0,"{""supports:fwd"": 0.04621002813514998, ""contains:fwd"": 0.04621002813514998, ""precedes:rev"": 0.04621002813514998, ""precedes:fwd"": 0.9537899718648504, ""contains:rev"": 0.04621002813514998}","[""supports:fwd"", ""contains:fwd"", ""precedes:rev"", ""precedes:fwd"", ""contains:rev""]","[0.9748287200927734, 0.012150655500590801, 0.00435898220166564, 0.002833011792972684, 0.0022455104626715183]"
0,0.3,s0_case79,to <e1> <e2> points in context,maps:rev,maps:rev,1,1,maps:rev,1,maps:rev,1,0,maps:fwd,maps:rev,maps:rev,0.0,0.0,13.0,"{""maps:rev"": 0.6414586861363378, ""maps:fwd"": 0.2040365635909396, ""supports:fwd"": 0.15584339370569042, ""contains:fwd"": 0.0910814128373324, ""precedes:fwd"": 0.04621002813514998}","[""maps:rev"", ""maps:fwd"", ""supports:fwd"", ""contains:fwd"", ""precedes:fwd""]","[0.8990553617477417, 0.06379043310880661, 0.017886359244585037, 0.010345951654016972, 0.004997431766241789]"
1,0.0,s1_case0,<e1> is held up by <e2>,supports:rev,supports:fwd,0,1,supports:rev,1,supports:rev,1,1,supports:fwd,supports:fwd,supports:rev,1.0,0.0,3.0,"{""supports:fwd"": 0.04621002813514998, ""supports:rev"": 0.9537899718648504, ""contains:fwd"": 0.04621002813514998, ""precedes:rev"": 0.04621002813514998, ""maps:fwd"": 0.04621002813514998}","[""supports:fwd"", ""supports:rev"", ""contains:fwd"", ""precedes:rev"", ""maps:fwd""]","[0.4567325711250305, 0.3409270644187927, 0.12479916960000992, 0.0664370208978653, 0.005004447419196367]"
1,0.0,s1_case1,within <e1> sits <e2> in context,contains:fwd,precedes:rev,0,1,contains:fwd,1,supports:fwd,0,1,precedes:rev,precedes:rev,contains:fwd,1.0,0.0,1.0,"{""precedes:rev"": 0.04621002813514998, ""maps:fwd"": 0.04621002813514998, ""supports:rev"": 0.04621002813514998, ""supports:fwd"": 0.04621002813514998, ""contains:fwd"": 0.9537899718648504}","[""precedes:rev"", ""maps:fwd"", ""supports:rev"", ""supports:fwd"", ""contains:fwd""]","[0.6625563502311707, 0.25871410965919495, 0.03611641749739647, 0.01103810966014862, 0.010265396907925606]"
1,0.0,s1_case2,before <e1> comes <e2> for this case,precedes:rev,precedes:fwd,0,1,precedes:rev,1,maps:fwd,0,1,precedes:fwd,precedes:fwd,precedes:rev,1.0,0.0,1.0,"{""precedes:fwd"": 0.04621002813514998, ""supports:fwd"": 0.04621002813514998, ""maps:fwd"": 0.04621002813514998, ""precedes:rev"": 0.9537899718648504, ""contains:fwd"": 0.04621002813514998}","[""precedes:fwd"", ""supports:fwd"", ""maps:fwd"", ""precedes:rev"", ""contains:fwd""]","[0.9377213716506958, 0.0449843592941761, 0.0059952810406684875, 0.005829199682921171, 0.0022526923567056656]"
1,0.0,s1_case3,backing <e2> is <e1>,supports:fwd,maps:rev,0,0,maps:rev,0,maps:rev,0,0,,,,,,,,,
1,0.0,s1_case4,to <e2> <e1> points usually,maps:fwd,maps:fwd,1,1,maps:fwd,1,precedes:rev,0,0,precedes:fwd,precedes:fwd,maps:fwd,1.0,0.0,8.0,"{""maps:fwd"": 0.9537899718648504, ""precedes:fwd"": 0.04621002813514998, ""supports:fwd"": 0.04621002813514998, ""precedes:rev"": 0.04621002813514998, ""contains:fwd"": 0.04621002813514998}","[""maps:fwd"", ""precedes:fwd"", ""supports:fwd"", ""precedes:rev"", ""contains:fwd""]","[0.8697267174720764, 0.0788271501660347, 0.03274831920862198, 0.007569269742816687, 0.004519696347415447]"
1,0.0,s1_case5,support for <e2> comes from <e1>,supports:fwd,maps:rev,0,1,supports:fwd,1,supports:fwd,1,1,maps:rev,maps:rev,supports:fwd,1.0,0.0,1.0,"{""maps:rev"": 0.04621002813514998, ""maps:fwd"": 0.04621002813514998, ""supports:fwd"": 0.9537899718648504, ""contains:fwd"": 0.04621002813514998, ""precedes:rev"": 0.04621002813514998}","[""maps:rev"", ""maps:fwd"", ""supports:fwd"", ""contains:fwd"", ""precedes:rev""]","[0.911470353603363, 0.07933805137872696, 0.0030677032191306353, 0.002563543152064085, 0.002269057324156165]"
1,0.0,s1_case6,before <e2> comes <e1> directly,precedes:fwd,precedes:fwd,1,1,precedes:fwd,1,maps:fwd,0,0,supports:fwd,supports:fwd,precedes:fwd,1.0,0.0,9.0,"{""precedes:fwd"": 0.9537899718648504, ""supports:fwd"": 0.04621002813514998, ""maps:fwd"": 0.04621002813514998, ""contains:fwd"": 0.04621002813514998, ""precedes:rev"": 0.04621002813514998}","[""precedes:fwd"", ""supports:fwd"", ""maps:fwd"", ""contains:fwd"", ""precedes:rev""]","[0.9384812116622925, 0.045241523534059525, 0.006800766568630934, 0.0027353428304195404, 0.0023590903729200363]"
1,0.0,s1_case7,within <e1> sits <e2> in context,contains:fwd,precedes:rev,0,1,contains:fwd,1,precedes:rev,0,1,precedes:rev,precedes:rev,contains:fwd,1.0,0.0,1.0,"{""precedes:rev"": 0.04621002813514998, ""maps:fwd"": 0.04621002813514998, ""supports:rev"": 0.04621002813514998, ""supports:fwd"": 0.04621002813514998, ""contains:fwd"": 0.9537899718648504}","[""precedes:rev"", ""maps:fwd"", ""supports:rev"", ""supports:fwd"", ""contains:fwd""]","[0.6625563502311707, 0.25871410965919495, 0.03611641749739647, 0.01103810966014862, 0.010265396907925606]"
1,0.0,s1_case8,support for <e2> comes from <e1> directly,supports:fwd,maps:rev,0,1,supports:fwd,1,supports:fwd,1,1,maps:rev,maps:rev,supports:fwd,1.0,0.0,1.0,"{""maps:rev"": 0.04621002813514998, ""maps:fwd"": 0.04621002813514998, ""supports:fwd"": 0.9537899718648504, ""contains:fwd"": 0.04621002813514998, ""precedes:rev"": 0.04621002813514998}","[""maps:rev"", ""maps:fwd"", ""supports:fwd"", ""contains:fwd"", ""precedes:rev""]","[0.9299275875091553, 0.06142306327819824, 0.0031098020263016224, 0.0023924424313008785, 0.0019643036648631096]"
1,0.0,s1_case9,for this case <e1> is held up by <e2>,supports:rev,maps:rev,0,0,maps:rev,0,maps:rev,0,0,,,,,,,,,
1,0.0,s1_case10,the target of <e2> is <e1> in context,maps:rev,maps:rev,1,1,maps:rev,1,precedes:rev,0,0,precedes:rev,maps:rev,maps:rev,0.0,0.0,13.0,"{""maps:rev"": 0.9537899718648504, ""precedes:rev"": 0.04621002813514998, ""maps:fwd"": 0.04621002813514998, ""contains:fwd"": 0.04621002813514998, ""supports:rev"": 0.04621002813514998}","[""maps:rev"", ""precedes:rev"", ""maps:fwd"", ""contains:fwd"", ""supports:rev""]","[0.9922569990158081, 0.002621452556923032, 0.001493054791353643, 0.000951998052187264, 0.0009168421966023743]"
1,0.0,s1_case11,support for <e2> comes from <e1> directly,supports:fwd,maps:rev,0,1,supports:fwd,1,maps:rev,0,1,maps:rev,maps:rev,supports:fwd,1.0,0.0,1.0,"{""maps:rev"": 0.04621002813514998, ""maps:fwd"": 0.04621002813514998, ""supports:fwd"": 0.9537899718648504, ""contains:fwd"": 0.04621002813514998, ""precedes:rev"": 0.04621002813514998}","[""maps:rev"", ""maps:fwd"", ""supports:fwd"", ""contains:fwd"", ""precedes:rev""]","[0.9299275875091553, 0.06142306327819824, 0.0031098020263016224, 0.0023924424313008785, 0.0019643036648631096]"
1,0.0,s1_case12,from <e2> <e1> is mapped directly,maps:rev,maps:rev,1,1,maps:rev,1,precedes:rev,0,0,maps:fwd,maps:rev,maps:rev,0.0,0.0,13.0,"{""maps:rev"": 0.9537899718648504, ""maps:fwd"": 0.04621002813514998, ""precedes:rev"": 0.04621002813514998, ""contains:rev"": 0.04621002813514998, ""contains:fwd"": 0.04621002813514998}","[""maps:rev"", ""maps:fwd"", ""precedes:rev"", ""contains:rev"", ""contains:fwd""]","[0.9808891415596008, 0.006675928831100464, 0.004198492504656315, 0.002795642940327525, 0.0019216573564335704]"
1,0.0,s1_case13,from <e1> <e2> is mapped,maps:fwd,maps:rev,0,1,maps:fwd,1,maps:rev,0,1,maps:rev,maps:rev,maps:fwd,1.0,0.0,2.0,"{""maps:rev"": 0.04621002813514998, ""maps:fwd"": 0.9537899718648504, ""contains:rev"": 0.04621002813514998, ""precedes:rev"": 0.04621002813514998, ""precedes:fwd"": 0.04621002813514998}","[""maps:rev"", ""maps:fwd"", ""contains:rev"", ""precedes:rev"", ""precedes:fwd""]","[0.802274763584137, 0.17048025131225586, 0.0096873315051198, 0.006993108429014683, 0.0034905069041997194]"
1,0.0,s1_case14,<e2> trails <e1> directly,precedes:fwd,precedes:fwd,1,1,precedes:fwd,1,supports:rev,0,0,precedes:rev,precedes:rev,precedes:fwd,1.0,0.0,6.0,"{""precedes:fwd"": 0.9537899718648504, ""precedes:rev"": 0.04621002813514998, ""maps:fwd"": 0.04621002813514998, ""supports:rev"": 0.04621002813514998, ""contains:rev"": 0.04621002813514998}","[""precedes:fwd"", ""precedes:rev"", ""maps:fwd"", ""supports:rev"", ""contains:rev""]","[0.6848167181015015, 0.16402088105678558, 0.10230207443237305, 0.02483506314456463, 0.01524544321000576]"
1,0.0,s1_case15,within <e1> sits <e2> for this case,contains:fwd,precedes:rev,0,1,contains:fwd,1,precedes:rev,0,1,precedes:rev,precedes:rev,contains:fwd,1.0,0.0,1.0,"{""precedes:rev"": 0.04621002813514998, ""maps:rev"": 0.04621002813514998, ""contains:rev"": 0.04621002813514998, ""contains:fwd"": 0.9537899718648504, ""supports:rev"": 0.04621002813514998}","[""precedes:rev"", ""maps:rev"", ""contains:rev"", ""contains:fwd"", ""supports:rev""]","[0.8327946662902832, 0.0535801500082016, 0.03406645730137825, 0.03315403684973717, 0.031448520720005035]"
1,0.0,s1_case16,from <e1> <e2> is mapped for this case,maps:fwd,maps:rev,0,1,maps:fwd,1,precedes:fwd,0,1,maps:rev,maps:rev,maps:fwd,1.0,0.0,1.0,"{""maps:rev"": 0.04621002813514998, ""maps:fwd"": 0.9537899718648504, ""contains:fwd"": 0.04621002813514998, ""supports:fwd"": 0.04621002813514998, ""precedes:fwd"": 0.04621002813514998}","[""maps:rev"", ""maps:fwd"", ""contains:fwd"", ""supports:fwd"", ""precedes:fwd""]","[0.9624100923538208, 0.01928057335317135, 0.006894876714795828, 0.005516350734978914, 0.00293136783875525]"
1,0.0,s1_case17,<e2> is ahead of <e1> directly,precedes:rev,maps:fwd,0,0,maps:fwd,0,maps:fwd,0,0,,,,,,,,,
1,0.0,s1_case18,before <e2> comes <e1> directly,precedes:fwd,precedes:fwd,1,1,precedes:fwd,1,contains:fwd,0,0,supports:fwd,supports:fwd,precedes:fwd,1.0,0.0,9.0,"{""precedes:fwd"": 0.9537899718648504, ""supports:fwd"": 0.04621002813514998, ""maps:fwd"": 0.04621002813514998, ""contains:fwd"": 0.04621002813514998, ""precedes:rev"": 0.04621002813514998}","[""precedes:fwd"", ""supports:fwd"", ""maps:fwd"", ""contains:fwd"", ""precedes:rev""]","[0.9384812116622925, 0.045241523534059525, 0.006800766568630934, 0.0027353428304195404, 0.0023590903729200363]"
1,0.0,s1_case19,from <e1> <e2> is mapped in context,maps:fwd,maps:rev,0,1,maps:fwd,1,contains:fwd,0,1,maps:rev,maps:rev,maps:fwd,1.0,0.0,1.0,"{""maps:rev"": 0.04621002813514998, ""maps:fwd"": 0.9537899718648504, ""contains:fwd"": 0.04621002813514998, ""precedes:rev"": 0.04621002813514998, ""supports:fwd"": 0.04621002813514998}","[""maps:rev"", ""maps:fwd"", ""contains:fwd"", ""precedes:rev"", ""supports:fwd""]","[0.931482195854187, 0.026638474315404892, 0.016994543373584747, 0.01146305538713932, 0.010467184707522392]"
1,0.0,s1_case20,from <e2> <e1> is mapped for this case,maps:rev,maps:rev,1,1,maps:rev,1,maps:rev,1,0,maps:fwd,maps:fwd,maps:rev,1.0,0.0,11.0,"{""maps:rev"": 0.9537899718648504, ""maps:fwd"": 0.04621002813514998, ""contains:fwd"": 0.04621002813514998, ""supports:fwd"": 0.04621002813514998, ""precedes:fwd"": 0.04621002813514998}","[""maps:rev"", ""maps:fwd"", ""contains:fwd"", ""supports:fwd"", ""precedes:fwd""]","[0.9706246256828308, 0.01586736924946308, 0.004673366900533438, 0.0027522596064954996, 0.0026845538523048162]"
1,0.0,s1_case21,inside <e2> is <e1> directly,contains:rev,contains:rev,1,1,contains:rev,1,maps:fwd,0,0,precedes:fwd,precedes:fwd,contains:rev,1.0,0.0,7.0,"{""contains:rev"": 0.9537899718648504, ""precedes:fwd"": 0.04621002813514998, ""contains:fwd"": 0.04621002813514998, ""maps:rev"": 0.04621002813514998, ""maps:fwd"": 0.04621002813514998}","[""contains:rev"", ""precedes:fwd"", ""contains:fwd"", ""maps:rev"", ""maps:fwd""]","[0.8217257857322693, 0.12517745792865753, 0.02610757388174534, 0.009522576816380024, 0.009214567951858044]"
1,0.0,s1_case22,<e2> trails <e1> in context,precedes:fwd,precedes:rev,0,1,precedes:fwd,1,precedes:rev,0,1,precedes:rev,precedes:rev,precedes:fwd,1.0,0.0,2.0,"{""precedes:rev"": 0.04621002813514998, ""precedes:fwd"": 0.9537899718648504, ""maps:fwd"": 0.04621002813514998, ""contains:rev"": 0.04621002813514998, ""supports:rev"": 0.04621002813514998}","[""precedes:rev"", ""precedes:fwd"", ""maps:fwd"", ""contains:rev"", ""supports:rev""]","[0.8334131836891174, 0.09289412200450897, 0.04316641017794609, 0.01516855787485838, 0.011498923413455486]"
1,0.0,s1_case23,usually <e1> has <e2> inside,contains:fwd,maps:fwd,0,1,contains:fwd,1,contains:rev,0,1,maps:fwd,maps:fwd,contains:fwd,1.0,0.0,1.0,"{""maps:fwd"": 0.04621002813514998, ""precedes:fwd"": 0.04621002813514998, ""contains:rev"": 0.04621002813514998, ""contains:fwd"": 0.9537899718648504, ""precedes:rev"": 0.04621002813514998}","[""maps:fwd"", ""precedes:fwd"", ""contains:rev"", ""contains:fwd"", ""precedes:rev""]","[0.4345918893814087, 0.2868150770664215, 0.23062090575695038, 0.02825661189854145, 0.01145501434803009]"
1,0.0,s1_case24,from <e2> <e1> is mapped directly,maps:rev,maps:rev,1,1,maps:rev,1,maps:rev,1,0,maps:fwd,maps:rev,maps:rev,0.0,0.0,13.0,"{""maps:rev"": 0.9537899718648504, ""maps:fwd"": 0.04621002813514998, ""precedes:rev"": 0.04621002813514998, ""contains:rev"": 0.04621002813514998, ""contains:fwd"": 0.04621002813514998}","[""maps:rev"", ""maps:fwd"", ""precedes:rev"", ""contains:rev"", ""contains:fwd""]","[0.9808891415596008, 0.006675928831100464, 0.004198492504656315, 0.002795642940327525, 0.0019216573564335704]"
1,0.0,s1_case25,to <e2> <e1> points in context,maps:fwd,maps:fwd,1,1,maps:fwd,1,maps:rev,0,0,precedes:fwd,precedes:fwd,maps:fwd,1.0,0.0,10.0,"{""maps:fwd"": 0.9537899718648504, ""precedes:fwd"": 0.04621002813514998, ""supports:fwd"": 0.04621002813514998, ""precedes:rev"": 0.04621002813514998, ""maps:rev"": 0.04621002813514998}","[""maps:fwd"", ""precedes:fwd"", ""supports:fwd"", ""precedes:rev"", ""maps:rev""]","[0.9381284117698669, 0.0310237817466259, 0.013569897040724754, 0.007886957377195358, 0.0049010333605110645]"
1,0.0,s1_case26,from <e2> <e1> is mapped for this case,maps:rev,maps:rev,1,1,maps:rev,1,contains:fwd,0,0,maps:fwd,maps:fwd,maps:rev,1.0,0.0,11.0,"{""maps:rev"": 0.9537899718648504, ""maps:fwd"": 0.04621002813514998, ""contains:fwd"": 0.04621002813514998, ""supports:fwd"": 0.04621002813514998, ""precedes:fwd"": 0.04621002813514998}","[""maps:rev"", ""maps:fwd"", ""contains:fwd"", ""supports:fwd"", ""precedes:fwd""]","[0.9706246256828308, 0.01586736924946308, 0.004673366900533438, 0.0027522596064954996, 0.0026845538523048162]"
1,0.0,s1_case27,backing <e1> is <e2>,supports:rev,precedes:rev,0,1,supports:rev,1,supports:rev,1,1,precedes:rev,precedes:rev,supports:rev,1.0,0.0,1.0,"{""precedes:rev"": 0.04621002813514998, ""maps:rev"": 0.04621002813514998, ""contains:rev"": 0.04621002813514998, ""supports:rev"": 0.9537899718648504, ""maps:fwd"": 0.04621002813514998}","[""precedes:rev"", ""maps:rev"", ""contains:rev"", ""supports:rev"", ""maps:fwd""]","[0.4899873435497284, 0.29398271441459656, 0.19049325585365295, 0.008769461885094643, 0.00621263450011611]"
1,0.0,s1_case28,before <e1> comes <e2> directly,precedes:rev,precedes:fwd,0,1,precedes:rev,1,precedes:rev,1,1,precedes:fwd,precedes:fwd,precedes:rev,1.0,0.0,1.0,"{""precedes:fwd"": 0.04621002813514998, ""supports:fwd"": 0.04621002813514998, ""maps:fwd"": 0.04621002813514998, ""contains:fwd"": 0.04621002813514998, ""precedes:rev"": 0.9537899718648504}","[""precedes:fwd"", ""supports:fwd"", ""maps:fwd"", ""contains:fwd"", ""precedes:rev""]","[0.9125537276268005, 0.05890768766403198, 0.01865365542471409, 0.003180705476552248, 0.0026320498436689377]"
1,0.0,s1_case29,within <e2> sits <e1>,contains:rev,precedes:rev,0,0,precedes:rev,0,precedes:rev,0,0,,,,,,,,,
1,0.0,s1_case30,from <e1> <e2> is mapped,maps:fwd,maps:rev,0,1,maps:fwd,1,maps:fwd,1,1,maps:rev,maps:rev,maps:fwd,1.0,0.0,2.0,"{""maps:rev"": 0.04621002813514998, ""maps:fwd"": 0.9537899718648504, ""contains:rev"": 0.04621002813514998, ""precedes:rev"": 0.04621002813514998, ""precedes:fwd"": 0.04621002813514998}","[""maps:rev"", ""maps:fwd"", ""contains:rev"", ""precedes:rev"", ""precedes:fwd""]","[0.802274763584137, 0.17048025131225586, 0.0096873315051198, 0.006993108429014683, 0.0034905069041997194]"
1,0.0,s1_case31,to <e1> <e2> points,maps:rev,maps:fwd,0,1,maps:rev,1,precedes:fwd,0,1,maps:fwd,maps:fwd,maps:rev,1.0,0.0,1.0,"{""maps:fwd"": 0.04621002813514998, ""precedes:fwd"": 0.04621002813514998, ""precedes:rev"": 0.04621002813514998, ""supports:fwd"": 0.04621002813514998, ""maps:rev"": 0.9537899718648504}","[""maps:fwd"", ""precedes:fwd"", ""precedes:rev"", ""supports:fwd"", ""maps:rev""]","[0.9141789078712463, 0.05670642852783203, 0.009710913524031639, 0.009357133880257607, 0.005764633882790804]"
1,0.0,s1_case32,before <e2> comes <e1> directly,precedes:fwd,precedes:fwd,1,1,precedes:fwd,1,contains:fwd,0,0,supports:fwd,supports:fwd,precedes:fwd,1.0,0.0,9.0,"{""precedes:fwd"": 0.9537899718648504, ""supports:fwd"": 0.04621002813514998, ""maps:fwd"": 0.04621002813514998, ""contains:fwd"": 0.04621002813514998, ""precedes:rev"": 0.04621002813514998}","[""precedes:fwd"", ""supports:fwd"", ""maps:fwd"", ""contains:fwd"", ""precedes:rev""]","[0.9384812116622925, 0.045241523534059525, 0.006800766568630934, 0.0027353428304195404, 0.0023590903729200363]"
1,0.0,s1_case33,<e2> has <e1> inside usually,contains:rev,contains:rev,1,1,contains:rev,1,contains:fwd,0,0,precedes:fwd,precedes:fwd,contains:rev,1.0,0.0,10.0,"{""contains:rev"": 0.9537899718648504, ""precedes:fwd"": 0.04621002813514998, ""contains:fwd"": 0.04621002813514998, ""supports:rev"": 0.04621002813514998, ""precedes:rev"": 0.04621002813514998}","[""contains:rev"", ""precedes:fwd"", ""contains:fwd"", ""supports:rev"", ""precedes:rev""]","[0.9415345788002014, 0.029374899342656136, 0.010010241530835629, 0.009062856435775757, 0.004947934299707413]"
1,0.0,s1_case34,within <e1> sits <e2> in context,contains:fwd,precedes:rev,0,1,contains:fwd,1,supports:rev,0,1,precedes:rev,precedes:rev,contains:fwd,1.0,0.0,1.0,"{""precedes:rev"": 0.04621002813514998, ""maps:fwd"": 0.04621002813514998, ""supports:rev"": 0.04621002813514998, ""supports:fwd"": 0.04621002813514998, ""contains:fwd"": 0.9537899718648504}","[""precedes:rev"", ""maps:fwd"", ""supports:rev"", ""supports:fwd"", ""contains:fwd""]","[0.6625563502311707, 0.25871410965919495, 0.03611641749739647, 0.01103810966014862, 0.010265396907925606]"
1,0.0,s1_case35,before <e1> comes <e2> for this case,precedes:rev,precedes:fwd,0,1,precedes:rev,1,maps:fwd,0,1,precedes:fwd,precedes:fwd,precedes:rev,1.0,0.0,1.0,"{""precedes:fwd"": 0.04621002813514998, ""supports:fwd"": 0.04621002813514998, ""maps:fwd"": 0.04621002813514998, ""precedes:rev"": 0.9537899718648504, ""contains:fwd"": 0.04621002813514998}","[""precedes:fwd"", ""supports:fwd"", ""maps:fwd"", ""precedes:rev"", ""contains:fwd""]","[0.9377213716506958, 0.0449843592941761, 0.0059952810406684875, 0.005829199682921171, 0.0022526923567056656]"
1,0.0,s1_case36,the target of <e1> is <e2>,maps:fwd,maps:rev,0,1,maps:rev,0,maps:rev,0,0,maps:rev,maps:rev,maps:rev,1.0,1.0,1.0,"{""maps:rev"": 0.04621002813514998, ""precedes:rev"": 0.04621002813514998, ""supports:rev"": 0.04621002813514998, ""maps:fwd"": 0.9537899718648504, ""supports:fwd"": 0.04621002813514998}","[""maps:rev"", ""precedes:rev"", ""supports:rev"", ""maps:fwd"", ""supports:fwd""]","[0.9905143976211548, 0.003478863276541233, 0.0015681033255532384, 0.0011359313502907753, 0.0011318179313093424]"
1,0.0,s1_case37,support for <e2> comes from <e1> usually,supports:fwd,maps:rev,0,1,supports:fwd,1,contains:fwd,0,1,maps:rev,maps:rev,supports:fwd,1.0,0.0,1.0,"{""maps:rev"": 0.04621002813514998, ""maps:fwd"": 0.04621002813514998, ""supports:fwd"": 0.9537899718648504, ""contains:fwd"": 0.04621002813514998, ""precedes:rev"": 0.04621002813514998}","[""maps:rev"", ""maps:fwd"", ""supports:fwd"", ""contains:fwd"", ""precedes:rev""]","[0.5064222812652588, 0.47526469826698303, 0.0069411019794642925, 0.00646927859634161, 0.0024305498227477074]"
1,0.0,s1_case38,inside <e1> is <e2> directly,contains:fwd,contains:rev,0,1,contains:fwd,1,maps:rev,0,1,contains:rev,contains:rev,contains:fwd,1.0,0.0,1.0,"{""contains:rev"": 0.04621002813514998, ""precedes:fwd"": 0.04621002813514998, ""contains:fwd"": 0.9537899718648504, ""maps:fwd"": 0.04621002813514998, ""maps:rev"": 0.04621002813514998}","[""contains:rev"", ""precedes:fwd"", ""contains:fwd"", ""maps:fwd"", ""maps:rev""]","[0.8257666230201721, 0.1156051978468895, 0.0231219120323658, 0.022142691537737846, 0.0058721257373690605]"
1,0.0,s1_case39,<e2> is ahead of <e1>,precedes:rev,maps:fwd,0,1,precedes:rev,1,precedes:rev,1,1,maps:fwd,maps:fwd,precedes:rev,1.0,0.0,1.0,"{""maps:fwd"": 0.04621002813514998, ""contains:rev"": 0.04621002813514998, ""maps:rev"": 0.04621002813514998, ""contains:fwd"": 0.04621002813514998, ""precedes:rev"": 0.9537899718648504}","[""maps:fwd"", ""contains:rev"", ""maps:rev"", ""contains:fwd"", ""precedes:rev""]","[0.9528936743736267, 0.0162250567227602, 0.015190225094556808, 0.008589761331677437, 0.003540511941537261]"
1,0.0,s1_case40,usually <e1> is ahead of <e2>,precedes:fwd,maps:rev,0,0,maps:rev,0,maps:rev,0,0,,,,,,,,,
1,0.0,s1_case41,directly <e1> is ahead of <e2>,precedes:fwd,maps:rev,0,0,maps:rev,0,maps:rev,0,0,,,,,,,,,
1,0.0,s1_case42,within <e2> sits <e1>,contains:rev,precedes:rev,0,0,precedes:rev,0,precedes:rev,0,0,,,,,,,,,
1,0.0,s1_case43,within <e1> sits <e2> usually,contains:fwd,maps:fwd,0,1,contains:fwd,1,contains:fwd,1,1,maps:fwd,maps:fwd,contains:fwd,1.0,0.0,1.0,"{""maps:fwd"": 0.04621002813514998, ""supports:fwd"": 0.04621002813514998, ""supports:rev"": 0.04621002813514998, ""contains:fwd"": 0.9537899718648504, ""precedes:fwd"": 0.04621002813514998}","[""maps:fwd"", ""supports:fwd"", ""supports:rev"", ""contains:fwd"", ""precedes:fwd""]","[0.58458411693573, 0.20122359693050385, 0.09925992041826248, 0.04235311597585678, 0.037967827171087265]"
1,0.0,s1_case44,<e2> is held up by <e1> usually,supports:fwd,supports:fwd,1,1,supports:fwd,1,maps:fwd,0,0,contains:fwd,contains:fwd,supports:fwd,1.0,0.0,5.0,"{""supports:fwd"": 0.9537899718648504, ""contains:fwd"": 0.04621002813514998, ""maps:fwd"": 0.04621002813514998, ""supports:rev"": 0.04621002813514998, ""precedes:fwd"": 0.04621002813514998}","[""supports:fwd"", ""contains:fwd"", ""maps:fwd"", ""supports:rev"", ""precedes:fwd""]","[0.5732473134994507, 0.24794265627861023, 0.14860258996486664, 0.012830875813961029, 0.006517572794109583]"
1,0.0,s1_case45,from <e1> <e2> is mapped usually,maps:fwd,maps:rev,0,1,maps:fwd,1,maps:fwd,1,1,maps:rev,maps:rev,maps:fwd,1.0,0.0,3.0,"{""maps:rev"": 0.04621002813514998, ""maps:fwd"": 0.9537899718648504, ""supports:fwd"": 0.04621002813514998, ""contains:fwd"": 0.04621002813514998, ""precedes:rev"": 0.04621002813514998}","[""maps:rev"", ""maps:fwd"", ""supports:fwd"", ""contains:fwd"", ""precedes:rev""]","[0.6969643235206604, 0.2750137150287628, 0.008213765919208527, 0.00732045155018568, 0.006952465511858463]"
1,0.0,s1_case46,usually <e1> has <e2> inside,contains:fwd,maps:fwd,0,1,contains:fwd,1,precedes:rev,0,1,maps:fwd,maps:fwd,contains:fwd,1.0,0.0,1.0,"{""maps:fwd"": 0.04621002813514998, ""precedes:fwd"": 0.04621002813514998, ""contains:rev"": 0.04621002813514998, ""contains:fwd"": 0.9537899718648504, ""precedes:rev"": 0.04621002813514998}","[""maps:fwd"", ""precedes:fwd"", ""contains:rev"", ""contains:fwd"", ""precedes:rev""]","[0.4345918893814087, 0.2868150770664215, 0.23062090575695038, 0.02825661189854145, 0.01145501434803009]"
1,0.0,s1_case47,support for <e1> comes from <e2>,supports:rev,maps:rev,0,0,maps:rev,0,maps:rev,0,0,,,,,,,,,
1,0.0,s1_case48,before <e1> comes <e2> usually,precedes:rev,precedes:fwd,0,1,precedes:rev,1,maps:fwd,0,1,precedes:fwd,precedes:fwd,precedes:rev,1.0,0.0,1.0,"{""precedes:fwd"": 0.04621002813514998, ""supports:fwd"": 0.04621002813514998, ""maps:fwd"": 0.04621002813514998, ""precedes:rev"": 0.9537899718648504, ""contains:fwd"": 0.04621002813514998}","[""precedes:fwd"", ""supports:fwd"", ""maps:fwd"", ""precedes:rev"", ""contains:fwd""]","[0.711921215057373, 0.25452423095703125, 0.01665700413286686, 0.006413966882973909, 0.004472463857382536]"
1,0.0,s1_case49,<e1> trails <e2>,precedes:rev,supports:fwd,0,1,precedes:rev,1,precedes:fwd,0,1,supports:fwd,supports:fwd,precedes:rev,1.0,0.0,1.0,"{""supports:fwd"": 0.04621002813514998, ""precedes:rev"": 0.9537899718648504, ""precedes:fwd"": 0.04621002813514998, ""supports:rev"": 0.04621002813514998, ""maps:fwd"": 0.04621002813514998}","[""supports:fwd"", ""precedes:rev"", ""precedes:fwd"", ""supports:rev"", ""maps:fwd""]","[0.8537589907646179, 0.0651518702507019, 0.04021504521369934, 0.019071251153945923, 0.011358835734426975]"
1,0.0,s1_case50,<e2> has <e1> inside in context,contains:rev,contains:rev,1,1,contains:rev,1,contains:rev,1,0,precedes:fwd,precedes:fwd,contains:rev,1.0,0.0,12.0,"{""contains:rev"": 0.9537899718648504, ""precedes:fwd"": 0.04621002813514998, ""precedes:rev"": 0.04621002813514998, ""supports:rev"": 0.04621002813514998, ""contains:fwd"": 0.04621002813514998}","[""contains:rev"", ""precedes:fwd"", ""precedes:rev"", ""supports:rev"", ""contains:fwd""]","[0.9738538861274719, 0.009511108510196209, 0.006089407950639725, 0.004644893575459719, 0.003207315457984805]"
1,0.0,s1_case51,<e2> trails <e1> in context,precedes:fwd,precedes:rev,0,1,precedes:fwd,1,precedes:rev,0,1,precedes:rev,precedes:rev,precedes:fwd,1.0,0.0,2.0,"{""precedes:rev"": 0.04621002813514998, ""precedes:fwd"": 0.9537899718648504, ""maps:fwd"": 0.04621002813514998, ""contains:rev"": 0.04621002813514998, ""supports:rev"": 0.04621002813514998}","[""precedes:rev"", ""precedes:fwd"", ""maps:fwd"", ""contains:rev"", ""supports:rev""]","[0.8334131836891174, 0.09289412200450897, 0.04316641017794609, 0.01516855787485838, 0.011498923413455486]"
1,0.0,s1_case52,the target of <e2> is <e1> directly,maps:rev,maps:rev,1,1,maps:rev,1,maps:rev,1,0,precedes:rev,maps:rev,maps:rev,0.0,0.0,13.0,"{""maps:rev"": 0.9537899718648504, ""precedes:rev"": 0.04621002813514998, ""maps:fwd"": 0.04621002813514998, ""supports:rev"": 0.04621002813514998, ""supports:fwd"": 0.04621002813514998}","[""maps:rev"", ""precedes:rev"", ""maps:fwd"", ""supports:rev"", ""supports:fwd""]","[0.992637038230896, 0.0018796517979353666, 0.0013553318567574024, 0.001258509000763297, 0.0010672915959730744]"
1,0.0,s1_case53,inside <e2> is <e1> usually,contains:rev,contains:fwd,0,1,contains:rev,1,supports:fwd,0,1,contains:fwd,contains:fwd,contains:rev,1.0,0.0,1.0,"{""contains:fwd"": 0.04621002813514998, ""precedes:fwd"": 0.04621002813514998, ""supports:fwd"": 0.04621002813514998, ""supports:rev"": 0.04621002813514998, ""contains:rev"": 0.9537899718648504}","[""contains:fwd"", ""precedes:fwd"", ""supports:fwd"", ""supports:rev"", ""contains:rev""]","[0.6127710342407227, 0.18751667439937592, 0.13092568516731262, 0.031820669770240784, 0.022222045809030533]"
1,0.0,s1_case54,support for <e1> comes from <e2> for this case,supports:rev,maps:rev,0,0,maps:rev,0,maps:rev,0,0,,,,,,,,,
1,0.0,s1_case55,<e2> is ahead of <e1> for this case,precedes:rev,maps:fwd,0,1,precedes:rev,1,maps:rev,0,1,maps:fwd,maps:fwd,precedes:rev,1.0,0.0,1.0,"{""maps:fwd"": 0.04621002813514998, ""contains:fwd"": 0.04621002813514998, ""maps:rev"": 0.04621002813514998, ""supports:fwd"": 0.04621002813514998, ""precedes:rev"": 0.9537899718648504}","[""maps:fwd"", ""contains:fwd"", ""maps:rev"", ""supports:fwd"", ""precedes:rev""]","[0.9784829616546631, 0.007198955398052931, 0.004263979382812977, 0.0028053647838532925, 0.0025831800885498524]"
1,0.0,s1_case56,within <e2> sits <e1> directly,contains:rev,maps:fwd,0,0,maps:fwd,0,maps:fwd,0,0,,,,,,,,,
1,0.0,s1_case57,in context <e1> is held up by <e2>,supports:rev,supports:rev,1,1,supports:rev,1,maps:rev,0,0,contains:rev,contains:rev,supports:rev,1.0,0.0,6.0,"{""supports:rev"": 0.9537899718648504, ""contains:rev"": 0.04621002813514998, ""precedes:rev"": 0.04621002813514998, ""maps:rev"": 0.04621002813514998, ""contains:fwd"": 0.04621002813514998}","[""supports:rev"", ""contains:rev"", ""precedes:rev"", ""maps:rev"", ""contains:fwd""]","[0.6929459571838379, 0.13219474256038666, 0.12806746363639832, 0.027283838018774986, 0.015304145403206348]"
1,0.0,s1_case58,<e1> trails <e2>,precedes:rev,supports:fwd,0,1,precedes:rev,1,precedes:fwd,0,1,supports:fwd,supports:fwd,precedes:rev,1.0,0.0,1.0,"{""supports:fwd"": 0.04621002813514998, ""precedes:rev"": 0.9537899718648504, ""precedes:fwd"": 0.04621002813514998, ""supports:rev"": 0.04621002813514998, ""maps:fwd"": 0.04621002813514998}","[""supports:fwd"", ""precedes:rev"", ""precedes:fwd"", ""supports:rev"", ""maps:fwd""]","[0.8537589907646179, 0.0651518702507019, 0.04021504521369934, 0.019071251153945923, 0.011358835734426975]"
1,0.0,s1_case59,support for <e1> comes from <e2> in context,supports:rev,maps:rev,0,0,maps:rev,0,maps:rev,0,0,,,,,,,,,
1,0.0,s1_case60,backing <e1> is <e2> usually,supports:rev,supports:rev,1,1,supports:rev,1,supports:rev,1,0,contains:fwd,contains:fwd,supports:rev,1.0,0.0,4.0,"{""supports:rev"": 0.9537899718648504, ""contains:fwd"": 0.04621002813514998, ""supports:fwd"": 0.04621002813514998, ""contains:rev"": 0.04621002813514998, ""precedes:fwd"": 0.04621002813514998}","[""supports:rev"", ""contains:fwd"", ""supports:fwd"", ""contains:rev"", ""precedes:fwd""]","[0.43922385573387146, 0.4297724664211273, 0.04593442380428314, 0.029997987672686577, 0.02577332779765129]"
1,0.0,s1_case61,support for <e1> comes from <e2>,supports:rev,maps:rev,0,0,maps:rev,0,maps:rev,0,0,,,,,,,,,
1,0.0,s1_case62,from <e1> <e2> is mapped,maps:fwd,maps:rev,0,1,maps:fwd,1,contains:rev,0,1,maps:rev,maps:rev,maps:fwd,1.0,0.0,2.0,"{""maps:rev"": 0.04621002813514998, ""maps:fwd"": 0.9537899718648504, ""contains:rev"": 0.04621002813514998, ""precedes:rev"": 0.04621002813514998, ""precedes:fwd"": 0.04621002813514998}","[""maps:rev"", ""maps:fwd"", ""contains:rev"", ""precedes:rev"", ""precedes:fwd""]","[0.802274763584137, 0.17048025131225586, 0.0096873315051198, 0.006993108429014683, 0.0034905069041997194]"
1,0.0,s1_case63,directly <e1> has <e2> inside,contains:fwd,contains:rev,0,1,contains:fwd,1,contains:fwd,1,1,contains:rev,contains:rev,contains:fwd,1.0,0.0,1.0,"{""contains:rev"": 0.04621002813514998, ""precedes:fwd"": 0.04621002813514998, ""maps:fwd"": 0.04621002813514998, ""contains:fwd"": 0.9537899718648504, ""precedes:rev"": 0.04621002813514998}","[""contains:rev"", ""precedes:fwd"", ""maps:fwd"", ""contains:fwd"", ""precedes:rev""]","[0.6960480809211731, 0.1410563439130783, 0.11573192477226257, 0.03266153857111931, 0.008482147939503193]"
1,0.0,s1_case64,<e2> is held up by <e1> in context,supports:fwd,maps:fwd,0,1,supports:fwd,1,maps:fwd,0,1,maps:fwd,maps:fwd,supports:fwd,1.0,0.0,2.0,"{""maps:fwd"": 0.04621002813514998, ""contains:fwd"": 0.04621002813514998, ""supports:fwd"": 0.9537899718648504, ""precedes:rev"": 0.04621002813514998, ""supports:rev"": 0.04621002813514998}","[""maps:fwd"", ""contains:fwd"", ""supports:fwd"", ""precedes:rev"", ""supports:rev""]","[0.6706510782241821, 0.124479740858078, 0.097981296479702, 0.07965967059135437, 0.011285324580967426]"
1,0.0,s1_case65,<e1> trails <e2>,precedes:rev,supports:fwd,0,1,precedes:rev,1,supports:rev,0,1,supports:fwd,supports:fwd,precedes:rev,1.0,0.0,1.0,"{""supports:fwd"": 0.04621002813514998, ""precedes:rev"": 0.9537899718648504, ""precedes:fwd"": 0.04621002813514998, ""supports:rev"": 0.04621002813514998, ""maps:fwd"": 0.04621002813514998}","[""supports:fwd"", ""precedes:rev"", ""precedes:fwd"", ""supports:rev"", ""maps:fwd""]","[0.8537589907646179, 0.0651518702507019, 0.04021504521369934, 0.019071251153945923, 0.011358835734426975]"
1,0.0,s1_case66,to <e1> <e2> points usually,maps:rev,maps:fwd,0,1,maps:rev,1,precedes:fwd,0,1,maps:fwd,maps:fwd,maps:rev,1.0,0.0,1.0,"{""maps:fwd"": 0.04621002813514998, ""precedes:fwd"": 0.04621002813514998, ""supports:fwd"": 0.04621002813514998, ""precedes:rev"": 0.04621002813514998, ""maps:rev"": 0.9537899718648504}","[""maps:fwd"", ""precedes:fwd"", ""supports:fwd"", ""precedes:rev"", ""maps:rev""]","[0.9197864532470703, 0.04026037082076073, 0.019442865625023842, 0.010386035777628422, 0.004874898586422205]"
1,0.0,s1_case67,usually <e1> is ahead of <e2>,precedes:fwd,maps:rev,0,0,maps:rev,0,maps:rev,0,0,,,,,,,,,
1,0.0,s1_case68,from <e2> <e1> is mapped in context,maps:rev,maps:rev,1,1,maps:rev,1,maps:fwd,0,0,maps:fwd,maps:fwd,maps:rev,1.0,0.0,11.0,"{""maps:rev"": 0.9537899718648504, ""maps:fwd"": 0.04621002813514998, ""precedes:rev"": 0.04621002813514998, ""contains:fwd"": 0.04621002813514998, ""supports:fwd"": 0.04621002813514998}","[""maps:rev"", ""maps:fwd"", ""precedes:rev"", ""contains:fwd"", ""supports:fwd""]","[0.9582874774932861, 0.01814979873597622, 0.009128007106482983, 0.007825999520719051, 0.004271439276635647]"
1,0.0,s1_case69,from <e1> <e2> is mapped in context,maps:fwd,maps:rev,0,1,maps:fwd,1,maps:fwd,1,1,maps:rev,maps:rev,maps:fwd,1.0,0.0,1.0,"{""maps:rev"": 0.04621002813514998, ""maps:fwd"": 0.9537899718648504, ""contains:fwd"": 0.04621002813514998, ""precedes:rev"": 0.04621002813514998, ""supports:fwd"": 0.04621002813514998}","[""maps:rev"", ""maps:fwd"", ""contains:fwd"", ""precedes:rev"", ""supports:fwd""]","[0.931482195854187, 0.026638474315404892, 0.016994543373584747, 0.01146305538713932, 0.010467184707522392]"
1,0.0,s1_case70,in context <e1> is held up by <e2>,supports:rev,supports:rev,1,1,supports:rev,1,contains:fwd,0,0,contains:rev,contains:rev,supports:rev,1.0,0.0,6.0,"{""supports:rev"": 0.9537899718648504, ""contains:rev"": 0.04621002813514998, ""precedes:rev"": 0.04621002813514998, ""maps:rev"": 0.04621002813514998, ""contains:fwd"": 0.04621002813514998}","[""supports:rev"", ""contains:rev"", ""precedes:rev"", ""maps:rev"", ""contains:fwd""]","[0.6929459571838379, 0.13219474256038666, 0.12806746363639832, 0.027283838018774986, 0.015304145403206348]"
1,0.0,s1_case71,from <e2> <e1> is mapped for this case,maps:rev,maps:rev,1,1,maps:rev,1,maps:fwd,0,0,maps:fwd,maps:fwd,maps:rev,1.0,0.0,11.0,"{""maps:rev"": 0.9537899718648504, ""maps:fwd"": 0.04621002813514998, ""contains:fwd"": 0.04621002813514998, ""supports:fwd"": 0.04621002813514998, ""precedes:fwd"": 0.04621002813514998}","[""maps:rev"", ""maps:fwd"", ""contains:fwd"", ""supports:fwd"", ""precedes:fwd""]","[0.9706246256828308, 0.01586736924946308, 0.004673366900533438, 0.0027522596064954996, 0.0026845538523048162]"
1,0.0,s1_case72,<e2> is held up by <e1> usually,supports:fwd,supports:fwd,1,1,supports:fwd,1,supports:fwd,1,0,contains:fwd,contains:fwd,supports:fwd,1.0,0.0,5.0,"{""supports:fwd"": 0.9537899718648504, ""contains:fwd"": 0.04621002813514998, ""maps:fwd"": 0.04621002813514998, ""supports:rev"": 0.04621002813514998, ""precedes:fwd"": 0.04621002813514998}","[""supports:fwd"", ""contains:fwd"", ""maps:fwd"", ""supports:rev"", ""precedes:fwd""]","[0.5732473134994507, 0.24794265627861023, 0.14860258996486664, 0.012830875813961029, 0.006517572794109583]"
1,0.0,s1_case73,inside <e2> is <e1> usually,contains:rev,contains:fwd,0,1,contains:rev,1,contains:rev,1,1,contains:fwd,contains:fwd,contains:rev,1.0,0.0,1.0,"{""contains:fwd"": 0.04621002813514998, ""precedes:fwd"": 0.04621002813514998, ""supports:fwd"": 0.04621002813514998, ""supports:rev"": 0.04621002813514998, ""contains:rev"": 0.9537899718648504}","[""contains:fwd"", ""precedes:fwd"", ""supports:fwd"", ""supports:rev"", ""contains:rev""]","[0.6127710342407227, 0.18751667439937592, 0.13092568516731262, 0.031820669770240784, 0.022222045809030533]"
1,0.0,s1_case74,<e2> is held up by <e1> directly,supports:fwd,maps:fwd,0,1,supports:fwd,1,precedes:rev,0,1,maps:fwd,maps:fwd,supports:fwd,1.0,0.0,2.0,"{""maps:fwd"": 0.04621002813514998, ""supports:fwd"": 0.9537899718648504, ""contains:fwd"": 0.04621002813514998, ""precedes:rev"": 0.04621002813514998, ""maps:rev"": 0.04621002813514998}","[""maps:fwd"", ""supports:fwd"", ""contains:fwd"", ""precedes:rev"", ""maps:rev""]","[0.8289154767990112, 0.09859196096658707, 0.04732929542660713, 0.008018088527023792, 0.005729924887418747]"
1,0.0,s1_case75,inside <e2> is <e1> directly,contains:rev,contains:rev,1,1,contains:rev,1,contains:rev,1,0,precedes:fwd,precedes:fwd,contains:rev,1.0,0.0,7.0,"{""contains:rev"": 0.9537899718648504, ""precedes:fwd"": 0.04621002813514998, ""contains:fwd"": 0.04621002813514998, ""maps:rev"": 0.04621002813514998, ""maps:fwd"": 0.04621002813514998}","[""contains:rev"", ""precedes:fwd"", ""contains:fwd"", ""maps:rev"", ""maps:fwd""]","[0.8217257857322693, 0.12517745792865753, 0.02610757388174534, 0.009522576816380024, 0.009214567951858044]"
1,0.0,s1_case76,support for <e2> comes from <e1> for this case,supports:fwd,maps:rev,0,1,maps:rev,0,maps:rev,0,0,maps:rev,maps:rev,maps:rev,1.0,1.0,1.0,"{""maps:rev"": 0.04621002813514998, ""maps:fwd"": 0.04621002813514998, ""contains:fwd"": 0.04621002813514998, ""supports:fwd"": 0.9537899718648504, ""precedes:rev"": 0.04621002813514998}","[""maps:rev"", ""maps:fwd"", ""contains:fwd"", ""supports:fwd"", ""precedes:rev""]","[0.9463993906974792, 0.04620037600398064, 0.002814157633110881, 0.0021893910598009825, 0.0013356765266507864]"
1,0.0,s1_case77,before <e2> comes <e1> usually,precedes:fwd,precedes:fwd,1,1,precedes:fwd,1,supports:fwd,0,0,supports:fwd,supports:fwd,precedes:fwd,1.0,0.0,6.0,"{""precedes:fwd"": 0.9537899718648504, ""supports:fwd"": 0.04621002813514998, ""maps:fwd"": 0.04621002813514998, ""contains:fwd"": 0.04621002813514998, ""precedes:rev"": 0.04621002813514998}","[""precedes:fwd"", ""supports:fwd"", ""maps:fwd"", ""contains:fwd"", ""precedes:rev""]","[0.7663508057594299, 0.20589354634284973, 0.010915052145719528, 0.005210263188928366, 0.004793805070221424]"
1,0.0,s1_case78,inside <e2> is <e1> in context,contains:rev,precedes:rev,0,1,contains:rev,1,precedes:rev,0,1,precedes:rev,precedes:rev,contains:rev,1.0,0.0,3.0,"{""precedes:rev"": 0.04621002813514998, ""contains:rev"": 0.9537899718648504, ""maps:rev"": 0.04621002813514998, ""contains:fwd"": 0.04621002813514998, ""precedes:fwd"": 0.04621002813514998}","[""precedes:rev"", ""contains:rev"", ""maps:rev"", ""contains:fwd"", ""precedes:fwd""]","[0.34027642011642456, 0.21269305050373077, 0.19791457056999207, 0.12070242315530777, 0.11763598024845123]"
1,0.0,s1_case79,inside <e1> is <e2> in context,contains:fwd,contains:rev,0,1,contains:fwd,1,precedes:rev,0,1,contains:rev,contains:rev,contains:fwd,1.0,0.0,2.0,"{""contains:rev"": 0.04621002813514998, ""precedes:rev"": 0.04621002813514998, ""contains:fwd"": 0.9537899718648504, ""precedes:fwd"": 0.04621002813514998, ""maps:rev"": 0.04621002813514998}","[""contains:rev"", ""precedes:rev"", ""contains:fwd"", ""precedes:fwd"", ""maps:rev""]","[0.4538499116897583, 0.36669668555259705, 0.0741872638463974, 0.06935738027095795, 0.02952122874557972]"
1,0.15,s1_case0,<e1> is held up by <e2>,supports:rev,supports:fwd,0,1,supports:rev,1,supports:rev,1,1,supports:fwd,supports:fwd,supports:rev,1.0,0.0,3.0,"{""supports:fwd"": 0.04621002813514998, ""supports:rev"": 0.7122547907685879, ""contains:fwd"": 0.04621002813514998, ""precedes:rev"": 0.08300456359093959, ""maps:fwd"": 0.2509506737756229}","[""supports:fwd"", ""supports:rev"", ""contains:fwd"", ""precedes:rev"", ""maps:fwd""]","[0.4567325711250305, 0.3409270644187927, 0.12479916960000992, 0.0664370208978653, 0.005004447419196367]"
1,0.15,s1_case1,within <e1> sits <e2> in context,contains:fwd,precedes:rev,0,1,precedes:rev,0,maps:fwd,0,0,precedes:rev,precedes:rev,precedes:rev,1.0,1.0,1.0,"{""precedes:rev"": 0.14545626813515, ""maps:fwd"": 0.04621002813514998, ""supports:rev"": 0.12759194493515, ""supports:fwd"": 0.04621002813514998, ""contains:fwd"": 0.7731618150648503}","[""precedes:rev"", ""maps:fwd"", ""supports:rev"", ""supports:fwd"", ""contains:fwd""]","[0.6625563502311707, 0.25871410965919495, 0.03611641749739647, 0.01103810966014862, 0.010265396907925606]"
1,0.15,s1_case2,before <e1> comes <e2> for this case,precedes:rev,precedes:fwd,0,1,precedes:fwd,0,supports:fwd,0,0,precedes:fwd,precedes:fwd,precedes:fwd,1.0,1.0,1.0,"{""precedes:fwd"": 0.12759194493515, ""supports:fwd"": 0.04621002813514998, ""maps:fwd"": 0.0664973575603378, ""precedes:rev"": 0.8521207256396623, ""contains:fwd"": 0.04621002813514998}","[""precedes:fwd"", ""supports:fwd"", ""maps:fwd"", ""precedes:rev"", ""contains:fwd""]","[0.9377213716506958, 0.0449843592941761, 0.0059952810406684875, 0.005829199682921171, 0.0022526923567056656]"
1,0.15,s1_case3,backing <e2> is <e1>,supports:fwd,maps:rev,0,0,maps:rev,0,maps:rev,0,0,,,,,,,,,
1,0.15,s1_case4,to <e2> <e1> points usually,maps:fwd,maps:fwd,1,1,maps:fwd,1,maps:fwd,1,0,precedes:fwd,precedes:fwd,maps:fwd,1.0,0.0,12.0,"{""maps:fwd"": 0.8620832716948403, ""precedes:fwd"": 0.10774520923141251, ""supports:fwd"": 0.04621002813514998, ""precedes:rev"": 0.04621002813514998, ""contains:fwd"": 0.07638154720889745}","[""maps:fwd"", ""precedes:fwd"", ""supports:fwd"", ""precedes:rev"", ""contains:fwd""]","[0.8697267174720764, 0.0788271501660347, 0.03274831920862198, 0.007569269742816687, 0.004519696347415447]"
1,0.15,s1_case5,support for <e2> comes from <e1>,supports:fwd,maps:rev,0,1,maps:rev,0,maps:fwd,0,0,maps:rev,maps:rev,maps:rev,1.0,1.0,1.0,"{""maps:rev"": 0.16438648039093962, ""maps:fwd"": 0.0664973575603378, ""supports:fwd"": 0.6942941901838728, ""contains:fwd"": 0.16724202813515002, ""precedes:rev"": 0.04621002813514998}","[""maps:rev"", ""maps:fwd"", ""supports:fwd"", ""contains:fwd"", ""precedes:rev""]","[0.911470353603363, 0.07933805137872696, 0.0030677032191306353, 0.002563543152064085, 0.002269057324156165]"
1,0.15,s1_case6,before <e2> comes <e1> directly,precedes:fwd,precedes:fwd,1,1,precedes:fwd,1,precedes:fwd,1,0,supports:fwd,supports:fwd,precedes:fwd,1.0,0.0,8.0,"{""precedes:fwd"": 0.7535026424396625, ""supports:fwd"": 0.0664973575603378, ""maps:fwd"": 0.22621002813514998, ""contains:fwd"": 0.04621002813514998, ""precedes:rev"": 0.04621002813514998}","[""precedes:fwd"", ""supports:fwd"", ""maps:fwd"", ""contains:fwd"", ""precedes:rev""]","[0.9384812116622925, 0.045241523534059525, 0.006800766568630934, 0.0027353428304195404, 0.0023590903729200363]"
1,0.15,s1_case7,within <e1> sits <e2> in context,contains:fwd,precedes:rev,0,1,precedes:rev,0,supports:rev,0,0,precedes:rev,precedes:rev,precedes:rev,1.0,1.0,1.0,"{""precedes:rev"": 0.12759194493515, ""maps:fwd"": 0.04621002813514998, ""supports:rev"": 0.07638154720889745, ""supports:fwd"": 0.04621002813514998, ""contains:fwd"": 0.8422365359911028}","[""precedes:rev"", ""maps:fwd"", ""supports:rev"", ""supports:fwd"", ""contains:fwd""]","[0.6625563502311707, 0.25871410965919495, 0.03611641749739647, 0.01103810966014862, 0.010265396907925606]"
1,0.15,s1_case8,support for <e2> comes from <e1> directly,supports:fwd,maps:rev,0,1,supports:fwd,1,maps:fwd,0,1,maps:rev,maps:rev,supports:fwd,1.0,0.0,1.0,"{""maps:rev"": 0.04621002813514998, ""maps:fwd"": 0.04621002813514998, ""supports:fwd"": 0.9537899718648504, ""contains:fwd"": 0.04621002813514998, ""precedes:rev"": 0.04621002813514998}","[""maps:rev"", ""maps:fwd"", ""supports:fwd"", ""contains:fwd"", ""precedes:rev""]","[0.9299275875091553, 0.06142306327819824, 0.0031098020263016224, 0.0023924424313008785, 0.0019643036648631096]"
1,0.15,s1_case9,for this case <e1> is held up by <e2>,supports:rev,maps:rev,0,0,maps:rev,0,maps:rev,0,0,,,,,,,,,
1,0.15,s1_case10,the target of <e2> is <e1> in context,maps:rev,maps:rev,1,1,maps:rev,1,maps:rev,1,0,precedes:rev,maps:rev,maps:rev,0.0,0.0,13.0,"{""maps:rev"": 0.589651011934783, ""precedes:rev"": 0.38017746899147, ""maps:fwd"": 0.07638154720889745, ""contains:fwd"": 0.04621002813514998, ""supports:rev"": 0.04621002813514998}","[""maps:rev"", ""precedes:rev"", ""maps:fwd"", ""contains:fwd"", ""supports:rev""]","[0.9922569990158081, 0.002621452556923032, 0.001493054791353643, 0.000951998052187264, 0.0009168421966023743]"
1,0.15,s1_case11,support for <e2> comes from <e1> directly,supports:fwd,maps:rev,0,1,maps:rev,0,maps:rev,0,0,maps:rev,maps:rev,maps:rev,1.0,1.0,1.0,"{""maps:rev"": 0.04621002813514998, ""maps:fwd"": 0.04621002813514998, ""supports:fwd"": 0.9089185871626677, ""contains:fwd"": 0.0910814128373324, ""precedes:rev"": 0.04621002813514998}","[""maps:rev"", ""maps:fwd"", ""supports:fwd"", ""contains:fwd"", ""precedes:rev""]","[0.9299275875091553, 0.06142306327819824, 0.0031098020263016224, 0.0023924424313008785, 0.0019643036648631096]"
1,0.15,s1_case12,from <e2> <e1> is mapped directly,maps:rev,maps:rev,1,1,maps:rev,1,maps:rev,1,0,maps:fwd,maps:rev,maps:rev,0.0,0.0,13.0,"{""maps:rev"": 0.8061899718648504, ""maps:fwd"": 0.19381002813515, ""precedes:rev"": 0.04621002813514998, ""contains:rev"": 0.04621002813514998, ""contains:fwd"": 0.04621002813514998}","[""maps:rev"", ""maps:fwd"", ""precedes:rev"", ""contains:rev"", ""contains:fwd""]","[0.9808891415596008, 0.006675928831100464, 0.004198492504656315, 0.002795642940327525, 0.0019216573564335704]"
1,0.15,s1_case13,from <e1> <e2> is mapped,maps:fwd,maps:rev,0,1,maps:fwd,1,maps:fwd,1,1,maps:rev,maps:rev,maps:fwd,1.0,0.0,2.0,"{""maps:rev"": 0.07638154720889745, ""maps:fwd"": 0.9236184527911029, ""contains:rev"": 0.04621002813514998, ""precedes:rev"": 0.04621002813514998, ""precedes:fwd"": 0.04621002813514998}","[""maps:rev"", ""maps:fwd"", ""contains:rev"", ""precedes:rev"", ""precedes:fwd""]","[0.802274763584137, 0.17048025131225586, 0.0096873315051198, 0.006993108429014683, 0.0034905069041997194]"
1,0.15,s1_case14,<e2> trails <e1> directly,precedes:fwd,precedes:fwd,1,1,precedes:fwd,1,maps:fwd,0,0,precedes:rev,precedes:rev,precedes:fwd,1.0,0.0,6.0,"{""precedes:fwd"": 0.8870568000888504, ""precedes:rev"": 0.04621002813514998, ""maps:fwd"": 0.04621002813514998, ""supports:rev"": 0.04621002813514998, ""contains:rev"": 0.11294319991115}","[""precedes:fwd"", ""precedes:rev"", ""maps:fwd"", ""supports:rev"", ""contains:rev""]","[0.6848167181015015, 0.16402088105678558, 0.10230207443237305, 0.02483506314456463, 0.01524544321000576]"
1,0.15,s1_case15,within <e1> sits <e2> for this case,contains:fwd,precedes:rev,0,1,contains:fwd,1,contains:fwd,1,1,precedes:rev,precedes:rev,contains:fwd,1.0,0.0,2.0,"{""precedes:rev"": 0.04621002813514998, ""maps:rev"": 0.11294319991115, ""contains:rev"": 0.04621002813514998, ""contains:fwd"": 0.8502622646330606, ""supports:rev"": 0.08300456359093959}","[""precedes:rev"", ""maps:rev"", ""contains:rev"", ""contains:fwd"", ""supports:rev""]","[0.8327946662902832, 0.0535801500082016, 0.03406645730137825, 0.03315403684973717, 0.031448520720005035]"
1,0.15,s1_case16,from <e1> <e2> is mapped for this case,maps:fwd,maps:rev,0,1,maps:fwd,1,maps:rev,0,1,maps:rev,maps:rev,maps:fwd,1.0,0.0,3.0,"{""maps:rev"": 0.04621002813514998, ""maps:fwd"": 0.8176868542085303, ""contains:fwd"": 0.04621002813514998, ""supports:fwd"": 0.18231314579147, ""precedes:fwd"": 0.04621002813514998}","[""maps:rev"", ""maps:fwd"", ""contains:fwd"", ""supports:fwd"", ""precedes:fwd""]","[0.9624100923538208, 0.01928057335317135, 0.006894876714795828, 0.005516350734978914, 0.00293136783875525]"
1,0.15,s1_case17,<e2> is ahead of <e1> directly,precedes:rev,maps:fwd,0,0,maps:fwd,0,maps:fwd,0,0,,,,,,,,,
1,0.15,s1_case18,before <e2> comes <e1> directly,precedes:fwd,precedes:fwd,1,1,precedes:fwd,1,precedes:fwd,1,0,supports:fwd,precedes:fwd,precedes:fwd,0.0,0.0,13.0,"{""precedes:fwd"": 0.9169954364090609, ""supports:fwd"": 0.04621002813514998, ""maps:fwd"": 0.04621002813514998, ""contains:fwd"": 0.04621002813514998, ""precedes:rev"": 0.08300456359093959}","[""precedes:fwd"", ""supports:fwd"", ""maps:fwd"", ""contains:fwd"", ""precedes:rev""]","[0.9384812116622925, 0.045241523534059525, 0.006800766568630934, 0.0027353428304195404, 0.0023590903729200363]"
1,0.15,s1_case19,from <e1> <e2> is mapped in context,maps:fwd,maps:rev,0,1,maps:rev,0,maps:rev,0,0,maps:rev,maps:rev,maps:rev,1.0,1.0,1.0,"{""maps:rev"": 0.16724202813515002, ""maps:fwd"": 0.7292302646330606, ""contains:fwd"": 0.04621002813514998, ""precedes:rev"": 0.11294319991115, ""supports:fwd"": 0.08300456359093959}","[""maps:rev"", ""maps:fwd"", ""contains:fwd"", ""precedes:rev"", ""supports:fwd""]","[0.931482195854187, 0.026638474315404892, 0.016994543373584747, 0.01146305538713932, 0.010467184707522392]"
1,0.15,s1_case20,from <e2> <e1> is mapped for this case,maps:rev,maps:rev,1,1,maps:rev,1,maps:rev,1,0,maps:fwd,maps:fwd,maps:rev,1.0,0.0,11.0,"{""maps:rev"": 0.7878865871626677, ""maps:fwd"": 0.0910814128373324, ""contains:fwd"": 0.16724202813515002, ""supports:fwd"": 0.04621002813514998, ""precedes:fwd"": 0.04621002813514998}","[""maps:rev"", ""maps:fwd"", ""contains:fwd"", ""supports:fwd"", ""precedes:fwd""]","[0.9706246256828308, 0.01586736924946308, 0.004673366900533438, 0.0027522596064954996, 0.0026845538523048162]"
1,0.15,s1_case21,inside <e2> is <e1> directly,contains:rev,contains:rev,1,1,contains:rev,1,maps:fwd,0,0,precedes:fwd,precedes:fwd,contains:rev,1.0,0.0,7.0,"{""contains:rev"": 0.9537899718648504, ""precedes:fwd"": 0.04621002813514998, ""contains:fwd"": 0.04621002813514998, ""maps:rev"": 0.04621002813514998, ""maps:fwd"": 0.04621002813514998}","[""contains:rev"", ""precedes:fwd"", ""contains:fwd"", ""maps:rev"", ""maps:fwd""]","[0.8217257857322693, 0.12517745792865753, 0.02610757388174534, 0.009522576816380024, 0.009214567951858044]"
1,0.15,s1_case22,<e2> trails <e1> in context,precedes:fwd,precedes:rev,0,1,precedes:fwd,1,precedes:fwd,1,1,precedes:rev,precedes:rev,precedes:fwd,1.0,0.0,2.0,"{""precedes:rev"": 0.04621002813514998, ""precedes:fwd"": 0.8787470680889202, ""maps:fwd"": 0.04621002813514998, ""contains:rev"": 0.0910814128373324, ""supports:rev"": 0.07638154720889745}","[""precedes:rev"", ""precedes:fwd"", ""maps:fwd"", ""contains:rev"", ""supports:rev""]","[0.8334131836891174, 0.09289412200450897, 0.04316641017794609, 0.01516855787485838, 0.011498923413455486]"
1,0.15,s1_case23,usually <e1> has <e2> inside,contains:fwd,maps:fwd,0,1,precedes:fwd,0,precedes:fwd,0,0,maps:fwd,maps:fwd,precedes:fwd,1.0,0.0,1.0,"{""maps:fwd"": 0.04621002813514998, ""precedes:fwd"": 0.32545626813515, ""contains:rev"": 0.04621002813514998, ""contains:fwd"": 0.6745437318648502, ""precedes:rev"": 0.04621002813514998}","[""maps:fwd"", ""precedes:fwd"", ""contains:rev"", ""contains:fwd"", ""precedes:rev""]","[0.4345918893814087, 0.2868150770664215, 0.23062090575695038, 0.02825661189854145, 0.01145501434803009]"
1,0.15,s1_case24,from <e2> <e1> is mapped directly,maps:rev,maps:rev,1,1,maps:rev,1,maps:rev,1,0,maps:fwd,maps:rev,maps:rev,0.0,0.0,13.0,"{""maps:rev"": 0.6967171964090606, ""maps:fwd"": 0.14545626813515, ""precedes:rev"": 0.04621002813514998, ""contains:rev"": 0.2040365635909396, ""contains:fwd"": 0.04621002813514998}","[""maps:rev"", ""maps:fwd"", ""precedes:rev"", ""contains:rev"", ""contains:fwd""]","[0.9808891415596008, 0.006675928831100464, 0.004198492504656315, 0.002795642940327525, 0.0019216573564335704]"
1,0.15,s1_case25,to <e2> <e1> points in context,maps:fwd,maps:fwd,1,1,maps:fwd,1,maps:fwd,1,0,precedes:fwd,maps:fwd,maps:fwd,0.0,0.0,13.0,"{""maps:fwd"": 0.5409549061275529, ""precedes:fwd"": 0.13772576444725962, ""supports:fwd"": 0.34724202813515004, ""precedes:rev"": 0.04621002813514998, ""maps:rev"": 0.0664973575603378}","[""maps:fwd"", ""precedes:fwd"", ""supports:fwd"", ""precedes:rev"", ""maps:rev""]","[0.9381284117698669, 0.0310237817466259, 0.013569897040724754, 0.007886957377195358, 0.0049010333605110645]"
1,0.15,s1_case26,from <e2> <e1> is mapped for this case,maps:rev,maps:rev,1,1,maps:rev,1,maps:rev,1,0,maps:fwd,maps:rev,maps:rev,0.0,0.0,13.0,"{""maps:rev"": 0.7780367710085303, ""maps:fwd"": 0.04621002813514998, ""contains:fwd"": 0.04621002813514998, ""supports:fwd"": 0.22196322899146997, ""precedes:fwd"": 0.04621002813514998}","[""maps:rev"", ""maps:fwd"", ""contains:fwd"", ""supports:fwd"", ""precedes:fwd""]","[0.9706246256828308, 0.01586736924946308, 0.004673366900533438, 0.0027522596064954996, 0.0026845538523048162]"
1,0.15,s1_case27,backing <e1> is <e2>,supports:rev,precedes:rev,0,1,contains:rev,0,maps:rev,0,0,precedes:rev,precedes:rev,contains:rev,1.0,0.0,1.0,"{""precedes:rev"": 0.04621002813514998, ""maps:rev"": 0.04621002813514998, ""contains:rev"": 0.19741354720889745, ""supports:rev"": 0.7212045359911028, ""maps:fwd"": 0.12759194493515}","[""precedes:rev"", ""maps:rev"", ""contains:rev"", ""supports:rev"", ""maps:fwd""]","[0.4899873435497284, 0.29398271441459656, 0.19049325585365295, 0.008769461885094643, 0.00621263450011611]"
1,0.15,s1_case28,before <e1> comes <e2> directly,precedes:rev,precedes:fwd,0,1,precedes:fwd,0,precedes:fwd,0,0,precedes:fwd,precedes:fwd,precedes:fwd,1.0,1.0,1.0,"{""precedes:fwd"": 0.04621002813514998, ""supports:fwd"": 0.16724202813515002, ""maps:fwd"": 0.04621002813514998, ""contains:fwd"": 0.04621002813514998, ""precedes:rev"": 0.8327579718648501}","[""precedes:fwd"", ""supports:fwd"", ""maps:fwd"", ""contains:fwd"", ""precedes:rev""]","[0.9125537276268005, 0.05890768766403198, 0.01865365542471409, 0.003180705476552248, 0.0026320498436689377]"
1,0.15,s1_case29,within <e2> sits <e1>,contains:rev,precedes:rev,0,0,precedes:rev,0,precedes:rev,0,0,,,,,,,,,
1,0.15,s1_case30,from <e1> <e2> is mapped,maps:fwd,maps:rev,0,1,maps:fwd,1,maps:fwd,1,1,maps:rev,maps:rev,maps:fwd,1.0,0.0,2.0,"{""maps:rev"": 0.04621002813514998, ""maps:fwd"": 0.9537899718648504, ""contains:rev"": 0.04621002813514998, ""precedes:rev"": 0.04621002813514998, ""precedes:fwd"": 0.04621002813514998}","[""maps:rev"", ""maps:fwd"", ""contains:rev"", ""precedes:rev"", ""precedes:fwd""]","[0.802274763584137, 0.17048025131225586, 0.0096873315051198, 0.006993108429014683, 0.0034905069041997194]"
1,0.15,s1_case31,to <e1> <e2> points,maps:rev,maps:fwd,0,1,maps:fwd,0,precedes:rev,0,0,maps:fwd,maps:fwd,maps:fwd,1.0,1.0,1.0,"{""maps:fwd"": 0.04621002813514998, ""precedes:fwd"": 0.04621002813514998, ""precedes:rev"": 0.16724202813515002, ""supports:fwd"": 0.04621002813514998, ""maps:rev"": 0.8327579718648501}","[""maps:fwd"", ""precedes:fwd"", ""precedes:rev"", ""supports:fwd"", ""maps:rev""]","[0.9141789078712463, 0.05670642852783203, 0.009710913524031639, 0.009357133880257607, 0.005764633882790804]"
1,0.15,s1_case32,before <e2> comes <e1> directly,precedes:fwd,precedes:fwd,1,1,precedes:fwd,1,precedes:fwd,1,0,supports:fwd,supports:fwd,precedes:fwd,1.0,0.0,9.0,"{""precedes:fwd"": 0.8419525326331307, ""supports:fwd"": 0.04621002813514998, ""maps:fwd"": 0.07638154720889745, ""contains:fwd"": 0.08300456359093959, ""precedes:rev"": 0.0910814128373324}","[""precedes:fwd"", ""supports:fwd"", ""maps:fwd"", ""contains:fwd"", ""precedes:rev""]","[0.9384812116622925, 0.045241523534059525, 0.006800766568630934, 0.0027353428304195404, 0.0023590903729200363]"
1,0.15,s1_case33,<e2> has <e1> inside usually,contains:rev,contains:rev,1,1,contains:rev,1,contains:fwd,0,0,precedes:fwd,precedes:fwd,contains:rev,1.0,0.0,11.0,"{""contains:rev"": 0.9537899718648504, ""precedes:fwd"": 0.04621002813514998, ""contains:fwd"": 0.04621002813514998, ""supports:rev"": 0.04621002813514998, ""precedes:rev"": 0.04621002813514998}","[""contains:rev"", ""precedes:fwd"", ""contains:fwd"", ""supports:rev"", ""precedes:rev""]","[0.9415345788002014, 0.029374899342656136, 0.010010241530835629, 0.009062856435775757, 0.004947934299707413]"
1,0.15,s1_case34,within <e1> sits <e2> in context,contains:fwd,precedes:rev,0,1,precedes:rev,0,maps:fwd,0,0,precedes:rev,precedes:rev,precedes:rev,1.0,1.0,1.0,"{""precedes:rev"": 0.22621002813514998, ""maps:fwd"": 0.04621002813514998, ""supports:rev"": 0.16724202813515002, ""supports:fwd"": 0.04621002813514998, ""contains:fwd"": 0.6527579718648502}","[""precedes:rev"", ""maps:fwd"", ""supports:rev"", ""supports:fwd"", ""contains:fwd""]","[0.6625563502311707, 0.25871410965919495, 0.03611641749739647, 0.01103810966014862, 0.010265396907925606]"
1,0.15,s1_case35,before <e1> comes <e2> for this case,precedes:rev,precedes:fwd,0,1,precedes:fwd,0,supports:fwd,0,0,precedes:fwd,precedes:fwd,precedes:fwd,1.0,1.0,1.0,"{""precedes:fwd"": 0.04621002813514998, ""supports:fwd"": 0.04621002813514998, ""maps:fwd"": 0.0709506737756229, ""precedes:rev"": 0.8080173262243773, ""contains:fwd"": 0.16724202813515002}","[""precedes:fwd"", ""supports:fwd"", ""maps:fwd"", ""precedes:rev"", ""contains:fwd""]","[0.9377213716506958, 0.0449843592941761, 0.0059952810406684875, 0.005829199682921171, 0.0022526923567056656]"
1,0.15,s1_case36,the target of <e1> is <e2>,maps:fwd,maps:rev,0,1,maps:rev,0,maps:rev,0,0,maps:rev,maps:rev,maps:rev,1.0,1.0,1.0,"{""maps:rev"": 0.11294319991115, ""precedes:rev"": 0.04621002813514998, ""supports:rev"": 0.12759194493515, ""maps:fwd"": 0.8056748832888503, ""supports:fwd"": 0.04621002813514998}","[""maps:rev"", ""precedes:rev"", ""supports:rev"", ""maps:fwd"", ""supports:fwd""]","[0.9905143976211548, 0.003478863276541233, 0.0015681033255532384, 0.0011359313502907753, 0.0011318179313093424]"
1,0.15,s1_case37,support for <e2> comes from <e1> usually,supports:fwd,maps:rev,0,1,maps:rev,0,maps:rev,0,0,maps:rev,maps:rev,maps:rev,1.0,1.0,1.0,"{""maps:rev"": 0.10093122899146997, ""maps:fwd"": 0.04621002813514998, ""supports:fwd"": 0.7780367710085303, ""contains:fwd"": 0.04621002813514998, ""precedes:rev"": 0.16724202813515002}","[""maps:rev"", ""maps:fwd"", ""supports:fwd"", ""contains:fwd"", ""precedes:rev""]","[0.5064222812652588, 0.47526469826698303, 0.0069411019794642925, 0.00646927859634161, 0.0024305498227477074]"
1,0.15,s1_case38,inside <e1> is <e2> directly,contains:fwd,contains:rev,0,1,contains:rev,0,maps:fwd,0,0,contains:rev,contains:rev,contains:rev,1.0,1.0,1.0,"{""contains:rev"": 0.3200633296373324, ""precedes:fwd"": 0.04621002813514998, ""contains:fwd"": 0.6799366703626679, ""maps:fwd"": 0.04621002813514998, ""maps:rev"": 0.04621002813514998}","[""contains:rev"", ""precedes:fwd"", ""contains:fwd"", ""maps:fwd"", ""maps:rev""]","[0.8257666230201721, 0.1156051978468895, 0.0231219120323658, 0.022142691537737846, 0.0058721257373690605]"
1,0.15,s1_case39,<e2> is ahead of <e1>,precedes:rev,maps:fwd,0,1,maps:fwd,0,maps:fwd,0,0,maps:fwd,maps:fwd,maps:fwd,1.0,1.0,1.0,"{""maps:fwd"": 0.04621002813514998, ""contains:rev"": 0.04621002813514998, ""maps:rev"": 0.04621002813514998, ""contains:fwd"": 0.16724202813515002, ""precedes:rev"": 0.8327579718648501}","[""maps:fwd"", ""contains:rev"", ""maps:rev"", ""contains:fwd"", ""precedes:rev""]","[0.9528936743736267, 0.0162250567227602, 0.015190225094556808, 0.008589761331677437, 0.003540511941537261]"
1,0.15,s1_case40,usually <e1> is ahead of <e2>,precedes:fwd,maps:rev,0,0,maps:rev,0,maps:rev,0,0,,,,,,,,,
1,0.15,s1_case41,directly <e1> is ahead of <e2>,precedes:fwd,maps:rev,0,0,maps:rev,0,maps:rev,0,0,,,,,,,,,
1,0.15,s1_case42,within <e2> sits <e1>,contains:rev,precedes:rev,0,0,precedes:rev,0,precedes:rev,0,0,,,,,,,,,
1,0.15,s1_case43,within <e1> sits <e2> usually,contains:fwd,maps:fwd,0,1,contains:fwd,1,maps:fwd,0,1,maps:fwd,maps:fwd,contains:fwd,1.0,0.0,1.0,"{""maps:fwd"": 0.19381002813515, ""supports:fwd"": 0.04621002813514998, ""supports:rev"": 0.04621002813514998, ""contains:fwd"": 0.7760184527911029, ""precedes:fwd"": 0.07638154720889745}","[""maps:fwd"", ""supports:fwd"", ""supports:rev"", ""contains:fwd"", ""precedes:fwd""]","[0.58458411693573, 0.20122359693050385, 0.09925992041826248, 0.04235311597585678, 0.037967827171087265]"
1,0.15,s1_case44,<e2> is held up by <e1> usually,supports:fwd,supports:fwd,1,1,supports:fwd,1,maps:fwd,0,0,contains:fwd,contains:fwd,supports:fwd,1.0,0.0,5.0,"{""supports:fwd"": 0.8521207256396623, ""contains:fwd"": 0.04621002813514998, ""maps:fwd"": 0.04621002813514998, ""supports:rev"": 0.04621002813514998, ""precedes:fwd"": 0.1478792743603378}","[""supports:fwd"", ""contains:fwd"", ""maps:fwd"", ""supports:rev"", ""precedes:fwd""]","[0.5732473134994507, 0.24794265627861023, 0.14860258996486664, 0.012830875813961029, 0.006517572794109583]"
1,0.15,s1_case45,from <e1> <e2> is mapped usually,maps:fwd,maps:rev,0,1,maps:fwd,1,maps:rev,0,1,maps:rev,maps:rev,maps:fwd,1.0,0.0,3.0,"{""maps:rev"": 0.04621002813514998, ""maps:fwd"": 0.6745437318648502, ""supports:fwd"": 0.22621002813514998, ""contains:fwd"": 0.04621002813514998, ""precedes:rev"": 0.14545626813515}","[""maps:rev"", ""maps:fwd"", ""supports:fwd"", ""contains:fwd"", ""precedes:rev""]","[0.6969643235206604, 0.2750137150287628, 0.008213765919208527, 0.00732045155018568, 0.006952465511858463]"
1,0.15,s1_case46,usually <e1> has <e2> inside,contains:fwd,maps:fwd,0,1,contains:fwd,1,contains:rev,0,1,maps:fwd,maps:fwd,contains:fwd,1.0,0.0,1.0,"{""maps:fwd"": 0.04621002813514998, ""precedes:fwd"": 0.04621002813514998, ""contains:rev"": 0.04621002813514998, ""contains:fwd"": 0.9537899718648504, ""precedes:rev"": 0.04621002813514998}","[""maps:fwd"", ""precedes:fwd"", ""contains:rev"", ""contains:fwd"", ""precedes:rev""]","[0.4345918893814087, 0.2868150770664215, 0.23062090575695038, 0.02825661189854145, 0.01145501434803009]"
1,0.15,s1_case47,support for <e1> comes from <e2>,supports:rev,maps:rev,0,0,maps:rev,0,maps:rev,0,0,,,,,,,,,
1,0.15,s1_case48,before <e1> comes <e2> usually,precedes:rev,precedes:fwd,0,1,precedes:fwd,0,precedes:fwd,0,0,precedes:fwd,precedes:fwd,precedes:fwd,1.0,1.0,1.0,"{""precedes:fwd"": 0.10093122899146997, ""supports:fwd"": 0.08300456359093959, ""maps:fwd"": 0.04621002813514998, ""precedes:rev"": 0.8622742355527406, ""contains:fwd"": 0.04621002813514998}","[""precedes:fwd"", ""supports:fwd"", ""maps:fwd"", ""precedes:rev"", ""contains:fwd""]","[0.711921215057373, 0.25452423095703125, 0.01665700413286686, 0.006413966882973909, 0.004472463857382536]"
1,0.15,s1_case49,<e1> trails <e2>,precedes:rev,supports:fwd,0,1,precedes:rev,1,precedes:fwd,0,1,supports:fwd,supports:fwd,precedes:rev,1.0,0.0,1.0,"{""supports:fwd"": 0.11294319991115, ""precedes:rev"": 0.7576390410151028, ""precedes:fwd"": 0.04621002813514998, ""supports:rev"": 0.17562778720889746, ""maps:fwd"": 0.04621002813514998}","[""supports:fwd"", ""precedes:rev"", ""precedes:fwd"", ""supports:rev"", ""maps:fwd""]","[0.8537589907646179, 0.0651518702507019, 0.04021504521369934, 0.019071251153945923, 0.011358835734426975]"
1,0.15,s1_case50,<e2> has <e1> inside in context,contains:rev,contains:rev,1,1,contains:rev,1,contains:rev,1,0,precedes:fwd,contains:rev,contains:rev,0.0,0.0,13.0,"{""contains:rev"": 0.6910162698073423, ""precedes:fwd"": 0.24225055841665785, ""precedes:rev"": 0.11294319991115, ""supports:rev"": 0.04621002813514998, ""contains:fwd"": 0.04621002813514998}","[""contains:rev"", ""precedes:fwd"", ""precedes:rev"", ""supports:rev"", ""contains:fwd""]","[0.9738538861274719, 0.009511108510196209, 0.006089407950639725, 0.004644893575459719, 0.003207315457984805]"
1,0.15,s1_case51,<e2> trails <e1> in context,precedes:fwd,precedes:rev,0,1,precedes:fwd,1,precedes:fwd,1,1,precedes:rev,precedes:rev,precedes:fwd,1.0,0.0,2.0,"{""precedes:rev"": 0.04621002813514998, ""precedes:fwd"": 0.8841779415221951, ""maps:fwd"": 0.0910814128373324, ""contains:rev"": 0.0709506737756229, ""supports:rev"": 0.04621002813514998}","[""precedes:rev"", ""precedes:fwd"", ""maps:fwd"", ""contains:rev"", ""supports:rev""]","[0.8334131836891174, 0.09289412200450897, 0.04316641017794609, 0.01516855787485838, 0.011498923413455486]"
1,0.15,s1_case52,the target of <e2> is <e1> directly,maps:rev,maps:rev,1,1,maps:rev,1,maps:rev,1,0,precedes:rev,maps:rev,maps:rev,0.0,0.0,13.0,"{""maps:rev"": 0.8990687710085301, ""precedes:rev"": 0.10093122899146997, ""maps:fwd"": 0.04621002813514998, ""supports:rev"": 0.04621002813514998, ""supports:fwd"": 0.04621002813514998}","[""maps:rev"", ""precedes:rev"", ""maps:fwd"", ""supports:rev"", ""supports:fwd""]","[0.992637038230896, 0.0018796517979353666, 0.0013553318567574024, 0.001258509000763297, 0.0010672915959730744]"
1,0.15,s1_case53,inside <e2> is <e1> usually,contains:rev,contains:fwd,0,1,contains:fwd,0,contains:fwd,0,0,contains:fwd,contains:fwd,contains:fwd,1.0,1.0,1.0,"{""contains:fwd"": 0.19381002813515, ""precedes:fwd"": 0.0709506737756229, ""supports:fwd"": 0.04621002813514998, ""supports:rev"": 0.04621002813514998, ""contains:rev"": 0.7814493262243773}","[""contains:fwd"", ""precedes:fwd"", ""supports:fwd"", ""supports:rev"", ""contains:rev""]","[0.6127710342407227, 0.18751667439937592, 0.13092568516731262, 0.031820669770240784, 0.022222045809030533]"
1,0.15,s1_case54,support for <e1> comes from <e2> for this case,supports:rev,maps:rev,0,0,maps:rev,0,maps:rev,0,0,,,,,,,,,
1,0.15,s1_case55,<e2> is ahead of <e1> for this case,precedes:rev,maps:fwd,0,1,maps:fwd,0,maps:fwd,0,0,maps:fwd,maps:fwd,maps:fwd,1.0,1.0,1.0,"{""maps:fwd"": 0.04621002813514998, ""contains:fwd"": 0.04621002813514998, ""maps:rev"": 0.04621002813514998, ""supports:fwd"": 0.10093122899146997, ""precedes:rev"": 0.8990687710085301}","[""maps:fwd"", ""contains:fwd"", ""maps:rev"", ""supports:fwd"", ""precedes:rev""]","[0.9784829616546631, 0.007198955398052931, 0.004263979382812977, 0.0028053647838532925, 0.0025831800885498524]"
1,0.15,s1_case56,within <e2> sits <e1> directly,contains:rev,maps:fwd,0,0,maps:fwd,0,maps:fwd,0,0,,,,,,,,,
1,0.15,s1_case57,in context <e1> is held up by <e2>,supports:rev,supports:rev,1,1,supports:rev,1,contains:fwd,0,0,contains:rev,supports:rev,supports:rev,0.0,0.0,6.0,"{""supports:rev"": 0.8342564024396624, ""contains:rev"": 0.0664973575603378, ""precedes:rev"": 0.04621002813514998, ""maps:rev"": 0.04621002813514998, ""contains:fwd"": 0.14545626813515}","[""supports:rev"", ""contains:rev"", ""precedes:rev"", ""maps:rev"", ""contains:fwd""]","[0.6929459571838379, 0.13219474256038666, 0.12806746363639832, 0.027283838018774986, 0.015304145403206348]"
1,0.15,s1_case58,<e1> trails <e2>,precedes:rev,supports:fwd,0,1,precedes:rev,1,supports:fwd,0,1,supports:fwd,supports:fwd,precedes:rev,1.0,0.0,1.0,"{""supports:fwd"": 0.04621002813514998, ""precedes:rev"": 0.68464288328885, ""precedes:fwd"": 0.23397519991115, ""supports:rev"": 0.04621002813514998, ""maps:fwd"": 0.12759194493515}","[""supports:fwd"", ""precedes:rev"", ""precedes:fwd"", ""supports:rev"", ""maps:fwd""]","[0.8537589907646179, 0.0651518702507019, 0.04021504521369934, 0.019071251153945923, 0.011358835734426975]"
1,0.15,s1_case59,support for <e1> comes from <e2> in context,supports:rev,maps:rev,0,0,maps:rev,0,maps:rev,0,0,,,,,,,,,
1,0.15,s1_case60,backing <e1> is <e2> usually,supports:rev,supports:rev,1,1,supports:rev,1,precedes:fwd,0,0,contains:fwd,contains:fwd,supports:rev,1.0,0.0,4.0,"{""supports:rev"": 0.8327579718648501, ""contains:fwd"": 0.04621002813514998, ""supports:fwd"": 0.16724202813515002, ""contains:rev"": 0.04621002813514998, ""precedes:fwd"": 0.04621002813514998}","[""supports:rev"", ""contains:fwd"", ""supports:fwd"", ""contains:rev"", ""precedes:fwd""]","[0.43922385573387146, 0.4297724664211273, 0.04593442380428314, 0.029997987672686577, 0.02577332779765129]"
1,0.15,s1_case61,support for <e1> comes from <e2>,supports:rev,maps:rev,0,0,maps:rev,0,maps:rev,0,0,,,,,,,,,
1,0.15,s1_case62,from <e1> <e2> is mapped,maps:fwd,maps:rev,0,1,maps:fwd,1,maps:rev,0,1,maps:rev,maps:rev,maps:fwd,1.0,0.0,3.0,"{""maps:rev"": 0.04621002813514998, ""maps:fwd"": 0.7490493262243773, ""contains:rev"": 0.04621002813514998, ""precedes:rev"": 0.0709506737756229, ""precedes:fwd"": 0.22621002813514998}","[""maps:rev"", ""maps:fwd"", ""contains:rev"", ""precedes:rev"", ""precedes:fwd""]","[0.802274763584137, 0.17048025131225586, 0.0096873315051198, 0.006993108429014683, 0.0034905069041997194]"
1,0.15,s1_case63,directly <e1> has <e2> inside,contains:fwd,contains:rev,0,1,contains:fwd,1,precedes:fwd,0,1,contains:rev,contains:rev,contains:fwd,1.0,0.0,1.0,"{""contains:rev"": 0.04621002813514998, ""precedes:fwd"": 0.0709506737756229, ""maps:fwd"": 0.04621002813514998, ""contains:fwd"": 0.8174447697461948, ""precedes:rev"": 0.15781458461333242}","[""contains:rev"", ""precedes:fwd"", ""maps:fwd"", ""contains:fwd"", ""precedes:rev""]","[0.6960480809211731, 0.1410563439130783, 0.11573192477226257, 0.03266153857111931, 0.008482147939503193]"
1,0.15,s1_case64,<e2> is held up by <e1> in context,supports:fwd,maps:fwd,0,1,supports:fwd,1,maps:fwd,0,1,maps:fwd,maps:fwd,supports:fwd,1.0,0.0,2.0,"{""maps:fwd"": 0.04621002813514998, ""contains:fwd"": 0.04621002813514998, ""supports:fwd"": 0.9537899718648504, ""precedes:rev"": 0.04621002813514998, ""supports:rev"": 0.04621002813514998}","[""maps:fwd"", ""contains:fwd"", ""supports:fwd"", ""precedes:rev"", ""supports:rev""]","[0.6706510782241821, 0.124479740858078, 0.097981296479702, 0.07965967059135437, 0.011285324580967426]"
1,0.15,s1_case65,<e1> trails <e2>,precedes:rev,supports:fwd,0,1,precedes:rev,1,supports:fwd,0,1,supports:fwd,supports:fwd,precedes:rev,1.0,0.0,4.0,"{""supports:fwd"": 0.04621002813514998, ""precedes:rev"": 0.7737899718648504, ""precedes:fwd"": 0.04621002813514998, ""supports:rev"": 0.04621002813514998, ""maps:fwd"": 0.22621002813514998}","[""supports:fwd"", ""precedes:rev"", ""precedes:fwd"", ""supports:rev"", ""maps:fwd""]","[0.8537589907646179, 0.0651518702507019, 0.04021504521369934, 0.019071251153945923, 0.011358835734426975]"
1,0.15,s1_case66,to <e1> <e2> points usually,maps:rev,maps:fwd,0,1,maps:fwd,0,maps:fwd,0,0,maps:fwd,maps:fwd,maps:fwd,1.0,1.0,1.0,"{""maps:fwd"": 0.04621002813514998, ""precedes:fwd"": 0.04621002813514998, ""supports:fwd"": 0.04621002813514998, ""precedes:rev"": 0.12567187463194293, ""maps:rev"": 0.8743281253680575}","[""maps:fwd"", ""precedes:fwd"", ""supports:fwd"", ""precedes:rev"", ""maps:rev""]","[0.9197864532470703, 0.04026037082076073, 0.019442865625023842, 0.010386035777628422, 0.004874898586422205]"
1,0.15,s1_case67,usually <e1> is ahead of <e2>,precedes:fwd,maps:rev,0,0,maps:rev,0,maps:rev,0,0,,,,,,,,,
1,0.15,s1_case68,from <e2> <e1> is mapped in context,maps:rev,maps:rev,1,1,maps:rev,1,maps:rev,1,0,maps:fwd,maps:rev,maps:rev,0.0,0.0,13.0,"{""maps:rev"": 0.8967081069838729, ""maps:fwd"": 0.08300456359093959, ""precedes:rev"": 0.04621002813514998, ""contains:fwd"": 0.0664973575603378, ""supports:fwd"": 0.04621002813514998}","[""maps:rev"", ""maps:fwd"", ""precedes:rev"", ""contains:fwd"", ""supports:fwd""]","[0.9582874774932861, 0.01814979873597622, 0.009128007106482983, 0.007825999520719051, 0.004271439276635647]"
1,0.15,s1_case69,from <e1> <e2> is mapped in context,maps:fwd,maps:rev,0,1,maps:fwd,1,maps:rev,0,1,maps:rev,maps:rev,maps:fwd,1.0,0.0,1.0,"{""maps:rev"": 0.04621002813514998, ""maps:fwd"": 0.6643555538636624, ""contains:fwd"": 0.1478792743603378, ""precedes:rev"": 0.11294319991115, ""supports:fwd"": 0.16724202813515002}","[""maps:rev"", ""maps:fwd"", ""contains:fwd"", ""precedes:rev"", ""supports:fwd""]","[0.931482195854187, 0.026638474315404892, 0.016994543373584747, 0.01146305538713932, 0.010467184707522392]"
1,0.15,s1_case70,in context <e1> is held up by <e2>,supports:rev,supports:rev,1,1,supports:rev,1,precedes:rev,0,0,contains:rev,contains:rev,supports:rev,1.0,0.0,5.0,"{""supports:rev"": 0.7737899718648504, ""contains:rev"": 0.22621002813514998, ""precedes:rev"": 0.04621002813514998, ""maps:rev"": 0.04621002813514998, ""contains:fwd"": 0.04621002813514998}","[""supports:rev"", ""contains:rev"", ""precedes:rev"", ""maps:rev"", ""contains:fwd""]","[0.6929459571838379, 0.13219474256038666, 0.12806746363639832, 0.027283838018774986, 0.015304145403206348]"
1,0.15,s1_case71,from <e2> <e1> is mapped for this case,maps:rev,maps:rev,1,1,maps:rev,1,maps:fwd,0,0,maps:fwd,maps:fwd,maps:rev,1.0,0.0,11.0,"{""maps:rev"": 0.9537899718648504, ""maps:fwd"": 0.04621002813514998, ""contains:fwd"": 0.04621002813514998, ""supports:fwd"": 0.04621002813514998, ""precedes:fwd"": 0.04621002813514998}","[""maps:rev"", ""maps:fwd"", ""contains:fwd"", ""supports:fwd"", ""precedes:fwd""]","[0.9706246256828308, 0.01586736924946308, 0.004673366900533438, 0.0027522596064954996, 0.0026845538523048162]"
1,0.15,s1_case72,<e2> is held up by <e1> usually,supports:fwd,supports:fwd,1,1,supports:fwd,1,contains:fwd,0,0,contains:fwd,contains:fwd,supports:fwd,1.0,0.0,7.0,"{""supports:fwd"": 0.8476674094243772, ""contains:fwd"": 0.04621002813514998, ""maps:fwd"": 0.15233259057562296, ""supports:rev"": 0.04621002813514998, ""precedes:fwd"": 0.04621002813514998}","[""supports:fwd"", ""contains:fwd"", ""maps:fwd"", ""supports:rev"", ""precedes:fwd""]","[0.5732473134994507, 0.24794265627861023, 0.14860258996486664, 0.012830875813961029, 0.006517572794109583]"
1,0.15,s1_case73,inside <e2> is <e1> usually,contains:rev,contains:fwd,0,1,contains:rev,1,precedes:fwd,0,1,contains:fwd,contains:fwd,contains:rev,1.0,0.0,1.0,"{""contains:fwd"": 0.04621002813514998, ""precedes:fwd"": 0.12759194493515, ""supports:fwd"": 0.04621002813514998, ""supports:rev"": 0.3378145846133324, ""contains:rev"": 0.5808034985866679}","[""contains:fwd"", ""precedes:fwd"", ""supports:fwd"", ""supports:rev"", ""contains:rev""]","[0.6127710342407227, 0.18751667439937592, 0.13092568516731262, 0.031820669770240784, 0.022222045809030533]"
1,0.15,s1_case74,<e2> is held up by <e1> directly,supports:fwd,maps:fwd,0,1,supports:fwd,1,maps:fwd,0,1,maps:fwd,maps:fwd,supports:fwd,1.0,0.0,1.0,"{""maps:fwd"": 0.04621002813514998, ""supports:fwd"": 0.7535026424396625, ""contains:fwd"": 0.0664973575603378, ""precedes:rev"": 0.22621002813514998, ""maps:rev"": 0.04621002813514998}","[""maps:fwd"", ""supports:fwd"", ""contains:fwd"", ""precedes:rev"", ""maps:rev""]","[0.8289154767990112, 0.09859196096658707, 0.04732929542660713, 0.008018088527023792, 0.005729924887418747]"
1,0.15,s1_case75,inside <e2> is <e1> directly,contains:rev,contains:rev,1,1,contains:rev,1,maps:fwd,0,0,precedes:fwd,precedes:fwd,contains:rev,1.0,0.0,7.0,"{""contains:rev"": 0.9236184527911029, ""precedes:fwd"": 0.04621002813514998, ""contains:fwd"": 0.04621002813514998, ""maps:rev"": 0.04621002813514998, ""maps:fwd"": 0.07638154720889745}","[""contains:rev"", ""precedes:fwd"", ""contains:fwd"", ""maps:rev"", ""maps:fwd""]","[0.8217257857322693, 0.12517745792865753, 0.02610757388174534, 0.009522576816380024, 0.009214567951858044]"
1,0.15,s1_case76,support for <e2> comes from <e1> for this case,supports:fwd,maps:rev,0,1,maps:rev,0,maps:rev,0,0,maps:rev,maps:rev,maps:rev,1.0,1.0,1.0,"{""maps:rev"": 0.04621002813514998, ""maps:fwd"": 0.04621002813514998, ""contains:fwd"": 0.22621002813514998, ""supports:fwd"": 0.7535026424396625, ""precedes:rev"": 0.0664973575603378}","[""maps:rev"", ""maps:fwd"", ""contains:fwd"", ""supports:fwd"", ""precedes:rev""]","[0.9463993906974792, 0.04620037600398064, 0.002814157633110881, 0.0021893910598009825, 0.0013356765266507864]"
1,0.15,s1_case77,before <e2> comes <e1> usually,precedes:fwd,precedes:fwd,1,1,precedes:fwd,1,supports:fwd,0,0,supports:fwd,supports:fwd,precedes:fwd,1.0,0.0,5.0,"{""precedes:fwd"": 0.8724080550648503, ""supports:fwd"": 0.12759194493515, ""maps:fwd"": 0.04621002813514998, ""contains:fwd"": 0.04621002813514998, ""precedes:rev"": 0.04621002813514998}","[""precedes:fwd"", ""supports:fwd"", ""maps:fwd"", ""contains:fwd"", ""precedes:rev""]","[0.7663508057594299, 0.20589354634284973, 0.010915052145719528, 0.005210263188928366, 0.004793805070221424]"
1,0.15,s1_case78,inside <e2> is <e1> in context,contains:rev,precedes:rev,0,1,contains:rev,1,contains:fwd,0,1,precedes:rev,precedes:rev,contains:rev,1.0,0.0,3.0,"{""precedes:rev"": 0.04621002813514998, ""contains:rev"": 0.7577494415833426, ""maps:rev"": 0.22196322899146997, ""contains:fwd"": 0.0664973575603378, ""precedes:fwd"": 0.04621002813514998}","[""precedes:rev"", ""contains:rev"", ""maps:rev"", ""contains:fwd"", ""precedes:fwd""]","[0.34027642011642456, 0.21269305050373077, 0.19791457056999207, 0.12070242315530777, 0.11763598024845123]"
1,0.15,s1_case79,inside <e1> is <e2> in context,contains:fwd,contains:rev,0,1,contains:fwd,1,maps:rev,0,1,contains:rev,contains:rev,contains:fwd,1.0,0.0,2.0,"{""contains:rev"": 0.04621002813514998, ""precedes:rev"": 0.12759194493515, ""contains:fwd"": 0.8724080550648503, ""precedes:fwd"": 0.04621002813514998, ""maps:rev"": 0.04621002813514998}","[""contains:rev"", ""precedes:rev"", ""contains:fwd"", ""precedes:fwd"", ""maps:rev""]","[0.4538499116897583, 0.36669668555259705, 0.0741872638463974, 0.06935738027095795, 0.02952122874557972]"
1,0.3,s1_case0,<e1> is held up by <e2>,supports:rev,supports:fwd,0,1,supports:rev,1,supports:fwd,0,1,supports:fwd,supports:fwd,supports:rev,1.0,0.0,5.0,"{""supports:fwd"": 0.0709506737756229, ""supports:rev"": 0.8441566062943098, ""contains:fwd"": 0.10093122899146997, ""precedes:rev"": 0.04621002813514998, ""maps:fwd"": 0.07638154720889745}","[""supports:fwd"", ""supports:rev"", ""contains:fwd"", ""precedes:rev"", ""maps:fwd""]","[0.4567325711250305, 0.3409270644187927, 0.12479916960000992, 0.0664370208978653, 0.005004447419196367]"
1,0.3,s1_case1,within <e1> sits <e2> in context,contains:fwd,precedes:rev,0,1,precedes:rev,0,maps:fwd,0,0,precedes:rev,precedes:rev,precedes:rev,1.0,1.0,1.0,"{""precedes:rev"": 0.10093122899146997, ""maps:fwd"": 0.21218943991115002, ""supports:rev"": 0.04621002813514998, ""supports:fwd"": 0.0664973575603378, ""contains:fwd"": 0.7128020298073425}","[""precedes:rev"", ""maps:fwd"", ""supports:rev"", ""supports:fwd"", ""contains:fwd""]","[0.6625563502311707, 0.25871410965919495, 0.03611641749739647, 0.01103810966014862, 0.010265396907925606]"
1,0.3,s1_case2,before <e1> comes <e2> for this case,precedes:rev,precedes:fwd,0,1,precedes:fwd,0,precedes:fwd,0,0,precedes:fwd,precedes:fwd,precedes:fwd,1.0,1.0,1.0,"{""precedes:fwd"": 0.04621002813514998, ""supports:fwd"": 0.07638154720889745, ""maps:fwd"": 0.0910814128373324, ""precedes:rev"": 0.8787470680889202, ""contains:fwd"": 0.04621002813514998}","[""precedes:fwd"", ""supports:fwd"", ""maps:fwd"", ""precedes:rev"", ""contains:fwd""]","[0.9377213716506958, 0.0449843592941761, 0.0059952810406684875, 0.005829199682921171, 0.0022526923567056656]"
1,0.3,s1_case3,backing <e2> is <e1>,supports:fwd,maps:rev,0,0,maps:rev,0,maps:rev,0,0,,,,,,,,,
1,0.3,s1_case4,to <e2> <e1> points usually,maps:fwd,maps:fwd,1,1,maps:fwd,1,maps:fwd,1,0,precedes:fwd,maps:fwd,maps:fwd,0.0,0.0,8.0,"{""maps:fwd"": 0.6673834060664054, ""precedes:fwd"": 0.22621002813514998, ""supports:fwd"": 0.11582205847780534, ""precedes:rev"": 0.08300456359093959, ""contains:fwd"": 0.04621002813514998}","[""maps:fwd"", ""precedes:fwd"", ""supports:fwd"", ""precedes:rev"", ""contains:fwd""]","[0.8697267174720764, 0.0788271501660347, 0.03274831920862198, 0.007569269742816687, 0.004519696347415447]"
1,0.3,s1_case5,support for <e2> comes from <e1>,supports:fwd,maps:rev,0,1,maps:rev,0,maps:rev,0,0,maps:rev,maps:rev,maps:rev,1.0,1.0,1.0,"{""maps:rev"": 0.04621002813514998, ""maps:fwd"": 0.04621002813514998, ""supports:fwd"": 0.9290493262243773, ""contains:fwd"": 0.0709506737756229, ""precedes:rev"": 0.04621002813514998}","[""maps:rev"", ""maps:fwd"", ""supports:fwd"", ""contains:fwd"", ""precedes:rev""]","[0.911470353603363, 0.07933805137872696, 0.0030677032191306353, 0.002563543152064085, 0.002269057324156165]"
1,0.3,s1_case6,before <e2> comes <e1> directly,precedes:fwd,precedes:fwd,1,1,precedes:fwd,1,precedes:fwd,1,0,supports:fwd,precedes:fwd,precedes:fwd,0.0,0.0,13.0,"{""precedes:fwd"": 0.5047355992325303, ""supports:fwd"": 0.10093122899146997, ""maps:fwd"": 0.26054319991115, ""contains:fwd"": 0.22621002813514998, ""precedes:rev"": 0.04621002813514998}","[""precedes:fwd"", ""supports:fwd"", ""maps:fwd"", ""contains:fwd"", ""precedes:rev""]","[0.9384812116622925, 0.045241523534059525, 0.006800766568630934, 0.0027353428304195404, 0.0023590903729200363]"
1,0.3,s1_case7,within <e1> sits <e2> in context,contains:fwd,precedes:rev,0,1,precedes:rev,0,maps:fwd,0,0,precedes:rev,precedes:rev,precedes:rev,1.0,1.0,1.0,"{""precedes:rev"": 0.07638154720889745, ""maps:fwd"": 0.12759194493515, ""supports:rev"": 0.04621002813514998, ""supports:fwd"": 0.2121134128373324, ""contains:fwd"": 0.6763331512889204}","[""precedes:rev"", ""maps:fwd"", ""supports:rev"", ""supports:fwd"", ""contains:fwd""]","[0.6625563502311707, 0.25871410965919495, 0.03611641749739647, 0.01103810966014862, 0.010265396907925606]"
1,0.3,s1_case8,support for <e2> comes from <e1> directly,supports:fwd,maps:rev,0,1,maps:rev,0,maps:rev,0,0,maps:rev,maps:rev,maps:rev,1.0,1.0,1.0,"{""maps:rev"": 0.11294319991115, ""maps:fwd"": 0.04621002813514998, ""supports:fwd"": 0.7070568000888503, ""contains:fwd"": 0.22621002813514998, ""precedes:rev"": 0.04621002813514998}","[""maps:rev"", ""maps:fwd"", ""supports:fwd"", ""contains:fwd"", ""precedes:rev""]","[0.9299275875091553, 0.06142306327819824, 0.0031098020263016224, 0.0023924424313008785, 0.0019643036648631096]"
1,0.3,s1_case9,for this case <e1> is held up by <e2>,supports:rev,maps:rev,0,0,maps:rev,0,maps:rev,0,0,,,,,,,,,
1,0.3,s1_case10,the target of <e2> is <e1> in context,maps:rev,maps:rev,1,1,maps:rev,1,maps:rev,1,0,precedes:rev,maps:rev,maps:rev,0.0,0.0,13.0,"{""maps:rev"": 0.7688803478330606, ""precedes:rev"": 0.04621002813514998, ""maps:fwd"": 0.11294319991115, ""contains:fwd"": 0.08300456359093959, ""supports:rev"": 0.12759194493515}","[""maps:rev"", ""precedes:rev"", ""maps:fwd"", ""contains:fwd"", ""supports:rev""]","[0.9922569990158081, 0.002621452556923032, 0.001493054791353643, 0.000951998052187264, 0.0009168421966023743]"
1,0.3,s1_case11,support for <e2> comes from <e1> directly,supports:fwd,maps:rev,0,1,maps:rev,0,maps:rev,0,0,maps:rev,maps:rev,maps:rev,1.0,1.0,1.0,"{""maps:rev"": 0.12759194493515, ""maps:fwd"": 0.2509506737756229, ""supports:fwd"": 0.6105855445433999, ""contains:fwd"": 0.0664973575603378, ""precedes:rev"": 0.08300456359093959}","[""maps:rev"", ""maps:fwd"", ""supports:fwd"", ""contains:fwd"", ""precedes:rev""]","[0.9299275875091553, 0.06142306327819824, 0.0031098020263016224, 0.0023924424313008785, 0.0019643036648631096]"
1,0.3,s1_case12,from <e2> <e1> is mapped directly,maps:rev,maps:rev,1,1,maps:rev,1,maps:rev,1,0,maps:fwd,maps:rev,maps:rev,0.0,0.0,13.0,"{""maps:rev"": 0.6315584822816904, ""maps:fwd"": 0.04621002813514998, ""precedes:rev"": 0.0910814128373324, ""contains:rev"": 0.2040365635909396, ""contains:fwd"": 0.1657435975603378}","[""maps:rev"", ""maps:fwd"", ""precedes:rev"", ""contains:rev"", ""contains:fwd""]","[0.9808891415596008, 0.006675928831100464, 0.004198492504656315, 0.002795642940327525, 0.0019216573564335704]"
1,0.3,s1_case13,from <e1> <e2> is mapped,maps:fwd,maps:rev,0,1,maps:fwd,1,maps:rev,0,1,maps:rev,maps:rev,maps:fwd,1.0,0.0,2.0,"{""maps:rev"": 0.12759194493515, ""maps:fwd"": 0.7065046703626678, ""contains:rev"": 0.16724202813515002, ""precedes:rev"": 0.04621002813514998, ""precedes:fwd"": 0.0910814128373324}","[""maps:rev"", ""maps:fwd"", ""contains:rev"", ""precedes:rev"", ""precedes:fwd""]","[0.802274763584137, 0.17048025131225586, 0.0096873315051198, 0.006993108429014683, 0.0034905069041997194]"
1,0.3,s1_case14,<e2> trails <e1> directly,precedes:fwd,precedes:fwd,1,1,precedes:fwd,1,precedes:fwd,1,0,precedes:rev,precedes:rev,precedes:fwd,1.0,0.0,6.0,"{""precedes:fwd"": 0.9290493262243773, ""precedes:rev"": 0.04621002813514998, ""maps:fwd"": 0.04621002813514998, ""supports:rev"": 0.0709506737756229, ""contains:rev"": 0.04621002813514998}","[""precedes:fwd"", ""precedes:rev"", ""maps:fwd"", ""supports:rev"", ""contains:rev""]","[0.6848167181015015, 0.16402088105678558, 0.10230207443237305, 0.02483506314456463, 0.01524544321000576]"
1,0.3,s1_case15,within <e1> sits <e2> for this case,contains:fwd,precedes:rev,0,1,precedes:rev,0,precedes:rev,0,0,precedes:rev,precedes:rev,precedes:rev,1.0,1.0,1.0,"{""precedes:rev"": 0.20017746899147, ""maps:rev"": 0.25638154720889744, ""contains:rev"": 0.04621002813514998, ""contains:fwd"": 0.5229178401587827, ""supports:rev"": 0.11294319991115}","[""precedes:rev"", ""maps:rev"", ""contains:rev"", ""contains:fwd"", ""supports:rev""]","[0.8327946662902832, 0.0535801500082016, 0.03406645730137825, 0.03315403684973717, 0.031448520720005035]"
1,0.3,s1_case16,from <e1> <e2> is mapped for this case,maps:fwd,maps:rev,0,1,maps:rev,0,maps:rev,0,0,maps:rev,maps:rev,maps:rev,1.0,1.0,1.0,"{""maps:rev"": 0.12759194493515, ""maps:fwd"": 0.6376868542085303, ""contains:fwd"": 0.22621002813514998, ""supports:fwd"": 0.04621002813514998, ""precedes:fwd"": 0.10093122899146997}","[""maps:rev"", ""maps:fwd"", ""contains:fwd"", ""supports:fwd"", ""precedes:fwd""]","[0.9624100923538208, 0.01928057335317135, 0.006894876714795828, 0.005516350734978914, 0.00293136783875525]"
1,0.3,s1_case17,<e2> is ahead of <e1> directly,precedes:rev,maps:fwd,0,0,maps:fwd,0,maps:fwd,0,0,,,,,,,,,
1,0.3,s1_case18,before <e2> comes <e1> directly,precedes:fwd,precedes:fwd,1,1,precedes:fwd,1,supports:fwd,0,0,supports:fwd,supports:fwd,precedes:fwd,1.0,0.0,9.0,"{""precedes:fwd"": 0.5691081069838729, ""supports:fwd"": 0.21409735756033782, ""maps:fwd"": 0.04621002813514998, ""contains:fwd"": 0.2630045635909396, ""precedes:rev"": 0.04621002813514998}","[""precedes:fwd"", ""supports:fwd"", ""maps:fwd"", ""contains:fwd"", ""precedes:rev""]","[0.9384812116622925, 0.045241523534059525, 0.006800766568630934, 0.0027353428304195404, 0.0023590903729200363]"
1,0.3,s1_case19,from <e1> <e2> is mapped in context,maps:fwd,maps:rev,0,1,maps:rev,0,maps:rev,0,0,maps:rev,maps:rev,maps:rev,1.0,1.0,1.0,"{""maps:rev"": 0.04621002813514998, ""maps:fwd"": 0.5750518459614801, ""contains:fwd"": 0.25706082461333246, ""precedes:rev"": 0.0664973575603378, ""supports:fwd"": 0.19381002813515}","[""maps:rev"", ""maps:fwd"", ""contains:fwd"", ""precedes:rev"", ""supports:fwd""]","[0.931482195854187, 0.026638474315404892, 0.016994543373584747, 0.01146305538713932, 0.010467184707522392]"
1,0.3,s1_case20,from <e2> <e1> is mapped for this case,maps:rev,maps:rev,1,1,maps:rev,1,maps:rev,1,0,maps:fwd,maps:rev,maps:rev,0.0,0.0,13.0,"{""maps:rev"": 0.6100390410151028, ""maps:fwd"": 0.04621002813514998, ""contains:fwd"": 0.04621002813514998, ""supports:fwd"": 0.3899609589848975, ""precedes:fwd"": 0.04621002813514998}","[""maps:rev"", ""maps:fwd"", ""contains:fwd"", ""supports:fwd"", ""precedes:fwd""]","[0.9706246256828308, 0.01586736924946308, 0.004673366900533438, 0.0027522596064954996, 0.0026845538523048162]"
1,0.3,s1_case21,inside <e2> is <e1> directly,contains:rev,contains:rev,1,1,contains:rev,1,contains:rev,1,0,precedes:fwd,precedes:fwd,contains:rev,1.0,0.0,10.0,"{""contains:rev"": 0.7247796272326004, ""precedes:fwd"": 0.0910814128373324, ""contains:fwd"": 0.1311027480652175, ""maps:rev"": 0.04621002813514998, ""maps:fwd"": 0.14545626813515}","[""contains:rev"", ""precedes:fwd"", ""contains:fwd"", ""maps:rev"", ""maps:fwd""]","[0.8217257857322693, 0.12517745792865753, 0.02610757388174534, 0.009522576816380024, 0.009214567951858044]"
1,0.3,s1_case22,<e2> trails <e1> in context,precedes:fwd,precedes:rev,0,1,precedes:fwd,1,precedes:fwd,1,1,precedes:rev,precedes:rev,precedes:fwd,1.0,0.0,1.0,"{""precedes:rev"": 0.04621002813514998, ""precedes:fwd"": 0.7959634364090609, ""maps:fwd"": 0.04621002813514998, ""contains:rev"": 0.04621002813514998, ""supports:rev"": 0.2040365635909396}","[""precedes:rev"", ""precedes:fwd"", ""maps:fwd"", ""contains:rev"", ""supports:rev""]","[0.8334131836891174, 0.09289412200450897, 0.04316641017794609, 0.01516855787485838, 0.011498923413455486]"
1,0.3,s1_case23,usually <e1> has <e2> inside,contains:fwd,maps:fwd,0,1,contains:fwd,1,maps:fwd,0,1,maps:fwd,maps:fwd,contains:fwd,1.0,0.0,1.0,"{""maps:fwd"": 0.04621002813514998, ""precedes:fwd"": 0.04621002813514998, ""contains:rev"": 0.15776346400889749, ""contains:fwd"": 0.8422365359911028, ""precedes:rev"": 0.04621002813514998}","[""maps:fwd"", ""precedes:fwd"", ""contains:rev"", ""contains:fwd"", ""precedes:rev""]","[0.4345918893814087, 0.2868150770664215, 0.23062090575695038, 0.02825661189854145, 0.01145501434803009]"
1,0.3,s1_case24,from <e2> <e1> is mapped directly,maps:rev,maps:rev,1,1,maps:rev,1,maps:rev,1,0,maps:fwd,maps:rev,maps:rev,0.0,0.0,13.0,"{""maps:rev"": 0.7859026424396625, ""maps:fwd"": 0.04621002813514998, ""precedes:rev"": 0.19381002813515, ""contains:rev"": 0.04621002813514998, ""contains:fwd"": 0.0664973575603378}","[""maps:rev"", ""maps:fwd"", ""precedes:rev"", ""contains:rev"", ""contains:fwd""]","[0.9808891415596008, 0.006675928831100464, 0.004198492504656315, 0.002795642940327525, 0.0019216573564335704]"
1,0.3,s1_case25,to <e2> <e1> points in context,maps:fwd,maps:fwd,1,1,maps:fwd,1,maps:fwd,1,0,precedes:fwd,precedes:fwd,maps:fwd,1.0,0.0,10.0,"{""maps:fwd"": 0.5535117318648503, ""precedes:fwd"": 0.16724202813515002, ""supports:fwd"": 0.14545626813515, ""precedes:rev"": 0.04621002813514998, ""maps:rev"": 0.22621002813514998}","[""maps:fwd"", ""precedes:fwd"", ""supports:fwd"", ""precedes:rev"", ""maps:rev""]","[0.9381284117698669, 0.0310237817466259, 0.013569897040724754, 0.007886957377195358, 0.0049010333605110645]"
1,0.3,s1_case26,from <e2> <e1> is mapped for this case,maps:rev,maps:rev,1,1,maps:rev,1,maps:rev,1,0,maps:fwd,maps:rev,maps:rev,0.0,0.0,13.0,"{""maps:rev"": 0.6522225310085303, ""maps:fwd"": 0.04621002813514998, ""contains:fwd"": 0.04621002813514998, ""supports:fwd"": 0.24853122899146998, ""precedes:fwd"": 0.14545626813515}","[""maps:rev"", ""maps:fwd"", ""contains:fwd"", ""supports:fwd"", ""precedes:fwd""]","[0.9706246256828308, 0.01586736924946308, 0.004673366900533438, 0.0027522596064954996, 0.0026845538523048162]"
1,0.3,s1_case27,backing <e1> is <e2>,supports:rev,precedes:rev,0,1,precedes:rev,0,contains:rev,0,0,precedes:rev,precedes:rev,precedes:rev,1.0,1.0,1.0,"{""precedes:rev"": 0.16724202813515002, ""maps:rev"": 0.22621002813514998, ""contains:rev"": 0.04621002813514998, ""supports:rev"": 0.5510887256396625, ""maps:fwd"": 0.1478792743603378}","[""precedes:rev"", ""maps:rev"", ""contains:rev"", ""supports:rev"", ""maps:fwd""]","[0.4899873435497284, 0.29398271441459656, 0.19049325585365295, 0.008769461885094643, 0.00621263450011611]"
1,0.3,s1_case28,before <e1> comes <e2> directly,precedes:rev,precedes:fwd,0,1,precedes:fwd,0,precedes:fwd,0,0,precedes:fwd,precedes:fwd,precedes:fwd,1.0,1.0,1.0,"{""precedes:fwd"": 0.04621002813514998, ""supports:fwd"": 0.0709506737756229, ""maps:fwd"": 0.08300456359093959, ""contains:fwd"": 0.04621002813514998, ""precedes:rev"": 0.8922547907685878}","[""precedes:fwd"", ""supports:fwd"", ""maps:fwd"", ""contains:fwd"", ""precedes:rev""]","[0.9125537276268005, 0.05890768766403198, 0.01865365542471409, 0.003180705476552248, 0.0026320498436689377]"
1,0.3,s1_case29,within <e2> sits <e1>,contains:rev,precedes:rev,0,0,precedes:rev,0,precedes:rev,0,0,,,,,,,,,
1,0.3,s1_case30,from <e1> <e2> is mapped,maps:fwd,maps:rev,0,1,maps:fwd,1,maps:rev,0,1,maps:rev,maps:rev,maps:fwd,1.0,0.0,3.0,"{""maps:rev"": 0.04621002813514998, ""maps:fwd"": 0.8473834060664054, ""contains:rev"": 0.10774520923141251, ""precedes:rev"": 0.0910814128373324, ""precedes:fwd"": 0.04621002813514998}","[""maps:rev"", ""maps:fwd"", ""contains:rev"", ""precedes:rev"", ""precedes:fwd""]","[0.802274763584137, 0.17048025131225586, 0.0096873315051198, 0.006993108429014683, 0.0034905069041997194]"
1,0.3,s1_case31,to <e1> <e2> points,maps:rev,maps:fwd,0,1,maps:fwd,0,precedes:fwd,0,0,maps:fwd,maps:fwd,maps:fwd,1.0,1.0,1.0,"{""maps:fwd"": 0.04621002813514998, ""precedes:fwd"": 0.0664973575603378, ""precedes:rev"": 0.14580261369365244, ""supports:fwd"": 0.08300456359093959, ""maps:rev"": 0.7971155214253705}","[""maps:fwd"", ""precedes:fwd"", ""precedes:rev"", ""supports:fwd"", ""maps:rev""]","[0.9141789078712463, 0.05670642852783203, 0.009710913524031639, 0.009357133880257607, 0.005764633882790804]"
1,0.3,s1_case32,before <e2> comes <e1> directly,precedes:fwd,precedes:fwd,1,1,precedes:fwd,1,precedes:fwd,1,0,supports:fwd,supports:fwd,precedes:fwd,1.0,0.0,7.0,"{""precedes:fwd"": 0.5346742355527406, ""supports:fwd"": 0.22621002813514998, ""maps:fwd"": 0.13772576444725962, ""contains:fwd"": 0.19381002813515, ""precedes:rev"": 0.04621002813514998}","[""precedes:fwd"", ""supports:fwd"", ""maps:fwd"", ""contains:fwd"", ""precedes:rev""]","[0.9384812116622925, 0.045241523534059525, 0.006800766568630934, 0.0027353428304195404, 0.0023590903729200363]"
1,0.3,s1_case33,<e2> has <e1> inside usually,contains:rev,contains:rev,1,1,contains:rev,1,contains:rev,1,0,precedes:fwd,contains:rev,contains:rev,0.0,0.0,13.0,"{""contains:rev"": 0.655969794789915, ""precedes:fwd"": 0.04621002813514998, ""contains:fwd"": 0.11294319991115, ""supports:rev"": 0.12759194493515, ""precedes:rev"": 0.19591511663408526}","[""contains:rev"", ""precedes:fwd"", ""contains:fwd"", ""supports:rev"", ""precedes:rev""]","[0.9415345788002014, 0.029374899342656136, 0.010010241530835629, 0.009062856435775757, 0.004947934299707413]"
1,0.3,s1_case34,within <e1> sits <e2> in context,contains:fwd,precedes:rev,0,1,maps:fwd,0,precedes:rev,0,0,precedes:rev,precedes:rev,maps:fwd,1.0,0.0,1.0,"{""precedes:rev"": 0.04621002813514998, ""maps:fwd"": 0.17562778720889746, ""supports:rev"": 0.10093122899146997, ""supports:fwd"": 0.04621002813514998, ""contains:fwd"": 0.769651011934783}","[""precedes:rev"", ""maps:fwd"", ""supports:rev"", ""supports:fwd"", ""contains:fwd""]","[0.6625563502311707, 0.25871410965919495, 0.03611641749739647, 0.01103810966014862, 0.010265396907925606]"
1,0.3,s1_case35,before <e1> comes <e2> for this case,precedes:rev,precedes:fwd,0,1,precedes:fwd,0,precedes:fwd,0,0,precedes:fwd,precedes:fwd,precedes:fwd,1.0,1.0,1.0,"{""precedes:fwd"": 0.04621002813514998, ""supports:fwd"": 0.16724202813515002, ""maps:fwd"": 0.04621002813514998, ""precedes:rev"": 0.6851579718648502, ""contains:fwd"": 0.19381002813515}","[""precedes:fwd"", ""supports:fwd"", ""maps:fwd"", ""precedes:rev"", ""contains:fwd""]","[0.9377213716506958, 0.0449843592941761, 0.0059952810406684875, 0.005829199682921171, 0.0022526923567056656]"
1,0.3,s1_case36,the target of <e1> is <e2>,maps:fwd,maps:rev,0,1,maps:rev,0,maps:rev,0,0,maps:rev,maps:rev,maps:rev,1.0,1.0,1.0,"{""maps:rev"": 0.04621002813514998, ""precedes:rev"": 0.1011221928493704, ""supports:rev"": 0.16724202813515002, ""maps:fwd"": 0.6417426894943099, ""supports:fwd"": 0.18231314579147}","[""maps:rev"", ""precedes:rev"", ""supports:rev"", ""maps:fwd"", ""supports:fwd""]","[0.9905143976211548, 0.003478863276541233, 0.0015681033255532384, 0.0011359313502907753, 0.0011318179313093424]"
1,0.3,s1_case37,support for <e2> comes from <e1> usually,supports:fwd,maps:rev,0,1,supports:fwd,1,maps:rev,0,1,maps:rev,maps:rev,supports:fwd,1.0,0.0,1.0,"{""maps:rev"": 0.04621002813514998, ""maps:fwd"": 0.04621002813514998, ""supports:fwd"": 0.8275366703626679, ""contains:fwd"": 0.0910814128373324, ""precedes:rev"": 0.12759194493515}","[""maps:rev"", ""maps:fwd"", ""supports:fwd"", ""contains:fwd"", ""precedes:rev""]","[0.5064222812652588, 0.47526469826698303, 0.0069411019794642925, 0.00646927859634161, 0.0024305498227477074]"
1,0.3,s1_case38,inside <e1> is <e2> directly,contains:fwd,contains:rev,0,1,contains:rev,0,contains:rev,0,0,contains:rev,contains:rev,contains:rev,1.0,1.0,1.0,"{""contains:rev"": 0.16724202813515002, ""precedes:fwd"": 0.14545626813515, ""contains:fwd"": 0.5859117318648501, ""maps:fwd"": 0.04621002813514998, ""maps:rev"": 0.19381002813515}","[""contains:rev"", ""precedes:fwd"", ""contains:fwd"", ""maps:fwd"", ""maps:rev""]","[0.8257666230201721, 0.1156051978468895, 0.0231219120323658, 0.022142691537737846, 0.0058721257373690605]"
1,0.3,s1_case39,<e2> is ahead of <e1>,precedes:rev,maps:fwd,0,1,maps:fwd,0,maps:fwd,0,0,maps:fwd,maps:fwd,maps:fwd,1.0,1.0,1.0,"{""maps:fwd"": 0.04621002813514998, ""contains:rev"": 0.04621002813514998, ""maps:rev"": 0.07638154720889745, ""contains:fwd"": 0.14545626813515, ""precedes:rev"": 0.8243722127911028}","[""maps:fwd"", ""contains:rev"", ""maps:rev"", ""contains:fwd"", ""precedes:rev""]","[0.9528936743736267, 0.0162250567227602, 0.015190225094556808, 0.008589761331677437, 0.003540511941537261]"
1,0.3,s1_case40,usually <e1> is ahead of <e2>,precedes:fwd,maps:rev,0,0,maps:rev,0,maps:rev,0,0,,,,,,,,,
1,0.3,s1_case41,directly <e1> is ahead of <e2>,precedes:fwd,maps:rev,0,0,maps:rev,0,maps:rev,0,0,,,,,,,,,
1,0.3,s1_case42,within <e2> sits <e1>,contains:rev,precedes:rev,0,0,precedes:rev,0,precedes:rev,0,0,,,,,,,,,
1,0.3,s1_case43,within <e1> sits <e2> usually,contains:fwd,maps:fwd,0,1,contains:fwd,1,precedes:fwd,0,1,maps:fwd,maps:fwd,contains:fwd,1.0,0.0,2.0,"{""maps:fwd"": 0.04621002813514998, ""supports:fwd"": 0.11136874226252023, ""supports:rev"": 0.04621002813514998, ""contains:fwd"": 0.88863125773748, ""precedes:fwd"": 0.04621002813514998}","[""maps:fwd"", ""supports:fwd"", ""supports:rev"", ""contains:fwd"", ""precedes:fwd""]","[0.58458411693573, 0.20122359693050385, 0.09925992041826248, 0.04235311597585678, 0.037967827171087265]"
1,0.3,s1_case44,<e2> is held up by <e1> usually,supports:fwd,supports:fwd,1,1,supports:fwd,1,supports:fwd,1,0,contains:fwd,contains:fwd,supports:fwd,1.0,0.0,8.0,"{""supports:fwd"": 0.6866564024396624, ""contains:fwd"": 0.19381002813515, ""maps:fwd"": 0.1657435975603378, ""supports:rev"": 0.04621002813514998, ""precedes:fwd"": 0.04621002813514998}","[""supports:fwd"", ""contains:fwd"", ""maps:fwd"", ""supports:rev"", ""precedes:fwd""]","[0.5732473134994507, 0.24794265627861023, 0.14860258996486664, 0.012830875813961029, 0.006517572794109583]"
1,0.3,s1_case45,from <e1> <e2> is mapped usually,maps:fwd,maps:rev,0,1,maps:fwd,1,maps:fwd,1,1,maps:rev,maps:rev,maps:fwd,1.0,0.0,1.0,"{""maps:rev"": 0.04621002813514998, ""maps:fwd"": 0.41514066612755285, ""supports:fwd"": 0.37381002813514996, ""contains:fwd"": 0.08300456359093959, ""precedes:rev"": 0.22046479841665784}","[""maps:rev"", ""maps:fwd"", ""supports:fwd"", ""contains:fwd"", ""precedes:rev""]","[0.6969643235206604, 0.2750137150287628, 0.008213765919208527, 0.00732045155018568, 0.006952465511858463]"
1,0.3,s1_case46,usually <e1> has <e2> inside,contains:fwd,maps:fwd,0,1,contains:fwd,1,precedes:fwd,0,1,maps:fwd,maps:fwd,contains:fwd,1.0,0.0,1.0,"{""maps:fwd"": 0.14545626813515, ""precedes:fwd"": 0.04621002813514998, ""contains:rev"": 0.04621002813514998, ""contains:fwd"": 0.8096723471626677, ""precedes:rev"": 0.0910814128373324}","[""maps:fwd"", ""precedes:fwd"", ""contains:rev"", ""contains:fwd"", ""precedes:rev""]","[0.4345918893814087, 0.2868150770664215, 0.23062090575695038, 0.02825661189854145, 0.01145501434803009]"
1,0.3,s1_case47,support for <e1> comes from <e2>,supports:rev,maps:rev,0,0,maps:rev,0,maps:rev,0,0,,,,,,,,,
1,0.3,s1_case48,before <e1> comes <e2> usually,precedes:rev,precedes:fwd,0,1,precedes:fwd,0,supports:fwd,0,0,precedes:fwd,precedes:fwd,precedes:fwd,1.0,1.0,1.0,"{""precedes:fwd"": 0.0910814128373324, ""supports:fwd"": 0.19432511671115005, ""maps:fwd"": 0.10093122899146997, ""precedes:rev"": 0.49591077865660027, ""contains:fwd"": 0.25638154720889744}","[""precedes:fwd"", ""supports:fwd"", ""maps:fwd"", ""precedes:rev"", ""contains:fwd""]","[0.711921215057373, 0.25452423095703125, 0.01665700413286686, 0.006413966882973909, 0.004472463857382536]"
1,0.3,s1_case49,<e1> trails <e2>,precedes:rev,supports:fwd,0,1,supports:fwd,0,supports:fwd,0,0,supports:fwd,supports:fwd,supports:fwd,1.0,1.0,1.0,"{""supports:fwd"": 0.19381002813515, ""precedes:rev"": 0.5445240517068783, ""precedes:fwd"": 0.12787594829312202, ""supports:rev"": 0.22621002813514998, ""maps:fwd"": 0.04621002813514998}","[""supports:fwd"", ""precedes:rev"", ""precedes:fwd"", ""supports:rev"", ""maps:fwd""]","[0.8537589907646179, 0.0651518702507019, 0.04021504521369934, 0.019071251153945923, 0.011358835734426975]"
1,0.3,s1_case50,<e2> has <e1> inside in context,contains:rev,contains:rev,1,1,contains:rev,1,contains:rev,1,0,precedes:fwd,contains:rev,contains:rev,0.0,0.0,13.0,"{""contains:rev"": 0.6695535445434, ""precedes:fwd"": 0.04621002813514998, ""precedes:rev"": 0.26891127436033785, ""supports:rev"": 0.08300456359093959, ""contains:fwd"": 0.0709506737756229}","[""contains:rev"", ""precedes:fwd"", ""precedes:rev"", ""supports:rev"", ""contains:fwd""]","[0.9738538861274719, 0.009511108510196209, 0.006089407950639725, 0.004644893575459719, 0.003207315457984805]"
1,0.3,s1_case51,<e2> trails <e1> in context,precedes:fwd,precedes:rev,0,1,precedes:fwd,1,maps:fwd,0,1,precedes:rev,precedes:rev,precedes:fwd,1.0,0.0,1.0,"{""precedes:rev"": 0.04621002813514998, ""precedes:fwd"": 0.6214553600691219, ""maps:fwd"": 0.1011221928493704, ""contains:rev"": 0.20260047521665783, ""supports:rev"": 0.16724202813515002}","[""precedes:rev"", ""precedes:fwd"", ""maps:fwd"", ""contains:rev"", ""supports:rev""]","[0.8334131836891174, 0.09289412200450897, 0.04316641017794609, 0.01516855787485838, 0.011498923413455486]"
1,0.3,s1_case52,the target of <e2> is <e1> directly,maps:rev,maps:rev,1,1,maps:rev,1,maps:rev,1,0,precedes:rev,maps:rev,maps:rev,0.0,0.0,13.0,"{""maps:rev"": 0.7708004181362678, ""precedes:rev"": 0.19240504640794298, ""maps:fwd"": 0.04621002813514998, ""supports:rev"": 0.08300456359093959, ""supports:fwd"": 0.04621002813514998}","[""maps:rev"", ""precedes:rev"", ""maps:fwd"", ""supports:rev"", ""supports:fwd""]","[0.992637038230896, 0.0018796517979353666, 0.0013553318567574024, 0.001258509000763297, 0.0010672915959730744]"
1,0.3,s1_case53,inside <e2> is <e1> usually,contains:rev,contains:fwd,0,1,contains:fwd,0,contains:fwd,0,0,contains:fwd,contains:fwd,contains:fwd,1.0,1.0,1.0,"{""contains:fwd"": 0.19381002813515, ""precedes:fwd"": 0.11294319991115, ""supports:fwd"": 0.04621002813514998, ""supports:rev"": 0.08300456359093959, ""contains:rev"": 0.7026622646330607}","[""contains:fwd"", ""precedes:fwd"", ""supports:fwd"", ""supports:rev"", ""contains:rev""]","[0.6127710342407227, 0.18751667439937592, 0.13092568516731262, 0.031820669770240784, 0.022222045809030533]"
1,0.3,s1_case54,support for <e1> comes from <e2> for this case,supports:rev,maps:rev,0,0,maps:rev,0,maps:rev,0,0,,,,,,,,,
1,0.3,s1_case55,<e2> is ahead of <e1> for this case,precedes:rev,maps:fwd,0,1,maps:fwd,0,maps:fwd,0,0,maps:fwd,maps:fwd,maps:fwd,1.0,1.0,1.0,"{""maps:fwd"": 0.1478792743603378, ""contains:fwd"": 0.04621002813514998, ""maps:rev"": 0.04621002813514998, ""supports:fwd"": 0.14545626813515, ""precedes:rev"": 0.7528744856396625}","[""maps:fwd"", ""contains:fwd"", ""maps:rev"", ""supports:fwd"", ""precedes:rev""]","[0.9784829616546631, 0.007198955398052931, 0.004263979382812977, 0.0028053647838532925, 0.0025831800885498524]"
1,0.3,s1_case56,within <e2> sits <e1> directly,contains:rev,maps:fwd,0,0,maps:fwd,0,maps:fwd,0,0,,,,,,,,,
1,0.3,s1_case57,in context <e1> is held up by <e2>,supports:rev,supports:rev,1,1,supports:rev,1,supports:rev,1,0,contains:rev,contains:rev,supports:rev,1.0,0.0,5.0,"{""supports:rev"": 0.40188584015878276, ""contains:rev"": 0.20017746899147, ""precedes:rev"": 0.07638154720889745, ""maps:rev"": 0.16724202813515002, ""contains:fwd"": 0.29294319991115}","[""supports:rev"", ""contains:rev"", ""precedes:rev"", ""maps:rev"", ""contains:fwd""]","[0.6929459571838379, 0.13219474256038666, 0.12806746363639832, 0.027283838018774986, 0.015304145403206348]"
1,0.3,s1_case58,<e1> trails <e2>,precedes:rev,supports:fwd,0,1,precedes:rev,1,precedes:fwd,0,1,supports:fwd,supports:fwd,precedes:rev,1.0,0.0,2.0,"{""supports:fwd"": 0.04621002813514998, ""precedes:rev"": 0.9236184527911029, ""precedes:fwd"": 0.04621002813514998, ""supports:rev"": 0.04621002813514998, ""maps:fwd"": 0.07638154720889745}","[""supports:fwd"", ""precedes:rev"", ""precedes:fwd"", ""supports:rev"", ""maps:fwd""]","[0.8537589907646179, 0.0651518702507019, 0.04021504521369934, 0.019071251153945923, 0.011358835734426975]"
1,0.3,s1_case59,support for <e1> comes from <e2> in context,supports:rev,maps:rev,0,0,maps:rev,0,maps:rev,0,0,,,,,,,,,
1,0.3,s1_case60,backing <e1> is <e2> usually,supports:rev,supports:rev,1,1,supports:rev,1,contains:fwd,0,0,contains:fwd,contains:fwd,supports:rev,1.0,0.0,3.0,"{""supports:rev"": 0.4034887256396625, ""contains:fwd"": 0.0664973575603378, ""supports:fwd"": 0.22621002813514998, ""contains:rev"": 0.27519194493515003, ""precedes:fwd"": 0.16724202813515002}","[""supports:rev"", ""contains:fwd"", ""supports:fwd"", ""contains:rev"", ""precedes:fwd""]","[0.43922385573387146, 0.4297724664211273, 0.04593442380428314, 0.029997987672686577, 0.02577332779765129]"
1,0.3,s1_case61,support for <e1> comes from <e2>,supports:rev,maps:rev,0,0,maps:rev,0,maps:rev,0,0,,,,,,,,,
1,0.3,s1_case62,from <e1> <e2> is mapped,maps:fwd,maps:rev,0,1,maps:fwd,1,maps:fwd,1,1,maps:rev,maps:rev,maps:fwd,1.0,0.0,1.0,"{""maps:rev"": 0.07638154720889745, ""maps:fwd"": 0.5308597386637326, ""contains:rev"": 0.2464973575603378, ""precedes:rev"": 0.23868141283733244, ""precedes:fwd"": 0.04621002813514998}","[""maps:rev"", ""maps:fwd"", ""contains:rev"", ""precedes:rev"", ""precedes:fwd""]","[0.802274763584137, 0.17048025131225586, 0.0096873315051198, 0.006993108429014683, 0.0034905069041997194]"
1,0.3,s1_case63,directly <e1> has <e2> inside,contains:fwd,contains:rev,0,1,contains:fwd,1,contains:rev,0,1,contains:rev,contains:rev,contains:fwd,1.0,0.0,1.0,"{""contains:rev"": 0.04621002813514998, ""precedes:fwd"": 0.12121855841665782, ""maps:fwd"": 0.19032765283733247, ""contains:fwd"": 0.7346638168811599, ""precedes:rev"": 0.04621002813514998}","[""contains:rev"", ""precedes:fwd"", ""maps:fwd"", ""contains:fwd"", ""precedes:rev""]","[0.6960480809211731, 0.1410563439130783, 0.11573192477226257, 0.03266153857111931, 0.008482147939503193]"
1,0.3,s1_case64,<e2> is held up by <e1> in context,supports:fwd,maps:fwd,0,1,supports:fwd,1,maps:fwd,0,1,maps:fwd,maps:fwd,supports:fwd,1.0,0.0,1.0,"{""maps:fwd"": 0.04621002813514998, ""contains:fwd"": 0.04621002813514998, ""supports:fwd"": 0.7033402127911028, ""precedes:rev"": 0.14545626813515, ""supports:rev"": 0.19741354720889745}","[""maps:fwd"", ""contains:fwd"", ""supports:fwd"", ""precedes:rev"", ""supports:rev""]","[0.6706510782241821, 0.124479740858078, 0.097981296479702, 0.07965967059135437, 0.011285324580967426]"
1,0.3,s1_case65,<e1> trails <e2>,precedes:rev,supports:fwd,0,1,supports:fwd,0,supports:fwd,0,0,supports:fwd,supports:fwd,supports:fwd,1.0,1.0,1.0,"{""supports:fwd"": 0.14545626813515, ""precedes:rev"": 0.6172553499122677, ""precedes:fwd"": 0.04621002813514998, ""supports:rev"": 0.24670387463194296, ""maps:fwd"": 0.08300456359093959}","[""supports:fwd"", ""precedes:rev"", ""precedes:fwd"", ""supports:rev"", ""maps:fwd""]","[0.8537589907646179, 0.0651518702507019, 0.04021504521369934, 0.019071251153945923, 0.011358835734426975]"
1,0.3,s1_case66,to <e1> <e2> points usually,maps:rev,maps:fwd,0,1,maps:fwd,0,maps:fwd,0,0,maps:fwd,maps:fwd,maps:fwd,1.0,1.0,1.0,"{""maps:fwd"": 0.31772576444725964, ""precedes:fwd"": 0.04621002813514998, ""supports:fwd"": 0.2121134128373324, ""precedes:rev"": 0.14545626813515, ""maps:rev"": 0.41712461085055824}","[""maps:fwd"", ""precedes:fwd"", ""supports:fwd"", ""precedes:rev"", ""maps:rev""]","[0.9197864532470703, 0.04026037082076073, 0.019442865625023842, 0.010386035777628422, 0.004874898586422205]"
1,0.3,s1_case67,usually <e1> is ahead of <e2>,precedes:fwd,maps:rev,0,0,maps:rev,0,maps:rev,0,0,,,,,,,,,
1,0.3,s1_case68,from <e2> <e1> is mapped in context,maps:rev,maps:rev,1,1,maps:rev,1,maps:rev,1,0,maps:fwd,maps:rev,maps:rev,0.0,0.0,13.0,"{""maps:rev"": 0.6377491964090608, ""maps:fwd"": 0.04621002813514998, ""precedes:rev"": 0.08300456359093959, ""contains:fwd"": 0.04621002813514998, ""supports:fwd"": 0.32545626813515}","[""maps:rev"", ""maps:fwd"", ""precedes:rev"", ""contains:fwd"", ""supports:fwd""]","[0.9582874774932861, 0.01814979873597622, 0.009128007106482983, 0.007825999520719051, 0.004271439276635647]"
1,0.3,s1_case69,from <e1> <e2> is mapped in context,maps:fwd,maps:rev,0,1,maps:rev,0,maps:rev,0,0,maps:rev,maps:rev,maps:rev,1.0,1.0,1.0,"{""maps:rev"": 0.0664973575603378, ""maps:fwd"": 0.6784597386637327, ""contains:fwd"": 0.0910814128373324, ""precedes:rev"": 0.22621002813514998, ""supports:fwd"": 0.07638154720889745}","[""maps:rev"", ""maps:fwd"", ""contains:fwd"", ""precedes:rev"", ""supports:fwd""]","[0.931482195854187, 0.026638474315404892, 0.016994543373584747, 0.01146305538713932, 0.010467184707522392]"
1,0.3,s1_case70,in context <e1> is held up by <e2>,supports:rev,supports:rev,1,1,supports:rev,1,supports:rev,1,0,contains:rev,contains:rev,supports:rev,1.0,0.0,6.0,"{""supports:rev"": 0.6913393045433998, ""contains:rev"": 0.14545626813515, ""precedes:rev"": 0.17261992000081072, ""maps:rev"": 0.08300456359093959, ""contains:fwd"": 0.04621002813514998}","[""supports:rev"", ""contains:rev"", ""precedes:rev"", ""maps:rev"", ""contains:fwd""]","[0.6929459571838379, 0.13219474256038666, 0.12806746363639832, 0.027283838018774986, 0.015304145403206348]"
1,0.3,s1_case71,from <e2> <e1> is mapped for this case,maps:rev,maps:rev,1,1,maps:rev,1,maps:rev,1,0,maps:fwd,maps:rev,maps:rev,0.0,0.0,13.0,"{""maps:rev"": 0.8719674613434001, ""maps:fwd"": 0.10774520923141251, ""contains:fwd"": 0.04621002813514998, ""supports:fwd"": 0.04621002813514998, ""precedes:fwd"": 0.0664973575603378}","[""maps:rev"", ""maps:fwd"", ""contains:fwd"", ""supports:fwd"", ""precedes:fwd""]","[0.9706246256828308, 0.01586736924946308, 0.004673366900533438, 0.0027522596064954996, 0.0026845538523048162]"
1,0.3,s1_case72,<e2> is held up by <e1> usually,supports:fwd,supports:fwd,1,1,supports:fwd,1,supports:fwd,1,0,contains:fwd,contains:fwd,supports:fwd,1.0,0.0,8.0,"{""supports:fwd"": 0.8870568000888504, ""contains:fwd"": 0.04621002813514998, ""maps:fwd"": 0.11294319991115, ""supports:rev"": 0.04621002813514998, ""precedes:fwd"": 0.04621002813514998}","[""supports:fwd"", ""contains:fwd"", ""maps:fwd"", ""supports:rev"", ""precedes:fwd""]","[0.5732473134994507, 0.24794265627861023, 0.14860258996486664, 0.012830875813961029, 0.006517572794109583]"
1,0.3,s1_case73,inside <e2> is <e1> usually,contains:rev,contains:fwd,0,1,supports:fwd,0,contains:fwd,0,0,contains:fwd,contains:fwd,supports:fwd,1.0,0.0,1.0,"{""contains:fwd"": 0.10093122899146997, ""precedes:fwd"": 0.11317608266468705, ""supports:fwd"": 0.6240502152778054, ""supports:rev"": 0.04621002813514998, ""contains:rev"": 0.25426252933633786}","[""contains:fwd"", ""precedes:fwd"", ""supports:fwd"", ""supports:rev"", ""contains:rev""]","[0.6127710342407227, 0.18751667439937592, 0.13092568516731262, 0.031820669770240784, 0.022222045809030533]"
1,0.3,s1_case74,<e2> is held up by <e1> directly,supports:fwd,maps:fwd,0,1,supports:fwd,1,maps:fwd,0,1,maps:fwd,maps:fwd,supports:fwd,1.0,0.0,1.0,"{""maps:fwd"": 0.04621002813514998, ""supports:fwd"": 0.4053966432888502, ""contains:fwd"": 0.33322143991115005, ""precedes:rev"": 0.12759194493515, ""maps:rev"": 0.22621002813514998}","[""maps:fwd"", ""supports:fwd"", ""contains:fwd"", ""precedes:rev"", ""maps:rev""]","[0.8289154767990112, 0.09859196096658707, 0.04732929542660713, 0.008018088527023792, 0.005729924887418747]"
1,0.3,s1_case75,inside <e2> is <e1> directly,contains:rev,contains:rev,1,1,contains:rev,1,contains:rev,1,0,precedes:fwd,precedes:fwd,contains:rev,1.0,0.0,6.0,"{""contains:rev"": 0.448331682509595, ""precedes:fwd"": 0.16724202813515002, ""contains:fwd"": 0.04621002813514998, ""maps:rev"": 0.14545626813515, ""maps:fwd"": 0.3313900774904053}","[""contains:rev"", ""precedes:fwd"", ""contains:fwd"", ""maps:rev"", ""maps:fwd""]","[0.8217257857322693, 0.12517745792865753, 0.02610757388174534, 0.009522576816380024, 0.009214567951858044]"
1,0.3,s1_case76,support for <e2> comes from <e1> for this case,supports:fwd,maps:rev,0,1,maps:rev,0,maps:rev,0,0,maps:rev,maps:rev,maps:rev,1.0,1.0,1.0,"{""maps:rev"": 0.04621002813514998, ""maps:fwd"": 0.11294319991115, ""contains:fwd"": 0.22621002813514998, ""supports:fwd"": 0.3935534153866679, ""precedes:rev"": 0.3597134128373324}","[""maps:rev"", ""maps:fwd"", ""contains:fwd"", ""supports:fwd"", ""precedes:rev""]","[0.9463993906974792, 0.04620037600398064, 0.002814157633110881, 0.0021893910598009825, 0.0013356765266507864]"
1,0.3,s1_case77,before <e2> comes <e1> usually,precedes:fwd,precedes:fwd,1,1,precedes:fwd,1,precedes:fwd,1,0,supports:fwd,supports:fwd,precedes:fwd,1.0,0.0,8.0,"{""precedes:fwd"": 0.7577150680889202, ""supports:fwd"": 0.16724202813515002, ""maps:fwd"": 0.07638154720889745, ""contains:fwd"": 0.0910814128373324, ""precedes:rev"": 0.04621002813514998}","[""precedes:fwd"", ""supports:fwd"", ""maps:fwd"", ""contains:fwd"", ""precedes:rev""]","[0.7663508057594299, 0.20589354634284973, 0.010915052145719528, 0.005210263188928366, 0.004793805070221424]"
1,0.3,s1_case78,inside <e2> is <e1> in context,contains:rev,precedes:rev,0,1,contains:rev,1,precedes:rev,0,1,precedes:rev,precedes:rev,contains:rev,1.0,0.0,5.0,"{""precedes:rev"": 0.04621002813514998, ""contains:rev"": 0.7973995247833423, ""maps:rev"": 0.0664973575603378, ""contains:fwd"": 0.04621002813514998, ""precedes:fwd"": 0.18231314579147}","[""precedes:rev"", ""contains:rev"", ""maps:rev"", ""contains:fwd"", ""precedes:fwd""]","[0.34027642011642456, 0.21269305050373077, 0.19791457056999207, 0.12070242315530777, 0.11763598024845123]"
1,0.3,s1_case79,inside <e1> is <e2> in context,contains:fwd,contains:rev,0,1,contains:fwd,1,contains:rev,0,1,contains:rev,contains:rev,contains:fwd,1.0,0.0,1.0,"{""contains:rev"": 0.04621002813514998, ""precedes:rev"": 0.11294319991115, ""contains:fwd"": 0.541153415386668, ""precedes:fwd"": 0.39211341283733236, ""maps:rev"": 0.04621002813514998}","[""contains:rev"", ""precedes:rev"", ""contains:fwd"", ""precedes:fwd"", ""maps:rev""]","[0.4538499116897583, 0.36669668555259705, 0.0741872638463974, 0.06935738027095795, 0.02952122874557972]"
2,0.0,s2_case0,<e2> is held up by <e1> directly,supports:fwd,maps:fwd,0,1,supports:fwd,1,maps:fwd,0,1,maps:fwd,maps:fwd,supports:fwd,1.0,0.0,1.0,"{""maps:fwd"": 0.04621002813514998, ""contains:fwd"": 0.04621002813514998, ""supports:fwd"": 0.9537899718648504, ""maps:rev"": 0.04621002813514998, ""contains:rev"": 0.04621002813514998}","[""maps:fwd"", ""contains:fwd"", ""supports:fwd"", ""maps:rev"", ""contains:rev""]","[0.6232362389564514, 0.31806376576423645, 0.026845522224903107, 0.016336241737008095, 0.008282792754471302]"
2,0.0,s2_case1,within <e1> sits <e2>,contains:fwd,contains:fwd,1,1,contains:fwd,1,contains:rev,0,0,contains:rev,contains:rev,contains:fwd,1.0,0.0,6.0,"{""contains:fwd"": 0.9537899718648504, ""contains:rev"": 0.04621002813514998, ""precedes:rev"": 0.04621002813514998, ""maps:rev"": 0.04621002813514998, ""supports:fwd"": 0.04621002813514998}","[""contains:fwd"", ""contains:rev"", ""precedes:rev"", ""maps:rev"", ""supports:fwd""]","[0.7993860840797424, 0.17349041998386383, 0.015546287409961224, 0.0037188732530921698, 0.0035383275244385004]"
2,0.0,s2_case2,usually <e1> trails <e2>,precedes:rev,supports:fwd,0,0,supports:fwd,0,supports:fwd,0,0,,,,,,,,,
2,0.0,s2_case3,before <e2> comes <e1> in context,precedes:fwd,precedes:rev,0,1,precedes:fwd,1,precedes:fwd,1,1,precedes:rev,precedes:rev,precedes:fwd,1.0,0.0,1.0,"{""precedes:rev"": 0.04621002813514998, ""precedes:fwd"": 0.9537899718648504, ""maps:rev"": 0.04621002813514998, ""supports:rev"": 0.04621002813514998, ""contains:fwd"": 0.04621002813514998}","[""precedes:rev"", ""precedes:fwd"", ""maps:rev"", ""supports:rev"", ""contains:fwd""]","[0.9721451997756958, 0.02106781303882599, 0.003698869841173291, 0.0010752822272479534, 0.0007970247534103692]"
2,0.0,s2_case4,inside <e1> is <e2> in context,contains:fwd,contains:fwd,1,1,contains:fwd,1,maps:rev,0,0,contains:rev,contains:rev,contains:fwd,1.0,0.0,7.0,"{""contains:fwd"": 0.9537899718648504, ""contains:rev"": 0.04621002813514998, ""precedes:rev"": 0.04621002813514998, ""supports:fwd"": 0.04621002813514998, ""maps:rev"": 0.04621002813514998}","[""contains:fwd"", ""contains:rev"", ""precedes:rev"", ""supports:fwd"", ""maps:rev""]","[0.8517381548881531, 0.08444421738386154, 0.027709245681762695, 0.016893096268177032, 0.014070200733840466]"
2,0.0,s2_case5,from <e2> <e1> is mapped,maps:rev,maps:rev,1,1,maps:rev,1,maps:rev,1,0,contains:rev,maps:rev,maps:rev,0.0,0.0,13.0,"{""maps:rev"": 0.9537899718648504, ""contains:rev"": 0.04621002813514998, ""precedes:rev"": 0.04621002813514998, ""supports:rev"": 0.04621002813514998, ""precedes:fwd"": 0.04621002813514998}","[""maps:rev"", ""contains:rev"", ""precedes:rev"", ""supports:rev"", ""precedes:fwd""]","[0.9878052473068237, 0.0053337691351771355, 0.0029986288864165545, 0.0011554727097973228, 0.001010292791761458]"
2,0.0,s2_case6,before <e2> comes <e1> in context,precedes:fwd,precedes:rev,0,1,precedes:fwd,1,maps:rev,0,1,precedes:rev,precedes:rev,precedes:fwd,1.0,0.0,1.0,"{""precedes:rev"": 0.04621002813514998, ""precedes:fwd"": 0.9537899718648504, ""maps:rev"": 0.04621002813514998, ""supports:rev"": 0.04621002813514998, ""contains:fwd"": 0.04621002813514998}","[""precedes:rev"", ""precedes:fwd"", ""maps:rev"", ""supports:rev"", ""contains:fwd""]","[0.9721451997756958, 0.02106781303882599, 0.003698869841173291, 0.0010752822272479534, 0.0007970247534103692]"
2,0.0,s2_case7,backing <e1> is <e2>,supports:rev,maps:rev,0,0,maps:rev,0,maps:rev,0,0,,,,,,,,,
2,0.0,s2_case8,backing <e2> is <e1> in context,supports:fwd,contains:fwd,0,1,supports:fwd,1,supports:fwd,1,1,contains:fwd,contains:fwd,supports:fwd,1.0,0.0,1.0,"{""contains:fwd"": 0.04621002813514998, ""supports:fwd"": 0.9537899718648504, ""precedes:rev"": 0.04621002813514998, ""maps:rev"": 0.04621002813514998, ""contains:rev"": 0.04621002813514998}","[""contains:fwd"", ""supports:fwd"", ""precedes:rev"", ""maps:rev"", ""contains:rev""]","[0.9402729868888855, 0.03378061205148697, 0.009312729351222515, 0.008097395300865173, 0.003971286583691835]"
2,0.0,s2_case9,support for <e1> comes from <e2> usually,supports:rev,maps:rev,0,0,maps:rev,0,maps:rev,0,0,,,,,,,,,
2,0.0,s2_case10,the target of <e2> is <e1> in context,maps:rev,maps:rev,1,1,maps:rev,1,supports:fwd,0,0,precedes:rev,precedes:rev,maps:rev,1.0,0.0,11.0,"{""maps:rev"": 0.9537899718648504, ""precedes:rev"": 0.04621002813514998, ""contains:rev"": 0.04621002813514998, ""supports:fwd"": 0.04621002813514998, ""precedes:fwd"": 0.04621002813514998}","[""maps:rev"", ""precedes:rev"", ""contains:rev"", ""supports:fwd"", ""precedes:fwd""]","[0.9682679772377014, 0.015012044459581375, 0.006294474471360445, 0.004584914539009333, 0.0021824000868946314]"
2,0.0,s2_case11,in context <e1> is ahead of <e2>,precedes:fwd,maps:rev,0,1,maps:rev,0,maps:rev,0,0,maps:rev,maps:rev,maps:rev,1.0,1.0,1.0,"{""maps:rev"": 0.04621002813514998, ""precedes:rev"": 0.04621002813514998, ""contains:rev"": 0.04621002813514998, ""maps:fwd"": 0.04621002813514998, ""precedes:fwd"": 0.9537899718648504}","[""maps:rev"", ""precedes:rev"", ""contains:rev"", ""maps:fwd"", ""precedes:fwd""]","[0.988723635673523, 0.0050057522021234035, 0.0024129829835146666, 0.0014575476525351405, 0.0011919403914362192]"
2,0.0,s2_case12,to <e1> <e2> points,maps:rev,maps:fwd,0,1,maps:rev,1,maps:fwd,0,1,maps:fwd,maps:fwd,maps:rev,1.0,0.0,1.0,"{""maps:fwd"": 0.04621002813514998, ""maps:rev"": 0.9537899718648504, ""precedes:fwd"": 0.04621002813514998, ""contains:rev"": 0.04621002813514998, ""supports:fwd"": 0.04621002813514998}","[""maps:fwd"", ""maps:rev"", ""precedes:fwd"", ""contains:rev"", ""supports:fwd""]","[0.9658170938491821, 0.014879829250276089, 0.009232230484485626, 0.0041248369961977005, 0.004037369042634964]"
2,0.0,s2_case13,inside <e1> is <e2> in context,contains:fwd,contains:fwd,1,1,contains:fwd,1,supports:fwd,0,0,contains:rev,contains:rev,contains:fwd,1.0,0.0,7.0,"{""contains:fwd"": 0.9537899718648504, ""contains:rev"": 0.04621002813514998, ""precedes:rev"": 0.04621002813514998, ""supports:fwd"": 0.04621002813514998, ""maps:rev"": 0.04621002813514998}","[""contains:fwd"", ""contains:rev"", ""precedes:rev"", ""supports:fwd"", ""maps:rev""]","[0.8517381548881531, 0.08444421738386154, 0.027709245681762695, 0.016893096268177032, 0.014070200733840466]"
2,0.0,s2_case14,to <e2> <e1> points usually,maps:fwd,maps:fwd,1,1,maps:fwd,1,maps:rev,0,0,maps:rev,maps:rev,maps:fwd,1.0,0.0,7.0,"{""maps:fwd"": 0.9537899718648504, ""maps:rev"": 0.04621002813514998, ""precedes:fwd"": 0.04621002813514998, ""supports:fwd"": 0.04621002813514998, ""contains:fwd"": 0.04621002813514998}","[""maps:fwd"", ""maps:rev"", ""precedes:fwd"", ""supports:fwd"", ""contains:fwd""]","[0.854878842830658, 0.11416477710008621, 0.01385908480733633, 0.010544289834797382, 0.0031155890319496393]"
2,0.0,s2_case15,the target of <e2> is <e1> in context,maps:rev,maps:rev,1,1,maps:rev,1,contains:rev,0,0,precedes:rev,precedes:rev,maps:rev,1.0,0.0,11.0,"{""maps:rev"": 0.9537899718648504, ""precedes:rev"": 0.04621002813514998, ""contains:rev"": 0.04621002813514998, ""supports:fwd"": 0.04621002813514998, ""precedes:fwd"": 0.04621002813514998}","[""maps:rev"", ""precedes:rev"", ""contains:rev"", ""supports:fwd"", ""precedes:fwd""]","[0.9682679772377014, 0.015012044459581375, 0.006294474471360445, 0.004584914539009333, 0.0021824000868946314]"
2,0.0,s2_case16,<e2> trails <e1>,precedes:fwd,contains:rev,0,0,contains:rev,0,contains:rev,0,0,,,,,,,,,
2,0.0,s2_case17,<e2> trails <e1>,precedes:fwd,contains:rev,0,0,contains:rev,0,contains:rev,0,0,,,,,,,,,
2,0.0,s2_case18,in context <e1> is held up by <e2>,supports:rev,maps:rev,0,0,maps:rev,0,maps:rev,0,0,,,,,,,,,
2,0.0,s2_case19,backing <e2> is <e1> in context,supports:fwd,contains:fwd,0,1,supports:fwd,1,supports:fwd,1,1,contains:fwd,contains:fwd,supports:fwd,1.0,0.0,1.0,"{""contains:fwd"": 0.04621002813514998, ""supports:fwd"": 0.9537899718648504, ""precedes:rev"": 0.04621002813514998, ""maps:rev"": 0.04621002813514998, ""contains:rev"": 0.04621002813514998}","[""contains:fwd"", ""supports:fwd"", ""precedes:rev"", ""maps:rev"", ""contains:rev""]","[0.9402729868888855, 0.03378061205148697, 0.009312729351222515, 0.008097395300865173, 0.003971286583691835]"
2,0.0,s2_case20,in context <e1> is held up by <e2>,supports:rev,maps:rev,0,0,maps:rev,0,maps:rev,0,0,,,,,,,,,
2,0.0,s2_case21,the target of <e1> is <e2> for this case,maps:fwd,maps:rev,0,1,maps:fwd,1,maps:rev,0,1,maps:rev,maps:rev,maps:fwd,1.0,0.0,1.0,"{""maps:rev"": 0.04621002813514998, ""precedes:fwd"": 0.04621002813514998, ""maps:fwd"": 0.9537899718648504, ""contains:fwd"": 0.04621002813514998, ""supports:fwd"": 0.04621002813514998}","[""maps:rev"", ""precedes:fwd"", ""maps:fwd"", ""contains:fwd"", ""supports:fwd""]","[0.9829415678977966, 0.005611273925751448, 0.0036335643380880356, 0.0033983029425144196, 0.002183697884902358]"
2,0.0,s2_case22,support for <e2> comes from <e1>,supports:fwd,precedes:fwd,0,1,supports:fwd,1,maps:rev,0,1,precedes:fwd,precedes:fwd,supports:fwd,1.0,0.0,2.0,"{""precedes:fwd"": 0.04621002813514998, ""maps:rev"": 0.04621002813514998, ""supports:fwd"": 0.9537899718648504, ""maps:fwd"": 0.04621002813514998, ""precedes:rev"": 0.04621002813514998}","[""precedes:fwd"", ""maps:rev"", ""supports:fwd"", ""maps:fwd"", ""precedes:rev""]","[0.6220375895500183, 0.18177196383476257, 0.16423429548740387, 0.017953360453248024, 0.009004039689898491]"
2,0.0,s2_case23,<e2> has <e1> inside for this case,contains:rev,contains:rev,1,1,contains:rev,1,contains:rev,1,0,precedes:rev,precedes:rev,contains:rev,1.0,0.0,8.0,"{""contains:rev"": 0.9537899718648504, ""precedes:rev"": 0.04621002813514998, ""maps:rev"": 0.04621002813514998, ""maps:fwd"": 0.04621002813514998, ""contains:fwd"": 0.04621002813514998}","[""contains:rev"", ""precedes:rev"", ""maps:rev"", ""maps:fwd"", ""contains:fwd""]","[0.9171068668365479, 0.06195396929979324, 0.016733139753341675, 0.0011475194478407502, 0.00103184359613806]"
2,0.0,s2_case24,the target of <e1> is <e2> directly,maps:fwd,maps:rev,0,1,maps:fwd,1,maps:rev,0,1,maps:rev,maps:rev,maps:fwd,1.0,0.0,1.0,"{""maps:rev"": 0.04621002813514998, ""maps:fwd"": 0.9537899718648504, ""precedes:fwd"": 0.04621002813514998, ""supports:fwd"": 0.04621002813514998, ""supports:rev"": 0.04621002813514998}","[""maps:rev"", ""maps:fwd"", ""precedes:fwd"", ""supports:fwd"", ""supports:rev""]","[0.9879629015922546, 0.006196106784045696, 0.0035082721151411533, 0.0006643998203799129, 0.0006362736457958817]"
2,0.0,s2_case25,<e2> has <e1> inside,contains:rev,contains:rev,1,1,contains:rev,1,contains:rev,1,0,precedes:rev,precedes:rev,contains:rev,1.0,0.0,5.0,"{""contains:rev"": 0.9537899718648504, ""precedes:rev"": 0.04621002813514998, ""maps:rev"": 0.04621002813514998, ""supports:rev"": 0.04621002813514998, ""precedes:fwd"": 0.04621002813514998}","[""contains:rev"", ""precedes:rev"", ""maps:rev"", ""supports:rev"", ""precedes:fwd""]","[0.6881951093673706, 0.2598215937614441, 0.041751690208911896, 0.0048763141967356205, 0.002688785083591938]"
2,0.0,s2_case26,the target of <e1> is <e2> usually,maps:fwd,maps:rev,0,1,maps:fwd,1,contains:fwd,0,1,maps:rev,maps:rev,maps:fwd,1.0,0.0,1.0,"{""maps:rev"": 0.04621002813514998, ""maps:fwd"": 0.9537899718648504, ""supports:fwd"": 0.04621002813514998, ""contains:fwd"": 0.04621002813514998, ""precedes:fwd"": 0.04621002813514998}","[""maps:rev"", ""maps:fwd"", ""supports:fwd"", ""contains:fwd"", ""precedes:fwd""]","[0.9837117791175842, 0.007700658868998289, 0.0030161705799400806, 0.00266876514069736, 0.001485235639847815]"
2,0.0,s2_case27,within <e2> sits <e1> directly,contains:rev,contains:fwd,0,1,contains:rev,1,precedes:rev,0,1,contains:fwd,contains:fwd,contains:rev,1.0,0.0,3.0,"{""contains:fwd"": 0.04621002813514998, ""precedes:rev"": 0.04621002813514998, ""contains:rev"": 0.9537899718648504, ""maps:rev"": 0.04621002813514998, ""supports:fwd"": 0.04621002813514998}","[""contains:fwd"", ""precedes:rev"", ""contains:rev"", ""maps:rev"", ""supports:fwd""]","[0.5099841356277466, 0.27796924114227295, 0.17133036255836487, 0.020232368260622025, 0.015769654884934425]"
2,0.0,s2_case28,to <e1> <e2> points usually,maps:rev,contains:fwd,0,1,maps:rev,1,precedes:fwd,0,1,contains:fwd,contains:fwd,maps:rev,1.0,0.0,2.0,"{""contains:fwd"": 0.04621002813514998, ""supports:fwd"": 0.04621002813514998, ""maps:fwd"": 0.04621002813514998, ""maps:rev"": 0.9537899718648504, ""precedes:fwd"": 0.04621002813514998}","[""contains:fwd"", ""supports:fwd"", ""maps:fwd"", ""maps:rev"", ""precedes:fwd""]","[0.48714280128479004, 0.2675033211708069, 0.19232816994190216, 0.04078344255685806, 0.007761273067444563]"
2,0.0,s2_case29,<e2> has <e1> inside usually,contains:rev,contains:rev,1,1,contains:rev,1,maps:rev,0,0,precedes:rev,precedes:rev,contains:rev,1.0,0.0,8.0,"{""contains:rev"": 0.9537899718648504, ""precedes:rev"": 0.04621002813514998, ""maps:rev"": 0.04621002813514998, ""contains:fwd"": 0.04621002813514998, ""maps:fwd"": 0.04621002813514998}","[""contains:rev"", ""precedes:rev"", ""maps:rev"", ""contains:fwd"", ""maps:fwd""]","[0.9187759160995483, 0.06984733790159225, 0.006599788554012775, 0.002076513599604368, 0.0010050393175333738]"
2,0.0,s2_case30,within <e2> sits <e1>,contains:rev,precedes:rev,0,1,contains:rev,1,contains:fwd,0,1,precedes:rev,precedes:rev,contains:rev,1.0,0.0,2.0,"{""precedes:rev"": 0.04621002813514998, ""contains:rev"": 0.9537899718648504, ""contains:fwd"": 0.04621002813514998, ""maps:rev"": 0.04621002813514998, ""supports:fwd"": 0.04621002813514998}","[""precedes:rev"", ""contains:rev"", ""contains:fwd"", ""maps:rev"", ""supports:fwd""]","[0.7378067374229431, 0.17278441786766052, 0.051348403096199036, 0.031460635364055634, 0.0030345451086759567]"
2,0.0,s2_case31,the target of <e1> is <e2> usually,maps:fwd,maps:rev,0,1,maps:fwd,1,maps:rev,0,1,maps:rev,maps:rev,maps:fwd,1.0,0.0,1.0,"{""maps:rev"": 0.04621002813514998, ""maps:fwd"": 0.9537899718648504, ""supports:fwd"": 0.04621002813514998, ""contains:fwd"": 0.04621002813514998, ""precedes:fwd"": 0.04621002813514998}","[""maps:rev"", ""maps:fwd"", ""supports:fwd"", ""contains:fwd"", ""precedes:fwd""]","[0.9837117791175842, 0.007700658868998289, 0.0030161705799400806, 0.00266876514069736, 0.001485235639847815]"
2,0.0,s2_case32,inside <e2> is <e1>,contains:rev,contains:rev,1,1,contains:rev,1,contains:fwd,0,0,maps:rev,maps:rev,contains:rev,1.0,0.0,5.0,"{""contains:rev"": 0.9537899718648504, ""maps:rev"": 0.04621002813514998, ""contains:fwd"": 0.04621002813514998, ""maps:fwd"": 0.04621002813514998, ""supports:fwd"": 0.04621002813514998}","[""contains:rev"", ""maps:rev"", ""contains:fwd"", ""maps:fwd"", ""supports:fwd""]","[0.6240243911743164, 0.20627737045288086, 0.12472786009311676, 0.02909310720860958, 0.009061023592948914]"
2,0.0,s2_case33,the target of <e1> is <e2> directly,maps:fwd,maps:rev,0,1,maps:fwd,1,maps:fwd,1,1,maps:rev,maps:rev,maps:fwd,1.0,0.0,1.0,"{""maps:rev"": 0.04621002813514998, ""maps:fwd"": 0.9537899718648504, ""precedes:fwd"": 0.04621002813514998, ""supports:fwd"": 0.04621002813514998, ""supports:rev"": 0.04621002813514998}","[""maps:rev"", ""maps:fwd"", ""precedes:fwd"", ""supports:fwd"", ""supports:rev""]","[0.9879629015922546, 0.006196106784045696, 0.0035082721151411533, 0.0006643998203799129, 0.0006362736457958817]"
2,0.0,s2_case34,support for <e1> comes from <e2> for this case,supports:rev,precedes:fwd,0,0,precedes:fwd,0,precedes:fwd,0,0,,,,,,,,,
2,0.0,s2_case35,from <e2> <e1> is mapped usually,maps:rev,maps:rev,1,1,maps:rev,1,maps:rev,1,0,maps:fwd,maps:rev,maps:rev,0.0,0.0,13.0,"{""maps:rev"": 0.9537899718648504, ""maps:fwd"": 0.04621002813514998, ""contains:rev"": 0.04621002813514998, ""supports:fwd"": 0.04621002813514998, ""precedes:fwd"": 0.04621002813514998}","[""maps:rev"", ""maps:fwd"", ""contains:rev"", ""supports:fwd"", ""precedes:fwd""]","[0.993874728679657, 0.0019812171813100576, 0.0015224049566313624, 0.0008578175329603255, 0.0007253275834955275]"
2,0.0,s2_case36,<e2> is held up by <e1> usually,supports:fwd,contains:fwd,0,1,supports:fwd,1,contains:fwd,0,1,contains:fwd,contains:fwd,supports:fwd,1.0,0.0,1.0,"{""contains:fwd"": 0.04621002813514998, ""maps:fwd"": 0.04621002813514998, ""supports:fwd"": 0.9537899718648504, ""precedes:fwd"": 0.04621002813514998, ""maps:rev"": 0.04621002813514998}","[""contains:fwd"", ""maps:fwd"", ""supports:fwd"", ""precedes:fwd"", ""maps:rev""]","[0.7271460294723511, 0.17750495672225952, 0.05253607779741287, 0.02244381047785282, 0.018226031213998795]"
2,0.0,s2_case37,backing <e1> is <e2> in context,supports:rev,contains:fwd,0,0,contains:fwd,0,contains:fwd,0,0,,,,,,,,,
2,0.0,s2_case38,to <e1> <e2> points for this case,maps:rev,maps:fwd,0,1,maps:rev,1,contains:rev,0,1,maps:fwd,maps:fwd,maps:rev,1.0,0.0,1.0,"{""maps:fwd"": 0.04621002813514998, ""supports:fwd"": 0.04621002813514998, ""contains:fwd"": 0.04621002813514998, ""contains:rev"": 0.04621002813514998, ""maps:rev"": 0.9537899718648504}","[""maps:fwd"", ""supports:fwd"", ""contains:fwd"", ""contains:rev"", ""maps:rev""]","[0.8472597002983093, 0.07756231725215912, 0.05592358857393265, 0.009008115157485008, 0.005494964774698019]"
2,0.0,s2_case39,backing <e2> is <e1>,supports:fwd,maps:rev,0,1,supports:fwd,1,contains:rev,0,1,maps:rev,maps:rev,supports:fwd,1.0,0.0,1.0,"{""maps:rev"": 0.04621002813514998, ""precedes:rev"": 0.04621002813514998, ""contains:fwd"": 0.04621002813514998, ""supports:fwd"": 0.9537899718648504, ""contains:rev"": 0.04621002813514998}","[""maps:rev"", ""precedes:rev"", ""contains:fwd"", ""supports:fwd"", ""contains:rev""]","[0.8822931051254272, 0.033240966498851776, 0.030847202986478806, 0.030469883233308792, 0.017575247213244438]"
2,0.0,s2_case40,<e2> trails <e1> usually,precedes:fwd,contains:rev,0,0,contains:rev,0,contains:rev,0,0,,,,,,,,,
2,0.0,s2_case41,backing <e2> is <e1> for this case,supports:fwd,contains:fwd,0,1,supports:fwd,1,supports:fwd,1,1,contains:fwd,contains:fwd,supports:fwd,1.0,0.0,2.0,"{""contains:fwd"": 0.04621002813514998, ""supports:fwd"": 0.9537899718648504, ""precedes:rev"": 0.04621002813514998, ""maps:rev"": 0.04621002813514998, ""contains:rev"": 0.04621002813514998}","[""contains:fwd"", ""supports:fwd"", ""precedes:rev"", ""maps:rev"", ""contains:rev""]","[0.8081261515617371, 0.08038602769374847, 0.04950001835823059, 0.03751133382320404, 0.020656030625104904]"
2,0.0,s2_case42,before <e2> comes <e1> usually,precedes:fwd,precedes:rev,0,1,precedes:fwd,1,maps:rev,0,1,precedes:rev,precedes:rev,precedes:fwd,1.0,0.0,2.0,"{""precedes:rev"": 0.04621002813514998, ""precedes:fwd"": 0.9537899718648504, ""maps:rev"": 0.04621002813514998, ""supports:rev"": 0.04621002813514998, ""supports:fwd"": 0.04621002813514998}","[""precedes:rev"", ""precedes:fwd"", ""maps:rev"", ""supports:rev"", ""supports:fwd""]","[0.821392834186554, 0.12217583507299423, 0.05155830830335617, 0.002067257883027196, 0.0010998533107340336]"
2,0.0,s2_case43,before <e1> comes <e2>,precedes:rev,precedes:fwd,0,1,precedes:rev,1,maps:rev,0,1,precedes:fwd,precedes:fwd,precedes:rev,1.0,0.0,2.0,"{""precedes:fwd"": 0.04621002813514998, ""precedes:rev"": 0.9537899718648504, ""maps:rev"": 0.04621002813514998, ""supports:rev"": 0.04621002813514998, ""supports:fwd"": 0.04621002813514998}","[""precedes:fwd"", ""precedes:rev"", ""maps:rev"", ""supports:rev"", ""supports:fwd""]","[0.9018410444259644, 0.084666408598423, 0.00955415703356266, 0.0018272994784638286, 0.0009976121364161372]"
2,0.0,s2_case44,inside <e1> is <e2> directly,contains:fwd,contains:rev,0,1,contains:fwd,1,contains:rev,0,1,contains:rev,contains:rev,contains:fwd,1.0,0.0,3.0,"{""contains:rev"": 0.04621002813514998, ""contains:fwd"": 0.9537899718648504, ""supports:fwd"": 0.04621002813514998, ""maps:rev"": 0.04621002813514998, ""precedes:rev"": 0.04621002813514998}","[""contains:rev"", ""contains:fwd"", ""supports:fwd"", ""maps:rev"", ""precedes:rev""]","[0.6738311052322388, 0.2709340751171112, 0.016392141580581665, 0.015816031023859978, 0.014159241691231728]"
2,0.0,s2_case45,in context <e1> is held up by <e2>,supports:rev,maps:rev,0,0,maps:rev,0,maps:rev,0,0,,,,,,,,,
2,0.0,s2_case46,<e2> is ahead of <e1> usually,precedes:rev,contains:fwd,0,0,contains:fwd,0,contains:fwd,0,0,,,,,,,,,
2,0.0,s2_case47,<e1> trails <e2>,precedes:rev,precedes:fwd,0,0,precedes:fwd,0,precedes:fwd,0,0,,,,,,,,,
2,0.0,s2_case48,backing <e2> is <e1> for this case,supports:fwd,contains:fwd,0,1,supports:fwd,1,maps:rev,0,1,contains:fwd,contains:fwd,supports:fwd,1.0,0.0,2.0,"{""contains:fwd"": 0.04621002813514998, ""supports:fwd"": 0.9537899718648504, ""precedes:rev"": 0.04621002813514998, ""maps:rev"": 0.04621002813514998, ""contains:rev"": 0.04621002813514998}","[""contains:fwd"", ""supports:fwd"", ""precedes:rev"", ""maps:rev"", ""contains:rev""]","[0.8081261515617371, 0.08038602769374847, 0.04950001835823059, 0.03751133382320404, 0.020656030625104904]"
2,0.0,s2_case49,<e2> trails <e1>,precedes:fwd,contains:rev,0,0,contains:rev,0,contains:rev,0,0,,,,,,,,,
2,0.0,s2_case50,within <e2> sits <e1>,contains:rev,precedes:rev,0,1,contains:rev,1,supports:fwd,0,1,precedes:rev,precedes:rev,contains:rev,1.0,0.0,2.0,"{""precedes:rev"": 0.04621002813514998, ""contains:rev"": 0.9537899718648504, ""contains:fwd"": 0.04621002813514998, ""maps:rev"": 0.04621002813514998, ""supports:fwd"": 0.04621002813514998}","[""precedes:rev"", ""contains:rev"", ""contains:fwd"", ""maps:rev"", ""supports:fwd""]","[0.7378067374229431, 0.17278441786766052, 0.051348403096199036, 0.031460635364055634, 0.0030345451086759567]"
2,0.0,s2_case51,usually <e1> trails <e2>,precedes:rev,supports:fwd,0,0,supports:fwd,0,supports:fwd,0,0,,,,,,,,,
2,0.0,s2_case52,usually <e1> has <e2> inside,contains:fwd,contains:fwd,1,1,contains:fwd,1,supports:fwd,0,0,contains:rev,contains:rev,contains:fwd,1.0,0.0,11.0,"{""contains:fwd"": 0.9537899718648504, ""contains:rev"": 0.04621002813514998, ""supports:fwd"": 0.04621002813514998, ""precedes:rev"": 0.04621002813514998, ""maps:rev"": 0.04621002813514998}","[""contains:fwd"", ""contains:rev"", ""supports:fwd"", ""precedes:rev"", ""maps:rev""]","[0.9627501964569092, 0.01919548027217388, 0.006133810617029667, 0.005513552576303482, 0.0035278492141515017]"
2,0.0,s2_case53,for this case <e1> has <e2> inside,contains:fwd,precedes:fwd,0,1,contains:fwd,1,precedes:fwd,0,1,precedes:fwd,precedes:fwd,contains:fwd,1.0,0.0,1.0,"{""precedes:fwd"": 0.04621002813514998, ""contains:fwd"": 0.9537899718648504, ""maps:fwd"": 0.04621002813514998, ""supports:fwd"": 0.04621002813514998, ""precedes:rev"": 0.04621002813514998}","[""precedes:fwd"", ""contains:fwd"", ""maps:fwd"", ""supports:fwd"", ""precedes:rev""]","[0.9603202939033508, 0.02577068842947483, 0.007749128621071577, 0.002639319747686386, 0.001736912177875638]"
2,0.0,s2_case54,within <e1> sits <e2> usually,contains:fwd,contains:fwd,1,1,contains:fwd,1,contains:rev,0,0,contains:rev,contains:rev,contains:fwd,1.0,0.0,6.0,"{""contains:fwd"": 0.9537899718648504, ""contains:rev"": 0.04621002813514998, ""supports:fwd"": 0.04621002813514998, ""precedes:rev"": 0.04621002813514998, ""maps:rev"": 0.04621002813514998}","[""contains:fwd"", ""contains:rev"", ""supports:fwd"", ""precedes:rev"", ""maps:rev""]","[0.7768137454986572, 0.1940259486436844, 0.009628263302147388, 0.008353310637176037, 0.006509753875434399]"
2,0.0,s2_case55,for this case <e1> is held up by <e2>,supports:rev,maps:fwd,0,0,maps:fwd,0,maps:fwd,0,0,,,,,,,,,
2,0.0,s2_case56,to <e2> <e1> points for this case,maps:fwd,maps:fwd,1,1,maps:fwd,1,contains:fwd,0,0,contains:rev,maps:fwd,maps:fwd,0.0,0.0,13.0,"{""maps:fwd"": 0.9537899718648504, ""contains:rev"": 0.04621002813514998, ""contains:fwd"": 0.04621002813514998, ""supports:fwd"": 0.04621002813514998, ""maps:rev"": 0.04621002813514998}","[""maps:fwd"", ""contains:rev"", ""contains:fwd"", ""supports:fwd"", ""maps:rev""]","[0.9792759418487549, 0.007541602477431297, 0.0044075376354157925, 0.004271720536053181, 0.0023612785153090954]"
2,0.0,s2_case57,inside <e1> is <e2> for this case,contains:fwd,contains:rev,0,1,contains:fwd,1,precedes:rev,0,1,contains:rev,contains:rev,contains:fwd,1.0,0.0,4.0,"{""contains:rev"": 0.04621002813514998, ""contains:fwd"": 0.9537899718648504, ""precedes:rev"": 0.04621002813514998, ""supports:fwd"": 0.04621002813514998, ""maps:rev"": 0.04621002813514998}","[""contains:rev"", ""contains:fwd"", ""precedes:rev"", ""supports:fwd"", ""maps:rev""]","[0.48215535283088684, 0.4434535801410675, 0.03159824758768082, 0.020367980003356934, 0.016892988234758377]"
2,0.0,s2_case58,from <e2> <e1> is mapped directly,maps:rev,maps:rev,1,1,maps:rev,1,contains:rev,0,0,contains:rev,maps:rev,maps:rev,0.0,0.0,13.0,"{""maps:rev"": 0.9537899718648504, ""contains:rev"": 0.04621002813514998, ""precedes:rev"": 0.04621002813514998, ""maps:fwd"": 0.04621002813514998, ""supports:fwd"": 0.04621002813514998}","[""maps:rev"", ""contains:rev"", ""precedes:rev"", ""maps:fwd"", ""supports:fwd""]","[0.9902835488319397, 0.004671735689043999, 0.0017617139965295792, 0.0009601337951608002, 0.0008084651199169457]"
2,0.0,s2_case59,backing <e2> is <e1> usually,supports:fwd,contains:fwd,0,1,supports:fwd,1,contains:fwd,0,1,contains:fwd,contains:fwd,supports:fwd,1.0,0.0,1.0,"{""contains:fwd"": 0.04621002813514998, ""supports:fwd"": 0.9537899718648504, ""maps:rev"": 0.04621002813514998, ""maps:fwd"": 0.04621002813514998, ""contains:rev"": 0.04621002813514998}","[""contains:fwd"", ""supports:fwd"", ""maps:rev"", ""maps:fwd"", ""contains:rev""]","[0.9215970635414124, 0.038413647562265396, 0.026066195219755173, 0.005187905393540859, 0.004185090307146311]"
2,0.0,s2_case60,inside <e2> is <e1> in context,contains:rev,contains:fwd,0,1,contains:rev,1,contains:rev,1,1,contains:fwd,contains:fwd,contains:rev,1.0,0.0,1.0,"{""contains:fwd"": 0.04621002813514998, ""contains:rev"": 0.9537899718648504, ""maps:rev"": 0.04621002813514998, ""supports:fwd"": 0.04621002813514998, ""precedes:rev"": 0.04621002813514998}","[""contains:fwd"", ""contains:rev"", ""maps:rev"", ""supports:fwd"", ""precedes:rev""]","[0.9450474381446838, 0.016777368262410164, 0.012176357209682465, 0.010733446106314659, 0.008682374842464924]"
2,0.0,s2_case61,inside <e2> is <e1> directly,contains:rev,contains:fwd,0,1,contains:rev,1,contains:rev,1,1,contains:fwd,contains:fwd,contains:rev,1.0,0.0,2.0,"{""contains:fwd"": 0.04621002813514998, ""contains:rev"": 0.9537899718648504, ""maps:rev"": 0.04621002813514998, ""precedes:rev"": 0.04621002813514998, ""supports:fwd"": 0.04621002813514998}","[""contains:fwd"", ""contains:rev"", ""maps:rev"", ""precedes:rev"", ""supports:fwd""]","[0.671109139919281, 0.2067999541759491, 0.06355806440114975, 0.02506011538207531, 0.01842513121664524]"
2,0.0,s2_case62,the target of <e1> is <e2> directly,maps:fwd,maps:rev,0,1,maps:fwd,1,maps:rev,0,1,maps:rev,maps:rev,maps:fwd,1.0,0.0,1.0,"{""maps:rev"": 0.04621002813514998, ""maps:fwd"": 0.9537899718648504, ""precedes:fwd"": 0.04621002813514998, ""supports:fwd"": 0.04621002813514998, ""supports:rev"": 0.04621002813514998}","[""maps:rev"", ""maps:fwd"", ""precedes:fwd"", ""supports:fwd"", ""supports:rev""]","[0.9879629015922546, 0.006196106784045696, 0.0035082721151411533, 0.0006643998203799129, 0.0006362736457958817]"
2,0.0,s2_case63,backing <e1> is <e2>,supports:rev,maps:rev,0,0,maps:rev,0,maps:rev,0,0,,,,,,,,,
2,0.0,s2_case64,<e1> is held up by <e2>,supports:rev,maps:fwd,0,0,maps:fwd,0,maps:fwd,0,0,,,,,,,,,
2,0.0,s2_case65,<e1> trails <e2>,precedes:rev,precedes:fwd,0,0,precedes:fwd,0,precedes:fwd,0,0,,,,,,,,,
2,0.0,s2_case66,inside <e1> is <e2>,contains:fwd,contains:rev,0,1,contains:fwd,1,contains:rev,0,1,contains:rev,contains:rev,contains:fwd,1.0,0.0,1.0,"{""contains:rev"": 0.04621002813514998, ""contains:fwd"": 0.9537899718648504, ""maps:rev"": 0.04621002813514998, ""maps:fwd"": 0.04621002813514998, ""precedes:rev"": 0.04621002813514998}","[""contains:rev"", ""contains:fwd"", ""maps:rev"", ""maps:fwd"", ""precedes:rev""]","[0.960167407989502, 0.021999072283506393, 0.007149962242692709, 0.006394851952791214, 0.0019895166624337435]"
2,0.0,s2_case67,to <e1> <e2> points usually,maps:rev,contains:fwd,0,1,maps:rev,1,maps:rev,1,1,contains:fwd,contains:fwd,maps:rev,1.0,0.0,2.0,"{""contains:fwd"": 0.04621002813514998, ""supports:fwd"": 0.04621002813514998, ""maps:fwd"": 0.04621002813514998, ""maps:rev"": 0.9537899718648504, ""precedes:fwd"": 0.04621002813514998}","[""contains:fwd"", ""supports:fwd"", ""maps:fwd"", ""maps:rev"", ""precedes:fwd""]","[0.48714280128479004, 0.2675033211708069, 0.19232816994190216, 0.04078344255685806, 0.007761273067444563]"
2,0.0,s2_case68,before <e1> comes <e2> for this case,precedes:rev,precedes:rev,1,1,precedes:rev,1,precedes:rev,1,0,precedes:fwd,precedes:fwd,precedes:rev,1.0,0.0,12.0,"{""precedes:rev"": 0.9537899718648504, ""precedes:fwd"": 0.04621002813514998, ""maps:rev"": 0.04621002813514998, ""supports:fwd"": 0.04621002813514998, ""contains:fwd"": 0.04621002813514998}","[""precedes:rev"", ""precedes:fwd"", ""maps:rev"", ""supports:fwd"", ""contains:fwd""]","[0.9728057384490967, 0.012597411870956421, 0.005252711940556765, 0.004506084136664867, 0.003380570560693741]"
2,0.0,s2_case69,<e2> is held up by <e1> directly,supports:fwd,maps:fwd,0,1,supports:fwd,1,contains:rev,0,1,maps:fwd,maps:fwd,supports:fwd,1.0,0.0,1.0,"{""maps:fwd"": 0.04621002813514998, ""contains:fwd"": 0.04621002813514998, ""supports:fwd"": 0.9537899718648504, ""maps:rev"": 0.04621002813514998, ""contains:rev"": 0.04621002813514998}","[""maps:fwd"", ""contains:fwd"", ""supports:fwd"", ""maps:rev"", ""contains:rev""]","[0.6232362389564514, 0.31806376576423645, 0.026845522224903107, 0.016336241737008095, 0.008282792754471302]"
2,0.0,s2_case70,to <e2> <e1> points for this case,maps:fwd,maps:fwd,1,1,maps:fwd,1,maps:fwd,1,0,contains:rev,maps:fwd,maps:fwd,0.0,0.0,13.0,"{""maps:fwd"": 0.9537899718648504, ""contains:rev"": 0.04621002813514998, ""contains:fwd"": 0.04621002813514998, ""supports:fwd"": 0.04621002813514998, ""maps:rev"": 0.04621002813514998}","[""maps:fwd"", ""contains:rev"", ""contains:fwd"", ""supports:fwd"", ""maps:rev""]","[0.9792759418487549, 0.007541602477431297, 0.0044075376354157925, 0.004271720536053181, 0.0023612785153090954]"
2,0.0,s2_case71,within <e1> sits <e2> directly,contains:fwd,contains:fwd,1,1,contains:fwd,1,maps:rev,0,0,contains:rev,contains:rev,contains:fwd,1.0,0.0,5.0,"{""contains:fwd"": 0.9537899718648504, ""contains:rev"": 0.04621002813514998, ""precedes:rev"": 0.04621002813514998, ""supports:fwd"": 0.04621002813514998, ""maps:rev"": 0.04621002813514998}","[""contains:fwd"", ""contains:rev"", ""precedes:rev"", ""supports:fwd"", ""maps:rev""]","[0.7201204895973206, 0.24460585415363312, 0.015091964974999428, 0.00995474960654974, 0.0046759918332099915]"
2,0.0,s2_case72,the target of <e1> is <e2> in context,maps:fwd,maps:rev,0,1,maps:fwd,1,maps:rev,0,1,maps:rev,maps:rev,maps:fwd,1.0,0.0,1.0,"{""maps:rev"": 0.04621002813514998, ""precedes:fwd"": 0.04621002813514998, ""maps:fwd"": 0.9537899718648504, ""supports:fwd"": 0.04621002813514998, ""contains:fwd"": 0.04621002813514998}","[""maps:rev"", ""precedes:fwd"", ""maps:fwd"", ""supports:fwd"", ""contains:fwd""]","[0.9773014187812805, 0.009904335252940655, 0.008917039260268211, 0.001793581759557128, 0.0008753444999456406]"
2,0.0,s2_case73,<e2> has <e1> inside in context,contains:rev,precedes:rev,0,1,contains:rev,1,precedes:rev,0,1,precedes:rev,precedes:rev,contains:rev,1.0,0.0,1.0,"{""precedes:rev"": 0.04621002813514998, ""contains:rev"": 0.9537899718648504, ""contains:fwd"": 0.04621002813514998, ""precedes:fwd"": 0.04621002813514998, ""maps:rev"": 0.04621002813514998}","[""precedes:rev"", ""contains:rev"", ""contains:fwd"", ""precedes:fwd"", ""maps:rev""]","[0.9570301175117493, 0.0319441556930542, 0.005574478302150965, 0.0022231845650821924, 0.00204300694167614]"
2,0.0,s2_case74,<e2> trails <e1> directly,precedes:fwd,contains:rev,0,0,contains:rev,0,contains:rev,0,0,,,,,,,,,
2,0.0,s2_case75,<e2> is ahead of <e1> usually,precedes:rev,contains:fwd,0,0,contains:fwd,0,contains:fwd,0,0,,,,,,,,,
2,0.0,s2_case76,before <e1> comes <e2> directly,precedes:rev,precedes:rev,1,1,precedes:rev,1,supports:fwd,0,0,precedes:fwd,precedes:fwd,precedes:rev,1.0,0.0,6.0,"{""precedes:rev"": 0.9537899718648504, ""precedes:fwd"": 0.04621002813514998, ""maps:rev"": 0.04621002813514998, ""supports:fwd"": 0.04621002813514998, ""supports:rev"": 0.04621002813514998}","[""precedes:rev"", ""precedes:fwd"", ""maps:rev"", ""supports:fwd"", ""supports:rev""]","[0.8105250597000122, 0.15732091665267944, 0.026067737489938736, 0.003032365348190069, 0.0012522657634690404]"
2,0.0,s2_case77,the target of <e2> is <e1> for this case,maps:rev,maps:rev,1,1,maps:rev,1,supports:fwd,0,0,contains:rev,contains:rev,maps:rev,1.0,0.0,6.0,"{""maps:rev"": 0.9537899718648504, ""contains:rev"": 0.04621002813514998, ""contains:fwd"": 0.04621002813514998, ""precedes:rev"": 0.04621002813514998, ""supports:fwd"": 0.04621002813514998}","[""maps:rev"", ""contains:rev"", ""contains:fwd"", ""precedes:rev"", ""supports:fwd""]","[0.7522186040878296, 0.15732958912849426, 0.03735772520303726, 0.03126443549990654, 0.013926024548709393]"
2,0.0,s2_case78,<e2> is ahead of <e1> in context,precedes:rev,contains:fwd,0,0,contains:fwd,0,contains:fwd,0,0,,,,,,,,,
2,0.0,s2_case79,<e2> trails <e1> usually,precedes:fwd,contains:rev,0,0,contains:rev,0,contains:rev,0,0,,,,,,,,,
2,0.15,s2_case0,<e2> is held up by <e1> directly,supports:fwd,maps:fwd,0,1,supports:fwd,1,supports:fwd,1,1,maps:fwd,maps:fwd,supports:fwd,1.0,0.0,1.0,"{""maps:fwd"": 0.04621002813514998, ""contains:fwd"": 0.16724202813515002, ""supports:fwd"": 0.8327579718648501, ""maps:rev"": 0.04621002813514998, ""contains:rev"": 0.04621002813514998}","[""maps:fwd"", ""contains:fwd"", ""supports:fwd"", ""maps:rev"", ""contains:rev""]","[0.6232362389564514, 0.31806376576423645, 0.026845522224903107, 0.016336241737008095, 0.008282792754471302]"
2,0.15,s2_case1,within <e1> sits <e2>,contains:fwd,contains:fwd,1,1,contains:fwd,1,contains:fwd,1,0,contains:rev,contains:rev,contains:fwd,1.0,0.0,5.0,"{""contains:fwd"": 0.7608034985866678, ""contains:rev"": 0.04621002813514998, ""precedes:rev"": 0.15781458461333242, ""maps:rev"": 0.04621002813514998, ""supports:fwd"": 0.12759194493515}","[""contains:fwd"", ""contains:rev"", ""precedes:rev"", ""maps:rev"", ""supports:fwd""]","[0.7993860840797424, 0.17349041998386383, 0.015546287409961224, 0.0037188732530921698, 0.0035383275244385004]"
2,0.15,s2_case2,usually <e1> trails <e2>,precedes:rev,supports:fwd,0,0,supports:fwd,0,supports:fwd,0,0,,,,,,,,,
2,0.15,s2_case3,before <e2> comes <e1> in context,precedes:fwd,precedes:rev,0,1,precedes:rev,0,precedes:rev,0,0,precedes:rev,precedes:rev,precedes:rev,1.0,1.0,1.0,"{""precedes:rev"": 0.26648826813515003, ""precedes:fwd"": 0.7335117318648503, ""maps:rev"": 0.04621002813514998, ""supports:rev"": 0.04621002813514998, ""contains:fwd"": 0.04621002813514998}","[""precedes:rev"", ""precedes:fwd"", ""maps:rev"", ""supports:rev"", ""contains:fwd""]","[0.9721451997756958, 0.02106781303882599, 0.003698869841173291, 0.0010752822272479534, 0.0007970247534103692]"
2,0.15,s2_case4,inside <e1> is <e2> in context,contains:fwd,contains:fwd,1,1,contains:fwd,1,supports:fwd,0,0,contains:rev,contains:rev,contains:fwd,1.0,0.0,7.0,"{""contains:fwd"": 0.9236184527911029, ""contains:rev"": 0.04621002813514998, ""precedes:rev"": 0.04621002813514998, ""supports:fwd"": 0.07638154720889745, ""maps:rev"": 0.04621002813514998}","[""contains:fwd"", ""contains:rev"", ""precedes:rev"", ""supports:fwd"", ""maps:rev""]","[0.8517381548881531, 0.08444421738386154, 0.027709245681762695, 0.016893096268177032, 0.014070200733840466]"
2,0.15,s2_case5,from <e2> <e1> is mapped,maps:rev,maps:rev,1,1,maps:rev,1,maps:rev,1,0,contains:rev,maps:rev,maps:rev,0.0,0.0,13.0,"{""maps:rev"": 0.9089185871626677, ""contains:rev"": 0.04621002813514998, ""precedes:rev"": 0.04621002813514998, ""supports:rev"": 0.0910814128373324, ""precedes:fwd"": 0.04621002813514998}","[""maps:rev"", ""contains:rev"", ""precedes:rev"", ""supports:rev"", ""precedes:fwd""]","[0.9878052473068237, 0.0053337691351771355, 0.0029986288864165545, 0.0011554727097973228, 0.001010292791761458]"
2,0.15,s2_case6,before <e2> comes <e1> in context,precedes:fwd,precedes:rev,0,1,precedes:fwd,1,precedes:fwd,1,1,precedes:rev,precedes:rev,precedes:fwd,1.0,0.0,1.0,"{""precedes:rev"": 0.04621002813514998, ""precedes:fwd"": 0.9537899718648504, ""maps:rev"": 0.04621002813514998, ""supports:rev"": 0.04621002813514998, ""contains:fwd"": 0.04621002813514998}","[""precedes:rev"", ""precedes:fwd"", ""maps:rev"", ""supports:rev"", ""contains:fwd""]","[0.9721451997756958, 0.02106781303882599, 0.003698869841173291, 0.0010752822272479534, 0.0007970247534103692]"
2,0.15,s2_case7,backing <e1> is <e2>,supports:rev,maps:rev,0,0,maps:rev,0,maps:rev,0,0,,,,,,,,,
2,0.15,s2_case8,backing <e2> is <e1> in context,supports:fwd,contains:fwd,0,1,supports:fwd,1,contains:fwd,0,1,contains:fwd,contains:fwd,supports:fwd,1.0,0.0,1.0,"{""contains:fwd"": 0.04621002813514998, ""supports:fwd"": 0.9169954364090609, ""precedes:rev"": 0.08300456359093959, ""maps:rev"": 0.04621002813514998, ""contains:rev"": 0.04621002813514998}","[""contains:fwd"", ""supports:fwd"", ""precedes:rev"", ""maps:rev"", ""contains:rev""]","[0.9402729868888855, 0.03378061205148697, 0.009312729351222515, 0.008097395300865173, 0.003971286583691835]"
2,0.15,s2_case9,support for <e1> comes from <e2> usually,supports:rev,maps:rev,0,0,maps:rev,0,maps:rev,0,0,,,,,,,,,
2,0.15,s2_case10,the target of <e2> is <e1> in context,maps:rev,maps:rev,1,1,maps:rev,1,maps:rev,1,0,precedes:rev,maps:rev,maps:rev,0.0,0.0,13.0,"{""maps:rev"": 0.7429902959911028, ""precedes:rev"": 0.12759194493515, ""contains:rev"": 0.07638154720889745, ""supports:fwd"": 0.04621002813514998, ""precedes:fwd"": 0.14545626813515}","[""maps:rev"", ""precedes:rev"", ""contains:rev"", ""supports:fwd"", ""precedes:fwd""]","[0.9682679772377014, 0.015012044459581375, 0.006294474471360445, 0.004584914539009333, 0.0021824000868946314]"
2,0.15,s2_case11,in context <e1> is ahead of <e2>,precedes:fwd,maps:rev,0,1,maps:rev,0,maps:rev,0,0,maps:rev,maps:rev,maps:rev,1.0,1.0,1.0,"{""maps:rev"": 0.04621002813514998, ""precedes:rev"": 0.21409735756033782, ""contains:rev"": 0.14545626813515, ""maps:fwd"": 0.04621002813514998, ""precedes:fwd"": 0.6866564024396624}","[""maps:rev"", ""precedes:rev"", ""contains:rev"", ""maps:fwd"", ""precedes:fwd""]","[0.988723635673523, 0.0050057522021234035, 0.0024129829835146666, 0.0014575476525351405, 0.0011919403914362192]"
2,0.15,s2_case12,to <e1> <e2> points,maps:rev,maps:fwd,0,1,maps:rev,1,maps:rev,1,1,maps:fwd,maps:fwd,maps:rev,1.0,0.0,1.0,"{""maps:fwd"": 0.04621002813514998, ""maps:rev"": 0.9033311233659151, ""precedes:fwd"": 0.0664973575603378, ""contains:rev"": 0.07638154720889745, ""supports:fwd"": 0.04621002813514998}","[""maps:fwd"", ""maps:rev"", ""precedes:fwd"", ""contains:rev"", ""supports:fwd""]","[0.9658170938491821, 0.014879829250276089, 0.009232230484485626, 0.0041248369961977005, 0.004037369042634964]"
2,0.15,s2_case13,inside <e1> is <e2> in context,contains:fwd,contains:fwd,1,1,contains:fwd,1,contains:fwd,1,0,contains:rev,contains:rev,contains:fwd,1.0,0.0,11.0,"{""contains:fwd"": 0.9537899718648504, ""contains:rev"": 0.04621002813514998, ""precedes:rev"": 0.04621002813514998, ""supports:fwd"": 0.04621002813514998, ""maps:rev"": 0.04621002813514998}","[""contains:fwd"", ""contains:rev"", ""precedes:rev"", ""supports:fwd"", ""maps:rev""]","[0.8517381548881531, 0.08444421738386154, 0.027709245681762695, 0.016893096268177032, 0.014070200733840466]"
2,0.15,s2_case14,to <e2> <e1> points usually,maps:fwd,maps:fwd,1,1,maps:fwd,1,maps:fwd,1,0,maps:rev,maps:rev,maps:fwd,1.0,0.0,6.0,"{""maps:fwd"": 0.7675992577374802, ""maps:rev"": 0.0664973575603378, ""precedes:fwd"": 0.04621002813514998, ""supports:fwd"": 0.16724202813515002, ""contains:fwd"": 0.0910814128373324}","[""maps:fwd"", ""maps:rev"", ""precedes:fwd"", ""supports:fwd"", ""contains:fwd""]","[0.854878842830658, 0.11416477710008621, 0.01385908480733633, 0.010544289834797382, 0.0031155890319496393]"
2,0.15,s2_case15,the target of <e2> is <e1> in context,maps:rev,maps:rev,1,1,maps:rev,1,maps:rev,1,0,precedes:rev,maps:rev,maps:rev,0.0,0.0,13.0,"{""maps:rev"": 0.8056748832888503, ""precedes:rev"": 0.19432511671115005, ""contains:rev"": 0.04621002813514998, ""supports:fwd"": 0.04621002813514998, ""precedes:fwd"": 0.04621002813514998}","[""maps:rev"", ""precedes:rev"", ""contains:rev"", ""supports:fwd"", ""precedes:fwd""]","[0.9682679772377014, 0.015012044459581375, 0.006294474471360445, 0.004584914539009333, 0.0021824000868946314]"
2,0.15,s2_case16,<e2> trails <e1>,precedes:fwd,contains:rev,0,0,contains:rev,0,contains:rev,0,0,,,,,,,,,
2,0.15,s2_case17,<e2> trails <e1>,precedes:fwd,contains:rev,0,0,contains:rev,0,contains:rev,0,0,,,,,,,,,
2,0.15,s2_case18,in context <e1> is held up by <e2>,supports:rev,maps:rev,0,0,maps:rev,0,maps:rev,0,0,,,,,,,,,
2,0.15,s2_case19,backing <e2> is <e1> in context,supports:fwd,contains:fwd,0,1,contains:fwd,0,contains:fwd,0,0,contains:fwd,contains:fwd,contains:fwd,1.0,1.0,1.0,"{""contains:fwd"": 0.04621002813514998, ""supports:fwd"": 0.5610312577374801, ""precedes:rev"": 0.0910814128373324, ""maps:rev"": 0.22621002813514998, ""contains:rev"": 0.21409735756033782}","[""contains:fwd"", ""supports:fwd"", ""precedes:rev"", ""maps:rev"", ""contains:rev""]","[0.9402729868888855, 0.03378061205148697, 0.009312729351222515, 0.008097395300865173, 0.003971286583691835]"
2,0.15,s2_case20,in context <e1> is held up by <e2>,supports:rev,maps:rev,0,0,maps:rev,0,maps:rev,0,0,,,,,,,,,
2,0.15,s2_case21,the target of <e1> is <e2> for this case,maps:fwd,maps:rev,0,1,maps:rev,0,maps:rev,0,0,maps:rev,maps:rev,maps:rev,1.0,1.0,1.0,"{""maps:rev"": 0.09666887663408526, ""precedes:fwd"": 0.04621002813514998, ""maps:fwd"": 0.9033311233659151, ""contains:fwd"": 0.04621002813514998, ""supports:fwd"": 0.04621002813514998}","[""maps:rev"", ""precedes:fwd"", ""maps:fwd"", ""contains:fwd"", ""supports:fwd""]","[0.9829415678977966, 0.005611273925751448, 0.0036335643380880356, 0.0033983029425144196, 0.002183697884902358]"
2,0.15,s2_case22,support for <e2> comes from <e1>,supports:fwd,precedes:fwd,0,1,supports:fwd,1,precedes:fwd,0,1,precedes:fwd,precedes:fwd,supports:fwd,1.0,0.0,1.0,"{""precedes:fwd"": 0.11294319991115, ""maps:rev"": 0.0709506737756229, ""supports:fwd"": 0.6009342376483774, ""maps:fwd"": 0.12759194493515, ""precedes:rev"": 0.22621002813514998}","[""precedes:fwd"", ""maps:rev"", ""supports:fwd"", ""maps:fwd"", ""precedes:rev""]","[0.6220375895500183, 0.18177196383476257, 0.16423429548740387, 0.017953360453248024, 0.009004039689898491]"
2,0.15,s2_case23,<e2> has <e1> inside for this case,contains:rev,contains:rev,1,1,contains:rev,1,contains:rev,1,0,precedes:rev,precedes:rev,contains:rev,1.0,0.0,7.0,"{""contains:rev"": 0.6622365359911028, ""precedes:rev"": 0.04621002813514998, ""maps:rev"": 0.22621002813514998, ""maps:fwd"": 0.07638154720889745, ""contains:fwd"": 0.12759194493515}","[""contains:rev"", ""precedes:rev"", ""maps:rev"", ""maps:fwd"", ""contains:fwd""]","[0.9171068668365479, 0.06195396929979324, 0.016733139753341675, 0.0011475194478407502, 0.00103184359613806]"
2,0.15,s2_case24,the target of <e1> is <e2> directly,maps:fwd,maps:rev,0,1,maps:rev,0,maps:rev,0,0,maps:rev,maps:rev,maps:rev,1.0,1.0,1.0,"{""maps:rev"": 0.07638154720889745, ""maps:fwd"": 0.769651011934783, ""precedes:fwd"": 0.04621002813514998, ""supports:fwd"": 0.20017746899147, ""supports:rev"": 0.04621002813514998}","[""maps:rev"", ""maps:fwd"", ""precedes:fwd"", ""supports:fwd"", ""supports:rev""]","[0.9879629015922546, 0.006196106784045696, 0.0035082721151411533, 0.0006643998203799129, 0.0006362736457958817]"
2,0.15,s2_case25,<e2> has <e1> inside,contains:rev,contains:rev,1,1,contains:rev,1,contains:rev,1,0,precedes:rev,precedes:rev,contains:rev,1.0,0.0,5.0,"{""contains:rev"": 0.8177491964090609, ""precedes:rev"": 0.08300456359093959, ""maps:rev"": 0.14545626813515, ""supports:rev"": 0.04621002813514998, ""precedes:fwd"": 0.04621002813514998}","[""contains:rev"", ""precedes:rev"", ""maps:rev"", ""supports:rev"", ""precedes:fwd""]","[0.6881951093673706, 0.2598215937614441, 0.041751690208911896, 0.0048763141967356205, 0.002688785083591938]"
2,0.15,s2_case26,the target of <e1> is <e2> usually,maps:fwd,maps:rev,0,1,maps:fwd,1,supports:fwd,0,1,maps:rev,maps:rev,maps:fwd,1.0,0.0,1.0,"{""maps:rev"": 0.04621002813514998, ""maps:fwd"": 0.9537899718648504, ""supports:fwd"": 0.04621002813514998, ""contains:fwd"": 0.04621002813514998, ""precedes:fwd"": 0.04621002813514998}","[""maps:rev"", ""maps:fwd"", ""supports:fwd"", ""contains:fwd"", ""precedes:fwd""]","[0.9837117791175842, 0.007700658868998289, 0.0030161705799400806, 0.00266876514069736, 0.001485235639847815]"
2,0.15,s2_case27,within <e2> sits <e1> directly,contains:rev,contains:fwd,0,1,contains:rev,1,precedes:rev,0,1,contains:fwd,contains:fwd,contains:rev,1.0,0.0,2.0,"{""contains:fwd"": 0.04621002813514998, ""precedes:rev"": 0.10093122899146997, ""contains:rev"": 0.7780367710085303, ""maps:rev"": 0.16724202813515002, ""supports:fwd"": 0.04621002813514998}","[""contains:fwd"", ""precedes:rev"", ""contains:rev"", ""maps:rev"", ""supports:fwd""]","[0.5099841356277466, 0.27796924114227295, 0.17133036255836487, 0.020232368260622025, 0.015769654884934425]"
2,0.15,s2_case28,to <e1> <e2> points usually,maps:rev,contains:fwd,0,1,maps:rev,1,maps:fwd,0,1,contains:fwd,contains:fwd,maps:rev,1.0,0.0,1.0,"{""contains:fwd"": 0.07638154720889745, ""supports:fwd"": 0.04621002813514998, ""maps:fwd"": 0.04621002813514998, ""maps:rev"": 0.9236184527911029, ""precedes:fwd"": 0.04621002813514998}","[""contains:fwd"", ""supports:fwd"", ""maps:fwd"", ""maps:rev"", ""precedes:fwd""]","[0.48714280128479004, 0.2675033211708069, 0.19232816994190216, 0.04078344255685806, 0.007761273067444563]"
2,0.15,s2_case29,<e2> has <e1> inside usually,contains:rev,contains:rev,1,1,contains:rev,1,precedes:rev,0,0,precedes:rev,precedes:rev,contains:rev,1.0,0.0,10.0,"{""contains:rev"": 0.9537899718648504, ""precedes:rev"": 0.04621002813514998, ""maps:rev"": 0.04621002813514998, ""contains:fwd"": 0.04621002813514998, ""maps:fwd"": 0.04621002813514998}","[""contains:rev"", ""precedes:rev"", ""maps:rev"", ""contains:fwd"", ""maps:fwd""]","[0.9187759160995483, 0.06984733790159225, 0.006599788554012775, 0.002076513599604368, 0.0010050393175333738]"
2,0.15,s2_case30,within <e2> sits <e1>,contains:rev,precedes:rev,0,1,contains:rev,1,maps:rev,0,1,precedes:rev,precedes:rev,contains:rev,1.0,0.0,3.0,"{""precedes:rev"": 0.04621002813514998, ""contains:rev"": 0.9537899718648504, ""contains:fwd"": 0.04621002813514998, ""maps:rev"": 0.04621002813514998, ""supports:fwd"": 0.04621002813514998}","[""precedes:rev"", ""contains:rev"", ""contains:fwd"", ""maps:rev"", ""supports:fwd""]","[0.7378067374229431, 0.17278441786766052, 0.051348403096199036, 0.031460635364055634, 0.0030345451086759567]"
2,0.15,s2_case31,the target of <e1> is <e2> usually,maps:fwd,maps:rev,0,1,maps:fwd,1,maps:rev,0,1,maps:rev,maps:rev,maps:fwd,1.0,0.0,1.0,"{""maps:rev"": 0.04621002813514998, ""maps:fwd"": 0.9537899718648504, ""supports:fwd"": 0.04621002813514998, ""contains:fwd"": 0.04621002813514998, ""precedes:fwd"": 0.04621002813514998}","[""maps:rev"", ""maps:fwd"", ""supports:fwd"", ""contains:fwd"", ""precedes:fwd""]","[0.9837117791175842, 0.007700658868998289, 0.0030161705799400806, 0.00266876514069736, 0.001485235639847815]"
2,0.15,s2_case32,inside <e2> is <e1>,contains:rev,contains:rev,1,1,contains:rev,1,contains:rev,1,0,maps:rev,maps:rev,contains:rev,1.0,0.0,5.0,"{""contains:rev"": 0.5264407959428696, ""maps:rev"": 0.37381002813514996, ""contains:fwd"": 0.10093122899146997, ""maps:fwd"": 0.09123800320081073, ""supports:fwd"": 0.04621002813514998}","[""contains:rev"", ""maps:rev"", ""contains:fwd"", ""maps:fwd"", ""supports:fwd""]","[0.6240243911743164, 0.20627737045288086, 0.12472786009311676, 0.02909310720860958, 0.009061023592948914]"
2,0.15,s2_case33,the target of <e1> is <e2> directly,maps:fwd,maps:rev,0,1,maps:fwd,1,maps:rev,0,1,maps:rev,maps:rev,maps:fwd,1.0,0.0,1.0,"{""maps:rev"": 0.04621002813514998, ""maps:fwd"": 0.9089185871626677, ""precedes:fwd"": 0.04621002813514998, ""supports:fwd"": 0.04621002813514998, ""supports:rev"": 0.0910814128373324}","[""maps:rev"", ""maps:fwd"", ""precedes:fwd"", ""supports:fwd"", ""supports:rev""]","[0.9879629015922546, 0.006196106784045696, 0.0035082721151411533, 0.0006643998203799129, 0.0006362736457958817]"
2,0.15,s2_case34,support for <e1> comes from <e2> for this case,supports:rev,precedes:fwd,0,0,precedes:fwd,0,precedes:fwd,0,0,,,,,,,,,
2,0.15,s2_case35,from <e2> <e1> is mapped usually,maps:rev,maps:rev,1,1,maps:rev,1,maps:rev,1,0,maps:fwd,maps:rev,maps:rev,0.0,0.0,13.0,"{""maps:rev"": 0.6787905310085302, ""maps:fwd"": 0.04621002813514998, ""contains:rev"": 0.16724202813515002, ""supports:fwd"": 0.04621002813514998, ""precedes:fwd"": 0.20017746899147}","[""maps:rev"", ""maps:fwd"", ""contains:rev"", ""supports:fwd"", ""precedes:fwd""]","[0.993874728679657, 0.0019812171813100576, 0.0015224049566313624, 0.0008578175329603255, 0.0007253275834955275]"
2,0.15,s2_case36,<e2> is held up by <e1> usually,supports:fwd,contains:fwd,0,1,supports:fwd,1,contains:fwd,0,1,contains:fwd,contains:fwd,supports:fwd,1.0,0.0,1.0,"{""contains:fwd"": 0.04621002813514998, ""maps:fwd"": 0.11294319991115, ""supports:fwd"": 0.6523355992325303, ""precedes:fwd"": 0.28093122899146994, ""maps:rev"": 0.04621002813514998}","[""contains:fwd"", ""maps:fwd"", ""supports:fwd"", ""precedes:fwd"", ""maps:rev""]","[0.7271460294723511, 0.17750495672225952, 0.05253607779741287, 0.02244381047785282, 0.018226031213998795]"
2,0.15,s2_case37,backing <e1> is <e2> in context,supports:rev,contains:fwd,0,0,contains:fwd,0,contains:fwd,0,0,,,,,,,,,
2,0.15,s2_case38,to <e1> <e2> points for this case,maps:rev,maps:fwd,0,1,maps:fwd,0,maps:fwd,0,0,maps:fwd,maps:fwd,maps:fwd,1.0,1.0,1.0,"{""maps:fwd"": 0.10093122899146997, ""supports:fwd"": 0.04621002813514998, ""contains:fwd"": 0.04621002813514998, ""contains:rev"": 0.04621002813514998, ""maps:rev"": 0.8990687710085301}","[""maps:fwd"", ""supports:fwd"", ""contains:fwd"", ""contains:rev"", ""maps:rev""]","[0.8472597002983093, 0.07756231725215912, 0.05592358857393265, 0.009008115157485008, 0.005494964774698019]"
2,0.15,s2_case39,backing <e2> is <e1>,supports:fwd,maps:rev,0,1,supports:fwd,1,maps:rev,0,1,maps:rev,maps:rev,supports:fwd,1.0,0.0,1.0,"{""maps:rev"": 0.04621002813514998, ""precedes:rev"": 0.04621002813514998, ""contains:fwd"": 0.04621002813514998, ""supports:fwd"": 0.8061899718648504, ""contains:rev"": 0.19381002813515}","[""maps:rev"", ""precedes:rev"", ""contains:fwd"", ""supports:fwd"", ""contains:rev""]","[0.8822931051254272, 0.033240966498851776, 0.030847202986478806, 0.030469883233308792, 0.017575247213244438]"
2,0.15,s2_case40,<e2> trails <e1> usually,precedes:fwd,contains:rev,0,0,contains:rev,0,contains:rev,0,0,,,,,,,,,
2,0.15,s2_case41,backing <e2> is <e1> for this case,supports:fwd,contains:fwd,0,1,supports:fwd,1,contains:fwd,0,1,contains:fwd,contains:fwd,supports:fwd,1.0,0.0,1.0,"{""contains:fwd"": 0.07638154720889745, ""supports:fwd"": 0.7770778218637326, ""precedes:rev"": 0.04621002813514998, ""maps:rev"": 0.1478792743603378, ""contains:rev"": 0.0910814128373324}","[""contains:fwd"", ""supports:fwd"", ""precedes:rev"", ""maps:rev"", ""contains:rev""]","[0.8081261515617371, 0.08038602769374847, 0.04950001835823059, 0.03751133382320404, 0.020656030625104904]"
2,0.15,s2_case42,before <e2> comes <e1> usually,precedes:fwd,precedes:rev,0,1,precedes:fwd,1,maps:rev,0,1,precedes:rev,precedes:rev,precedes:fwd,1.0,0.0,2.0,"{""precedes:rev"": 0.0910814128373324, ""precedes:fwd"": 0.9089185871626677, ""maps:rev"": 0.04621002813514998, ""supports:rev"": 0.04621002813514998, ""supports:fwd"": 0.04621002813514998}","[""precedes:rev"", ""precedes:fwd"", ""maps:rev"", ""supports:rev"", ""supports:fwd""]","[0.821392834186554, 0.12217583507299423, 0.05155830830335617, 0.002067257883027196, 0.0010998533107340336]"
2,0.15,s2_case43,before <e1> comes <e2>,precedes:rev,precedes:fwd,0,1,precedes:fwd,0,precedes:fwd,0,0,precedes:fwd,precedes:fwd,precedes:fwd,1.0,1.0,1.0,"{""precedes:fwd"": 0.19381002813515, ""precedes:rev"": 0.6497995247833425, ""maps:rev"": 0.20260047521665783, ""supports:rev"": 0.04621002813514998, ""supports:fwd"": 0.04621002813514998}","[""precedes:fwd"", ""precedes:rev"", ""maps:rev"", ""supports:rev"", ""supports:fwd""]","[0.9018410444259644, 0.084666408598423, 0.00955415703356266, 0.0018272994784638286, 0.0009976121364161372]"
2,0.15,s2_case44,inside <e1> is <e2> directly,contains:fwd,contains:rev,0,1,contains:fwd,1,contains:fwd,1,1,contains:rev,contains:rev,contains:fwd,1.0,0.0,3.0,"{""contains:rev"": 0.04621002813514998, ""contains:fwd"": 0.8545437318648501, ""supports:fwd"": 0.14545626813515, ""maps:rev"": 0.04621002813514998, ""precedes:rev"": 0.04621002813514998}","[""contains:rev"", ""contains:fwd"", ""supports:fwd"", ""maps:rev"", ""precedes:rev""]","[0.6738311052322388, 0.2709340751171112, 0.016392141580581665, 0.015816031023859978, 0.014159241691231728]"
2,0.15,s2_case45,in context <e1> is held up by <e2>,supports:rev,maps:rev,0,0,maps:rev,0,maps:rev,0,0,,,,,,,,,
2,0.15,s2_case46,<e2> is ahead of <e1> usually,precedes:rev,contains:fwd,0,0,contains:fwd,0,contains:fwd,0,0,,,,,,,,,
2,0.15,s2_case47,<e1> trails <e2>,precedes:rev,precedes:fwd,0,0,precedes:fwd,0,precedes:fwd,0,0,,,,,,,,,
2,0.15,s2_case48,backing <e2> is <e1> for this case,supports:fwd,contains:fwd,0,1,supports:fwd,1,maps:rev,0,1,contains:fwd,contains:fwd,supports:fwd,1.0,0.0,1.0,"{""contains:fwd"": 0.14580261369365244, ""supports:fwd"": 0.829456740665875, ""precedes:rev"": 0.04621002813514998, ""maps:rev"": 0.0709506737756229, ""contains:rev"": 0.04621002813514998}","[""contains:fwd"", ""supports:fwd"", ""precedes:rev"", ""maps:rev"", ""contains:rev""]","[0.8081261515617371, 0.08038602769374847, 0.04950001835823059, 0.03751133382320404, 0.020656030625104904]"
2,0.15,s2_case49,<e2> trails <e1>,precedes:fwd,contains:rev,0,0,contains:rev,0,contains:rev,0,0,,,,,,,,,
2,0.15,s2_case50,within <e2> sits <e1>,contains:rev,precedes:rev,0,1,contains:rev,1,precedes:rev,0,1,precedes:rev,precedes:rev,contains:rev,1.0,0.0,2.0,"{""precedes:rev"": 0.04621002813514998, ""contains:rev"": 0.6667785600888503, ""contains:fwd"": 0.16724202813515002, ""maps:rev"": 0.11294319991115, ""supports:fwd"": 0.14545626813515}","[""precedes:rev"", ""contains:rev"", ""contains:fwd"", ""maps:rev"", ""supports:fwd""]","[0.7378067374229431, 0.17278441786766052, 0.051348403096199036, 0.031460635364055634, 0.0030345451086759567]"
2,0.15,s2_case51,usually <e1> trails <e2>,precedes:rev,supports:fwd,0,0,supports:fwd,0,supports:fwd,0,0,,,,,,,,,
2,0.15,s2_case52,usually <e1> has <e2> inside,contains:fwd,contains:fwd,1,1,contains:fwd,1,contains:fwd,1,0,contains:rev,contains:fwd,contains:fwd,0.0,0.0,13.0,"{""contains:fwd"": 0.8327579718648501, ""contains:rev"": 0.16724202813515002, ""supports:fwd"": 0.04621002813514998, ""precedes:rev"": 0.04621002813514998, ""maps:rev"": 0.04621002813514998}","[""contains:fwd"", ""contains:rev"", ""supports:fwd"", ""precedes:rev"", ""maps:rev""]","[0.9627501964569092, 0.01919548027217388, 0.006133810617029667, 0.005513552576303482, 0.0035278492141515017]"
2,0.15,s2_case53,for this case <e1> has <e2> inside,contains:fwd,precedes:fwd,0,1,precedes:fwd,0,precedes:fwd,0,0,precedes:fwd,precedes:fwd,precedes:fwd,1.0,1.0,1.0,"{""precedes:fwd"": 0.14545626813515, ""contains:fwd"": 0.8545437318648501, ""maps:fwd"": 0.04621002813514998, ""supports:fwd"": 0.04621002813514998, ""precedes:rev"": 0.04621002813514998}","[""precedes:fwd"", ""contains:fwd"", ""maps:fwd"", ""supports:fwd"", ""precedes:rev""]","[0.9603202939033508, 0.02577068842947483, 0.007749128621071577, 0.002639319747686386, 0.001736912177875638]"
2,0.15,s2_case54,within <e1> sits <e2> usually,contains:fwd,contains:fwd,1,1,contains:fwd,1,precedes:rev,0,0,contains:rev,contains:rev,contains:fwd,1.0,0.0,7.0,"{""contains:fwd"": 0.9537899718648504, ""contains:rev"": 0.04621002813514998, ""supports:fwd"": 0.04621002813514998, ""precedes:rev"": 0.04621002813514998, ""maps:rev"": 0.04621002813514998}","[""contains:fwd"", ""contains:rev"", ""supports:fwd"", ""precedes:rev"", ""maps:rev""]","[0.7768137454986572, 0.1940259486436844, 0.009628263302147388, 0.008353310637176037, 0.006509753875434399]"
2,0.15,s2_case55,for this case <e1> is held up by <e2>,supports:rev,maps:fwd,0,0,maps:fwd,0,maps:fwd,0,0,,,,,,,,,
2,0.15,s2_case56,to <e2> <e1> points for this case,maps:fwd,maps:fwd,1,1,maps:fwd,1,maps:fwd,1,0,contains:rev,maps:fwd,maps:fwd,0.0,0.0,13.0,"{""maps:fwd"": 0.8327579718648501, ""contains:rev"": 0.04621002813514998, ""contains:fwd"": 0.04621002813514998, ""supports:fwd"": 0.16724202813515002, ""maps:rev"": 0.04621002813514998}","[""maps:fwd"", ""contains:rev"", ""contains:fwd"", ""supports:fwd"", ""maps:rev""]","[0.9792759418487549, 0.007541602477431297, 0.0044075376354157925, 0.004271720536053181, 0.0023612785153090954]"
2,0.15,s2_case57,inside <e1> is <e2> for this case,contains:fwd,contains:rev,0,1,contains:fwd,1,supports:fwd,0,1,contains:rev,contains:rev,contains:fwd,1.0,0.0,3.0,"{""contains:rev"": 0.08300456359093959, ""contains:fwd"": 0.9169954364090609, ""precedes:rev"": 0.04621002813514998, ""supports:fwd"": 0.04621002813514998, ""maps:rev"": 0.04621002813514998}","[""contains:rev"", ""contains:fwd"", ""precedes:rev"", ""supports:fwd"", ""maps:rev""]","[0.48215535283088684, 0.4434535801410675, 0.03159824758768082, 0.020367980003356934, 0.016892988234758377]"
2,0.15,s2_case58,from <e2> <e1> is mapped directly,maps:rev,maps:rev,1,1,maps:rev,1,maps:rev,1,0,contains:rev,maps:rev,maps:rev,0.0,0.0,13.0,"{""maps:rev"": 0.8743281253680575, ""contains:rev"": 0.0709506737756229, ""precedes:rev"": 0.10093122899146997, ""maps:fwd"": 0.04621002813514998, ""supports:fwd"": 0.04621002813514998}","[""maps:rev"", ""contains:rev"", ""precedes:rev"", ""maps:fwd"", ""supports:fwd""]","[0.9902835488319397, 0.004671735689043999, 0.0017617139965295792, 0.0009601337951608002, 0.0008084651199169457]"
2,0.15,s2_case59,backing <e2> is <e1> usually,supports:fwd,contains:fwd,0,1,supports:fwd,1,contains:rev,0,1,contains:fwd,contains:fwd,supports:fwd,1.0,0.0,3.0,"{""contains:fwd"": 0.04621002813514998, ""supports:fwd"": 0.9537899718648504, ""maps:rev"": 0.04621002813514998, ""maps:fwd"": 0.04621002813514998, ""contains:rev"": 0.04621002813514998}","[""contains:fwd"", ""supports:fwd"", ""maps:rev"", ""maps:fwd"", ""contains:rev""]","[0.9215970635414124, 0.038413647562265396, 0.026066195219755173, 0.005187905393540859, 0.004185090307146311]"
2,0.15,s2_case60,inside <e2> is <e1> in context,contains:rev,contains:fwd,0,1,contains:fwd,0,contains:fwd,0,0,contains:fwd,contains:fwd,contains:fwd,1.0,1.0,1.0,"{""contains:fwd"": 0.04621002813514998, ""contains:rev"": 0.6324706424396626, ""maps:rev"": 0.18752935756033778, ""supports:fwd"": 0.22621002813514998, ""precedes:rev"": 0.04621002813514998}","[""contains:fwd"", ""contains:rev"", ""maps:rev"", ""supports:fwd"", ""precedes:rev""]","[0.9450474381446838, 0.016777368262410164, 0.012176357209682465, 0.010733446106314659, 0.008682374842464924]"
2,0.15,s2_case61,inside <e2> is <e1> directly,contains:rev,contains:fwd,0,1,contains:rev,1,precedes:rev,0,1,contains:fwd,contains:fwd,contains:rev,1.0,0.0,3.0,"{""contains:fwd"": 0.04621002813514998, ""contains:rev"": 0.8502622646330606, ""maps:rev"": 0.11294319991115, ""precedes:rev"": 0.08300456359093959, ""supports:fwd"": 0.04621002813514998}","[""contains:fwd"", ""contains:rev"", ""maps:rev"", ""precedes:rev"", ""supports:fwd""]","[0.671109139919281, 0.2067999541759491, 0.06355806440114975, 0.02506011538207531, 0.01842513121664524]"
2,0.15,s2_case62,the target of <e1> is <e2> directly,maps:fwd,maps:rev,0,1,maps:rev,0,maps:rev,0,0,maps:rev,maps:rev,maps:rev,1.0,1.0,1.0,"{""maps:rev"": 0.1311027480652175, ""maps:fwd"": 0.8688972519347828, ""precedes:fwd"": 0.04621002813514998, ""supports:fwd"": 0.04621002813514998, ""supports:rev"": 0.04621002813514998}","[""maps:rev"", ""maps:fwd"", ""precedes:fwd"", ""supports:fwd"", ""supports:rev""]","[0.9879629015922546, 0.006196106784045696, 0.0035082721151411533, 0.0006643998203799129, 0.0006362736457958817]"
2,0.15,s2_case63,backing <e1> is <e2>,supports:rev,maps:rev,0,0,maps:rev,0,maps:rev,0,0,,,,,,,,,
2,0.15,s2_case64,<e1> is held up by <e2>,supports:rev,maps:fwd,0,0,maps:fwd,0,maps:fwd,0,0,,,,,,,,,
2,0.15,s2_case65,<e1> trails <e2>,precedes:rev,precedes:fwd,0,0,precedes:fwd,0,precedes:fwd,0,0,,,,,,,,,
2,0.15,s2_case66,inside <e1> is <e2>,contains:fwd,contains:rev,0,1,contains:fwd,1,contains:fwd,1,1,contains:rev,contains:rev,contains:fwd,1.0,0.0,1.0,"{""contains:rev"": 0.04621002813514998, ""contains:fwd"": 0.784931701522195, ""maps:rev"": 0.21506829847780534, ""maps:fwd"": 0.04621002813514998, ""precedes:rev"": 0.04621002813514998}","[""contains:rev"", ""contains:fwd"", ""maps:rev"", ""maps:fwd"", ""precedes:rev""]","[0.960167407989502, 0.021999072283506393, 0.007149962242692709, 0.006394851952791214, 0.0019895166624337435]"
2,0.15,s2_case67,to <e1> <e2> points usually,maps:rev,contains:fwd,0,1,maps:rev,1,contains:fwd,0,1,contains:fwd,contains:fwd,maps:rev,1.0,0.0,1.0,"{""contains:fwd"": 0.04621002813514998, ""supports:fwd"": 0.04621002813514998, ""maps:fwd"": 0.11294319991115, ""maps:rev"": 0.8623161544483773, ""precedes:fwd"": 0.0709506737756229}","[""contains:fwd"", ""supports:fwd"", ""maps:fwd"", ""maps:rev"", ""precedes:fwd""]","[0.48714280128479004, 0.2675033211708069, 0.19232816994190216, 0.04078344255685806, 0.007761273067444563]"
2,0.15,s2_case68,before <e1> comes <e2> for this case,precedes:rev,precedes:rev,1,1,precedes:rev,1,precedes:rev,1,0,precedes:fwd,precedes:rev,precedes:rev,0.0,0.0,13.0,"{""precedes:rev"": 0.5960184527911029, ""precedes:fwd"": 0.07638154720889745, ""maps:rev"": 0.04621002813514998, ""supports:fwd"": 0.22621002813514998, ""contains:fwd"": 0.19381002813515}","[""precedes:rev"", ""precedes:fwd"", ""maps:rev"", ""supports:fwd"", ""contains:fwd""]","[0.9728057384490967, 0.012597411870956421, 0.005252711940556765, 0.004506084136664867, 0.003380570560693741]"
2,0.15,s2_case69,<e2> is held up by <e1> directly,supports:fwd,maps:fwd,0,1,supports:fwd,1,supports:fwd,1,1,maps:fwd,maps:fwd,supports:fwd,1.0,0.0,1.0,"{""maps:fwd"": 0.04621002813514998, ""contains:fwd"": 0.1431147189848975, ""supports:fwd"": 0.8568852810151029, ""maps:rev"": 0.04621002813514998, ""contains:rev"": 0.04621002813514998}","[""maps:fwd"", ""contains:fwd"", ""supports:fwd"", ""maps:rev"", ""contains:rev""]","[0.6232362389564514, 0.31806376576423645, 0.026845522224903107, 0.016336241737008095, 0.008282792754471302]"
2,0.15,s2_case70,to <e2> <e1> points for this case,maps:fwd,maps:fwd,1,1,maps:fwd,1,maps:fwd,1,0,contains:rev,contains:rev,maps:fwd,1.0,0.0,12.0,"{""maps:fwd"": 0.7795352015833423, ""contains:rev"": 0.14545626813515, ""contains:fwd"": 0.0664973575603378, ""supports:fwd"": 0.10093122899146997, ""maps:rev"": 0.04621002813514998}","[""maps:fwd"", ""contains:rev"", ""contains:fwd"", ""supports:fwd"", ""maps:rev""]","[0.9792759418487549, 0.007541602477431297, 0.0044075376354157925, 0.004271720536053181, 0.0023612785153090954]"
2,0.15,s2_case71,within <e1> sits <e2> directly,contains:fwd,contains:fwd,1,1,contains:fwd,1,precedes:rev,0,0,contains:rev,contains:rev,contains:fwd,1.0,0.0,7.0,"{""contains:fwd"": 0.9537899718648504, ""contains:rev"": 0.04621002813514998, ""precedes:rev"": 0.04621002813514998, ""supports:fwd"": 0.04621002813514998, ""maps:rev"": 0.04621002813514998}","[""contains:fwd"", ""contains:rev"", ""precedes:rev"", ""supports:fwd"", ""maps:rev""]","[0.7201204895973206, 0.24460585415363312, 0.015091964974999428, 0.00995474960654974, 0.0046759918332099915]"
2,0.15,s2_case72,the target of <e1> is <e2> in context,maps:fwd,maps:rev,0,1,maps:fwd,1,maps:rev,0,1,maps:rev,maps:rev,maps:fwd,1.0,0.0,1.0,"{""maps:rev"": 0.04621002813514998, ""precedes:fwd"": 0.04621002813514998, ""maps:fwd"": 0.8990687710085301, ""supports:fwd"": 0.04621002813514998, ""contains:fwd"": 0.10093122899146997}","[""maps:rev"", ""precedes:fwd"", ""maps:fwd"", ""supports:fwd"", ""contains:fwd""]","[0.9773014187812805, 0.009904335252940655, 0.008917039260268211, 0.001793581759557128, 0.0008753444999456406]"
2,0.15,s2_case73,<e2> has <e1> inside in context,contains:rev,precedes:rev,0,1,precedes:rev,0,precedes:rev,0,0,precedes:rev,precedes:rev,precedes:rev,1.0,1.0,1.0,"{""precedes:rev"": 0.1311027480652175, ""contains:rev"": 0.5728981600008107, ""contains:fwd"": 0.0910814128373324, ""precedes:fwd"": 0.14973773536693963, ""maps:rev"": 0.19381002813515}","[""precedes:rev"", ""contains:rev"", ""contains:fwd"", ""precedes:fwd"", ""maps:rev""]","[0.9570301175117493, 0.0319441556930542, 0.005574478302150965, 0.0022231845650821924, 0.00204300694167614]"
2,0.15,s2_case74,<e2> trails <e1> directly,precedes:fwd,contains:rev,0,0,contains:rev,0,contains:rev,0,0,,,,,,,,,
2,0.15,s2_case75,<e2> is ahead of <e1> usually,precedes:rev,contains:fwd,0,0,contains:fwd,0,contains:fwd,0,0,,,,,,,,,
2,0.15,s2_case76,before <e1> comes <e2> directly,precedes:rev,precedes:rev,1,1,precedes:rev,1,maps:rev,0,0,precedes:fwd,precedes:fwd,precedes:rev,1.0,0.0,10.0,"{""precedes:rev"": 0.6522225310085303, ""precedes:fwd"": 0.29305626813515, ""maps:rev"": 0.04621002813514998, ""supports:fwd"": 0.10093122899146997, ""supports:rev"": 0.04621002813514998}","[""precedes:rev"", ""precedes:fwd"", ""maps:rev"", ""supports:fwd"", ""supports:rev""]","[0.8105250597000122, 0.15732091665267944, 0.026067737489938736, 0.003032365348190069, 0.0012522657634690404]"
2,0.15,s2_case77,the target of <e2> is <e1> for this case,maps:rev,maps:rev,1,1,maps:rev,1,contains:fwd,0,0,contains:rev,contains:rev,maps:rev,1.0,0.0,7.0,"{""maps:rev"": 0.7392239173353132, ""contains:rev"": 0.26077608266468705, ""contains:fwd"": 0.04621002813514998, ""precedes:rev"": 0.04621002813514998, ""supports:fwd"": 0.04621002813514998}","[""maps:rev"", ""contains:rev"", ""contains:fwd"", ""precedes:rev"", ""supports:fwd""]","[0.7522186040878296, 0.15732958912849426, 0.03735772520303726, 0.03126443549990654, 0.013926024548709393]"
2,0.15,s2_case78,<e2> is ahead of <e1> in context,precedes:rev,contains:fwd,0,0,contains:fwd,0,contains:fwd,0,0,,,,,,,,,
2,0.15,s2_case79,<e2> trails <e1> usually,precedes:fwd,contains:rev,0,0,contains:rev,0,contains:rev,0,0,,,,,,,,,
2,0.3,s2_case0,<e2> is held up by <e1> directly,supports:fwd,maps:fwd,0,1,supports:fwd,1,contains:rev,0,1,maps:fwd,maps:fwd,supports:fwd,1.0,0.0,1.0,"{""maps:fwd"": 0.04621002813514998, ""contains:fwd"": 0.12787594829312202, ""supports:fwd"": 0.8721240517068785, ""maps:rev"": 0.04621002813514998, ""contains:rev"": 0.04621002813514998}","[""maps:fwd"", ""contains:fwd"", ""supports:fwd"", ""maps:rev"", ""contains:rev""]","[0.6232362389564514, 0.31806376576423645, 0.026845522224903107, 0.016336241737008095, 0.008282792754471302]"
2,0.3,s2_case1,within <e1> sits <e2>,contains:fwd,contains:fwd,1,1,contains:fwd,1,contains:fwd,1,0,contains:rev,contains:rev,contains:fwd,1.0,0.0,8.0,"{""contains:fwd"": 0.6220510119347828, ""contains:rev"": 0.29305626813515, ""precedes:rev"": 0.1311027480652175, ""maps:rev"": 0.04621002813514998, ""supports:fwd"": 0.04621002813514998}","[""contains:fwd"", ""contains:rev"", ""precedes:rev"", ""maps:rev"", ""supports:fwd""]","[0.7993860840797424, 0.17349041998386383, 0.015546287409961224, 0.0037188732530921698, 0.0035383275244385004]"
2,0.3,s2_case2,usually <e1> trails <e2>,precedes:rev,supports:fwd,0,0,supports:fwd,0,supports:fwd,0,0,,,,,,,,,
2,0.3,s2_case3,before <e2> comes <e1> in context,precedes:fwd,precedes:rev,0,1,precedes:rev,0,precedes:rev,0,0,precedes:rev,precedes:rev,precedes:rev,1.0,1.0,1.0,"{""precedes:rev"": 0.19381002813515, ""precedes:fwd"": 0.7613185871626678, ""maps:rev"": 0.04621002813514998, ""supports:rev"": 0.04621002813514998, ""contains:fwd"": 0.0910814128373324}","[""precedes:rev"", ""precedes:fwd"", ""maps:rev"", ""supports:rev"", ""contains:fwd""]","[0.9721451997756958, 0.02106781303882599, 0.003698869841173291, 0.0010752822272479534, 0.0007970247534103692]"
2,0.3,s2_case4,inside <e1> is <e2> in context,contains:fwd,contains:fwd,1,1,contains:fwd,1,precedes:rev,0,0,contains:rev,contains:rev,contains:fwd,1.0,0.0,10.0,"{""contains:fwd"": 0.7412841544483775, ""contains:rev"": 0.16724202813515002, ""precedes:rev"": 0.0709506737756229, ""supports:fwd"": 0.11294319991115, ""maps:rev"": 0.04621002813514998}","[""contains:fwd"", ""contains:rev"", ""precedes:rev"", ""supports:fwd"", ""maps:rev""]","[0.8517381548881531, 0.08444421738386154, 0.027709245681762695, 0.016893096268177032, 0.014070200733840466]"
2,0.3,s2_case5,from <e2> <e1> is mapped,maps:rev,maps:rev,1,1,maps:rev,1,maps:rev,1,0,contains:rev,maps:rev,maps:rev,0.0,0.0,13.0,"{""maps:rev"": 0.7657919173353132, ""contains:rev"": 0.04621002813514998, ""precedes:rev"": 0.23420808266468707, ""supports:rev"": 0.04621002813514998, ""precedes:fwd"": 0.04621002813514998}","[""maps:rev"", ""contains:rev"", ""precedes:rev"", ""supports:rev"", ""precedes:fwd""]","[0.9878052473068237, 0.0053337691351771355, 0.0029986288864165545, 0.0011554727097973228, 0.001010292791761458]"
2,0.3,s2_case6,before <e2> comes <e1> in context,precedes:fwd,precedes:rev,0,1,precedes:rev,0,precedes:rev,0,0,precedes:rev,precedes:rev,precedes:rev,1.0,1.0,1.0,"{""precedes:rev"": 0.22621002813514998, ""precedes:fwd"": 0.7190687710085302, ""maps:rev"": 0.04621002813514998, ""supports:rev"": 0.04621002813514998, ""contains:fwd"": 0.10093122899146997}","[""precedes:rev"", ""precedes:fwd"", ""maps:rev"", ""supports:rev"", ""contains:fwd""]","[0.9721451997756958, 0.02106781303882599, 0.003698869841173291, 0.0010752822272479534, 0.0007970247534103692]"
2,0.3,s2_case7,backing <e1> is <e2>,supports:rev,maps:rev,0,0,maps:rev,0,maps:rev,0,0,,,,,,,,,
2,0.3,s2_case8,backing <e2> is <e1> in context,supports:fwd,contains:fwd,0,1,contains:fwd,0,contains:fwd,0,0,contains:fwd,contains:fwd,contains:fwd,1.0,1.0,1.0,"{""contains:fwd"": 0.3232277872088975, ""supports:fwd"": 0.6767722127911029, ""precedes:rev"": 0.04621002813514998, ""maps:rev"": 0.04621002813514998, ""contains:rev"": 0.04621002813514998}","[""contains:fwd"", ""supports:fwd"", ""precedes:rev"", ""maps:rev"", ""contains:rev""]","[0.9402729868888855, 0.03378061205148697, 0.009312729351222515, 0.008097395300865173, 0.003971286583691835]"
2,0.3,s2_case9,support for <e1> comes from <e2> usually,supports:rev,maps:rev,0,0,maps:rev,0,maps:rev,0,0,,,,,,,,,
2,0.3,s2_case10,the target of <e2> is <e1> in context,maps:rev,maps:rev,1,1,maps:rev,1,maps:rev,1,0,precedes:rev,maps:rev,maps:rev,0.0,0.0,13.0,"{""maps:rev"": 0.6256748832888503, ""precedes:rev"": 0.04621002813514998, ""contains:rev"": 0.04621002813514998, ""supports:fwd"": 0.12759194493515, ""precedes:fwd"": 0.29294319991115}","[""maps:rev"", ""precedes:rev"", ""contains:rev"", ""supports:fwd"", ""precedes:fwd""]","[0.9682679772377014, 0.015012044459581375, 0.006294474471360445, 0.004584914539009333, 0.0021824000868946314]"
2,0.3,s2_case11,in context <e1> is ahead of <e2>,precedes:fwd,maps:rev,0,1,maps:rev,0,maps:rev,0,0,maps:rev,maps:rev,maps:rev,1.0,1.0,1.0,"{""maps:rev"": 0.04621002813514998, ""precedes:rev"": 0.35562778720889743, ""contains:rev"": 0.04621002813514998, ""maps:fwd"": 0.1478792743603378, ""precedes:fwd"": 0.542702966565915}","[""maps:rev"", ""precedes:rev"", ""contains:rev"", ""maps:fwd"", ""precedes:fwd""]","[0.988723635673523, 0.0050057522021234035, 0.0024129829835146666, 0.0014575476525351405, 0.0011919403914362192]"
2,0.3,s2_case12,to <e1> <e2> points,maps:rev,maps:fwd,0,1,maps:fwd,0,maps:fwd,0,0,maps:fwd,maps:fwd,maps:fwd,1.0,1.0,1.0,"{""maps:fwd"": 0.04621002813514998, ""maps:rev"": 0.6101494415833425, ""precedes:fwd"": 0.04621002813514998, ""contains:rev"": 0.24225055841665785, ""supports:fwd"": 0.19381002813515}","[""maps:fwd"", ""maps:rev"", ""precedes:fwd"", ""contains:rev"", ""supports:fwd""]","[0.9658170938491821, 0.014879829250276089, 0.009232230484485626, 0.0041248369961977005, 0.004037369042634964]"
2,0.3,s2_case13,inside <e1> is <e2> in context,contains:fwd,contains:fwd,1,1,contains:fwd,1,contains:rev,0,0,contains:rev,contains:rev,contains:fwd,1.0,0.0,8.0,"{""contains:fwd"": 0.7307286952078729, ""contains:rev"": 0.14973773536693963, ""precedes:rev"": 0.04621002813514998, ""supports:fwd"": 0.14545626813515, ""maps:rev"": 0.0664973575603378}","[""contains:fwd"", ""contains:rev"", ""precedes:rev"", ""supports:fwd"", ""maps:rev""]","[0.8517381548881531, 0.08444421738386154, 0.027709245681762695, 0.016893096268177032, 0.014070200733840466]"
2,0.3,s2_case14,to <e2> <e1> points usually,maps:fwd,maps:fwd,1,1,maps:fwd,1,maps:fwd,1,0,maps:rev,maps:rev,maps:fwd,1.0,0.0,11.0,"{""maps:fwd"": 0.7795008280889204, ""maps:rev"": 0.19032765283733247, ""precedes:fwd"": 0.04621002813514998, ""supports:fwd"": 0.04621002813514998, ""contains:fwd"": 0.07638154720889745}","[""maps:fwd"", ""maps:rev"", ""precedes:fwd"", ""supports:fwd"", ""contains:fwd""]","[0.854878842830658, 0.11416477710008621, 0.01385908480733633, 0.010544289834797382, 0.0031155890319496393]"
2,0.3,s2_case15,the target of <e2> is <e1> in context,maps:rev,maps:rev,1,1,maps:rev,1,contains:rev,0,0,precedes:rev,maps:rev,maps:rev,0.0,0.0,13.0,"{""maps:rev"": 0.9537899718648504, ""precedes:rev"": 0.04621002813514998, ""contains:rev"": 0.04621002813514998, ""supports:fwd"": 0.04621002813514998, ""precedes:fwd"": 0.04621002813514998}","[""maps:rev"", ""precedes:rev"", ""contains:rev"", ""supports:fwd"", ""precedes:fwd""]","[0.9682679772377014, 0.015012044459581375, 0.006294474471360445, 0.004584914539009333, 0.0021824000868946314]"
2,0.3,s2_case16,<e2> trails <e1>,precedes:fwd,contains:rev,0,0,contains:rev,0,contains:rev,0,0,,,,,,,,,
2,0.3,s2_case17,<e2> trails <e1>,precedes:fwd,contains:rev,0,0,contains:rev,0,contains:rev,0,0,,,,,,,,,
2,0.3,s2_case18,in context <e1> is held up by <e2>,supports:rev,maps:rev,0,0,maps:rev,0,maps:rev,0,0,,,,,,,,,
2,0.3,s2_case19,backing <e2> is <e1> in context,supports:fwd,contains:fwd,0,1,contains:fwd,0,contains:fwd,0,0,contains:fwd,contains:fwd,contains:fwd,1.0,1.0,1.0,"{""contains:fwd"": 0.22621002813514998, ""supports:fwd"": 0.6768852810151028, ""precedes:rev"": 0.1431147189848975, ""maps:rev"": 0.04621002813514998, ""contains:rev"": 0.04621002813514998}","[""contains:fwd"", ""supports:fwd"", ""precedes:rev"", ""maps:rev"", ""contains:rev""]","[0.9402729868888855, 0.03378061205148697, 0.009312729351222515, 0.008097395300865173, 0.003971286583691835]"
2,0.3,s2_case20,in context <e1> is held up by <e2>,supports:rev,maps:rev,0,0,maps:rev,0,maps:rev,0,0,,,,,,,,,
2,0.3,s2_case21,the target of <e1> is <e2> for this case,maps:fwd,maps:rev,0,1,maps:rev,0,maps:rev,0,0,maps:rev,maps:rev,maps:rev,1.0,1.0,1.0,"{""maps:rev"": 0.04621002813514998, ""precedes:fwd"": 0.29294319991115, ""maps:fwd"": 0.6455216189925876, ""contains:fwd"": 0.08300456359093959, ""supports:fwd"": 0.0709506737756229}","[""maps:rev"", ""precedes:fwd"", ""maps:fwd"", ""contains:fwd"", ""supports:fwd""]","[0.9829415678977966, 0.005611273925751448, 0.0036335643380880356, 0.0033983029425144196, 0.002183697884902358]"
2,0.3,s2_case22,support for <e2> comes from <e1>,supports:fwd,precedes:fwd,0,1,supports:fwd,1,supports:fwd,1,1,precedes:fwd,precedes:fwd,supports:fwd,1.0,0.0,2.0,"{""precedes:fwd"": 0.04621002813514998, ""maps:rev"": 0.12759194493515, ""supports:fwd"": 0.8476674094243772, ""maps:fwd"": 0.04621002813514998, ""precedes:rev"": 0.0709506737756229}","[""precedes:fwd"", ""maps:rev"", ""supports:fwd"", ""maps:fwd"", ""precedes:rev""]","[0.6220375895500183, 0.18177196383476257, 0.16423429548740387, 0.017953360453248024, 0.009004039689898491]"
2,0.3,s2_case23,<e2> has <e1> inside for this case,contains:rev,contains:rev,1,1,contains:rev,1,contains:rev,1,0,precedes:rev,precedes:rev,contains:rev,1.0,0.0,10.0,"{""contains:rev"": 0.8327579718648501, ""precedes:rev"": 0.04621002813514998, ""maps:rev"": 0.16724202813515002, ""maps:fwd"": 0.04621002813514998, ""contains:fwd"": 0.04621002813514998}","[""contains:rev"", ""precedes:rev"", ""maps:rev"", ""maps:fwd"", ""contains:fwd""]","[0.9171068668365479, 0.06195396929979324, 0.016733139753341675, 0.0011475194478407502, 0.00103184359613806]"
2,0.3,s2_case24,the target of <e1> is <e2> directly,maps:fwd,maps:rev,0,1,maps:rev,0,maps:rev,0,0,maps:rev,maps:rev,maps:rev,1.0,1.0,1.0,"{""maps:rev"": 0.04621002813514998, ""maps:fwd"": 0.8298030862243775, ""precedes:fwd"": 0.14545626813515, ""supports:fwd"": 0.0709506737756229, ""supports:rev"": 0.04621002813514998}","[""maps:rev"", ""maps:fwd"", ""precedes:fwd"", ""supports:fwd"", ""supports:rev""]","[0.9879629015922546, 0.006196106784045696, 0.0035082721151411533, 0.0006643998203799129, 0.0006362736457958817]"
2,0.3,s2_case25,<e2> has <e1> inside,contains:rev,contains:rev,1,1,contains:rev,1,maps:rev,0,0,precedes:rev,precedes:rev,contains:rev,1.0,0.0,7.0,"{""contains:rev"": 0.8096723471626677, ""precedes:rev"": 0.04621002813514998, ""maps:rev"": 0.04621002813514998, ""supports:rev"": 0.14545626813515, ""precedes:fwd"": 0.0910814128373324}","[""contains:rev"", ""precedes:rev"", ""maps:rev"", ""supports:rev"", ""precedes:fwd""]","[0.6881951093673706, 0.2598215937614441, 0.041751690208911896, 0.0048763141967356205, 0.002688785083591938]"
2,0.3,s2_case26,the target of <e1> is <e2> usually,maps:fwd,maps:rev,0,1,maps:rev,0,maps:rev,0,0,maps:rev,maps:rev,maps:rev,1.0,1.0,1.0,"{""maps:rev"": 0.04621002813514998, ""maps:fwd"": 0.5813185871626677, ""supports:fwd"": 0.04621002813514998, ""contains:fwd"": 0.0910814128373324, ""precedes:fwd"": 0.37381002813514996}","[""maps:rev"", ""maps:fwd"", ""supports:fwd"", ""contains:fwd"", ""precedes:fwd""]","[0.9837117791175842, 0.007700658868998289, 0.0030161705799400806, 0.00266876514069736, 0.001485235639847815]"
2,0.3,s2_case27,within <e2> sits <e1> directly,contains:rev,contains:fwd,0,1,contains:rev,1,contains:fwd,0,1,contains:fwd,contains:fwd,contains:rev,1.0,0.0,1.0,"{""contains:fwd"": 0.26363272039093966, ""precedes:rev"": 0.04621002813514998, ""contains:rev"": 0.5887672796090607, ""maps:rev"": 0.19381002813515, ""supports:fwd"": 0.04621002813514998}","[""contains:fwd"", ""precedes:rev"", ""contains:rev"", ""maps:rev"", ""supports:fwd""]","[0.5099841356277466, 0.27796924114227295, 0.17133036255836487, 0.020232368260622025, 0.015769654884934425]"
2,0.3,s2_case28,to <e1> <e2> points usually,maps:rev,contains:fwd,0,1,contains:fwd,0,supports:fwd,0,0,contains:fwd,contains:fwd,contains:fwd,1.0,1.0,1.0,"{""contains:fwd"": 0.22621002813514998, ""supports:fwd"": 0.04621002813514998, ""maps:fwd"": 0.0664973575603378, ""maps:rev"": 0.5811619967991895, ""precedes:fwd"": 0.21855067377562293}","[""contains:fwd"", ""supports:fwd"", ""maps:fwd"", ""maps:rev"", ""precedes:fwd""]","[0.48714280128479004, 0.2675033211708069, 0.19232816994190216, 0.04078344255685806, 0.007761273067444563]"
2,0.3,s2_case29,<e2> has <e1> inside usually,contains:rev,contains:rev,1,1,contains:rev,1,contains:rev,1,0,precedes:rev,precedes:rev,contains:rev,1.0,0.0,12.0,"{""contains:rev"": 0.8545437318648501, ""precedes:rev"": 0.04621002813514998, ""maps:rev"": 0.04621002813514998, ""contains:fwd"": 0.04621002813514998, ""maps:fwd"": 0.14545626813515}","[""contains:rev"", ""precedes:rev"", ""maps:rev"", ""contains:fwd"", ""maps:fwd""]","[0.9187759160995483, 0.06984733790159225, 0.006599788554012775, 0.002076513599604368, 0.0010050393175333738]"
2,0.3,s2_case30,within <e2> sits <e1>,contains:rev,precedes:rev,0,1,contains:rev,1,maps:rev,0,1,precedes:rev,precedes:rev,contains:rev,1.0,0.0,3.0,"{""precedes:rev"": 0.07638154720889745, ""contains:rev"": 0.9236184527911029, ""contains:fwd"": 0.04621002813514998, ""maps:rev"": 0.04621002813514998, ""supports:fwd"": 0.04621002813514998}","[""precedes:rev"", ""contains:rev"", ""contains:fwd"", ""maps:rev"", ""supports:fwd""]","[0.7378067374229431, 0.17278441786766052, 0.051348403096199036, 0.031460635364055634, 0.0030345451086759567]"
2,0.3,s2_case31,the target of <e1> is <e2> usually,maps:fwd,maps:rev,0,1,maps:rev,0,maps:rev,0,0,maps:rev,maps:rev,maps:rev,1.0,1.0,1.0,"{""maps:rev"": 0.18231314579147, ""maps:fwd"": 0.7060822977303478, ""supports:fwd"": 0.11294319991115, ""contains:fwd"": 0.0910814128373324, ""precedes:fwd"": 0.04621002813514998}","[""maps:rev"", ""maps:fwd"", ""supports:fwd"", ""contains:fwd"", ""precedes:fwd""]","[0.9837117791175842, 0.007700658868998289, 0.0030161705799400806, 0.00266876514069736, 0.001485235639847815]"
2,0.3,s2_case32,inside <e2> is <e1>,contains:rev,contains:rev,1,1,contains:rev,1,maps:fwd,0,0,maps:rev,maps:rev,contains:rev,1.0,0.0,7.0,"{""contains:rev"": 0.8622742355527406, ""maps:rev"": 0.04621002813514998, ""contains:fwd"": 0.04621002813514998, ""maps:fwd"": 0.13772576444725962, ""supports:fwd"": 0.04621002813514998}","[""contains:rev"", ""maps:rev"", ""contains:fwd"", ""maps:fwd"", ""supports:fwd""]","[0.6240243911743164, 0.20627737045288086, 0.12472786009311676, 0.02909310720860958, 0.009061023592948914]"
2,0.3,s2_case33,the target of <e1> is <e2> directly,maps:fwd,maps:rev,0,1,maps:rev,0,maps:rev,0,0,maps:rev,maps:rev,maps:rev,1.0,1.0,1.0,"{""maps:rev"": 0.4321347480652175, ""maps:fwd"": 0.4496887996789932, ""precedes:fwd"": 0.08300456359093959, ""supports:fwd"": 0.12759194493515, ""supports:rev"": 0.04621002813514998}","[""maps:rev"", ""maps:fwd"", ""precedes:fwd"", ""supports:fwd"", ""supports:rev""]","[0.9879629015922546, 0.006196106784045696, 0.0035082721151411533, 0.0006643998203799129, 0.0006362736457958817]"
2,0.3,s2_case34,support for <e1> comes from <e2> for this case,supports:rev,precedes:fwd,0,0,precedes:fwd,0,precedes:fwd,0,0,,,,,,,,,
2,0.3,s2_case35,from <e2> <e1> is mapped usually,maps:rev,maps:rev,1,1,maps:rev,1,maps:rev,1,0,maps:fwd,maps:rev,maps:rev,0.0,0.0,13.0,"{""maps:rev"": 0.7303823496493704, ""maps:fwd"": 0.04621002813514998, ""contains:rev"": 0.14973773536693963, ""supports:fwd"": 0.14580261369365244, ""precedes:fwd"": 0.0664973575603378}","[""maps:rev"", ""maps:fwd"", ""contains:rev"", ""supports:fwd"", ""precedes:fwd""]","[0.993874728679657, 0.0019812171813100576, 0.0015224049566313624, 0.0008578175329603255, 0.0007253275834955275]"
2,0.3,s2_case36,<e2> is held up by <e1> usually,supports:fwd,contains:fwd,0,1,supports:fwd,1,maps:rev,0,1,contains:fwd,contains:fwd,supports:fwd,1.0,0.0,1.0,"{""contains:fwd"": 0.04621002813514998, ""maps:fwd"": 0.04621002813514998, ""supports:fwd"": 0.8327579718648501, ""precedes:fwd"": 0.16724202813515002, ""maps:rev"": 0.04621002813514998}","[""contains:fwd"", ""maps:fwd"", ""supports:fwd"", ""precedes:fwd"", ""maps:rev""]","[0.7271460294723511, 0.17750495672225952, 0.05253607779741287, 0.02244381047785282, 0.018226031213998795]"
2,0.3,s2_case37,backing <e1> is <e2> in context,supports:rev,contains:fwd,0,0,contains:fwd,0,contains:fwd,0,0,,,,,,,,,
2,0.3,s2_case38,to <e1> <e2> points for this case,maps:rev,maps:fwd,0,1,maps:fwd,0,maps:fwd,0,0,maps:fwd,maps:fwd,maps:fwd,1.0,1.0,1.0,"{""maps:fwd"": 0.04621002813514998, ""supports:fwd"": 0.04621002813514998, ""contains:fwd"": 0.0910814128373324, ""contains:rev"": 0.40196322899146997, ""maps:rev"": 0.5531653863063478}","[""maps:fwd"", ""supports:fwd"", ""contains:fwd"", ""contains:rev"", ""maps:rev""]","[0.8472597002983093, 0.07756231725215912, 0.05592358857393265, 0.009008115157485008, 0.005494964774698019]"
2,0.3,s2_case39,backing <e2> is <e1>,supports:fwd,maps:rev,0,1,maps:rev,0,maps:rev,0,0,maps:rev,maps:rev,maps:rev,1.0,1.0,1.0,"{""maps:rev"": 0.14545626813515, ""precedes:rev"": 0.0709506737756229, ""contains:fwd"": 0.11294319991115, ""supports:fwd"": 0.6816879976483774, ""contains:rev"": 0.12759194493515}","[""maps:rev"", ""precedes:rev"", ""contains:fwd"", ""supports:fwd"", ""contains:rev""]","[0.8822931051254272, 0.033240966498851776, 0.030847202986478806, 0.030469883233308792, 0.017575247213244438]"
2,0.3,s2_case40,<e2> trails <e1> usually,precedes:fwd,contains:rev,0,0,contains:rev,0,contains:rev,0,0,,,,,,,,,
2,0.3,s2_case41,backing <e2> is <e1> for this case,supports:fwd,contains:fwd,0,1,supports:fwd,1,precedes:rev,0,1,contains:fwd,contains:fwd,supports:fwd,1.0,0.0,1.0,"{""contains:fwd"": 0.04621002813514998, ""supports:fwd"": 0.7289185871626678, ""precedes:rev"": 0.04621002813514998, ""maps:rev"": 0.22621002813514998, ""contains:rev"": 0.0910814128373324}","[""contains:fwd"", ""supports:fwd"", ""precedes:rev"", ""maps:rev"", ""contains:rev""]","[0.8081261515617371, 0.08038602769374847, 0.04950001835823059, 0.03751133382320404, 0.020656030625104904]"
2,0.3,s2_case42,before <e2> comes <e1> usually,precedes:fwd,precedes:rev,0,1,precedes:fwd,1,precedes:rev,0,1,precedes:rev,precedes:rev,precedes:fwd,1.0,0.0,2.0,"{""precedes:rev"": 0.04621002813514998, ""precedes:fwd"": 0.9089185871626677, ""maps:rev"": 0.04621002813514998, ""supports:rev"": 0.0910814128373324, ""supports:fwd"": 0.04621002813514998}","[""precedes:rev"", ""precedes:fwd"", ""maps:rev"", ""supports:rev"", ""supports:fwd""]","[0.821392834186554, 0.12217583507299423, 0.05155830830335617, 0.002067257883027196, 0.0010998533107340336]"
2,0.3,s2_case43,before <e1> comes <e2>,precedes:rev,precedes:fwd,0,1,precedes:fwd,0,precedes:fwd,0,0,precedes:fwd,precedes:fwd,precedes:fwd,1.0,1.0,1.0,"{""precedes:fwd"": 0.16724202813515002, ""precedes:rev"": 0.40251778472219496, ""maps:rev"": 0.12759194493515, ""supports:rev"": 0.39506829847780534, ""supports:fwd"": 0.04621002813514998}","[""precedes:fwd"", ""precedes:rev"", ""maps:rev"", ""supports:rev"", ""supports:fwd""]","[0.9018410444259644, 0.084666408598423, 0.00955415703356266, 0.0018272994784638286, 0.0009976121364161372]"
2,0.3,s2_case44,inside <e1> is <e2> directly,contains:fwd,contains:rev,0,1,contains:fwd,1,contains:fwd,1,1,contains:rev,contains:rev,contains:fwd,1.0,0.0,2.0,"{""contains:rev"": 0.14545626813515, ""contains:fwd"": 0.7069437318648502, ""supports:fwd"": 0.04621002813514998, ""maps:rev"": 0.19381002813515, ""precedes:rev"": 0.04621002813514998}","[""contains:rev"", ""contains:fwd"", ""supports:fwd"", ""maps:rev"", ""precedes:rev""]","[0.6738311052322388, 0.2709340751171112, 0.016392141580581665, 0.015816031023859978, 0.014159241691231728]"
2,0.3,s2_case45,in context <e1> is held up by <e2>,supports:rev,maps:rev,0,0,maps:rev,0,maps:rev,0,0,,,,,,,,,
2,0.3,s2_case46,<e2> is ahead of <e1> usually,precedes:rev,contains:fwd,0,0,contains:fwd,0,contains:fwd,0,0,,,,,,,,,
2,0.3,s2_case47,<e1> trails <e2>,precedes:rev,precedes:fwd,0,0,precedes:fwd,0,precedes:fwd,0,0,,,,,,,,,
2,0.3,s2_case48,backing <e2> is <e1> for this case,supports:fwd,contains:fwd,0,1,supports:fwd,1,precedes:rev,0,1,contains:fwd,contains:fwd,supports:fwd,1.0,0.0,1.0,"{""contains:fwd"": 0.08300456359093959, ""supports:fwd"": 0.676429866983873, ""precedes:rev"": 0.04621002813514998, ""maps:rev"": 0.04621002813514998, ""contains:rev"": 0.2867755975603378}","[""contains:fwd"", ""supports:fwd"", ""precedes:rev"", ""maps:rev"", ""contains:rev""]","[0.8081261515617371, 0.08038602769374847, 0.04950001835823059, 0.03751133382320404, 0.020656030625104904]"
2,0.3,s2_case49,<e2> trails <e1>,precedes:fwd,contains:rev,0,0,contains:rev,0,contains:rev,0,0,,,,,,,,,
2,0.3,s2_case50,within <e2> sits <e1>,contains:rev,precedes:rev,0,1,contains:rev,1,contains:rev,1,1,precedes:rev,precedes:rev,contains:rev,1.0,0.0,1.0,"{""precedes:rev"": 0.04621002813514998, ""contains:rev"": 0.5123022376483773, ""contains:fwd"": 0.12759194493515, ""maps:rev"": 0.19381002813515, ""supports:fwd"": 0.25871584555162297}","[""precedes:rev"", ""contains:rev"", ""contains:fwd"", ""maps:rev"", ""supports:fwd""]","[0.7378067374229431, 0.17278441786766052, 0.051348403096199036, 0.031460635364055634, 0.0030345451086759567]"
2,0.3,s2_case51,usually <e1> trails <e2>,precedes:rev,supports:fwd,0,0,supports:fwd,0,supports:fwd,0,0,,,,,,,,,
2,0.3,s2_case52,usually <e1> has <e2> inside,contains:fwd,contains:fwd,1,1,contains:fwd,1,contains:fwd,1,0,contains:rev,contains:fwd,contains:fwd,0.0,0.0,13.0,"{""contains:fwd"": 0.7330087959428695, ""contains:rev"": 0.1919826737756229, ""supports:fwd"": 0.0664973575603378, ""precedes:rev"": 0.10093122899146997, ""maps:rev"": 0.04621002813514998}","[""contains:fwd"", ""contains:rev"", ""supports:fwd"", ""precedes:rev"", ""maps:rev""]","[0.9627501964569092, 0.01919548027217388, 0.006133810617029667, 0.005513552576303482, 0.0035278492141515017]"
2,0.3,s2_case53,for this case <e1> has <e2> inside,contains:fwd,precedes:fwd,0,1,contains:fwd,1,precedes:fwd,0,1,precedes:fwd,precedes:fwd,contains:fwd,1.0,0.0,1.0,"{""precedes:fwd"": 0.04621002813514998, ""contains:fwd"": 0.6698958903506298, ""maps:fwd"": 0.0709506737756229, ""supports:fwd"": 0.27519194493515003, ""precedes:rev"": 0.07638154720889745}","[""precedes:fwd"", ""contains:fwd"", ""maps:fwd"", ""supports:fwd"", ""precedes:rev""]","[0.9603202939033508, 0.02577068842947483, 0.007749128621071577, 0.002639319747686386, 0.001736912177875638]"
2,0.3,s2_case54,within <e1> sits <e2> usually,contains:fwd,contains:fwd,1,1,contains:fwd,1,contains:fwd,1,0,contains:rev,contains:rev,contains:fwd,1.0,0.0,5.0,"{""contains:fwd"": 0.6527579718648502, ""contains:rev"": 0.22621002813514998, ""supports:fwd"": 0.16724202813515002, ""precedes:rev"": 0.04621002813514998, ""maps:rev"": 0.04621002813514998}","[""contains:fwd"", ""contains:rev"", ""supports:fwd"", ""precedes:rev"", ""maps:rev""]","[0.7768137454986572, 0.1940259486436844, 0.009628263302147388, 0.008353310637176037, 0.006509753875434399]"
2,0.3,s2_case55,for this case <e1> is held up by <e2>,supports:rev,maps:fwd,0,0,maps:fwd,0,maps:fwd,0,0,,,,,,,,,
2,0.3,s2_case56,to <e2> <e1> points for this case,maps:fwd,maps:fwd,1,1,maps:fwd,1,maps:fwd,1,0,contains:rev,maps:fwd,maps:fwd,0.0,0.0,13.0,"{""maps:fwd"": 0.56527805688116, ""contains:rev"": 0.04621002813514998, ""contains:fwd"": 0.10093122899146997, ""supports:fwd"": 0.16724202813515002, ""maps:rev"": 0.25896874226252026}","[""maps:fwd"", ""contains:rev"", ""contains:fwd"", ""supports:fwd"", ""maps:rev""]","[0.9792759418487549, 0.007541602477431297, 0.0044075376354157925, 0.004271720536053181, 0.0023612785153090954]"
2,0.3,s2_case57,inside <e1> is <e2> for this case,contains:fwd,contains:rev,0,1,contains:fwd,1,contains:fwd,1,1,contains:rev,contains:rev,contains:fwd,1.0,0.0,3.0,"{""contains:rev"": 0.16724202813515002, ""contains:fwd"": 0.7712227907685878, ""precedes:rev"": 0.04621002813514998, ""supports:fwd"": 0.08300456359093959, ""maps:rev"": 0.0709506737756229}","[""contains:rev"", ""contains:fwd"", ""precedes:rev"", ""supports:fwd"", ""maps:rev""]","[0.48215535283088684, 0.4434535801410675, 0.03159824758768082, 0.020367980003356934, 0.016892988234758377]"
2,0.3,s2_case58,from <e2> <e1> is mapped directly,maps:rev,maps:rev,1,1,maps:rev,1,maps:rev,1,0,contains:rev,maps:rev,maps:rev,0.0,0.0,13.0,"{""maps:rev"": 0.5167271260314126, ""contains:rev"": 0.04621002813514998, ""precedes:rev"": 0.19741354720889745, ""maps:fwd"": 0.1657435975603378, ""supports:fwd"": 0.21253578546965246}","[""maps:rev"", ""contains:rev"", ""precedes:rev"", ""maps:fwd"", ""supports:fwd""]","[0.9902835488319397, 0.004671735689043999, 0.0017617139965295792, 0.0009601337951608002, 0.0008084651199169457]"
2,0.3,s2_case59,backing <e2> is <e1> usually,supports:fwd,contains:fwd,0,1,supports:fwd,1,contains:fwd,0,1,contains:fwd,contains:fwd,supports:fwd,1.0,0.0,1.0,"{""contains:fwd"": 0.04621002813514998, ""supports:fwd"": 0.7998225310085303, ""maps:rev"": 0.20017746899147, ""maps:fwd"": 0.04621002813514998, ""contains:rev"": 0.04621002813514998}","[""contains:fwd"", ""supports:fwd"", ""maps:rev"", ""maps:fwd"", ""contains:rev""]","[0.9215970635414124, 0.038413647562265396, 0.026066195219755173, 0.005187905393540859, 0.004185090307146311]"
2,0.3,s2_case60,inside <e2> is <e1> in context,contains:rev,contains:fwd,0,1,contains:fwd,0,contains:fwd,0,0,contains:fwd,contains:fwd,contains:fwd,1.0,1.0,1.0,"{""contains:fwd"": 0.11294319991115, ""contains:rev"": 0.7111126353746298, ""maps:rev"": 0.16724202813515002, ""supports:fwd"": 0.0709506737756229, ""precedes:rev"": 0.07638154720889745}","[""contains:fwd"", ""contains:rev"", ""maps:rev"", ""supports:fwd"", ""precedes:rev""]","[0.9450474381446838, 0.016777368262410164, 0.012176357209682465, 0.010733446106314659, 0.008682374842464924]"
2,0.3,s2_case61,inside <e2> is <e1> directly,contains:rev,contains:fwd,0,1,contains:rev,1,precedes:rev,0,1,contains:fwd,contains:fwd,contains:rev,1.0,0.0,3.0,"{""contains:fwd"": 0.07638154720889745, ""contains:rev"": 0.8365979515899151, ""maps:rev"": 0.11294319991115, ""precedes:rev"": 0.04621002813514998, ""supports:fwd"": 0.0664973575603378}","[""contains:fwd"", ""contains:rev"", ""maps:rev"", ""precedes:rev"", ""supports:fwd""]","[0.671109139919281, 0.2067999541759491, 0.06355806440114975, 0.02506011538207531, 0.01842513121664524]"
2,0.3,s2_case62,the target of <e1> is <e2> directly,maps:fwd,maps:rev,0,1,maps:rev,0,maps:rev,0,0,maps:rev,maps:rev,maps:rev,1.0,1.0,1.0,"{""maps:rev"": 0.11136874226252023, ""maps:fwd"": 0.64189808596148, ""precedes:fwd"": 0.29294319991115, ""supports:fwd"": 0.04621002813514998, ""supports:rev"": 0.04621002813514998}","[""maps:rev"", ""maps:fwd"", ""precedes:fwd"", ""supports:fwd"", ""supports:rev""]","[0.9879629015922546, 0.006196106784045696, 0.0035082721151411533, 0.0006643998203799129, 0.0006362736457958817]"
2,0.3,s2_case63,backing <e1> is <e2>,supports:rev,maps:rev,0,0,maps:rev,0,maps:rev,0,0,,,,,,,,,
2,0.3,s2_case64,<e1> is held up by <e2>,supports:rev,maps:fwd,0,0,maps:fwd,0,maps:fwd,0,0,,,,,,,,,
2,0.3,s2_case65,<e1> trails <e2>,precedes:rev,precedes:fwd,0,0,precedes:fwd,0,precedes:fwd,0,0,,,,,,,,,
2,0.3,s2_case66,inside <e1> is <e2>,contains:fwd,contains:rev,0,1,contains:rev,0,contains:rev,0,0,contains:rev,contains:rev,contains:rev,1.0,1.0,1.0,"{""contains:rev"": 0.24853122899146998, ""contains:fwd"": 0.7514687710085302, ""maps:rev"": 0.04621002813514998, ""maps:fwd"": 0.04621002813514998, ""precedes:rev"": 0.04621002813514998}","[""contains:rev"", ""contains:fwd"", ""maps:rev"", ""maps:fwd"", ""precedes:rev""]","[0.960167407989502, 0.021999072283506393, 0.007149962242692709, 0.006394851952791214, 0.0019895166624337435]"
2,0.3,s2_case67,to <e1> <e2> points usually,maps:rev,contains:fwd,0,1,contains:fwd,0,maps:fwd,0,0,contains:fwd,contains:fwd,contains:fwd,1.0,1.0,2.0,"{""contains:fwd"": 0.12759194493515, ""supports:fwd"": 0.0709506737756229, ""maps:fwd"": 0.18225080359093962, ""maps:rev"": 0.6000220774904053, ""precedes:fwd"": 0.15781458461333242}","[""contains:fwd"", ""supports:fwd"", ""maps:fwd"", ""maps:rev"", ""precedes:fwd""]","[0.48714280128479004, 0.2675033211708069, 0.19232816994190216, 0.04078344255685806, 0.007761273067444563]"
2,0.3,s2_case68,before <e1> comes <e2> for this case,precedes:rev,precedes:rev,1,1,precedes:rev,1,precedes:rev,1,0,precedes:fwd,precedes:rev,precedes:rev,0.0,0.0,13.0,"{""precedes:rev"": 0.6564848833659149, ""precedes:fwd"": 0.14545626813515, ""maps:rev"": 0.04621002813514998, ""supports:fwd"": 0.22398154720889746, ""contains:fwd"": 0.0664973575603378}","[""precedes:rev"", ""precedes:fwd"", ""maps:rev"", ""supports:fwd"", ""contains:fwd""]","[0.9728057384490967, 0.012597411870956421, 0.005252711940556765, 0.004506084136664867, 0.003380570560693741]"
2,0.3,s2_case69,<e2> is held up by <e1> directly,supports:fwd,maps:fwd,0,1,contains:fwd,0,contains:fwd,0,0,maps:fwd,maps:fwd,contains:fwd,1.0,0.0,1.0,"{""maps:fwd"": 0.08300456359093959, ""contains:fwd"": 0.21855067377562293, ""supports:fwd"": 0.7446547907685879, ""maps:rev"": 0.04621002813514998, ""contains:rev"": 0.04621002813514998}","[""maps:fwd"", ""contains:fwd"", ""supports:fwd"", ""maps:rev"", ""contains:rev""]","[0.6232362389564514, 0.31806376576423645, 0.026845522224903107, 0.016336241737008095, 0.008282792754471302]"
2,0.3,s2_case70,to <e2> <e1> points for this case,maps:fwd,maps:fwd,1,1,maps:fwd,1,maps:fwd,1,0,contains:rev,maps:fwd,maps:fwd,0.0,0.0,13.0,"{""maps:fwd"": 0.6014493262243773, ""contains:rev"": 0.0709506737756229, ""contains:fwd"": 0.04621002813514998, ""supports:fwd"": 0.37381002813514996, ""maps:rev"": 0.04621002813514998}","[""maps:fwd"", ""contains:rev"", ""contains:fwd"", ""supports:fwd"", ""maps:rev""]","[0.9792759418487549, 0.007541602477431297, 0.0044075376354157925, 0.004271720536053181, 0.0023612785153090954]"
2,0.3,s2_case71,within <e1> sits <e2> directly,contains:fwd,contains:fwd,1,1,contains:fwd,1,contains:rev,0,0,contains:rev,contains:rev,contains:fwd,1.0,0.0,5.0,"{""contains:fwd"": 0.8476674094243772, ""contains:rev"": 0.04621002813514998, ""precedes:rev"": 0.12759194493515, ""supports:fwd"": 0.04621002813514998, ""maps:rev"": 0.0709506737756229}","[""contains:fwd"", ""contains:rev"", ""precedes:rev"", ""supports:fwd"", ""maps:rev""]","[0.7201204895973206, 0.24460585415363312, 0.015091964974999428, 0.00995474960654974, 0.0046759918332099915]"
2,0.3,s2_case72,the target of <e1> is <e2> in context,maps:fwd,maps:rev,0,1,maps:rev,0,maps:rev,0,0,maps:rev,maps:rev,maps:rev,1.0,1.0,1.0,"{""maps:rev"": 0.2710814128373324, ""precedes:fwd"": 0.04621002813514998, ""maps:fwd"": 0.7289185871626678, ""supports:fwd"": 0.04621002813514998, ""contains:fwd"": 0.04621002813514998}","[""maps:rev"", ""precedes:fwd"", ""maps:fwd"", ""supports:fwd"", ""contains:fwd""]","[0.9773014187812805, 0.009904335252940655, 0.008917039260268211, 0.001793581759557128, 0.0008753444999456406]"
2,0.3,s2_case73,<e2> has <e1> inside in context,contains:rev,precedes:rev,0,1,precedes:rev,0,precedes:rev,0,0,precedes:rev,precedes:rev,precedes:rev,1.0,1.0,1.0,"{""precedes:rev"": 0.19741354720889745, ""contains:rev"": 0.5634707164789933, ""contains:fwd"": 0.08300456359093959, ""precedes:fwd"": 0.10093122899146997, ""maps:rev"": 0.19381002813515}","[""precedes:rev"", ""contains:rev"", ""contains:fwd"", ""precedes:fwd"", ""maps:rev""]","[0.9570301175117493, 0.0319441556930542, 0.005574478302150965, 0.0022231845650821924, 0.00204300694167614]"
2,0.3,s2_case74,<e2> trails <e1> directly,precedes:fwd,contains:rev,0,0,contains:rev,0,contains:rev,0,0,,,,,,,,,
2,0.3,s2_case75,<e2> is ahead of <e1> usually,precedes:rev,contains:fwd,0,0,contains:fwd,0,contains:fwd,0,0,,,,,,,,,
2,0.3,s2_case76,before <e1> comes <e2> directly,precedes:rev,precedes:rev,1,1,precedes:rev,1,precedes:rev,1,0,precedes:fwd,precedes:rev,precedes:rev,0.0,0.0,5.0,"{""precedes:rev"": 0.6847355992325304, ""precedes:fwd"": 0.10093122899146997, ""maps:rev"": 0.11294319991115, ""supports:fwd"": 0.04621002813514998, ""supports:rev"": 0.19381002813515}","[""precedes:rev"", ""precedes:fwd"", ""maps:rev"", ""supports:fwd"", ""supports:rev""]","[0.8105250597000122, 0.15732091665267944, 0.026067737489938736, 0.003032365348190069, 0.0012522657634690404]"
2,0.3,s2_case77,the target of <e2> is <e1> for this case,maps:rev,maps:rev,1,1,maps:rev,1,maps:rev,1,0,contains:rev,contains:rev,maps:rev,1.0,0.0,9.0,"{""maps:rev"": 0.5813185871626677, ""contains:rev"": 0.19381002813515, ""contains:fwd"": 0.0910814128373324, ""precedes:rev"": 0.22621002813514998, ""supports:fwd"": 0.04621002813514998}","[""maps:rev"", ""contains:rev"", ""contains:fwd"", ""precedes:rev"", ""supports:fwd""]","[0.7522186040878296, 0.15732958912849426, 0.03735772520303726, 0.03126443549990654, 0.013926024548709393]"
2,0.3,s2_case78,<e2> is ahead of <e1> in context,precedes:rev,contains:fwd,0,0,contains:fwd,0,contains:fwd,0,0,,,,,,,,,
2,0.3,s2_case79,<e2> trails <e1> usually,precedes:fwd,contains:rev,0,0,contains:rev,0,contains:rev,0,0,,,,,,,,,
3,0.0,s3_case0,backing <e1> is <e2>,supports:rev,contains:rev,0,0,contains:rev,0,contains:rev,0,0,,,,,,,,,
3,0.0,s3_case1,for this case <e1> has <e2> inside,contains:fwd,contains:fwd,1,1,contains:fwd,1,supports:fwd,0,0,precedes:fwd,precedes:fwd,contains:fwd,1.0,0.0,10.0,"{""contains:fwd"": 0.9537899718648504, ""precedes:fwd"": 0.04621002813514998, ""contains:rev"": 0.04621002813514998, ""supports:fwd"": 0.04621002813514998, ""maps:rev"": 0.04621002813514998}","[""contains:fwd"", ""precedes:fwd"", ""contains:rev"", ""supports:fwd"", ""maps:rev""]","[0.9371960163116455, 0.032528478652238846, 0.019551318138837814, 0.005657059606164694, 0.0026260996237397194]"
3,0.0,s3_case2,backing <e1> is <e2> for this case,supports:rev,contains:rev,0,0,contains:rev,0,contains:rev,0,0,,,,,,,,,
3,0.0,s3_case3,to <e1> <e2> points for this case,maps:rev,maps:fwd,0,0,maps:fwd,0,maps:fwd,0,0,,,,,,,,,
3,0.0,s3_case4,support for <e2> comes from <e1> for this case,supports:fwd,precedes:rev,0,0,precedes:rev,0,precedes:rev,0,0,,,,,,,,,
3,0.0,s3_case5,<e2> trails <e1> in context,precedes:fwd,contains:rev,0,1,precedes:fwd,1,precedes:fwd,1,1,contains:rev,contains:rev,precedes:fwd,1.0,0.0,2.0,"{""contains:rev"": 0.04621002813514998, ""precedes:fwd"": 0.9537899718648504, ""maps:fwd"": 0.04621002813514998, ""contains:fwd"": 0.04621002813514998, ""supports:fwd"": 0.04621002813514998}","[""contains:rev"", ""precedes:fwd"", ""maps:fwd"", ""contains:fwd"", ""supports:fwd""]","[0.8611515164375305, 0.09497098624706268, 0.014047417789697647, 0.009492525830864906, 0.009405292570590973]"
3,0.0,s3_case6,from <e2> <e1> is mapped for this case,maps:rev,precedes:rev,0,0,precedes:rev,0,precedes:rev,0,0,,,,,,,,,
3,0.0,s3_case7,support for <e1> comes from <e2>,supports:rev,precedes:rev,0,0,precedes:rev,0,precedes:rev,0,0,,,,,,,,,
3,0.0,s3_case8,inside <e1> is <e2> usually,contains:fwd,contains:rev,0,1,contains:fwd,1,contains:fwd,1,1,contains:rev,contains:rev,contains:fwd,1.0,0.0,1.0,"{""contains:rev"": 0.04621002813514998, ""precedes:fwd"": 0.04621002813514998, ""contains:fwd"": 0.9537899718648504, ""supports:fwd"": 0.04621002813514998, ""maps:fwd"": 0.04621002813514998}","[""contains:rev"", ""precedes:fwd"", ""contains:fwd"", ""supports:fwd"", ""maps:fwd""]","[0.8714582324028015, 0.05686810612678528, 0.03915351256728172, 0.015748415142297745, 0.009932002983987331]"
3,0.0,s3_case9,<e2> has <e1> inside usually,contains:rev,contains:rev,1,1,contains:rev,1,precedes:rev,0,0,precedes:fwd,precedes:fwd,contains:rev,1.0,0.0,11.0,"{""contains:rev"": 0.9537899718648504, ""precedes:fwd"": 0.04621002813514998, ""maps:fwd"": 0.04621002813514998, ""supports:fwd"": 0.04621002813514998, ""precedes:rev"": 0.04621002813514998}","[""contains:rev"", ""precedes:fwd"", ""maps:fwd"", ""supports:fwd"", ""precedes:rev""]","[0.9568446278572083, 0.015407523140311241, 0.009211788885295391, 0.005613373126834631, 0.0052412706427276134]"
3,0.0,s3_case10,in context <e1> is held up by <e2>,supports:rev,contains:fwd,0,0,contains:fwd,0,contains:fwd,0,0,,,,,,,,,
3,0.0,s3_case11,<e2> trails <e1> for this case,precedes:fwd,contains:rev,0,1,precedes:fwd,1,precedes:fwd,1,1,contains:rev,contains:rev,precedes:fwd,1.0,0.0,3.0,"{""contains:rev"": 0.04621002813514998, ""precedes:fwd"": 0.9537899718648504, ""maps:fwd"": 0.04621002813514998, ""supports:fwd"": 0.04621002813514998, ""contains:fwd"": 0.04621002813514998}","[""contains:rev"", ""precedes:fwd"", ""maps:fwd"", ""supports:fwd"", ""contains:fwd""]","[0.5577846169471741, 0.37293142080307007, 0.024929862469434738, 0.015170575119554996, 0.014368779957294464]"
3,0.0,s3_case12,backing <e1> is <e2> in context,supports:rev,contains:rev,0,1,supports:rev,1,precedes:rev,0,1,contains:rev,contains:rev,supports:rev,1.0,0.0,1.0,"{""contains:rev"": 0.04621002813514998, ""precedes:fwd"": 0.04621002813514998, ""maps:fwd"": 0.04621002813514998, ""precedes:rev"": 0.04621002813514998, ""supports:rev"": 0.9537899718648504}","[""contains:rev"", ""precedes:fwd"", ""maps:fwd"", ""precedes:rev"", ""supports:rev""]","[0.8097265958786011, 0.11314726620912552, 0.02858949825167656, 0.022559482604265213, 0.012718345038592815]"
3,0.0,s3_case13,to <e1> <e2> points in context,maps:rev,precedes:rev,0,0,precedes:rev,0,precedes:rev,0,0,,,,,,,,,
3,0.0,s3_case14,the target of <e2> is <e1> for this case,maps:rev,maps:fwd,0,1,maps:rev,1,precedes:rev,0,1,maps:fwd,maps:fwd,maps:rev,1.0,0.0,1.0,"{""maps:fwd"": 0.04621002813514998, ""precedes:fwd"": 0.04621002813514998, ""maps:rev"": 0.9537899718648504, ""precedes:rev"": 0.04621002813514998, ""supports:fwd"": 0.04621002813514998}","[""maps:fwd"", ""precedes:fwd"", ""maps:rev"", ""precedes:rev"", ""supports:fwd""]","[0.9730193614959717, 0.009318416938185692, 0.006964732892811298, 0.004246282856911421, 0.003140336601063609]"
3,0.0,s3_case15,<e2> trails <e1> in context,precedes:fwd,contains:rev,0,1,precedes:fwd,1,precedes:fwd,1,1,contains:rev,contains:rev,precedes:fwd,1.0,0.0,2.0,"{""contains:rev"": 0.04621002813514998, ""precedes:fwd"": 0.9537899718648504, ""maps:fwd"": 0.04621002813514998, ""contains:fwd"": 0.04621002813514998, ""supports:fwd"": 0.04621002813514998}","[""contains:rev"", ""precedes:fwd"", ""maps:fwd"", ""contains:fwd"", ""supports:fwd""]","[0.8611515164375305, 0.09497098624706268, 0.014047417789697647, 0.009492525830864906, 0.009405292570590973]"
3,0.0,s3_case16,for this case <e1> is held up by <e2>,supports:rev,contains:rev,0,1,supports:rev,1,contains:fwd,0,1,contains:rev,contains:rev,supports:rev,1.0,0.0,1.0,"{""contains:rev"": 0.04621002813514998, ""contains:fwd"": 0.04621002813514998, ""precedes:rev"": 0.04621002813514998, ""maps:rev"": 0.04621002813514998, ""supports:rev"": 0.9537899718648504}","[""contains:rev"", ""contains:fwd"", ""precedes:rev"", ""maps:rev"", ""supports:rev""]","[0.9274162650108337, 0.03413724899291992, 0.017167165875434875, 0.007372713647782803, 0.00676149595528841]"
3,0.0,s3_case17,<e1> has <e2> inside,contains:fwd,contains:rev,0,0,contains:rev,0,contains:rev,0,0,,,,,,,,,
3,0.0,s3_case18,the target of <e1> is <e2> usually,maps:fwd,maps:rev,0,0,maps:rev,0,maps:rev,0,0,,,,,,,,,
3,0.0,s3_case19,<e2> is ahead of <e1> in context,precedes:rev,maps:fwd,0,1,precedes:rev,1,contains:fwd,0,1,maps:fwd,maps:fwd,precedes:rev,1.0,0.0,1.0,"{""maps:fwd"": 0.04621002813514998, ""contains:fwd"": 0.04621002813514998, ""contains:rev"": 0.04621002813514998, ""maps:rev"": 0.04621002813514998, ""precedes:rev"": 0.9537899718648504}","[""maps:fwd"", ""contains:fwd"", ""contains:rev"", ""maps:rev"", ""precedes:rev""]","[0.7661880254745483, 0.11191491037607193, 0.07970700412988663, 0.016012145206332207, 0.011174468323588371]"
3,0.0,s3_case20,<e2> is held up by <e1> usually,supports:fwd,contains:fwd,0,0,contains:fwd,0,contains:fwd,0,0,,,,,,,,,
3,0.0,s3_case21,<e2> trails <e1>,precedes:fwd,contains:rev,0,1,precedes:fwd,1,contains:rev,0,1,contains:rev,contains:rev,precedes:fwd,1.0,0.0,1.0,"{""contains:rev"": 0.04621002813514998, ""precedes:fwd"": 0.9537899718648504, ""maps:rev"": 0.04621002813514998, ""contains:fwd"": 0.04621002813514998, ""supports:fwd"": 0.04621002813514998}","[""contains:rev"", ""precedes:fwd"", ""maps:rev"", ""contains:fwd"", ""supports:fwd""]","[0.9189802408218384, 0.03539769724011421, 0.01766887679696083, 0.011569235473871231, 0.007889782078564167]"
3,0.0,s3_case22,to <e1> <e2> points usually,maps:rev,maps:fwd,0,0,maps:fwd,0,maps:fwd,0,0,,,,,,,,,
3,0.0,s3_case23,within <e2> sits <e1> usually,contains:rev,contains:fwd,0,1,contains:rev,1,supports:fwd,0,1,contains:fwd,contains:fwd,contains:rev,1.0,0.0,3.0,"{""contains:fwd"": 0.04621002813514998, ""contains:rev"": 0.9537899718648504, ""supports:fwd"": 0.04621002813514998, ""precedes:rev"": 0.04621002813514998, ""maps:rev"": 0.04621002813514998}","[""contains:fwd"", ""contains:rev"", ""supports:fwd"", ""precedes:rev"", ""maps:rev""]","[0.5325185060501099, 0.35092994570732117, 0.03788423538208008, 0.02897370606660843, 0.01758361980319023]"
3,0.0,s3_case24,<e2> has <e1> inside,contains:rev,contains:rev,1,1,contains:rev,1,supports:fwd,0,0,precedes:fwd,precedes:fwd,contains:rev,1.0,0.0,9.0,"{""contains:rev"": 0.9537899718648504, ""precedes:fwd"": 0.04621002813514998, ""maps:fwd"": 0.04621002813514998, ""precedes:rev"": 0.04621002813514998, ""supports:fwd"": 0.04621002813514998}","[""contains:rev"", ""precedes:fwd"", ""maps:fwd"", ""precedes:rev"", ""supports:fwd""]","[0.9178439378738403, 0.040608346462249756, 0.015614279545843601, 0.008271675556898117, 0.00786795187741518]"
3,0.0,s3_case25,from <e1> <e2> is mapped directly,maps:fwd,precedes:rev,0,1,maps:fwd,1,precedes:rev,0,1,precedes:rev,precedes:rev,maps:fwd,1.0,0.0,1.0,"{""precedes:rev"": 0.04621002813514998, ""maps:rev"": 0.04621002813514998, ""maps:fwd"": 0.9537899718648504, ""contains:rev"": 0.04621002813514998, ""contains:fwd"": 0.04621002813514998}","[""precedes:rev"", ""maps:rev"", ""maps:fwd"", ""contains:rev"", ""contains:fwd""]","[0.8045768737792969, 0.13444803655147552, 0.02027084119617939, 0.014699053950607777, 0.01435852237045765]"
3,0.0,s3_case26,inside <e1> is <e2>,contains:fwd,contains:rev,0,1,contains:fwd,1,contains:fwd,1,1,contains:rev,contains:rev,contains:fwd,1.0,0.0,1.0,"{""contains:rev"": 0.04621002813514998, ""precedes:fwd"": 0.04621002813514998, ""contains:fwd"": 0.9537899718648504, ""maps:fwd"": 0.04621002813514998, ""supports:fwd"": 0.04621002813514998}","[""contains:rev"", ""precedes:fwd"", ""contains:fwd"", ""maps:fwd"", ""supports:fwd""]","[0.7988594174385071, 0.14348289370536804, 0.019363226369023323, 0.014658160507678986, 0.012379195541143417]"
3,0.0,s3_case27,the target of <e1> is <e2>,maps:fwd,maps:rev,0,1,maps:rev,0,supports:fwd,0,0,maps:rev,maps:rev,maps:rev,1.0,1.0,1.0,"{""maps:rev"": 0.04621002813514998, ""contains:fwd"": 0.04621002813514998, ""supports:fwd"": 0.04621002813514998, ""precedes:rev"": 0.04621002813514998, ""maps:fwd"": 0.9537899718648504}","[""maps:rev"", ""contains:fwd"", ""supports:fwd"", ""precedes:rev"", ""maps:fwd""]","[0.9775461554527283, 0.007945476099848747, 0.004559227731078863, 0.003206083085387945, 0.0022508122492581606]"
3,0.0,s3_case28,support for <e2> comes from <e1> in context,supports:fwd,precedes:rev,0,0,precedes:rev,0,precedes:rev,0,0,,,,,,,,,
3,0.0,s3_case29,<e2> has <e1> inside usually,contains:rev,contains:rev,1,1,contains:rev,1,contains:rev,1,0,precedes:fwd,precedes:fwd,contains:rev,1.0,0.0,11.0,"{""contains:rev"": 0.9537899718648504, ""precedes:fwd"": 0.04621002813514998, ""maps:fwd"": 0.04621002813514998, ""supports:fwd"": 0.04621002813514998, ""precedes:rev"": 0.04621002813514998}","[""contains:rev"", ""precedes:fwd"", ""maps:fwd"", ""supports:fwd"", ""precedes:rev""]","[0.9568446278572083, 0.015407523140311241, 0.009211788885295391, 0.005613373126834631, 0.0052412706427276134]"
3,0.0,s3_case30,backing <e1> is <e2> for this case,supports:rev,contains:rev,0,0,contains:rev,0,contains:rev,0,0,,,,,,,,,
3,0.0,s3_case31,the target of <e1> is <e2> for this case,maps:fwd,maps:rev,0,1,maps:fwd,1,maps:rev,0,1,maps:rev,maps:rev,maps:fwd,1.0,0.0,1.0,"{""maps:rev"": 0.04621002813514998, ""contains:fwd"": 0.04621002813514998, ""maps:fwd"": 0.9537899718648504, ""supports:fwd"": 0.04621002813514998, ""precedes:fwd"": 0.04621002813514998}","[""maps:rev"", ""contains:fwd"", ""maps:fwd"", ""supports:fwd"", ""precedes:fwd""]","[0.9571275115013123, 0.013769404962658882, 0.009036816656589508, 0.008276882581412792, 0.004759380128234625]"
3,0.0,s3_case32,from <e1> <e2> is mapped directly,maps:fwd,precedes:rev,0,1,maps:fwd,1,precedes:rev,0,1,precedes:rev,precedes:rev,maps:fwd,1.0,0.0,1.0,"{""precedes:rev"": 0.04621002813514998, ""maps:rev"": 0.04621002813514998, ""maps:fwd"": 0.9537899718648504, ""contains:rev"": 0.04621002813514998, ""contains:fwd"": 0.04621002813514998}","[""precedes:rev"", ""maps:rev"", ""maps:fwd"", ""contains:rev"", ""contains:fwd""]","[0.8045768737792969, 0.13444803655147552, 0.02027084119617939, 0.014699053950607777, 0.01435852237045765]"
3,0.0,s3_case33,inside <e1> is <e2> in context,contains:fwd,contains:rev,0,0,contains:rev,0,contains:rev,0,0,,,,,,,,,
3,0.0,s3_case34,<e2> is held up by <e1> usually,supports:fwd,contains:fwd,0,0,contains:fwd,0,contains:fwd,0,0,,,,,,,,,
3,0.0,s3_case35,before <e1> comes <e2>,precedes:rev,precedes:fwd,0,1,precedes:rev,1,precedes:rev,1,1,precedes:fwd,precedes:fwd,precedes:rev,1.0,0.0,1.0,"{""precedes:fwd"": 0.04621002813514998, ""precedes:rev"": 0.9537899718648504, ""contains:fwd"": 0.04621002813514998, ""contains:rev"": 0.04621002813514998, ""supports:fwd"": 0.04621002813514998}","[""precedes:fwd"", ""precedes:rev"", ""contains:fwd"", ""contains:rev"", ""supports:fwd""]","[0.9574390649795532, 0.022179855033755302, 0.008303030394017696, 0.0063371905125677586, 0.0027154276613146067]"
3,0.0,s3_case36,within <e1> sits <e2> usually,contains:fwd,contains:rev,0,1,contains:fwd,1,supports:fwd,0,1,contains:rev,contains:rev,contains:fwd,1.0,0.0,1.0,"{""contains:rev"": 0.04621002813514998, ""precedes:fwd"": 0.04621002813514998, ""maps:rev"": 0.04621002813514998, ""contains:fwd"": 0.9537899718648504, ""supports:fwd"": 0.04621002813514998}","[""contains:rev"", ""precedes:fwd"", ""maps:rev"", ""contains:fwd"", ""supports:fwd""]","[0.8484758138656616, 0.047954291105270386, 0.04168885946273804, 0.040886830538511276, 0.008407961577177048]"
3,0.0,s3_case37,from <e1> <e2> is mapped,maps:fwd,contains:rev,0,1,maps:fwd,1,precedes:rev,0,1,contains:rev,contains:rev,maps:fwd,1.0,0.0,2.0,"{""contains:rev"": 0.04621002813514998, ""precedes:rev"": 0.04621002813514998, ""maps:fwd"": 0.9537899718648504, ""maps:rev"": 0.04621002813514998, ""precedes:fwd"": 0.04621002813514998}","[""contains:rev"", ""precedes:rev"", ""maps:fwd"", ""maps:rev"", ""precedes:fwd""]","[0.7493923306465149, 0.09370321035385132, 0.07131947576999664, 0.043722495436668396, 0.025854479521512985]"
3,0.0,s3_case38,<e2> has <e1> inside,contains:rev,contains:rev,1,1,contains:rev,1,precedes:fwd,0,0,precedes:fwd,precedes:fwd,contains:rev,1.0,0.0,9.0,"{""contains:rev"": 0.9537899718648504, ""precedes:fwd"": 0.04621002813514998, ""maps:fwd"": 0.04621002813514998, ""precedes:rev"": 0.04621002813514998, ""supports:fwd"": 0.04621002813514998}","[""contains:rev"", ""precedes:fwd"", ""maps:fwd"", ""precedes:rev"", ""supports:fwd""]","[0.9178439378738403, 0.040608346462249756, 0.015614279545843601, 0.008271675556898117, 0.00786795187741518]"
3,0.0,s3_case39,to <e2> <e1> points in context,maps:fwd,contains:rev,0,1,maps:fwd,1,contains:rev,0,1,contains:rev,contains:rev,maps:fwd,1.0,0.0,3.0,"{""contains:rev"": 0.04621002813514998, ""maps:fwd"": 0.9537899718648504, ""precedes:fwd"": 0.04621002813514998, ""precedes:rev"": 0.04621002813514998, ""supports:fwd"": 0.04621002813514998}","[""contains:rev"", ""maps:fwd"", ""precedes:fwd"", ""precedes:rev"", ""supports:fwd""]","[0.40077707171440125, 0.2609676420688629, 0.19292381405830383, 0.10049911588430405, 0.017106490209698677]"
3,0.0,s3_case40,inside <e1> is <e2>,contains:fwd,contains:rev,0,1,contains:fwd,1,supports:fwd,0,1,contains:rev,contains:rev,contains:fwd,1.0,0.0,1.0,"{""contains:rev"": 0.04621002813514998, ""precedes:fwd"": 0.04621002813514998, ""contains:fwd"": 0.9537899718648504, ""maps:fwd"": 0.04621002813514998, ""supports:fwd"": 0.04621002813514998}","[""contains:rev"", ""precedes:fwd"", ""contains:fwd"", ""maps:fwd"", ""supports:fwd""]","[0.7988594174385071, 0.14348289370536804, 0.019363226369023323, 0.014658160507678986, 0.012379195541143417]"
3,0.0,s3_case41,directly <e1> trails <e2>,precedes:rev,maps:fwd,0,1,precedes:rev,1,contains:rev,0,1,maps:fwd,maps:fwd,precedes:rev,1.0,0.0,4.0,"{""maps:fwd"": 0.04621002813514998, ""precedes:rev"": 0.9537899718648504, ""maps:rev"": 0.04621002813514998, ""precedes:fwd"": 0.04621002813514998, ""contains:rev"": 0.04621002813514998}","[""maps:fwd"", ""precedes:rev"", ""maps:rev"", ""precedes:fwd"", ""contains:rev""]","[0.4594830274581909, 0.4569600522518158, 0.034111231565475464, 0.033366575837135315, 0.010079672560095787]"
3,0.0,s3_case42,support for <e2> comes from <e1> usually,supports:fwd,precedes:rev,0,0,precedes:rev,0,precedes:rev,0,0,,,,,,,,,
3,0.0,s3_case43,from <e1> <e2> is mapped directly,maps:fwd,precedes:rev,0,1,maps:fwd,1,contains:fwd,0,1,precedes:rev,precedes:rev,maps:fwd,1.0,0.0,1.0,"{""precedes:rev"": 0.04621002813514998, ""maps:rev"": 0.04621002813514998, ""maps:fwd"": 0.9537899718648504, ""contains:rev"": 0.04621002813514998, ""contains:fwd"": 0.04621002813514998}","[""precedes:rev"", ""maps:rev"", ""maps:fwd"", ""contains:rev"", ""contains:fwd""]","[0.8045768737792969, 0.13444803655147552, 0.02027084119617939, 0.014699053950607777, 0.01435852237045765]"
3,0.0,s3_case44,<e2> trails <e1> for this case,precedes:fwd,contains:rev,0,1,precedes:fwd,1,maps:fwd,0,1,contains:rev,contains:rev,precedes:fwd,1.0,0.0,3.0,"{""contains:rev"": 0.04621002813514998, ""precedes:fwd"": 0.9537899718648504, ""maps:fwd"": 0.04621002813514998, ""supports:fwd"": 0.04621002813514998, ""contains:fwd"": 0.04621002813514998}","[""contains:rev"", ""precedes:fwd"", ""maps:fwd"", ""supports:fwd"", ""contains:fwd""]","[0.5577846169471741, 0.37293142080307007, 0.024929862469434738, 0.015170575119554996, 0.014368779957294464]"
3,0.0,s3_case45,<e2> trails <e1> in context,precedes:fwd,contains:rev,0,1,precedes:fwd,1,supports:fwd,0,1,contains:rev,contains:rev,precedes:fwd,1.0,0.0,2.0,"{""contains:rev"": 0.04621002813514998, ""precedes:fwd"": 0.9537899718648504, ""maps:fwd"": 0.04621002813514998, ""contains:fwd"": 0.04621002813514998, ""supports:fwd"": 0.04621002813514998}","[""contains:rev"", ""precedes:fwd"", ""maps:fwd"", ""contains:fwd"", ""supports:fwd""]","[0.8611515164375305, 0.09497098624706268, 0.014047417789697647, 0.009492525830864906, 0.009405292570590973]"
3,0.0,s3_case46,<e2> has <e1> inside,contains:rev,contains:rev,1,1,contains:rev,1,contains:rev,1,0,precedes:fwd,precedes:fwd,contains:rev,1.0,0.0,9.0,"{""contains:rev"": 0.9537899718648504, ""precedes:fwd"": 0.04621002813514998, ""maps:fwd"": 0.04621002813514998, ""precedes:rev"": 0.04621002813514998, ""supports:fwd"": 0.04621002813514998}","[""contains:rev"", ""precedes:fwd"", ""maps:fwd"", ""precedes:rev"", ""supports:fwd""]","[0.9178439378738403, 0.040608346462249756, 0.015614279545843601, 0.008271675556898117, 0.00786795187741518]"
3,0.0,s3_case47,before <e2> comes <e1>,precedes:fwd,precedes:fwd,1,1,precedes:fwd,1,precedes:fwd,1,0,precedes:rev,precedes:rev,precedes:fwd,1.0,0.0,5.0,"{""precedes:fwd"": 0.9537899718648504, ""precedes:rev"": 0.04621002813514998, ""contains:fwd"": 0.04621002813514998, ""supports:fwd"": 0.04621002813514998, ""contains:rev"": 0.04621002813514998}","[""precedes:fwd"", ""precedes:rev"", ""contains:fwd"", ""supports:fwd"", ""contains:rev""]","[0.6185937523841858, 0.3149803578853607, 0.031227799132466316, 0.019618932157754898, 0.009050075896084309]"
3,0.0,s3_case48,support for <e2> comes from <e1>,supports:fwd,precedes:rev,0,0,precedes:rev,0,precedes:rev,0,0,,,,,,,,,
3,0.0,s3_case49,<e2> is ahead of <e1> directly,precedes:rev,maps:fwd,0,1,precedes:rev,1,precedes:fwd,0,1,maps:fwd,maps:fwd,precedes:rev,1.0,0.0,1.0,"{""maps:fwd"": 0.04621002813514998, ""contains:fwd"": 0.04621002813514998, ""contains:rev"": 0.04621002813514998, ""precedes:rev"": 0.9537899718648504, ""precedes:fwd"": 0.04621002813514998}","[""maps:fwd"", ""contains:fwd"", ""contains:rev"", ""precedes:rev"", ""precedes:fwd""]","[0.8587840795516968, 0.05762670561671257, 0.054830651730298996, 0.01349305734038353, 0.006719636730849743]"
3,0.0,s3_case50,the target of <e1> is <e2> usually,maps:fwd,maps:rev,0,0,maps:rev,0,maps:rev,0,0,,,,,,,,,
3,0.0,s3_case51,within <e2> sits <e1> usually,contains:rev,contains:fwd,0,1,contains:rev,1,maps:rev,0,1,contains:fwd,contains:fwd,contains:rev,1.0,0.0,3.0,"{""contains:fwd"": 0.04621002813514998, ""contains:rev"": 0.9537899718648504, ""supports:fwd"": 0.04621002813514998, ""precedes:rev"": 0.04621002813514998, ""maps:rev"": 0.04621002813514998}","[""contains:fwd"", ""contains:rev"", ""supports:fwd"", ""precedes:rev"", ""maps:rev""]","[0.5325185060501099, 0.35092994570732117, 0.03788423538208008, 0.02897370606660843, 0.01758361980319023]"
3,0.0,s3_case52,the target of <e1> is <e2>,maps:fwd,maps:rev,0,1,maps:rev,0,precedes:rev,0,0,maps:rev,maps:rev,maps:rev,1.0,1.0,1.0,"{""maps:rev"": 0.04621002813514998, ""contains:fwd"": 0.04621002813514998, ""supports:fwd"": 0.04621002813514998, ""precedes:rev"": 0.04621002813514998, ""maps:fwd"": 0.9537899718648504}","[""maps:rev"", ""contains:fwd"", ""supports:fwd"", ""precedes:rev"", ""maps:fwd""]","[0.9775461554527283, 0.007945476099848747, 0.004559227731078863, 0.003206083085387945, 0.0022508122492581606]"
3,0.0,s3_case53,within <e1> sits <e2> in context,contains:fwd,contains:rev,0,1,contains:fwd,1,precedes:fwd,0,1,contains:rev,contains:rev,contains:fwd,1.0,0.0,2.0,"{""contains:rev"": 0.04621002813514998, ""maps:rev"": 0.04621002813514998, ""precedes:fwd"": 0.04621002813514998, ""precedes:rev"": 0.04621002813514998, ""contains:fwd"": 0.9537899718648504}","[""contains:rev"", ""maps:rev"", ""precedes:fwd"", ""precedes:rev"", ""contains:fwd""]","[0.2806221842765808, 0.2592027187347412, 0.23495854437351227, 0.14411427080631256, 0.03688398376107216]"
3,0.0,s3_case54,<e2> is ahead of <e1> for this case,precedes:rev,maps:fwd,0,1,precedes:rev,1,contains:rev,0,1,maps:fwd,maps:fwd,precedes:rev,1.0,0.0,1.0,"{""maps:fwd"": 0.04621002813514998, ""contains:fwd"": 0.04621002813514998, ""contains:rev"": 0.04621002813514998, ""precedes:rev"": 0.9537899718648504, ""precedes:fwd"": 0.04621002813514998}","[""maps:fwd"", ""contains:fwd"", ""contains:rev"", ""precedes:rev"", ""precedes:fwd""]","[0.8584728837013245, 0.04539516568183899, 0.03767849877476692, 0.03471515700221062, 0.013158492743968964]"
3,0.0,s3_case55,for this case <e1> trails <e2>,precedes:rev,maps:fwd,0,0,maps:fwd,0,maps:fwd,0,0,,,,,,,,,
3,0.0,s3_case56,support for <e2> comes from <e1> in context,supports:fwd,precedes:rev,0,0,precedes:rev,0,precedes:rev,0,0,,,,,,,,,
3,0.0,s3_case57,from <e2> <e1> is mapped directly,maps:rev,maps:rev,1,1,maps:rev,1,supports:rev,0,0,precedes:rev,precedes:rev,maps:rev,1.0,0.0,4.0,"{""maps:rev"": 0.9537899718648504, ""precedes:rev"": 0.04621002813514998, ""contains:rev"": 0.04621002813514998, ""precedes:fwd"": 0.04621002813514998, ""supports:rev"": 0.04621002813514998}","[""maps:rev"", ""precedes:rev"", ""contains:rev"", ""precedes:fwd"", ""supports:rev""]","[0.4279889762401581, 0.33912408351898193, 0.16267870366573334, 0.03209611028432846, 0.016479969024658203]"
3,0.0,s3_case58,within <e2> sits <e1> directly,contains:rev,contains:fwd,0,1,contains:rev,1,maps:rev,0,1,contains:fwd,contains:fwd,contains:rev,1.0,0.0,2.0,"{""contains:fwd"": 0.04621002813514998, ""contains:rev"": 0.9537899718648504, ""maps:rev"": 0.04621002813514998, ""precedes:rev"": 0.04621002813514998, ""supports:fwd"": 0.04621002813514998}","[""contains:fwd"", ""contains:rev"", ""maps:rev"", ""precedes:rev"", ""supports:fwd""]","[0.6884585618972778, 0.19500786066055298, 0.06902217119932175, 0.015630993992090225, 0.01477504801005125]"
3,0.0,s3_case59,<e2> is held up by <e1> for this case,supports:fwd,contains:fwd,0,0,contains:fwd,0,contains:fwd,0,0,,,,,,,,,
3,0.0,s3_case60,within <e1> sits <e2>,contains:fwd,precedes:fwd,0,1,contains:fwd,1,maps:fwd,0,1,precedes:fwd,precedes:fwd,contains:fwd,1.0,0.0,2.0,"{""precedes:fwd"": 0.04621002813514998, ""contains:rev"": 0.04621002813514998, ""precedes:rev"": 0.04621002813514998, ""contains:fwd"": 0.9537899718648504, ""maps:fwd"": 0.04621002813514998}","[""precedes:fwd"", ""contains:rev"", ""precedes:rev"", ""contains:fwd"", ""maps:fwd""]","[0.5971558690071106, 0.17103151977062225, 0.10362645983695984, 0.05258012190461159, 0.03300247713923454]"
3,0.0,s3_case61,<e2> has <e1> inside for this case,contains:rev,contains:rev,1,1,contains:rev,1,contains:rev,1,0,precedes:fwd,precedes:fwd,contains:rev,1.0,0.0,10.0,"{""contains:rev"": 0.9537899718648504, ""precedes:fwd"": 0.04621002813514998, ""maps:fwd"": 0.04621002813514998, ""precedes:rev"": 0.04621002813514998, ""supports:fwd"": 0.04621002813514998}","[""contains:rev"", ""precedes:fwd"", ""maps:fwd"", ""precedes:rev"", ""supports:fwd""]","[0.9361944198608398, 0.027999676764011383, 0.01196008175611496, 0.00998663529753685, 0.0055141206830739975]"
3,0.0,s3_case62,the target of <e2> is <e1> in context,maps:rev,maps:fwd,0,1,maps:rev,1,maps:rev,1,1,maps:fwd,maps:fwd,maps:rev,1.0,0.0,2.0,"{""maps:fwd"": 0.04621002813514998, ""maps:rev"": 0.9537899718648504, ""precedes:fwd"": 0.04621002813514998, ""precedes:rev"": 0.04621002813514998, ""supports:fwd"": 0.04621002813514998}","[""maps:fwd"", ""maps:rev"", ""precedes:fwd"", ""precedes:rev"", ""supports:fwd""]","[0.877869725227356, 0.09401403367519379, 0.008684033527970314, 0.007084359880536795, 0.004817876499146223]"
3,0.0,s3_case63,<e2> is held up by <e1> usually,supports:fwd,contains:fwd,0,0,contains:fwd,0,contains:fwd,0,0,,,,,,,,,
3,0.0,s3_case64,to <e1> <e2> points usually,maps:rev,maps:fwd,0,0,maps:fwd,0,maps:fwd,0,0,,,,,,,,,
3,0.0,s3_case65,before <e1> comes <e2> for this case,precedes:rev,precedes:fwd,0,1,precedes:rev,1,precedes:rev,1,1,precedes:fwd,precedes:fwd,precedes:rev,1.0,0.0,1.0,"{""precedes:fwd"": 0.04621002813514998, ""contains:fwd"": 0.04621002813514998, ""precedes:rev"": 0.9537899718648504, ""supports:fwd"": 0.04621002813514998, ""contains:rev"": 0.04621002813514998}","[""precedes:fwd"", ""contains:fwd"", ""precedes:rev"", ""supports:fwd"", ""contains:rev""]","[0.9485105276107788, 0.01906627230346203, 0.013314485549926758, 0.009228692390024662, 0.006174845155328512]"
3,0.0,s3_case66,<e1> trails <e2>,precedes:rev,precedes:rev,1,1,precedes:rev,1,maps:rev,0,0,maps:fwd,maps:fwd,precedes:rev,1.0,0.0,8.0,"{""precedes:rev"": 0.9537899718648504, ""maps:fwd"": 0.04621002813514998, ""contains:rev"": 0.04621002813514998, ""precedes:fwd"": 0.04621002813514998, ""maps:rev"": 0.04621002813514998}","[""precedes:rev"", ""maps:fwd"", ""contains:rev"", ""precedes:fwd"", ""maps:rev""]","[0.8835182189941406, 0.07606489211320877, 0.018896445631980896, 0.010944283567368984, 0.005764765664935112]"
3,0.0,s3_case67,<e1> trails <e2>,precedes:rev,precedes:rev,1,1,precedes:rev,1,precedes:rev,1,0,maps:fwd,maps:fwd,precedes:rev,1.0,0.0,8.0,"{""precedes:rev"": 0.9537899718648504, ""maps:fwd"": 0.04621002813514998, ""contains:rev"": 0.04621002813514998, ""precedes:fwd"": 0.04621002813514998, ""maps:rev"": 0.04621002813514998}","[""precedes:rev"", ""maps:fwd"", ""contains:rev"", ""precedes:fwd"", ""maps:rev""]","[0.8835182189941406, 0.07606489211320877, 0.018896445631980896, 0.010944283567368984, 0.005764765664935112]"
3,0.0,s3_case68,<e2> is held up by <e1> in context,supports:fwd,contains:fwd,0,0,contains:fwd,0,contains:fwd,0,0,,,,,,,,,
3,0.0,s3_case69,support for <e1> comes from <e2>,supports:rev,precedes:rev,0,0,precedes:rev,0,precedes:rev,0,0,,,,,,,,,
3,0.0,s3_case70,<e1> trails <e2>,precedes:rev,precedes:rev,1,1,precedes:rev,1,maps:fwd,0,0,maps:fwd,maps:fwd,precedes:rev,1.0,0.0,8.0,"{""precedes:rev"": 0.9537899718648504, ""maps:fwd"": 0.04621002813514998, ""contains:rev"": 0.04621002813514998, ""precedes:fwd"": 0.04621002813514998, ""maps:rev"": 0.04621002813514998}","[""precedes:rev"", ""maps:fwd"", ""contains:rev"", ""precedes:fwd"", ""maps:rev""]","[0.8835182189941406, 0.07606489211320877, 0.018896445631980896, 0.010944283567368984, 0.005764765664935112]"
3,0.0,s3_case71,to <e1> <e2> points,maps:rev,precedes:rev,0,0,precedes:rev,0,precedes:rev,0,0,,,,,,,,,
3,0.0,s3_case72,<e2> trails <e1> for this case,precedes:fwd,contains:rev,0,1,precedes:fwd,1,supports:fwd,0,1,contains:rev,contains:rev,precedes:fwd,1.0,0.0,3.0,"{""contains:rev"": 0.04621002813514998, ""precedes:fwd"": 0.9537899718648504, ""maps:fwd"": 0.04621002813514998, ""supports:fwd"": 0.04621002813514998, ""contains:fwd"": 0.04621002813514998}","[""contains:rev"", ""precedes:fwd"", ""maps:fwd"", ""supports:fwd"", ""contains:fwd""]","[0.5577846169471741, 0.37293142080307007, 0.024929862469434738, 0.015170575119554996, 0.014368779957294464]"
3,0.0,s3_case73,before <e2> comes <e1> for this case,precedes:fwd,precedes:fwd,1,1,precedes:fwd,1,precedes:fwd,1,0,precedes:rev,precedes:rev,precedes:fwd,1.0,0.0,6.0,"{""precedes:fwd"": 0.9537899718648504, ""precedes:rev"": 0.04621002813514998, ""contains:fwd"": 0.04621002813514998, ""supports:fwd"": 0.04621002813514998, ""contains:rev"": 0.04621002813514998}","[""precedes:fwd"", ""precedes:rev"", ""contains:fwd"", ""supports:fwd"", ""contains:rev""]","[0.6767299771308899, 0.19111546874046326, 0.06788817048072815, 0.04528052732348442, 0.012099671177566051]"
3,0.0,s3_case74,inside <e2> is <e1> directly,contains:rev,contains:rev,1,1,contains:rev,1,contains:fwd,0,0,contains:fwd,contains:fwd,contains:rev,1.0,0.0,6.0,"{""contains:rev"": 0.9537899718648504, ""contains:fwd"": 0.04621002813514998, ""precedes:fwd"": 0.04621002813514998, ""supports:fwd"": 0.04621002813514998, ""supports:rev"": 0.04621002813514998}","[""contains:rev"", ""contains:fwd"", ""precedes:fwd"", ""supports:fwd"", ""supports:rev""]","[0.8156959414482117, 0.16094930469989777, 0.00675942562520504, 0.0063030291348695755, 0.00520801916718483]"
3,0.0,s3_case75,to <e1> <e2> points for this case,maps:rev,maps:fwd,0,0,maps:fwd,0,maps:fwd,0,0,,,,,,,,,
3,0.0,s3_case76,inside <e1> is <e2> directly,contains:fwd,contains:rev,0,1,contains:fwd,1,supports:fwd,0,1,contains:rev,contains:rev,contains:fwd,1.0,0.0,2.0,"{""contains:rev"": 0.04621002813514998, ""precedes:fwd"": 0.04621002813514998, ""contains:fwd"": 0.9537899718648504, ""supports:fwd"": 0.04621002813514998, ""maps:fwd"": 0.04621002813514998}","[""contains:rev"", ""precedes:fwd"", ""contains:fwd"", ""supports:fwd"", ""maps:fwd""]","[0.8160138130187988, 0.07978658378124237, 0.07731800526380539, 0.010987992398440838, 0.007031251676380634]"
3,0.0,s3_case77,in context <e1> is ahead of <e2>,precedes:fwd,maps:rev,0,1,precedes:fwd,1,supports:rev,0,1,maps:rev,maps:rev,precedes:fwd,1.0,0.0,1.0,"{""maps:rev"": 0.04621002813514998, ""supports:rev"": 0.04621002813514998, ""contains:fwd"": 0.04621002813514998, ""maps:fwd"": 0.04621002813514998, ""precedes:fwd"": 0.9537899718648504}","[""maps:rev"", ""supports:rev"", ""contains:fwd"", ""maps:fwd"", ""precedes:fwd""]","[0.9043511748313904, 0.05001651495695114, 0.022066814824938774, 0.011337955482304096, 0.0059297229163348675]"
3,0.0,s3_case78,backing <e1> is <e2> for this case,supports:rev,contains:rev,0,0,contains:rev,0,contains:rev,0,0,,,,,,,,,
3,0.0,s3_case79,<e1> is held up by <e2>,supports:rev,contains:fwd,0,1,supports:rev,1,supports:rev,1,1,contains:fwd,contains:fwd,supports:rev,1.0,0.0,1.0,"{""contains:fwd"": 0.04621002813514998, ""contains:rev"": 0.04621002813514998, ""maps:rev"": 0.04621002813514998, ""supports:rev"": 0.9537899718648504, ""precedes:rev"": 0.04621002813514998}","[""contains:fwd"", ""contains:rev"", ""maps:rev"", ""supports:rev"", ""precedes:rev""]","[0.504189670085907, 0.2497488409280777, 0.18268565833568573, 0.02934413217008114, 0.012339254841208458]"
3,0.15,s3_case0,backing <e1> is <e2>,supports:rev,contains:rev,0,0,contains:rev,0,contains:rev,0,0,,,,,,,,,
3,0.15,s3_case1,for this case <e1> has <e2> inside,contains:fwd,contains:fwd,1,1,contains:fwd,1,contains:fwd,1,0,precedes:fwd,precedes:fwd,contains:fwd,1.0,0.0,9.0,"{""contains:fwd"": 0.8056748832888503, ""precedes:fwd"": 0.04621002813514998, ""contains:rev"": 0.04621002813514998, ""supports:fwd"": 0.11294319991115, ""maps:rev"": 0.12759194493515}","[""contains:fwd"", ""precedes:fwd"", ""contains:rev"", ""supports:fwd"", ""maps:rev""]","[0.9371960163116455, 0.032528478652238846, 0.019551318138837814, 0.005657059606164694, 0.0026260996237397194]"
3,0.15,s3_case2,backing <e1> is <e2> for this case,supports:rev,contains:rev,0,0,contains:rev,0,contains:rev,0,0,,,,,,,,,
3,0.15,s3_case3,to <e1> <e2> points for this case,maps:rev,maps:fwd,0,0,maps:fwd,0,maps:fwd,0,0,,,,,,,,,
3,0.15,s3_case4,support for <e2> comes from <e1> for this case,supports:fwd,precedes:rev,0,0,precedes:rev,0,precedes:rev,0,0,,,,,,,,,
3,0.15,s3_case5,<e2> trails <e1> in context,precedes:fwd,contains:rev,0,1,precedes:fwd,1,contains:rev,0,1,contains:rev,contains:rev,precedes:fwd,1.0,0.0,1.0,"{""contains:rev"": 0.04621002813514998, ""precedes:fwd"": 0.7878105600888503, ""maps:fwd"": 0.21218943991115002, ""contains:fwd"": 0.04621002813514998, ""supports:fwd"": 0.04621002813514998}","[""contains:rev"", ""precedes:fwd"", ""maps:fwd"", ""contains:fwd"", ""supports:fwd""]","[0.8611515164375305, 0.09497098624706268, 0.014047417789697647, 0.009492525830864906, 0.009405292570590973]"
3,0.15,s3_case6,from <e2> <e1> is mapped for this case,maps:rev,precedes:rev,0,0,precedes:rev,0,precedes:rev,0,0,,,,,,,,,
3,0.15,s3_case7,support for <e1> comes from <e2>,supports:rev,precedes:rev,0,0,precedes:rev,0,precedes:rev,0,0,,,,,,,,,
3,0.15,s3_case8,inside <e1> is <e2> usually,contains:fwd,contains:rev,0,1,contains:fwd,1,contains:rev,0,1,contains:rev,contains:rev,contains:fwd,1.0,0.0,1.0,"{""contains:rev"": 0.04621002813514998, ""precedes:fwd"": 0.19381002813515, ""contains:fwd"": 0.8061899718648504, ""supports:fwd"": 0.04621002813514998, ""maps:fwd"": 0.04621002813514998}","[""contains:rev"", ""precedes:fwd"", ""contains:fwd"", ""supports:fwd"", ""maps:fwd""]","[0.8714582324028015, 0.05686810612678528, 0.03915351256728172, 0.015748415142297745, 0.009932002983987331]"
3,0.15,s3_case9,<e2> has <e1> inside usually,contains:rev,contains:rev,1,1,contains:rev,1,precedes:rev,0,0,precedes:fwd,contains:rev,contains:rev,0.0,0.0,13.0,"{""contains:rev"": 0.9537899718648504, ""precedes:fwd"": 0.04621002813514998, ""maps:fwd"": 0.04621002813514998, ""supports:fwd"": 0.04621002813514998, ""precedes:rev"": 0.04621002813514998}","[""contains:rev"", ""precedes:fwd"", ""maps:fwd"", ""supports:fwd"", ""precedes:rev""]","[0.9568446278572083, 0.015407523140311241, 0.009211788885295391, 0.005613373126834631, 0.0052412706427276134]"
3,0.15,s3_case10,in context <e1> is held up by <e2>,supports:rev,contains:fwd,0,0,contains:fwd,0,contains:fwd,0,0,,,,,,,,,
3,0.15,s3_case11,<e2> trails <e1> for this case,precedes:fwd,contains:rev,0,1,precedes:fwd,1,precedes:fwd,1,1,contains:rev,contains:rev,precedes:fwd,1.0,0.0,2.0,"{""contains:rev"": 0.16724202813515002, ""precedes:fwd"": 0.5240302052100854, ""maps:fwd"": 0.08300456359093959, ""supports:fwd"": 0.27327187463194297, ""contains:fwd"": 0.0910814128373324}","[""contains:rev"", ""precedes:fwd"", ""maps:fwd"", ""supports:fwd"", ""contains:fwd""]","[0.5577846169471741, 0.37293142080307007, 0.024929862469434738, 0.015170575119554996, 0.014368779957294464]"
3,0.15,s3_case12,backing <e1> is <e2> in context,supports:rev,contains:rev,0,1,supports:rev,1,contains:rev,0,1,contains:rev,contains:rev,supports:rev,1.0,0.0,2.0,"{""contains:rev"": 0.04621002813514998, ""precedes:fwd"": 0.12759194493515, ""maps:fwd"": 0.0709506737756229, ""precedes:rev"": 0.07638154720889745, ""supports:rev"": 0.8174958903506298}","[""contains:rev"", ""precedes:fwd"", ""maps:fwd"", ""precedes:rev"", ""supports:rev""]","[0.8097265958786011, 0.11314726620912552, 0.02858949825167656, 0.022559482604265213, 0.012718345038592815]"
3,0.15,s3_case13,to <e1> <e2> points in context,maps:rev,precedes:rev,0,0,precedes:rev,0,precedes:rev,0,0,,,,,,,,,
3,0.15,s3_case14,the target of <e2> is <e1> for this case,maps:rev,maps:fwd,0,1,maps:rev,1,precedes:fwd,0,1,maps:fwd,maps:fwd,maps:rev,1.0,0.0,1.0,"{""maps:fwd"": 0.04621002813514998, ""precedes:fwd"": 0.12125293191107989, ""maps:rev"": 0.8787470680889202, ""precedes:rev"": 0.04621002813514998, ""supports:fwd"": 0.04621002813514998}","[""maps:fwd"", ""precedes:fwd"", ""maps:rev"", ""precedes:rev"", ""supports:fwd""]","[0.9730193614959717, 0.009318416938185692, 0.006964732892811298, 0.004246282856911421, 0.003140336601063609]"
3,0.15,s3_case15,<e2> trails <e1> in context,precedes:fwd,contains:rev,0,1,precedes:fwd,1,contains:fwd,0,1,contains:rev,contains:rev,precedes:fwd,1.0,0.0,2.0,"{""contains:rev"": 0.04621002813514998, ""precedes:fwd"": 0.9537899718648504, ""maps:fwd"": 0.04621002813514998, ""contains:fwd"": 0.04621002813514998, ""supports:fwd"": 0.04621002813514998}","[""contains:rev"", ""precedes:fwd"", ""maps:fwd"", ""contains:fwd"", ""supports:fwd""]","[0.8611515164375305, 0.09497098624706268, 0.014047417789697647, 0.009492525830864906, 0.009405292570590973]"
3,0.15,s3_case16,for this case <e1> is held up by <e2>,supports:rev,contains:rev,0,1,supports:rev,1,precedes:rev,0,1,contains:rev,contains:rev,supports:rev,1.0,0.0,1.0,"{""contains:rev"": 0.04621002813514998, ""contains:fwd"": 0.04621002813514998, ""precedes:rev"": 0.04621002813514998, ""maps:rev"": 0.04621002813514998, ""supports:rev"": 0.9537899718648504}","[""contains:rev"", ""contains:fwd"", ""precedes:rev"", ""maps:rev"", ""supports:rev""]","[0.9274162650108337, 0.03413724899291992, 0.017167165875434875, 0.007372713647782803, 0.00676149595528841]"
3,0.15,s3_case17,<e1> has <e2> inside,contains:fwd,contains:rev,0,0,contains:rev,0,contains:rev,0,0,,,,,,,,,
3,0.15,s3_case18,the target of <e1> is <e2> usually,maps:fwd,maps:rev,0,0,maps:rev,0,maps:rev,0,0,,,,,,,,,
3,0.15,s3_case19,<e2> is ahead of <e1> in context,precedes:rev,maps:fwd,0,1,precedes:rev,1,maps:fwd,0,1,maps:fwd,maps:fwd,precedes:rev,1.0,0.0,1.0,"{""maps:fwd"": 0.04621002813514998, ""contains:fwd"": 0.19032765283733247, ""contains:rev"": 0.04621002813514998, ""maps:rev"": 0.0664973575603378, ""precedes:rev"": 0.7893850177374799}","[""maps:fwd"", ""contains:fwd"", ""contains:rev"", ""maps:rev"", ""precedes:rev""]","[0.7661880254745483, 0.11191491037607193, 0.07970700412988663, 0.016012145206332207, 0.011174468323588371]"
3,0.15,s3_case20,<e2> is held up by <e1> usually,supports:fwd,contains:fwd,0,0,contains:fwd,0,contains:fwd,0,0,,,,,,,,,
3,0.15,s3_case21,<e2> trails <e1>,precedes:fwd,contains:rev,0,1,precedes:fwd,1,contains:rev,0,1,contains:rev,contains:rev,precedes:fwd,1.0,0.0,1.0,"{""contains:rev"": 0.04621002813514998, ""precedes:fwd"": 0.7535026424396625, ""maps:rev"": 0.22621002813514998, ""contains:fwd"": 0.04621002813514998, ""supports:fwd"": 0.0664973575603378}","[""contains:rev"", ""precedes:fwd"", ""maps:rev"", ""contains:fwd"", ""supports:fwd""]","[0.9189802408218384, 0.03539769724011421, 0.01766887679696083, 0.011569235473871231, 0.007889782078564167]"
3,0.15,s3_case22,to <e1> <e2> points usually,maps:rev,maps:fwd,0,0,maps:fwd,0,maps:fwd,0,0,,,,,,,,,
3,0.15,s3_case23,within <e2> sits <e1> usually,contains:rev,contains:fwd,0,1,contains:rev,1,maps:rev,0,1,contains:fwd,contains:fwd,contains:rev,1.0,0.0,3.0,"{""contains:fwd"": 0.04621002813514998, ""contains:rev"": 0.7513760550648503, ""supports:fwd"": 0.04621002813514998, ""precedes:rev"": 0.04621002813514998, ""maps:rev"": 0.24862394493515}","[""contains:fwd"", ""contains:rev"", ""supports:fwd"", ""precedes:rev"", ""maps:rev""]","[0.5325185060501099, 0.35092994570732117, 0.03788423538208008, 0.02897370606660843, 0.01758361980319023]"
3,0.15,s3_case24,<e2> has <e1> inside,contains:rev,contains:rev,1,1,contains:rev,1,precedes:fwd,0,0,precedes:fwd,contains:rev,contains:rev,0.0,0.0,8.0,"{""contains:rev"": 0.7808923187527408, ""precedes:fwd"": 0.10093122899146997, ""maps:fwd"": 0.16438648039093962, ""precedes:rev"": 0.04621002813514998, ""supports:fwd"": 0.04621002813514998}","[""contains:rev"", ""precedes:fwd"", ""maps:fwd"", ""precedes:rev"", ""supports:fwd""]","[0.9178439378738403, 0.040608346462249756, 0.015614279545843601, 0.008271675556898117, 0.00786795187741518]"
3,0.15,s3_case25,from <e1> <e2> is mapped directly,maps:fwd,precedes:rev,0,1,maps:rev,0,precedes:rev,0,0,precedes:rev,precedes:rev,maps:rev,1.0,0.0,1.0,"{""precedes:rev"": 0.04621002813514998, ""maps:rev"": 0.2853257644472596, ""maps:fwd"": 0.7146742355527407, ""contains:rev"": 0.04621002813514998, ""contains:fwd"": 0.04621002813514998}","[""precedes:rev"", ""maps:rev"", ""maps:fwd"", ""contains:rev"", ""contains:fwd""]","[0.8045768737792969, 0.13444803655147552, 0.02027084119617939, 0.014699053950607777, 0.01435852237045765]"
3,0.15,s3_case26,inside <e1> is <e2>,contains:fwd,contains:rev,0,1,contains:rev,0,contains:rev,0,0,contains:rev,contains:rev,contains:rev,1.0,1.0,1.0,"{""contains:rev"": 0.04621002813514998, ""precedes:fwd"": 0.11294319991115, ""contains:fwd"": 0.6184248000888504, ""maps:fwd"": 0.04621002813514998, ""supports:fwd"": 0.31484202813515}","[""contains:rev"", ""precedes:fwd"", ""contains:fwd"", ""maps:fwd"", ""supports:fwd""]","[0.7988594174385071, 0.14348289370536804, 0.019363226369023323, 0.014658160507678986, 0.012379195541143417]"
3,0.15,s3_case27,the target of <e1> is <e2>,maps:fwd,maps:rev,0,1,maps:rev,0,contains:fwd,0,0,maps:rev,maps:rev,maps:rev,1.0,1.0,1.0,"{""maps:rev"": 0.0664973575603378, ""contains:fwd"": 0.04621002813514998, ""supports:fwd"": 0.04621002813514998, ""precedes:rev"": 0.04621002813514998, ""maps:fwd"": 0.9335026424396624}","[""maps:rev"", ""contains:fwd"", ""supports:fwd"", ""precedes:rev"", ""maps:fwd""]","[0.9775461554527283, 0.007945476099848747, 0.004559227731078863, 0.003206083085387945, 0.0022508122492581606]"
3,0.15,s3_case28,support for <e2> comes from <e1> in context,supports:fwd,precedes:rev,0,0,precedes:rev,0,precedes:rev,0,0,,,,,,,,,
3,0.15,s3_case29,<e2> has <e1> inside usually,contains:rev,contains:rev,1,1,contains:rev,1,contains:rev,1,0,precedes:fwd,contains:rev,contains:rev,0.0,0.0,13.0,"{""contains:rev"": 0.8275366703626679, ""precedes:fwd"": 0.04621002813514998, ""maps:fwd"": 0.1724633296373324, ""supports:fwd"": 0.04621002813514998, ""precedes:rev"": 0.04621002813514998}","[""contains:rev"", ""precedes:fwd"", ""maps:fwd"", ""supports:fwd"", ""precedes:rev""]","[0.9568446278572083, 0.015407523140311241, 0.009211788885295391, 0.005613373126834631, 0.0052412706427276134]"
3,0.15,s3_case30,backing <e1> is <e2> for this case,supports:rev,contains:rev,0,0,contains:rev,0,contains:rev,0,0,,,,,,,,,
3,0.15,s3_case31,the target of <e1> is <e2> for this case,maps:fwd,maps:rev,0,1,maps:rev,0,maps:rev,0,0,maps:rev,maps:rev,maps:rev,1.0,1.0,1.0,"{""maps:rev"": 0.22621002813514998, ""contains:fwd"": 0.0709506737756229, ""maps:fwd"": 0.7490493262243773, ""supports:fwd"": 0.04621002813514998, ""precedes:fwd"": 0.04621002813514998}","[""maps:rev"", ""contains:fwd"", ""maps:fwd"", ""supports:fwd"", ""precedes:fwd""]","[0.9571275115013123, 0.013769404962658882, 0.009036816656589508, 0.008276882581412792, 0.004759380128234625]"
3,0.15,s3_case32,from <e1> <e2> is mapped directly,maps:fwd,precedes:rev,0,1,maps:fwd,1,precedes:rev,0,1,precedes:rev,precedes:rev,maps:fwd,1.0,0.0,1.0,"{""precedes:rev"": 0.04621002813514998, ""maps:rev"": 0.16724202813515002, ""maps:fwd"": 0.7065046703626678, ""contains:rev"": 0.04621002813514998, ""contains:fwd"": 0.1724633296373324}","[""precedes:rev"", ""maps:rev"", ""maps:fwd"", ""contains:rev"", ""contains:fwd""]","[0.8045768737792969, 0.13444803655147552, 0.02027084119617939, 0.014699053950607777, 0.01435852237045765]"
3,0.15,s3_case33,inside <e1> is <e2> in context,contains:fwd,contains:rev,0,0,contains:rev,0,contains:rev,0,0,,,,,,,,,
3,0.15,s3_case34,<e2> is held up by <e1> usually,supports:fwd,contains:fwd,0,0,contains:fwd,0,contains:fwd,0,0,,,,,,,,,
3,0.15,s3_case35,before <e1> comes <e2>,precedes:rev,precedes:fwd,0,1,precedes:rev,1,supports:fwd,0,1,precedes:fwd,precedes:fwd,precedes:rev,1.0,0.0,1.0,"{""precedes:fwd"": 0.04621002813514998, ""precedes:rev"": 0.9537899718648504, ""contains:fwd"": 0.04621002813514998, ""contains:rev"": 0.04621002813514998, ""supports:fwd"": 0.04621002813514998}","[""precedes:fwd"", ""precedes:rev"", ""contains:fwd"", ""contains:rev"", ""supports:fwd""]","[0.9574390649795532, 0.022179855033755302, 0.008303030394017696, 0.0063371905125677586, 0.0027154276613146067]"
3,0.15,s3_case36,within <e1> sits <e2> usually,contains:fwd,contains:rev,0,1,contains:fwd,1,contains:rev,0,1,contains:rev,contains:rev,contains:fwd,1.0,0.0,1.0,"{""contains:rev"": 0.0709506737756229, ""precedes:fwd"": 0.04621002813514998, ""maps:rev"": 0.04621002813514998, ""contains:fwd"": 0.7532961253680575, ""supports:fwd"": 0.22196322899146997}","[""contains:rev"", ""precedes:fwd"", ""maps:rev"", ""contains:fwd"", ""supports:fwd""]","[0.8484758138656616, 0.047954291105270386, 0.04168885946273804, 0.040886830538511276, 0.008407961577177048]"
3,0.15,s3_case37,from <e1> <e2> is mapped,maps:fwd,contains:rev,0,1,contains:rev,0,contains:rev,0,0,contains:rev,contains:rev,contains:rev,1.0,1.0,1.0,"{""contains:rev"": 0.22621002813514998, ""precedes:rev"": 0.22398154720889746, ""maps:fwd"": 0.5592239173353133, ""maps:rev"": 0.08300456359093959, ""precedes:fwd"": 0.04621002813514998}","[""contains:rev"", ""precedes:rev"", ""maps:fwd"", ""maps:rev"", ""precedes:fwd""]","[0.7493923306465149, 0.09370321035385132, 0.07131947576999664, 0.043722495436668396, 0.025854479521512985]"
3,0.15,s3_case38,<e2> has <e1> inside,contains:rev,contains:rev,1,1,contains:rev,1,contains:rev,1,0,precedes:fwd,precedes:fwd,contains:rev,1.0,0.0,10.0,"{""contains:rev"": 0.6527579718648502, ""precedes:fwd"": 0.04621002813514998, ""maps:fwd"": 0.04621002813514998, ""precedes:rev"": 0.04621002813514998, ""supports:fwd"": 0.34724202813515004}","[""contains:rev"", ""precedes:fwd"", ""maps:fwd"", ""precedes:rev"", ""supports:fwd""]","[0.9178439378738403, 0.040608346462249756, 0.015614279545843601, 0.008271675556898117, 0.00786795187741518]"
3,0.15,s3_case39,to <e2> <e1> points in context,maps:fwd,contains:rev,0,1,maps:fwd,1,maps:fwd,1,1,contains:rev,contains:rev,maps:fwd,1.0,0.0,4.0,"{""contains:rev"": 0.04621002813514998, ""maps:fwd"": 0.6198225310085304, ""precedes:fwd"": 0.14545626813515, ""precedes:rev"": 0.22621002813514998, ""supports:fwd"": 0.10093122899146997}","[""contains:rev"", ""maps:fwd"", ""precedes:fwd"", ""precedes:rev"", ""supports:fwd""]","[0.40077707171440125, 0.2609676420688629, 0.19292381405830383, 0.10049911588430405, 0.017106490209698677]"
3,0.15,s3_case40,inside <e1> is <e2>,contains:fwd,contains:rev,0,1,contains:fwd,1,contains:rev,0,1,contains:rev,contains:rev,contains:fwd,1.0,0.0,2.0,"{""contains:rev"": 0.04621002813514998, ""precedes:fwd"": 0.21409735756033782, ""contains:fwd"": 0.674065203207943, ""maps:fwd"": 0.12125293191107989, ""supports:fwd"": 0.08300456359093959}","[""contains:rev"", ""precedes:fwd"", ""contains:fwd"", ""maps:fwd"", ""supports:fwd""]","[0.7988594174385071, 0.14348289370536804, 0.019363226369023323, 0.014658160507678986, 0.012379195541143417]"
3,0.15,s3_case41,directly <e1> trails <e2>,precedes:rev,maps:fwd,0,1,precedes:rev,1,precedes:fwd,0,1,maps:fwd,maps:fwd,precedes:rev,1.0,0.0,4.0,"{""maps:fwd"": 0.04621002813514998, ""precedes:rev"": 0.8061899718648504, ""maps:rev"": 0.04621002813514998, ""precedes:fwd"": 0.04621002813514998, ""contains:rev"": 0.19381002813515}","[""maps:fwd"", ""precedes:rev"", ""maps:rev"", ""precedes:fwd"", ""contains:rev""]","[0.4594830274581909, 0.4569600522518158, 0.034111231565475464, 0.033366575837135315, 0.010079672560095787]"
3,0.15,s3_case42,support for <e2> comes from <e1> usually,supports:fwd,precedes:rev,0,0,precedes:rev,0,precedes:rev,0,0,,,,,,,,,
3,0.15,s3_case43,from <e1> <e2> is mapped directly,maps:fwd,precedes:rev,0,1,maps:fwd,1,maps:rev,0,1,precedes:rev,precedes:rev,maps:fwd,1.0,0.0,1.0,"{""precedes:rev"": 0.08300456359093959, ""maps:rev"": 0.04621002813514998, ""maps:fwd"": 0.9169954364090609, ""contains:rev"": 0.04621002813514998, ""contains:fwd"": 0.04621002813514998}","[""precedes:rev"", ""maps:rev"", ""maps:fwd"", ""contains:rev"", ""contains:fwd""]","[0.8045768737792969, 0.13444803655147552, 0.02027084119617939, 0.014699053950607777, 0.01435852237045765]"
3,0.15,s3_case44,<e2> trails <e1> for this case,precedes:fwd,contains:rev,0,1,precedes:fwd,1,contains:fwd,0,1,contains:rev,contains:rev,precedes:fwd,1.0,0.0,6.0,"{""contains:rev"": 0.04621002813514998, ""precedes:fwd"": 0.8724080550648503, ""maps:fwd"": 0.12759194493515, ""supports:fwd"": 0.04621002813514998, ""contains:fwd"": 0.04621002813514998}","[""contains:rev"", ""precedes:fwd"", ""maps:fwd"", ""supports:fwd"", ""contains:fwd""]","[0.5577846169471741, 0.37293142080307007, 0.024929862469434738, 0.015170575119554996, 0.014368779957294464]"
3,0.15,s3_case45,<e2> trails <e1> in context,precedes:fwd,contains:rev,0,1,precedes:fwd,1,contains:rev,0,1,contains:rev,contains:rev,precedes:fwd,1.0,0.0,1.0,"{""contains:rev"": 0.04621002813514998, ""precedes:fwd"": 0.7248080550648504, ""maps:fwd"": 0.12759194493515, ""contains:fwd"": 0.04621002813514998, ""supports:fwd"": 0.19381002813515}","[""contains:rev"", ""precedes:fwd"", ""maps:fwd"", ""contains:fwd"", ""supports:fwd""]","[0.8611515164375305, 0.09497098624706268, 0.014047417789697647, 0.009492525830864906, 0.009405292570590973]"
3,0.15,s3_case46,<e2> has <e1> inside,contains:rev,contains:rev,1,1,contains:rev,1,supports:fwd,0,0,precedes:fwd,contains:rev,contains:rev,0.0,0.0,13.0,"{""contains:rev"": 0.9537899718648504, ""precedes:fwd"": 0.04621002813514998, ""maps:fwd"": 0.04621002813514998, ""precedes:rev"": 0.04621002813514998, ""supports:fwd"": 0.04621002813514998}","[""contains:rev"", ""precedes:fwd"", ""maps:fwd"", ""precedes:rev"", ""supports:fwd""]","[0.9178439378738403, 0.040608346462249756, 0.015614279545843601, 0.008271675556898117, 0.00786795187741518]"
3,0.15,s3_case47,before <e2> comes <e1>,precedes:fwd,precedes:fwd,1,1,precedes:fwd,1,supports:fwd,0,0,precedes:rev,precedes:rev,precedes:fwd,1.0,0.0,5.0,"{""precedes:fwd"": 0.9537899718648504, ""precedes:rev"": 0.04621002813514998, ""contains:fwd"": 0.04621002813514998, ""supports:fwd"": 0.04621002813514998, ""contains:rev"": 0.04621002813514998}","[""precedes:fwd"", ""precedes:rev"", ""contains:fwd"", ""supports:fwd"", ""contains:rev""]","[0.6185937523841858, 0.3149803578853607, 0.031227799132466316, 0.019618932157754898, 0.009050075896084309]"
3,0.15,s3_case48,support for <e2> comes from <e1>,supports:fwd,precedes:rev,0,0,precedes:rev,0,precedes:rev,0,0,,,,,,,,,
3,0.15,s3_case49,<e2> is ahead of <e1> directly,precedes:rev,maps:fwd,0,1,precedes:rev,1,contains:rev,0,1,maps:fwd,maps:fwd,precedes:rev,1.0,0.0,1.0,"{""maps:fwd"": 0.04621002813514998, ""contains:fwd"": 0.04621002813514998, ""contains:rev"": 0.11294319991115, ""precedes:rev"": 0.8870568000888504, ""precedes:fwd"": 0.04621002813514998}","[""maps:fwd"", ""contains:fwd"", ""contains:rev"", ""precedes:rev"", ""precedes:fwd""]","[0.8587840795516968, 0.05762670561671257, 0.054830651730298996, 0.01349305734038353, 0.006719636730849743]"
3,0.15,s3_case50,the target of <e1> is <e2> usually,maps:fwd,maps:rev,0,0,maps:rev,0,maps:rev,0,0,,,,,,,,,
3,0.15,s3_case51,within <e2> sits <e1> usually,contains:rev,contains:fwd,0,1,contains:rev,1,contains:fwd,0,1,contains:fwd,contains:fwd,contains:rev,1.0,0.0,3.0,"{""contains:fwd"": 0.04621002813514998, ""contains:rev"": 0.9290493262243773, ""supports:fwd"": 0.04621002813514998, ""precedes:rev"": 0.04621002813514998, ""maps:rev"": 0.0709506737756229}","[""contains:fwd"", ""contains:rev"", ""supports:fwd"", ""precedes:rev"", ""maps:rev""]","[0.5325185060501099, 0.35092994570732117, 0.03788423538208008, 0.02897370606660843, 0.01758361980319023]"
3,0.15,s3_case52,the target of <e1> is <e2>,maps:fwd,maps:rev,0,1,maps:rev,0,supports:fwd,0,0,maps:rev,maps:rev,maps:rev,1.0,1.0,1.0,"{""maps:rev"": 0.04621002813514998, ""contains:fwd"": 0.04621002813514998, ""supports:fwd"": 0.04621002813514998, ""precedes:rev"": 0.04621002813514998, ""maps:fwd"": 0.9537899718648504}","[""maps:rev"", ""contains:fwd"", ""supports:fwd"", ""precedes:rev"", ""maps:fwd""]","[0.9775461554527283, 0.007945476099848747, 0.004559227731078863, 0.003206083085387945, 0.0022508122492581606]"
3,0.15,s3_case53,within <e1> sits <e2> in context,contains:fwd,contains:rev,0,1,maps:rev,0,contains:rev,0,0,contains:rev,contains:rev,maps:rev,1.0,0.0,2.0,"{""contains:rev"": 0.04621002813514998, ""maps:rev"": 0.3478701849351501, ""precedes:fwd"": 0.04621002813514998, ""precedes:rev"": 0.0910814128373324, ""contains:fwd"": 0.6072584303626678}","[""contains:rev"", ""maps:rev"", ""precedes:fwd"", ""precedes:rev"", ""contains:fwd""]","[0.2806221842765808, 0.2592027187347412, 0.23495854437351227, 0.14411427080631256, 0.03688398376107216]"
3,0.15,s3_case54,<e2> is ahead of <e1> for this case,precedes:rev,maps:fwd,0,1,precedes:rev,1,precedes:fwd,0,1,maps:fwd,maps:fwd,precedes:rev,1.0,0.0,1.0,"{""maps:fwd"": 0.04621002813514998, ""contains:fwd"": 0.04621002813514998, ""contains:rev"": 0.04621002813514998, ""precedes:rev"": 0.9537899718648504, ""precedes:fwd"": 0.04621002813514998}","[""maps:fwd"", ""contains:fwd"", ""contains:rev"", ""precedes:rev"", ""precedes:fwd""]","[0.8584728837013245, 0.04539516568183899, 0.03767849877476692, 0.03471515700221062, 0.013158492743968964]"
3,0.15,s3_case55,for this case <e1> trails <e2>,precedes:rev,maps:fwd,0,0,maps:fwd,0,maps:fwd,0,0,,,,,,,,,
3,0.15,s3_case56,support for <e2> comes from <e1> in context,supports:fwd,precedes:rev,0,0,precedes:rev,0,precedes:rev,0,0,,,,,,,,,
3,0.15,s3_case57,from <e2> <e1> is mapped directly,maps:rev,maps:rev,1,1,maps:rev,1,maps:rev,1,0,precedes:rev,precedes:rev,maps:rev,1.0,0.0,4.0,"{""maps:rev"": 0.8073620708385203, ""precedes:rev"": 0.0709506737756229, ""contains:rev"": 0.10093122899146997, ""precedes:fwd"": 0.07638154720889745, ""supports:rev"": 0.08300456359093959}","[""maps:rev"", ""precedes:rev"", ""contains:rev"", ""precedes:fwd"", ""supports:rev""]","[0.4279889762401581, 0.33912408351898193, 0.16267870366573334, 0.03209611028432846, 0.016479969024658203]"
3,0.15,s3_case58,within <e2> sits <e1> directly,contains:rev,contains:fwd,0,1,contains:rev,1,contains:rev,1,1,contains:fwd,contains:fwd,contains:rev,1.0,0.0,2.0,"{""contains:fwd"": 0.04621002813514998, ""contains:rev"": 0.9537899718648504, ""maps:rev"": 0.04621002813514998, ""precedes:rev"": 0.04621002813514998, ""supports:fwd"": 0.04621002813514998}","[""contains:fwd"", ""contains:rev"", ""maps:rev"", ""precedes:rev"", ""supports:fwd""]","[0.6884585618972778, 0.19500786066055298, 0.06902217119932175, 0.015630993992090225, 0.01477504801005125]"
3,0.15,s3_case59,<e2> is held up by <e1> for this case,supports:fwd,contains:fwd,0,0,contains:fwd,0,contains:fwd,0,0,,,,,,,,,
3,0.15,s3_case60,within <e1> sits <e2>,contains:fwd,precedes:fwd,0,1,contains:fwd,1,maps:fwd,0,1,precedes:fwd,precedes:fwd,contains:fwd,1.0,0.0,2.0,"{""precedes:fwd"": 0.04621002813514998, ""contains:rev"": 0.04621002813514998, ""precedes:rev"": 0.04621002813514998, ""contains:fwd"": 0.9537899718648504, ""maps:fwd"": 0.04621002813514998}","[""precedes:fwd"", ""contains:rev"", ""precedes:rev"", ""contains:fwd"", ""maps:fwd""]","[0.5971558690071106, 0.17103151977062225, 0.10362645983695984, 0.05258012190461159, 0.03300247713923454]"
3,0.15,s3_case61,<e2> has <e1> inside for this case,contains:rev,contains:rev,1,1,contains:rev,1,contains:rev,1,0,precedes:fwd,contains:rev,contains:rev,0.0,0.0,13.0,"{""contains:rev"": 0.7737899718648504, ""precedes:fwd"": 0.22621002813514998, ""maps:fwd"": 0.04621002813514998, ""precedes:rev"": 0.04621002813514998, ""supports:fwd"": 0.04621002813514998}","[""contains:rev"", ""precedes:fwd"", ""maps:fwd"", ""precedes:rev"", ""supports:fwd""]","[0.9361944198608398, 0.027999676764011383, 0.01196008175611496, 0.00998663529753685, 0.0055141206830739975]"
3,0.15,s3_case62,the target of <e2> is <e1> in context,maps:rev,maps:fwd,0,1,maps:fwd,0,maps:fwd,0,0,maps:fwd,maps:fwd,maps:fwd,1.0,1.0,1.0,"{""maps:fwd"": 0.2303489880652175, ""maps:rev"": 0.7029178401587828, ""precedes:fwd"": 0.11294319991115, ""precedes:rev"": 0.04621002813514998, ""supports:fwd"": 0.04621002813514998}","[""maps:fwd"", ""maps:rev"", ""precedes:fwd"", ""precedes:rev"", ""supports:fwd""]","[0.877869725227356, 0.09401403367519379, 0.008684033527970314, 0.007084359880536795, 0.004817876499146223]"
3,0.15,s3_case63,<e2> is held up by <e1> usually,supports:fwd,contains:fwd,0,0,contains:fwd,0,contains:fwd,0,0,,,,,,,,,
3,0.15,s3_case64,to <e1> <e2> points usually,maps:rev,maps:fwd,0,0,maps:fwd,0,maps:fwd,0,0,,,,,,,,,
3,0.15,s3_case65,before <e1> comes <e2> for this case,precedes:rev,precedes:fwd,0,1,precedes:rev,1,precedes:fwd,0,1,precedes:fwd,precedes:fwd,precedes:rev,1.0,0.0,1.0,"{""precedes:fwd"": 0.04621002813514998, ""contains:fwd"": 0.04621002813514998, ""precedes:rev"": 0.8061899718648504, ""supports:fwd"": 0.04621002813514998, ""contains:rev"": 0.19381002813515}","[""precedes:fwd"", ""contains:fwd"", ""precedes:rev"", ""supports:fwd"", ""contains:rev""]","[0.9485105276107788, 0.01906627230346203, 0.013314485549926758, 0.009228692390024662, 0.006174845155328512]"
3,0.15,s3_case66,<e1> trails <e2>,precedes:rev,precedes:rev,1,1,precedes:rev,1,maps:fwd,0,0,maps:fwd,maps:fwd,precedes:rev,1.0,0.0,9.0,"{""precedes:rev"": 0.7248080550648504, ""maps:fwd"": 0.04621002813514998, ""contains:rev"": 0.27519194493515003, ""precedes:fwd"": 0.04621002813514998, ""maps:rev"": 0.04621002813514998}","[""precedes:rev"", ""maps:fwd"", ""contains:rev"", ""precedes:fwd"", ""maps:rev""]","[0.8835182189941406, 0.07606489211320877, 0.018896445631980896, 0.010944283567368984, 0.005764765664935112]"
3,0.15,s3_case67,<e1> trails <e2>,precedes:rev,precedes:rev,1,1,precedes:rev,1,maps:fwd,0,0,maps:fwd,maps:fwd,precedes:rev,1.0,0.0,9.0,"{""precedes:rev"": 0.8441566062943098, ""maps:fwd"": 0.04621002813514998, ""contains:rev"": 0.0709506737756229, ""precedes:fwd"": 0.07638154720889745, ""maps:rev"": 0.10093122899146997}","[""precedes:rev"", ""maps:fwd"", ""contains:rev"", ""precedes:fwd"", ""maps:rev""]","[0.8835182189941406, 0.07606489211320877, 0.018896445631980896, 0.010944283567368984, 0.005764765664935112]"
3,0.15,s3_case68,<e2> is held up by <e1> in context,supports:fwd,contains:fwd,0,0,contains:fwd,0,contains:fwd,0,0,,,,,,,,,
3,0.15,s3_case69,support for <e1> comes from <e2>,supports:rev,precedes:rev,0,0,precedes:rev,0,precedes:rev,0,0,,,,,,,,,
3,0.15,s3_case70,<e1> trails <e2>,precedes:rev,precedes:rev,1,1,precedes:rev,1,precedes:rev,1,0,maps:fwd,maps:fwd,precedes:rev,1.0,0.0,11.0,"{""precedes:rev"": 0.9537899718648504, ""maps:fwd"": 0.04621002813514998, ""contains:rev"": 0.04621002813514998, ""precedes:fwd"": 0.04621002813514998, ""maps:rev"": 0.04621002813514998}","[""precedes:rev"", ""maps:fwd"", ""contains:rev"", ""precedes:fwd"", ""maps:rev""]","[0.8835182189941406, 0.07606489211320877, 0.018896445631980896, 0.010944283567368984, 0.005764765664935112]"
3,0.15,s3_case71,to <e1> <e2> points,maps:rev,precedes:rev,0,0,precedes:rev,0,precedes:rev,0,0,,,,,,,,,
3,0.15,s3_case72,<e2> trails <e1> for this case,precedes:fwd,contains:rev,0,1,precedes:fwd,1,contains:rev,0,1,contains:rev,contains:rev,precedes:fwd,1.0,0.0,3.0,"{""contains:rev"": 0.04621002813514998, ""precedes:fwd"": 0.7613185871626678, ""maps:fwd"": 0.0910814128373324, ""supports:fwd"": 0.04621002813514998, ""contains:fwd"": 0.19381002813515}","[""contains:rev"", ""precedes:fwd"", ""maps:fwd"", ""supports:fwd"", ""contains:fwd""]","[0.5577846169471741, 0.37293142080307007, 0.024929862469434738, 0.015170575119554996, 0.014368779957294464]"
3,0.15,s3_case73,before <e2> comes <e1> for this case,precedes:fwd,precedes:fwd,1,1,precedes:fwd,1,contains:fwd,0,0,precedes:rev,precedes:rev,precedes:fwd,1.0,0.0,5.0,"{""precedes:fwd"": 0.7132244024396626, ""precedes:rev"": 0.14545626813515, ""contains:fwd"": 0.04621002813514998, ""supports:fwd"": 0.04621002813514998, ""contains:rev"": 0.18752935756033778}","[""precedes:fwd"", ""precedes:rev"", ""contains:fwd"", ""supports:fwd"", ""contains:rev""]","[0.6767299771308899, 0.19111546874046326, 0.06788817048072815, 0.04528052732348442, 0.012099671177566051]"
3,0.15,s3_case74,inside <e2> is <e1> directly,contains:rev,contains:rev,1,1,contains:rev,1,contains:rev,1,0,contains:fwd,contains:fwd,contains:rev,1.0,0.0,7.0,"{""contains:rev"": 0.9537899718648504, ""contains:fwd"": 0.04621002813514998, ""precedes:fwd"": 0.04621002813514998, ""supports:fwd"": 0.04621002813514998, ""supports:rev"": 0.04621002813514998}","[""contains:rev"", ""contains:fwd"", ""precedes:fwd"", ""supports:fwd"", ""supports:rev""]","[0.8156959414482117, 0.16094930469989777, 0.00675942562520504, 0.0063030291348695755, 0.00520801916718483]"
3,0.15,s3_case75,to <e1> <e2> points for this case,maps:rev,maps:fwd,0,0,maps:fwd,0,maps:fwd,0,0,,,,,,,,,
3,0.15,s3_case76,inside <e1> is <e2> directly,contains:fwd,contains:rev,0,1,contains:fwd,1,precedes:fwd,0,1,contains:rev,contains:rev,contains:fwd,1.0,0.0,2.0,"{""contains:rev"": 0.04621002813514998, ""precedes:fwd"": 0.10093122899146997, ""contains:fwd"": 0.7113035992325303, ""supports:fwd"": 0.16724202813515002, ""maps:fwd"": 0.11294319991115}","[""contains:rev"", ""precedes:fwd"", ""contains:fwd"", ""supports:fwd"", ""maps:fwd""]","[0.8160138130187988, 0.07978658378124237, 0.07731800526380539, 0.010987992398440838, 0.007031251676380634]"
3,0.15,s3_case77,in context <e1> is ahead of <e2>,precedes:fwd,maps:rev,0,1,precedes:fwd,1,contains:fwd,0,1,maps:rev,maps:rev,precedes:fwd,1.0,0.0,1.0,"{""maps:rev"": 0.04621002813514998, ""supports:rev"": 0.0664973575603378, ""contains:fwd"": 0.04621002813514998, ""maps:fwd"": 0.08300456359093959, ""precedes:fwd"": 0.8967081069838729}","[""maps:rev"", ""supports:rev"", ""contains:fwd"", ""maps:fwd"", ""precedes:fwd""]","[0.9043511748313904, 0.05001651495695114, 0.022066814824938774, 0.011337955482304096, 0.0059297229163348675]"
3,0.15,s3_case78,backing <e1> is <e2> for this case,supports:rev,contains:rev,0,0,contains:rev,0,contains:rev,0,0,,,,,,,,,
3,0.15,s3_case79,<e1> is held up by <e2>,supports:rev,contains:fwd,0,1,contains:fwd,0,supports:rev,1,0,contains:fwd,contains:fwd,contains:fwd,1.0,1.0,1.0,"{""contains:fwd"": 0.19381002813515, ""contains:rev"": 0.04621002813514998, ""maps:rev"": 0.11294319991115, ""supports:rev"": 0.7394568000888502, ""precedes:rev"": 0.04621002813514998}","[""contains:fwd"", ""contains:rev"", ""maps:rev"", ""supports:rev"", ""precedes:rev""]","[0.504189670085907, 0.2497488409280777, 0.18268565833568573, 0.02934413217008114, 0.012339254841208458]"
3,0.3,s3_case0,backing <e1> is <e2>,supports:rev,contains:rev,0,0,contains:rev,0,contains:rev,0,0,,,,,,,,,
3,0.3,s3_case1,for this case <e1> has <e2> inside,contains:fwd,contains:fwd,1,1,contains:fwd,1,contains:fwd,1,0,precedes:fwd,contains:fwd,contains:fwd,0.0,0.0,11.0,"{""contains:fwd"": 0.6311872302538054, ""precedes:fwd"": 0.08300456359093959, ""contains:rev"": 0.14545626813515, ""supports:fwd"": 0.15776346400889749, ""maps:rev"": 0.12121855841665782}","[""contains:fwd"", ""precedes:fwd"", ""contains:rev"", ""supports:fwd"", ""maps:rev""]","[0.9371960163116455, 0.032528478652238846, 0.019551318138837814, 0.005657059606164694, 0.0026260996237397194]"
3,0.3,s3_case2,backing <e1> is <e2> for this case,supports:rev,contains:rev,0,0,contains:rev,0,contains:rev,0,0,,,,,,,,,
3,0.3,s3_case3,to <e1> <e2> points for this case,maps:rev,maps:fwd,0,0,maps:fwd,0,maps:fwd,0,0,,,,,,,,,
3,0.3,s3_case4,support for <e2> comes from <e1> for this case,supports:fwd,precedes:rev,0,0,precedes:rev,0,precedes:rev,0,0,,,,,,,,,
3,0.3,s3_case5,<e2> trails <e1> in context,precedes:fwd,contains:rev,0,1,precedes:fwd,1,contains:rev,0,1,contains:rev,contains:rev,precedes:fwd,1.0,0.0,1.0,"{""contains:rev"": 0.11294319991115, ""precedes:fwd"": 0.8053908799308782, ""maps:fwd"": 0.04621002813514998, ""contains:fwd"": 0.08300456359093959, ""supports:fwd"": 0.0910814128373324}","[""contains:rev"", ""precedes:fwd"", ""maps:fwd"", ""contains:fwd"", ""supports:fwd""]","[0.8611515164375305, 0.09497098624706268, 0.014047417789697647, 0.009492525830864906, 0.009405292570590973]"
3,0.3,s3_case6,from <e2> <e1> is mapped for this case,maps:rev,precedes:rev,0,0,precedes:rev,0,precedes:rev,0,0,,,,,,,,,
3,0.3,s3_case7,support for <e1> comes from <e2>,supports:rev,precedes:rev,0,0,precedes:rev,0,precedes:rev,0,0,,,,,,,,,
3,0.3,s3_case8,inside <e1> is <e2> usually,contains:fwd,contains:rev,0,1,contains:rev,0,contains:fwd,1,0,contains:rev,contains:rev,contains:rev,1.0,1.0,1.0,"{""contains:rev"": 0.08300456359093959, ""precedes:fwd"": 0.11294319991115, ""contains:fwd"": 0.5710160246330607, ""supports:fwd"": 0.04621002813514998, ""maps:fwd"": 0.32545626813515}","[""contains:rev"", ""precedes:fwd"", ""contains:fwd"", ""supports:fwd"", ""maps:fwd""]","[0.8714582324028015, 0.05686810612678528, 0.03915351256728172, 0.015748415142297745, 0.009932002983987331]"
3,0.3,s3_case9,<e2> has <e1> inside usually,contains:rev,contains:rev,1,1,contains:rev,1,contains:rev,1,0,precedes:fwd,contains:rev,contains:rev,0.0,0.0,13.0,"{""contains:rev"": 0.3648803268877326, ""precedes:fwd"": 0.21218943991115002, ""maps:fwd"": 0.4242688766340853, ""supports:fwd"": 0.04621002813514998, ""precedes:rev"": 0.0910814128373324}","[""contains:rev"", ""precedes:fwd"", ""maps:fwd"", ""supports:fwd"", ""precedes:rev""]","[0.9568446278572083, 0.015407523140311241, 0.009211788885295391, 0.005613373126834631, 0.0052412706427276134]"
3,0.3,s3_case10,in context <e1> is held up by <e2>,supports:rev,contains:fwd,0,0,contains:fwd,0,contains:fwd,0,0,,,,,,,,,
3,0.3,s3_case11,<e2> trails <e1> for this case,precedes:fwd,contains:rev,0,1,precedes:fwd,1,contains:rev,0,1,contains:rev,contains:rev,precedes:fwd,1.0,0.0,5.0,"{""contains:rev"": 0.1657435975603378, ""precedes:fwd"": 0.8040848833659151, ""maps:fwd"": 0.07638154720889745, ""supports:fwd"": 0.04621002813514998, ""contains:fwd"": 0.04621002813514998}","[""contains:rev"", ""precedes:fwd"", ""maps:fwd"", ""supports:fwd"", ""contains:fwd""]","[0.5577846169471741, 0.37293142080307007, 0.024929862469434738, 0.015170575119554996, 0.014368779957294464]"
3,0.3,s3_case12,backing <e1> is <e2> in context,supports:rev,contains:rev,0,1,contains:rev,0,contains:rev,0,0,contains:rev,contains:rev,contains:rev,1.0,1.0,1.0,"{""contains:rev"": 0.07638154720889745, ""precedes:fwd"": 0.3119864803909396, ""maps:fwd"": 0.0664973575603378, ""precedes:rev"": 0.16724202813515002, ""supports:rev"": 0.5165226711101254}","[""contains:rev"", ""precedes:fwd"", ""maps:fwd"", ""precedes:rev"", ""supports:rev""]","[0.8097265958786011, 0.11314726620912552, 0.02858949825167656, 0.022559482604265213, 0.012718345038592815]"
3,0.3,s3_case13,to <e1> <e2> points in context,maps:rev,precedes:rev,0,0,precedes:rev,0,precedes:rev,0,0,,,,,,,,,
3,0.3,s3_case14,the target of <e2> is <e1> for this case,maps:rev,maps:fwd,0,1,maps:fwd,0,maps:fwd,0,0,maps:fwd,maps:fwd,maps:fwd,1.0,1.0,1.0,"{""maps:fwd"": 0.04621002813514998, ""precedes:fwd"": 0.08300456359093959, ""maps:rev"": 0.5269090637767406, ""precedes:rev"": 0.16724202813515002, ""supports:fwd"": 0.31526440076747003}","[""maps:fwd"", ""precedes:fwd"", ""maps:rev"", ""precedes:rev"", ""supports:fwd""]","[0.9730193614959717, 0.009318416938185692, 0.006964732892811298, 0.004246282856911421, 0.003140336601063609]"
3,0.3,s3_case15,<e2> trails <e1> in context,precedes:fwd,contains:rev,0,1,precedes:fwd,1,contains:rev,0,1,contains:rev,contains:rev,precedes:fwd,1.0,0.0,1.0,"{""contains:rev"": 0.04621002813514998, ""precedes:fwd"": 0.7795352015833423, ""maps:fwd"": 0.0664973575603378, ""contains:fwd"": 0.20017746899147, ""supports:fwd"": 0.04621002813514998}","[""contains:rev"", ""precedes:fwd"", ""maps:fwd"", ""contains:fwd"", ""supports:fwd""]","[0.8611515164375305, 0.09497098624706268, 0.014047417789697647, 0.009492525830864906, 0.009405292570590973]"
3,0.3,s3_case16,for this case <e1> is held up by <e2>,supports:rev,contains:rev,0,1,supports:rev,1,contains:rev,0,1,contains:rev,contains:rev,supports:rev,1.0,0.0,1.0,"{""contains:rev"": 0.04621002813514998, ""contains:fwd"": 0.08300456359093959, ""precedes:rev"": 0.04621002813514998, ""maps:rev"": 0.07638154720889745, ""supports:rev"": 0.8868239173353132}","[""contains:rev"", ""contains:fwd"", ""precedes:rev"", ""maps:rev"", ""supports:rev""]","[0.9274162650108337, 0.03413724899291992, 0.017167165875434875, 0.007372713647782803, 0.00676149595528841]"
3,0.3,s3_case17,<e1> has <e2> inside,contains:fwd,contains:rev,0,0,contains:rev,0,contains:rev,0,0,,,,,,,,,
3,0.3,s3_case18,the target of <e1> is <e2> usually,maps:fwd,maps:rev,0,0,maps:rev,0,maps:rev,0,0,,,,,,,,,
3,0.3,s3_case19,<e2> is ahead of <e1> in context,precedes:rev,maps:fwd,0,1,maps:fwd,0,maps:fwd,0,0,maps:fwd,maps:fwd,maps:fwd,1.0,1.0,1.0,"{""maps:fwd"": 0.04621002813514998, ""contains:fwd"": 0.22398154720889746, ""contains:rev"": 0.22621002813514998, ""maps:rev"": 0.1919826737756229, ""precedes:rev"": 0.4502458071506298}","[""maps:fwd"", ""contains:fwd"", ""contains:rev"", ""maps:rev"", ""precedes:rev""]","[0.7661880254745483, 0.11191491037607193, 0.07970700412988663, 0.016012145206332207, 0.011174468323588371]"
3,0.3,s3_case20,<e2> is held up by <e1> usually,supports:fwd,contains:fwd,0,0,contains:fwd,0,contains:fwd,0,0,,,,,,,,,
3,0.3,s3_case21,<e2> trails <e1>,precedes:fwd,contains:rev,0,1,contains:rev,0,contains:rev,0,0,contains:rev,contains:rev,contains:rev,1.0,1.0,1.0,"{""contains:rev"": 0.0664973575603378, ""precedes:fwd"": 0.5952537343515528, ""maps:rev"": 0.22621002813514998, ""contains:fwd"": 0.04621002813514998, ""supports:fwd"": 0.2044589362232596}","[""contains:rev"", ""precedes:fwd"", ""maps:rev"", ""contains:fwd"", ""supports:fwd""]","[0.9189802408218384, 0.03539769724011421, 0.01766887679696083, 0.011569235473871231, 0.007889782078564167]"
3,0.3,s3_case22,to <e1> <e2> points usually,maps:rev,maps:fwd,0,0,maps:fwd,0,maps:fwd,0,0,,,,,,,,,
3,0.3,s3_case23,within <e2> sits <e1> usually,contains:rev,contains:fwd,0,1,contains:rev,1,precedes:rev,0,1,contains:fwd,contains:fwd,contains:rev,1.0,0.0,6.0,"{""contains:fwd"": 0.04621002813514998, ""contains:rev"": 0.7387088287593131, ""supports:fwd"": 0.08300456359093959, ""precedes:rev"": 0.11294319991115, ""maps:rev"": 0.15776346400889749}","[""contains:fwd"", ""contains:rev"", ""supports:fwd"", ""precedes:rev"", ""maps:rev""]","[0.5325185060501099, 0.35092994570732117, 0.03788423538208008, 0.02897370606660843, 0.01758361980319023]"
3,0.3,s3_case24,<e2> has <e1> inside,contains:rev,contains:rev,1,1,contains:rev,1,maps:fwd,0,0,precedes:fwd,contains:rev,contains:rev,0.0,0.0,13.0,"{""contains:rev"": 0.8255216189925876, ""precedes:fwd"": 0.11294319991115, ""maps:fwd"": 0.0709506737756229, ""precedes:rev"": 0.04621002813514998, ""supports:fwd"": 0.08300456359093959}","[""contains:rev"", ""precedes:fwd"", ""maps:fwd"", ""precedes:rev"", ""supports:fwd""]","[0.9178439378738403, 0.040608346462249756, 0.015614279545843601, 0.008271675556898117, 0.00786795187741518]"
3,0.3,s3_case25,from <e1> <e2> is mapped directly,maps:fwd,precedes:rev,0,1,maps:fwd,1,precedes:rev,0,1,precedes:rev,precedes:rev,maps:fwd,1.0,0.0,1.0,"{""precedes:rev"": 0.04621002813514998, ""maps:rev"": 0.14545626813515, ""maps:fwd"": 0.7549511463063476, ""contains:rev"": 0.04621002813514998, ""contains:fwd"": 0.14580261369365244}","[""precedes:rev"", ""maps:rev"", ""maps:fwd"", ""contains:rev"", ""contains:fwd""]","[0.8045768737792969, 0.13444803655147552, 0.02027084119617939, 0.014699053950607777, 0.01435852237045765]"
3,0.3,s3_case26,inside <e1> is <e2>,contains:fwd,contains:rev,0,1,contains:rev,0,contains:rev,0,0,contains:rev,contains:rev,contains:rev,1.0,1.0,1.0,"{""contains:rev"": 0.16724202813515002, ""precedes:fwd"": 0.04621002813514998, ""contains:fwd"": 0.8124706424396626, ""maps:fwd"": 0.04621002813514998, ""supports:fwd"": 0.0664973575603378}","[""contains:rev"", ""precedes:fwd"", ""contains:fwd"", ""maps:fwd"", ""supports:fwd""]","[0.7988594174385071, 0.14348289370536804, 0.019363226369023323, 0.014658160507678986, 0.012379195541143417]"
3,0.3,s3_case27,the target of <e1> is <e2>,maps:fwd,maps:rev,0,1,maps:rev,0,maps:rev,0,0,maps:rev,maps:rev,maps:rev,1.0,1.0,1.0,"{""maps:rev"": 0.04621002813514998, ""contains:fwd"": 0.26648826813515003, ""supports:fwd"": 0.04621002813514998, ""precedes:rev"": 0.04621002813514998, ""maps:fwd"": 0.7335117318648503}","[""maps:rev"", ""contains:fwd"", ""supports:fwd"", ""precedes:rev"", ""maps:fwd""]","[0.9775461554527283, 0.007945476099848747, 0.004559227731078863, 0.003206083085387945, 0.0022508122492581606]"
3,0.3,s3_case28,support for <e2> comes from <e1> in context,supports:fwd,precedes:rev,0,0,precedes:rev,0,precedes:rev,0,0,,,,,,,,,
3,0.3,s3_case29,<e2> has <e1> inside usually,contains:rev,contains:rev,1,1,contains:rev,1,contains:rev,1,0,precedes:fwd,precedes:fwd,contains:rev,1.0,0.0,11.0,"{""contains:rev"": 0.5284074943515529, ""precedes:fwd"": 0.1032918930161274, ""maps:fwd"": 0.10093122899146997, ""supports:fwd"": 0.26054319991115, ""precedes:rev"": 0.14545626813515}","[""contains:rev"", ""precedes:fwd"", ""maps:fwd"", ""supports:fwd"", ""precedes:rev""]","[0.9568446278572083, 0.015407523140311241, 0.009211788885295391, 0.005613373126834631, 0.0052412706427276134]"
3,0.3,s3_case30,backing <e1> is <e2> for this case,supports:rev,contains:rev,0,0,contains:rev,0,contains:rev,0,0,,,,,,,,,
3,0.3,s3_case31,the target of <e1> is <e2> for this case,maps:fwd,maps:rev,0,1,maps:rev,0,maps:rev,0,0,maps:rev,maps:rev,maps:rev,1.0,1.0,1.0,"{""maps:rev"": 0.04621002813514998, ""contains:fwd"": 0.1431147189848975, ""maps:fwd"": 0.6100390410151028, ""supports:fwd"": 0.29305626813515, ""precedes:fwd"": 0.04621002813514998}","[""maps:rev"", ""contains:fwd"", ""maps:fwd"", ""supports:fwd"", ""precedes:fwd""]","[0.9571275115013123, 0.013769404962658882, 0.009036816656589508, 0.008276882581412792, 0.004759380128234625]"
3,0.3,s3_case32,from <e1> <e2> is mapped directly,maps:fwd,precedes:rev,0,1,precedes:rev,0,precedes:rev,0,0,precedes:rev,precedes:rev,precedes:rev,1.0,1.0,1.0,"{""precedes:rev"": 0.2464973575603378, ""maps:rev"": 0.04621002813514998, ""maps:fwd"": 0.494349206565915, ""contains:rev"": 0.3053634640088975, ""contains:fwd"": 0.04621002813514998}","[""precedes:rev"", ""maps:rev"", ""maps:fwd"", ""contains:rev"", ""contains:fwd""]","[0.8045768737792969, 0.13444803655147552, 0.02027084119617939, 0.014699053950607777, 0.01435852237045765]"
3,0.3,s3_case33,inside <e1> is <e2> in context,contains:fwd,contains:rev,0,0,contains:rev,0,contains:rev,0,0,,,,,,,,,
3,0.3,s3_case34,<e2> is held up by <e1> usually,supports:fwd,contains:fwd,0,0,contains:fwd,0,contains:fwd,0,0,,,,,,,,,
3,0.3,s3_case35,before <e1> comes <e2>,precedes:rev,precedes:fwd,0,1,precedes:rev,1,precedes:fwd,0,1,precedes:fwd,precedes:fwd,precedes:rev,1.0,0.0,1.0,"{""precedes:fwd"": 0.04621002813514998, ""precedes:rev"": 0.6822030862243773, ""contains:fwd"": 0.0709506737756229, ""contains:rev"": 0.29305626813515, ""supports:fwd"": 0.04621002813514998}","[""precedes:fwd"", ""precedes:rev"", ""contains:fwd"", ""contains:rev"", ""supports:fwd""]","[0.9574390649795532, 0.022179855033755302, 0.008303030394017696, 0.0063371905125677586, 0.0027154276613146067]"
3,0.3,s3_case36,within <e1> sits <e2> usually,contains:fwd,contains:rev,0,1,contains:fwd,1,precedes:fwd,0,1,contains:rev,contains:rev,contains:fwd,1.0,0.0,1.0,"{""contains:rev"": 0.07638154720889745, ""precedes:fwd"": 0.19381002813515, ""maps:rev"": 0.04621002813514998, ""contains:fwd"": 0.7212972519347827, ""supports:fwd"": 0.10093122899146997}","[""contains:rev"", ""precedes:fwd"", ""maps:rev"", ""contains:fwd"", ""supports:fwd""]","[0.8484758138656616, 0.047954291105270386, 0.04168885946273804, 0.040886830538511276, 0.008407961577177048]"
3,0.3,s3_case37,from <e1> <e2> is mapped,maps:fwd,contains:rev,0,1,maps:fwd,1,contains:rev,0,1,contains:rev,contains:rev,maps:fwd,1.0,0.0,1.0,"{""contains:rev"": 0.0709506737756229, ""precedes:rev"": 0.04621002813514998, ""maps:fwd"": 0.6420379144483774, ""maps:rev"": 0.21218943991115002, ""precedes:fwd"": 0.16724202813515002}","[""contains:rev"", ""precedes:rev"", ""maps:fwd"", ""maps:rev"", ""precedes:fwd""]","[0.7493923306465149, 0.09370321035385132, 0.07131947576999664, 0.043722495436668396, 0.025854479521512985]"
3,0.3,s3_case38,<e2> has <e1> inside,contains:rev,contains:rev,1,1,contains:rev,1,maps:fwd,0,0,precedes:fwd,contains:rev,contains:rev,0.0,0.0,13.0,"{""contains:rev"": 0.7631459415221951, ""precedes:fwd"": 0.04621002813514998, ""maps:fwd"": 0.04621002813514998, ""precedes:rev"": 0.04621002813514998, ""supports:fwd"": 0.23685405847780538}","[""contains:rev"", ""precedes:fwd"", ""maps:fwd"", ""precedes:rev"", ""supports:fwd""]","[0.9178439378738403, 0.040608346462249756, 0.015614279545843601, 0.008271675556898117, 0.00786795187741518]"
3,0.3,s3_case39,to <e2> <e1> points in context,maps:fwd,contains:rev,0,1,maps:fwd,1,contains:rev,0,1,contains:rev,contains:rev,maps:fwd,1.0,0.0,3.0,"{""contains:rev"": 0.04621002813514998, ""maps:fwd"": 0.7513760550648503, ""precedes:fwd"": 0.12759194493515, ""precedes:rev"": 0.04621002813514998, ""supports:fwd"": 0.16724202813515002}","[""contains:rev"", ""maps:fwd"", ""precedes:fwd"", ""precedes:rev"", ""supports:fwd""]","[0.40077707171440125, 0.2609676420688629, 0.19292381405830383, 0.10049911588430405, 0.017106490209698677]"
3,0.3,s3_case40,inside <e1> is <e2>,contains:fwd,contains:rev,0,1,contains:fwd,1,maps:fwd,0,1,contains:rev,contains:rev,contains:fwd,1.0,0.0,1.0,"{""contains:rev"": 0.08300456359093959, ""precedes:fwd"": 0.04621002813514998, ""contains:fwd"": 0.8868239173353132, ""maps:fwd"": 0.04621002813514998, ""supports:fwd"": 0.07638154720889745}","[""contains:rev"", ""precedes:fwd"", ""contains:fwd"", ""maps:fwd"", ""supports:fwd""]","[0.7988594174385071, 0.14348289370536804, 0.019363226369023323, 0.014658160507678986, 0.012379195541143417]"
3,0.3,s3_case41,directly <e1> trails <e2>,precedes:rev,maps:fwd,0,1,precedes:rev,1,maps:fwd,0,1,maps:fwd,maps:fwd,precedes:rev,1.0,0.0,3.0,"{""maps:fwd"": 0.07638154720889745, ""precedes:rev"": 0.6987470680889202, ""maps:rev"": 0.0910814128373324, ""precedes:fwd"": 0.04621002813514998, ""contains:rev"": 0.22621002813514998}","[""maps:fwd"", ""precedes:rev"", ""maps:rev"", ""precedes:fwd"", ""contains:rev""]","[0.4594830274581909, 0.4569600522518158, 0.034111231565475464, 0.033366575837135315, 0.010079672560095787]"
3,0.3,s3_case42,support for <e2> comes from <e1> usually,supports:fwd,precedes:rev,0,0,precedes:rev,0,precedes:rev,0,0,,,,,,,,,
3,0.3,s3_case43,from <e1> <e2> is mapped directly,maps:fwd,precedes:rev,0,1,maps:fwd,1,maps:rev,0,1,precedes:rev,precedes:rev,maps:fwd,1.0,0.0,1.0,"{""precedes:rev"": 0.04621002813514998, ""maps:rev"": 0.04621002813514998, ""maps:fwd"": 0.8988778071506298, ""contains:rev"": 0.07638154720889745, ""contains:fwd"": 0.0709506737756229}","[""precedes:rev"", ""maps:rev"", ""maps:fwd"", ""contains:rev"", ""contains:fwd""]","[0.8045768737792969, 0.13444803655147552, 0.02027084119617939, 0.014699053950607777, 0.01435852237045765]"
3,0.3,s3_case44,<e2> trails <e1> for this case,precedes:fwd,contains:rev,0,1,precedes:fwd,1,contains:rev,0,1,contains:rev,contains:rev,precedes:fwd,1.0,0.0,3.0,"{""contains:rev"": 0.16724202813515002, ""precedes:fwd"": 0.5422408739685878, ""maps:fwd"": 0.08300456359093959, ""supports:fwd"": 0.299932590575623, ""contains:fwd"": 0.04621002813514998}","[""contains:rev"", ""precedes:fwd"", ""maps:fwd"", ""supports:fwd"", ""contains:fwd""]","[0.5577846169471741, 0.37293142080307007, 0.024929862469434738, 0.015170575119554996, 0.014368779957294464]"
3,0.3,s3_case45,<e2> trails <e1> in context,precedes:fwd,contains:rev,0,1,precedes:fwd,1,contains:fwd,0,1,contains:rev,contains:rev,precedes:fwd,1.0,0.0,3.0,"{""contains:rev"": 0.04621002813514998, ""precedes:fwd"": 0.9537899718648504, ""maps:fwd"": 0.04621002813514998, ""contains:fwd"": 0.04621002813514998, ""supports:fwd"": 0.04621002813514998}","[""contains:rev"", ""precedes:fwd"", ""maps:fwd"", ""contains:fwd"", ""supports:fwd""]","[0.8611515164375305, 0.09497098624706268, 0.014047417789697647, 0.009492525830864906, 0.009405292570590973]"
3,0.3,s3_case46,<e2> has <e1> inside,contains:rev,contains:rev,1,1,contains:rev,1,supports:fwd,0,0,precedes:fwd,precedes:fwd,contains:rev,1.0,0.0,11.0,"{""contains:rev"": 0.8870568000888504, ""precedes:fwd"": 0.04621002813514998, ""maps:fwd"": 0.04621002813514998, ""precedes:rev"": 0.04621002813514998, ""supports:fwd"": 0.11294319991115}","[""contains:rev"", ""precedes:fwd"", ""maps:fwd"", ""precedes:rev"", ""supports:fwd""]","[0.9178439378738403, 0.040608346462249756, 0.015614279545843601, 0.008271675556898117, 0.00786795187741518]"
3,0.3,s3_case47,before <e2> comes <e1>,precedes:fwd,precedes:fwd,1,1,precedes:fwd,1,precedes:fwd,1,0,precedes:rev,precedes:fwd,precedes:fwd,0.0,0.0,4.0,"{""precedes:fwd"": 0.43934400235162296, ""precedes:rev"": 0.2688529319110799, ""contains:fwd"": 0.22621002813514998, ""supports:fwd"": 0.15801309387244739, ""contains:rev"": 0.04621002813514998}","[""precedes:fwd"", ""precedes:rev"", ""contains:fwd"", ""supports:fwd"", ""contains:rev""]","[0.6185937523841858, 0.3149803578853607, 0.031227799132466316, 0.019618932157754898, 0.009050075896084309]"
3,0.3,s3_case48,support for <e2> comes from <e1>,supports:fwd,precedes:rev,0,0,precedes:rev,0,precedes:rev,0,0,,,,,,,,,
3,0.3,s3_case49,<e2> is ahead of <e1> directly,precedes:rev,maps:fwd,0,1,precedes:rev,1,precedes:rev,1,1,maps:fwd,maps:fwd,precedes:rev,1.0,0.0,2.0,"{""maps:fwd"": 0.04621002813514998, ""contains:fwd"": 0.11136874226252023, ""contains:rev"": 0.04621002813514998, ""precedes:rev"": 0.88863125773748, ""precedes:fwd"": 0.04621002813514998}","[""maps:fwd"", ""contains:fwd"", ""contains:rev"", ""precedes:rev"", ""precedes:fwd""]","[0.8587840795516968, 0.05762670561671257, 0.054830651730298996, 0.01349305734038353, 0.006719636730849743]"
3,0.3,s3_case50,the target of <e1> is <e2> usually,maps:fwd,maps:rev,0,0,maps:rev,0,maps:rev,0,0,,,,,,,,,
3,0.3,s3_case51,within <e2> sits <e1> usually,contains:rev,contains:fwd,0,1,contains:rev,1,maps:rev,0,1,contains:fwd,contains:fwd,contains:rev,1.0,0.0,4.0,"{""contains:fwd"": 0.09123800320081073, ""contains:rev"": 0.7905855445433998, ""supports:fwd"": 0.12759194493515, ""precedes:rev"": 0.08300456359093959, ""maps:rev"": 0.04621002813514998}","[""contains:fwd"", ""contains:rev"", ""supports:fwd"", ""precedes:rev"", ""maps:rev""]","[0.5325185060501099, 0.35092994570732117, 0.03788423538208008, 0.02897370606660843, 0.01758361980319023]"
3,0.3,s3_case52,the target of <e1> is <e2>,maps:fwd,maps:rev,0,1,maps:rev,0,maps:rev,0,0,maps:rev,maps:rev,maps:rev,1.0,1.0,1.0,"{""maps:rev"": 0.14545626813515, ""contains:fwd"": 0.21409735756033782, ""supports:fwd"": 0.04621002813514998, ""precedes:rev"": 0.04621002813514998, ""maps:fwd"": 0.6866564024396624}","[""maps:rev"", ""contains:fwd"", ""supports:fwd"", ""precedes:rev"", ""maps:fwd""]","[0.9775461554527283, 0.007945476099848747, 0.004559227731078863, 0.003206083085387945, 0.0022508122492581606]"
3,0.3,s3_case53,within <e1> sits <e2> in context,contains:fwd,contains:rev,0,1,contains:fwd,1,contains:rev,0,1,contains:rev,contains:rev,contains:fwd,1.0,0.0,4.0,"{""contains:rev"": 0.04621002813514998, ""maps:rev"": 0.14545626813515, ""precedes:fwd"": 0.04621002813514998, ""precedes:rev"": 0.10774520923141251, ""contains:fwd"": 0.7930085507685878}","[""contains:rev"", ""maps:rev"", ""precedes:fwd"", ""precedes:rev"", ""contains:fwd""]","[0.2806221842765808, 0.2592027187347412, 0.23495854437351227, 0.14411427080631256, 0.03688398376107216]"
3,0.3,s3_case54,<e2> is ahead of <e1> for this case,precedes:rev,maps:fwd,0,1,maps:fwd,0,maps:fwd,0,0,maps:fwd,maps:fwd,maps:fwd,1.0,1.0,1.0,"{""maps:fwd"": 0.19741354720889745, ""contains:fwd"": 0.04621002813514998, ""contains:rev"": 0.04621002813514998, ""precedes:rev"": 0.7033402127911028, ""precedes:fwd"": 0.14545626813515}","[""maps:fwd"", ""contains:fwd"", ""contains:rev"", ""precedes:rev"", ""precedes:fwd""]","[0.8584728837013245, 0.04539516568183899, 0.03767849877476692, 0.03471515700221062, 0.013158492743968964]"
3,0.3,s3_case55,for this case <e1> trails <e2>,precedes:rev,maps:fwd,0,0,maps:fwd,0,maps:fwd,0,0,,,,,,,,,
3,0.3,s3_case56,support for <e2> comes from <e1> in context,supports:fwd,precedes:rev,0,0,precedes:rev,0,precedes:rev,0,0,,,,,,,,,
3,0.3,s3_case57,from <e2> <e1> is mapped directly,maps:rev,maps:rev,1,1,maps:rev,1,maps:rev,1,0,precedes:rev,precedes:rev,maps:rev,1.0,0.0,4.0,"{""maps:rev"": 0.7287619967991895, ""precedes:rev"": 0.22621002813514998, ""contains:rev"": 0.0709506737756229, ""precedes:fwd"": 0.0664973575603378, ""supports:rev"": 0.04621002813514998}","[""maps:rev"", ""precedes:rev"", ""contains:rev"", ""precedes:fwd"", ""supports:rev""]","[0.4279889762401581, 0.33912408351898193, 0.16267870366573334, 0.03209611028432846, 0.016479969024658203]"
3,0.3,s3_case58,within <e2> sits <e1> directly,contains:rev,contains:fwd,0,1,contains:rev,1,precedes:rev,0,1,contains:fwd,contains:fwd,contains:rev,1.0,0.0,3.0,"{""contains:fwd"": 0.08300456359093959, ""contains:rev"": 0.8620832716948403, ""maps:rev"": 0.04621002813514998, ""precedes:rev"": 0.07638154720889745, ""supports:fwd"": 0.0709506737756229}","[""contains:fwd"", ""contains:rev"", ""maps:rev"", ""precedes:rev"", ""supports:fwd""]","[0.6884585618972778, 0.19500786066055298, 0.06902217119932175, 0.015630993992090225, 0.01477504801005125]"
3,0.3,s3_case59,<e2> is held up by <e1> for this case,supports:fwd,contains:fwd,0,0,contains:fwd,0,contains:fwd,0,0,,,,,,,,,
3,0.3,s3_case60,within <e1> sits <e2>,contains:fwd,precedes:fwd,0,1,contains:fwd,1,contains:rev,0,1,precedes:fwd,precedes:fwd,contains:fwd,1.0,0.0,1.0,"{""precedes:fwd"": 0.07638154720889745, ""contains:rev"": 0.04621002813514998, ""precedes:rev"": 0.04621002813514998, ""contains:fwd"": 0.8868239173353132, ""maps:fwd"": 0.08300456359093959}","[""precedes:fwd"", ""contains:rev"", ""precedes:rev"", ""contains:fwd"", ""maps:fwd""]","[0.5971558690071106, 0.17103151977062225, 0.10362645983695984, 0.05258012190461159, 0.03300247713923454]"
3,0.3,s3_case61,<e2> has <e1> inside for this case,contains:rev,contains:rev,1,1,contains:rev,1,precedes:rev,0,0,precedes:fwd,precedes:fwd,contains:rev,1.0,0.0,11.0,"{""contains:rev"": 0.9236184527911029, ""precedes:fwd"": 0.04621002813514998, ""maps:fwd"": 0.04621002813514998, ""precedes:rev"": 0.04621002813514998, ""supports:fwd"": 0.07638154720889745}","[""contains:rev"", ""precedes:fwd"", ""maps:fwd"", ""precedes:rev"", ""supports:fwd""]","[0.9361944198608398, 0.027999676764011383, 0.01196008175611496, 0.00998663529753685, 0.0055141206830739975]"
3,0.3,s3_case62,the target of <e2> is <e1> in context,maps:rev,maps:fwd,0,1,maps:rev,1,maps:fwd,0,1,maps:fwd,maps:fwd,maps:rev,1.0,0.0,2.0,"{""maps:fwd"": 0.04621002813514998, ""maps:rev"": 0.9537899718648504, ""precedes:fwd"": 0.04621002813514998, ""precedes:rev"": 0.04621002813514998, ""supports:fwd"": 0.04621002813514998}","[""maps:fwd"", ""maps:rev"", ""precedes:fwd"", ""precedes:rev"", ""supports:fwd""]","[0.877869725227356, 0.09401403367519379, 0.008684033527970314, 0.007084359880536795, 0.004817876499146223]"
3,0.3,s3_case63,<e2> is held up by <e1> usually,supports:fwd,contains:fwd,0,0,contains:fwd,0,contains:fwd,0,0,,,,,,,,,
3,0.3,s3_case64,to <e1> <e2> points usually,maps:rev,maps:fwd,0,0,maps:fwd,0,maps:fwd,0,0,,,,,,,,,
3,0.3,s3_case65,before <e1> comes <e2> for this case,precedes:rev,precedes:fwd,0,1,precedes:rev,1,precedes:fwd,0,1,precedes:fwd,precedes:fwd,precedes:rev,1.0,0.0,1.0,"{""precedes:fwd"": 0.04621002813514998, ""contains:fwd"": 0.04621002813514998, ""precedes:rev"": 0.7996315671506298, ""supports:fwd"": 0.1011221928493704, ""contains:rev"": 0.14545626813515}","[""precedes:fwd"", ""contains:fwd"", ""precedes:rev"", ""supports:fwd"", ""contains:rev""]","[0.9485105276107788, 0.01906627230346203, 0.013314485549926758, 0.009228692390024662, 0.006174845155328512]"
3,0.3,s3_case66,<e1> trails <e2>,precedes:rev,precedes:rev,1,1,precedes:rev,1,precedes:rev,1,0,maps:fwd,precedes:rev,precedes:rev,0.0,0.0,13.0,"{""precedes:rev"": 0.6816879976483774, ""maps:fwd"": 0.12759194493515, ""contains:rev"": 0.04621002813514998, ""precedes:fwd"": 0.13768384555162294, ""maps:rev"": 0.14545626813515}","[""precedes:rev"", ""maps:fwd"", ""contains:rev"", ""precedes:fwd"", ""maps:rev""]","[0.8835182189941406, 0.07606489211320877, 0.018896445631980896, 0.010944283567368984, 0.005764765664935112]"
3,0.3,s3_case67,<e1> trails <e2>,precedes:rev,precedes:rev,1,1,precedes:rev,1,precedes:rev,1,0,maps:fwd,precedes:rev,precedes:rev,0.0,0.0,8.0,"{""precedes:rev"": 0.7292302646330606, ""maps:fwd"": 0.04621002813514998, ""contains:rev"": 0.16724202813515002, ""precedes:fwd"": 0.08300456359093959, ""maps:rev"": 0.11294319991115}","[""precedes:rev"", ""maps:fwd"", ""contains:rev"", ""precedes:fwd"", ""maps:rev""]","[0.8835182189941406, 0.07606489211320877, 0.018896445631980896, 0.010944283567368984, 0.005764765664935112]"
3,0.3,s3_case68,<e2> is held up by <e1> in context,supports:fwd,contains:fwd,0,0,contains:fwd,0,contains:fwd,0,0,,,,,,,,,
3,0.3,s3_case69,support for <e1> comes from <e2>,supports:rev,precedes:rev,0,0,precedes:rev,0,precedes:rev,0,0,,,,,,,,,
3,0.3,s3_case70,<e1> trails <e2>,precedes:rev,precedes:rev,1,1,precedes:rev,1,contains:rev,0,0,maps:fwd,maps:fwd,precedes:rev,1.0,0.0,11.0,"{""precedes:rev"": 0.8243722127911028, ""maps:fwd"": 0.04621002813514998, ""contains:rev"": 0.04621002813514998, ""precedes:fwd"": 0.04621002813514998, ""maps:rev"": 0.17562778720889746}","[""precedes:rev"", ""maps:fwd"", ""contains:rev"", ""precedes:fwd"", ""maps:rev""]","[0.8835182189941406, 0.07606489211320877, 0.018896445631980896, 0.010944283567368984, 0.005764765664935112]"
3,0.3,s3_case71,to <e1> <e2> points,maps:rev,precedes:rev,0,0,precedes:rev,0,precedes:rev,0,0,,,,,,,,,
3,0.3,s3_case72,<e2> trails <e1> for this case,precedes:fwd,contains:rev,0,1,precedes:fwd,1,supports:fwd,0,1,contains:rev,contains:rev,precedes:fwd,1.0,0.0,5.0,"{""contains:rev"": 0.07638154720889745, ""precedes:fwd"": 0.9033311233659151, ""maps:fwd"": 0.0664973575603378, ""supports:fwd"": 0.04621002813514998, ""contains:fwd"": 0.04621002813514998}","[""contains:rev"", ""precedes:fwd"", ""maps:fwd"", ""supports:fwd"", ""contains:fwd""]","[0.5577846169471741, 0.37293142080307007, 0.024929862469434738, 0.015170575119554996, 0.014368779957294464]"
3,0.3,s3_case73,before <e2> comes <e1> for this case,precedes:fwd,precedes:fwd,1,1,precedes:fwd,1,precedes:rev,0,0,precedes:rev,precedes:rev,precedes:fwd,1.0,0.0,6.0,"{""precedes:fwd"": 0.779344237725442, ""precedes:rev"": 0.07638154720889745, ""contains:fwd"": 0.0664973575603378, ""supports:fwd"": 0.04621002813514998, ""contains:rev"": 0.17019691377562293}","[""precedes:fwd"", ""precedes:rev"", ""contains:fwd"", ""supports:fwd"", ""contains:rev""]","[0.6767299771308899, 0.19111546874046326, 0.06788817048072815, 0.04528052732348442, 0.012099671177566051]"
3,0.3,s3_case74,inside <e2> is <e1> directly,contains:rev,contains:rev,1,1,contains:rev,1,contains:rev,1,0,contains:fwd,contains:fwd,contains:rev,1.0,0.0,7.0,"{""contains:rev"": 0.8061899718648504, ""contains:fwd"": 0.04621002813514998, ""precedes:fwd"": 0.04621002813514998, ""supports:fwd"": 0.04621002813514998, ""supports:rev"": 0.19381002813515}","[""contains:rev"", ""contains:fwd"", ""precedes:fwd"", ""supports:fwd"", ""supports:rev""]","[0.8156959414482117, 0.16094930469989777, 0.00675942562520504, 0.0063030291348695755, 0.00520801916718483]"
3,0.3,s3_case75,to <e1> <e2> points for this case,maps:rev,maps:fwd,0,0,maps:fwd,0,maps:fwd,0,0,,,,,,,,,
3,0.3,s3_case76,inside <e1> is <e2> directly,contains:fwd,contains:rev,0,1,contains:fwd,1,contains:fwd,1,1,contains:rev,contains:rev,contains:fwd,1.0,0.0,1.0,"{""contains:rev"": 0.04621002813514998, ""precedes:fwd"": 0.11294319991115, ""contains:fwd"": 0.7878105600888503, ""supports:fwd"": 0.04621002813514998, ""maps:fwd"": 0.14545626813515}","[""contains:rev"", ""precedes:fwd"", ""contains:fwd"", ""supports:fwd"", ""maps:fwd""]","[0.8160138130187988, 0.07978658378124237, 0.07731800526380539, 0.010987992398440838, 0.007031251676380634]"
3,0.3,s3_case77,in context <e1> is ahead of <e2>,precedes:fwd,maps:rev,0,1,maps:rev,0,maps:rev,0,0,maps:rev,maps:rev,maps:rev,1.0,1.0,1.0,"{""maps:rev"": 0.10093122899146997, ""supports:rev"": 0.04621002813514998, ""contains:fwd"": 0.04621002813514998, ""maps:fwd"": 0.4488529319110799, ""precedes:fwd"": 0.4964258672326004}","[""maps:rev"", ""supports:rev"", ""contains:fwd"", ""maps:fwd"", ""precedes:fwd""]","[0.9043511748313904, 0.05001651495695114, 0.022066814824938774, 0.011337955482304096, 0.0059297229163348675]"
3,0.3,s3_case78,backing <e1> is <e2> for this case,supports:rev,contains:rev,0,0,contains:rev,0,contains:rev,0,0,,,,,,,,,
3,0.3,s3_case79,<e1> is held up by <e2>,supports:rev,contains:fwd,0,1,contains:rev,0,contains:fwd,0,0,contains:fwd,contains:fwd,contains:rev,1.0,0.0,2.0,"{""contains:fwd"": 0.13323052933633783, ""contains:rev"": 0.30759194493514996, ""maps:rev"": 0.08300456359093959, ""supports:rev"": 0.5685930184078728, ""precedes:rev"": 0.04621002813514998}","[""contains:fwd"", ""contains:rev"", ""maps:rev"", ""supports:rev"", ""precedes:rev""]","[0.504189670085907, 0.2497488409280777, 0.18268565833568573, 0.02934413217008114, 0.012339254841208458]"
4,0.0,s4_case0,support for <e1> comes from <e2> in context,supports:rev,maps:rev,0,0,maps:rev,0,maps:rev,0,0,,,,,,,,,
4,0.0,s4_case1,to <e1> <e2> points for this case,maps:rev,maps:rev,1,1,maps:rev,1,supports:fwd,0,0,maps:fwd,maps:fwd,maps:rev,1.0,0.0,6.0,"{""maps:rev"": 0.9537899718648504, ""maps:fwd"": 0.04621002813514998, ""contains:fwd"": 0.04621002813514998, ""supports:fwd"": 0.04621002813514998, ""precedes:fwd"": 0.04621002813514998}","[""maps:rev"", ""maps:fwd"", ""contains:fwd"", ""supports:fwd"", ""precedes:fwd""]","[0.7087090611457825, 0.20683372020721436, 0.043642472475767136, 0.027704838663339615, 0.009330309927463531]"
4,0.0,s4_case2,before <e1> comes <e2> usually,precedes:rev,precedes:fwd,0,1,precedes:rev,1,precedes:fwd,0,1,precedes:fwd,precedes:fwd,precedes:rev,1.0,0.0,1.0,"{""precedes:fwd"": 0.04621002813514998, ""precedes:rev"": 0.9537899718648504, ""maps:fwd"": 0.04621002813514998, ""contains:rev"": 0.04621002813514998, ""maps:rev"": 0.04621002813514998}","[""precedes:fwd"", ""precedes:rev"", ""maps:fwd"", ""contains:rev"", ""maps:rev""]","[0.9596462845802307, 0.027815276756882668, 0.004303662572056055, 0.0033207654487341642, 0.0021141350734978914]"
4,0.0,s4_case3,<e2> is held up by <e1> in context,supports:fwd,maps:fwd,0,0,maps:fwd,0,maps:fwd,0,0,,,,,,,,,
4,0.0,s4_case4,within <e2> sits <e1> in context,contains:rev,contains:fwd,0,0,contains:fwd,0,contains:fwd,0,0,,,,,,,,,
4,0.0,s4_case5,inside <e2> is <e1> directly,contains:rev,maps:rev,0,1,contains:rev,1,maps:rev,0,1,maps:rev,maps:rev,contains:rev,1.0,0.0,3.0,"{""maps:rev"": 0.04621002813514998, ""contains:rev"": 0.9537899718648504, ""contains:fwd"": 0.04621002813514998, ""precedes:fwd"": 0.04621002813514998, ""supports:fwd"": 0.04621002813514998}","[""maps:rev"", ""contains:rev"", ""contains:fwd"", ""precedes:fwd"", ""supports:fwd""]","[0.5861344933509827, 0.2313598096370697, 0.12809008359909058, 0.03647994622588158, 0.006072792690247297]"
4,0.0,s4_case6,to <e1> <e2> points,maps:rev,maps:fwd,0,1,maps:rev,1,contains:fwd,0,1,maps:fwd,maps:fwd,maps:rev,1.0,0.0,2.0,"{""maps:fwd"": 0.04621002813514998, ""maps:rev"": 0.9537899718648504, ""precedes:fwd"": 0.04621002813514998, ""contains:fwd"": 0.04621002813514998, ""supports:fwd"": 0.04621002813514998}","[""maps:fwd"", ""maps:rev"", ""precedes:fwd"", ""contains:fwd"", ""supports:fwd""]","[0.8072847723960876, 0.17612425982952118, 0.006031292490661144, 0.004383713472634554, 0.003228253684937954]"
4,0.0,s4_case7,usually <e1> trails <e2>,precedes:rev,precedes:fwd,0,0,precedes:fwd,0,precedes:fwd,0,0,,,,,,,,,
4,0.0,s4_case8,inside <e2> is <e1> in context,contains:rev,maps:rev,0,1,contains:rev,1,contains:fwd,0,1,maps:rev,maps:rev,contains:rev,1.0,0.0,2.0,"{""maps:rev"": 0.04621002813514998, ""precedes:fwd"": 0.04621002813514998, ""contains:rev"": 0.9537899718648504, ""contains:fwd"": 0.04621002813514998, ""supports:rev"": 0.04621002813514998}","[""maps:rev"", ""precedes:fwd"", ""contains:rev"", ""contains:fwd"", ""supports:rev""]","[0.5360198020935059, 0.24855148792266846, 0.10045070946216583, 0.07086776196956635, 0.01775345578789711]"
4,0.0,s4_case9,inside <e1> is <e2> usually,contains:fwd,contains:rev,0,1,contains:fwd,1,contains:fwd,1,1,contains:rev,contains:rev,contains:fwd,1.0,0.0,1.0,"{""contains:rev"": 0.04621002813514998, ""maps:fwd"": 0.04621002813514998, ""contains:fwd"": 0.9537899718648504, ""precedes:fwd"": 0.04621002813514998, ""precedes:rev"": 0.04621002813514998}","[""contains:rev"", ""maps:fwd"", ""contains:fwd"", ""precedes:fwd"", ""precedes:rev""]","[0.9496526122093201, 0.01922106370329857, 0.01649855263531208, 0.005693610291928053, 0.0051957000978291035]"
4,0.0,s4_case10,to <e1> <e2> points in context,maps:rev,maps:fwd,0,1,maps:rev,1,precedes:rev,0,1,maps:fwd,maps:fwd,maps:rev,1.0,0.0,3.0,"{""maps:fwd"": 0.04621002813514998, ""contains:fwd"": 0.04621002813514998, ""maps:rev"": 0.9537899718648504, ""supports:fwd"": 0.04621002813514998, ""precedes:rev"": 0.04621002813514998}","[""maps:fwd"", ""contains:fwd"", ""maps:rev"", ""supports:fwd"", ""precedes:rev""]","[0.43569010496139526, 0.19899921119213104, 0.18899057805538177, 0.11952453851699829, 0.026672828942537308]"
4,0.0,s4_case11,<e2> is held up by <e1> in context,supports:fwd,maps:fwd,0,0,maps:fwd,0,maps:fwd,0,0,,,,,,,,,
4,0.0,s4_case12,support for <e1> comes from <e2> for this case,supports:rev,maps:rev,0,0,maps:rev,0,maps:rev,0,0,,,,,,,,,
4,0.0,s4_case13,in context <e1> is ahead of <e2>,precedes:fwd,maps:rev,0,1,precedes:fwd,1,maps:rev,0,1,maps:rev,maps:rev,precedes:fwd,1.0,0.0,1.0,"{""maps:rev"": 0.04621002813514998, ""precedes:fwd"": 0.9537899718648504, ""supports:rev"": 0.04621002813514998, ""contains:rev"": 0.04621002813514998, ""maps:fwd"": 0.04621002813514998}","[""maps:rev"", ""precedes:fwd"", ""supports:rev"", ""contains:rev"", ""maps:fwd""]","[0.86073237657547, 0.048033565282821655, 0.04227534309029579, 0.02741241455078125, 0.011314031668007374]"
4,0.0,s4_case14,backing <e2> is <e1> usually,supports:fwd,maps:rev,0,0,maps:rev,0,maps:rev,0,0,,,,,,,,,
4,0.0,s4_case15,<e2> is ahead of <e1> usually,precedes:rev,maps:fwd,0,1,precedes:rev,1,contains:fwd,0,1,maps:fwd,maps:fwd,precedes:rev,1.0,0.0,3.0,"{""maps:fwd"": 0.04621002813514998, ""contains:fwd"": 0.04621002813514998, ""precedes:rev"": 0.9537899718648504, ""precedes:fwd"": 0.04621002813514998, ""contains:rev"": 0.04621002813514998}","[""maps:fwd"", ""contains:fwd"", ""precedes:rev"", ""precedes:fwd"", ""contains:rev""]","[0.41039028763771057, 0.27875226736068726, 0.2416275292634964, 0.03875648230314255, 0.012882874347269535]"
4,0.0,s4_case16,<e2> has <e1> inside,contains:rev,contains:rev,1,1,contains:rev,1,contains:rev,1,0,precedes:fwd,precedes:fwd,contains:rev,1.0,0.0,11.0,"{""contains:rev"": 0.9537899718648504, ""precedes:fwd"": 0.04621002813514998, ""contains:fwd"": 0.04621002813514998, ""maps:rev"": 0.04621002813514998, ""precedes:rev"": 0.04621002813514998}","[""contains:rev"", ""precedes:fwd"", ""contains:fwd"", ""maps:rev"", ""precedes:rev""]","[0.9636278748512268, 0.01757294125854969, 0.010416816920042038, 0.003203348256647587, 0.002577315317466855]"
4,0.0,s4_case17,usually <e1> has <e2> inside,contains:fwd,precedes:fwd,0,1,contains:fwd,1,contains:rev,0,1,precedes:fwd,precedes:fwd,contains:fwd,1.0,0.0,3.0,"{""precedes:fwd"": 0.04621002813514998, ""contains:fwd"": 0.9537899718648504, ""precedes:rev"": 0.04621002813514998, ""contains:rev"": 0.04621002813514998, ""maps:rev"": 0.04621002813514998}","[""precedes:fwd"", ""contains:fwd"", ""precedes:rev"", ""contains:rev"", ""maps:rev""]","[0.573695182800293, 0.25086331367492676, 0.09747537970542908, 0.06485334038734436, 0.006886942312121391]"
4,0.0,s4_case18,backing <e2> is <e1> in context,supports:fwd,maps:rev,0,1,supports:fwd,1,contains:fwd,0,1,maps:rev,maps:rev,supports:fwd,1.0,0.0,1.0,"{""maps:rev"": 0.04621002813514998, ""precedes:fwd"": 0.04621002813514998, ""contains:fwd"": 0.04621002813514998, ""supports:fwd"": 0.9537899718648504, ""contains:rev"": 0.04621002813514998}","[""maps:rev"", ""precedes:fwd"", ""contains:fwd"", ""supports:fwd"", ""contains:rev""]","[0.6737381219863892, 0.28907352685928345, 0.011992343701422215, 0.008573684841394424, 0.008446520194411278]"
4,0.0,s4_case19,from <e1> <e2> is mapped in context,maps:fwd,maps:fwd,1,1,maps:fwd,1,maps:fwd,1,0,maps:rev,maps:rev,maps:fwd,1.0,0.0,8.0,"{""maps:fwd"": 0.9537899718648504, ""maps:rev"": 0.04621002813514998, ""precedes:fwd"": 0.04621002813514998, ""supports:rev"": 0.04621002813514998, ""contains:fwd"": 0.04621002813514998}","[""maps:fwd"", ""maps:rev"", ""precedes:fwd"", ""supports:rev"", ""contains:fwd""]","[0.9311681389808655, 0.055695660412311554, 0.007571440190076828, 0.0013476309832185507, 0.0012624518712982535]"
4,0.0,s4_case20,before <e2> comes <e1> in context,precedes:fwd,precedes:rev,0,1,precedes:fwd,1,maps:rev,0,1,precedes:rev,precedes:rev,precedes:fwd,1.0,0.0,2.0,"{""precedes:rev"": 0.04621002813514998, ""precedes:fwd"": 0.9537899718648504, ""contains:fwd"": 0.04621002813514998, ""maps:rev"": 0.04621002813514998, ""contains:rev"": 0.04621002813514998}","[""precedes:rev"", ""precedes:fwd"", ""contains:fwd"", ""maps:rev"", ""contains:rev""]","[0.8109793066978455, 0.1472446620464325, 0.02724047191441059, 0.008054631762206554, 0.002735840156674385]"
4,0.0,s4_case21,directly <e1> trails <e2>,precedes:rev,precedes:fwd,0,0,precedes:fwd,0,precedes:fwd,0,0,,,,,,,,,
4,0.0,s4_case22,from <e2> <e1> is mapped for this case,maps:rev,maps:fwd,0,1,maps:rev,1,precedes:fwd,0,1,maps:fwd,maps:fwd,maps:rev,1.0,0.0,2.0,"{""maps:fwd"": 0.04621002813514998, ""maps:rev"": 0.9537899718648504, ""precedes:fwd"": 0.04621002813514998, ""contains:rev"": 0.04621002813514998, ""supports:rev"": 0.04621002813514998}","[""maps:fwd"", ""maps:rev"", ""precedes:fwd"", ""contains:rev"", ""supports:rev""]","[0.801142692565918, 0.1819036602973938, 0.00929123256355524, 0.0040211305022239685, 0.0014380994252860546]"
4,0.0,s4_case23,from <e1> <e2> is mapped in context,maps:fwd,maps:fwd,1,1,maps:fwd,1,maps:rev,0,0,maps:rev,maps:rev,maps:fwd,1.0,0.0,8.0,"{""maps:fwd"": 0.9537899718648504, ""maps:rev"": 0.04621002813514998, ""precedes:fwd"": 0.04621002813514998, ""supports:rev"": 0.04621002813514998, ""contains:fwd"": 0.04621002813514998}","[""maps:fwd"", ""maps:rev"", ""precedes:fwd"", ""supports:rev"", ""contains:fwd""]","[0.9311681389808655, 0.055695660412311554, 0.007571440190076828, 0.0013476309832185507, 0.0012624518712982535]"
4,0.0,s4_case24,support for <e1> comes from <e2>,supports:rev,precedes:fwd,0,0,precedes:fwd,0,precedes:fwd,0,0,,,,,,,,,
4,0.0,s4_case25,before <e2> comes <e1> directly,precedes:fwd,precedes:rev,0,1,precedes:fwd,1,precedes:rev,0,1,precedes:rev,precedes:rev,precedes:fwd,1.0,0.0,1.0,"{""precedes:rev"": 0.04621002813514998, ""precedes:fwd"": 0.9537899718648504, ""contains:fwd"": 0.04621002813514998, ""maps:rev"": 0.04621002813514998, ""contains:rev"": 0.04621002813514998}","[""precedes:rev"", ""precedes:fwd"", ""contains:fwd"", ""maps:rev"", ""contains:rev""]","[0.9279811382293701, 0.045782431960105896, 0.015205149538815022, 0.0051359194330871105, 0.004263171926140785]"
4,0.0,s4_case26,before <e1> comes <e2> directly,precedes:rev,precedes:fwd,0,1,precedes:rev,1,contains:rev,0,1,precedes:fwd,precedes:fwd,precedes:rev,1.0,0.0,3.0,"{""precedes:fwd"": 0.04621002813514998, ""precedes:rev"": 0.9537899718648504, ""contains:rev"": 0.04621002813514998, ""maps:fwd"": 0.04621002813514998, ""contains:fwd"": 0.04621002813514998}","[""precedes:fwd"", ""precedes:rev"", ""contains:rev"", ""maps:fwd"", ""contains:fwd""]","[0.6343196630477905, 0.32745784521102905, 0.01987871527671814, 0.012564195320010185, 0.002450407249853015]"
4,0.0,s4_case27,before <e2> comes <e1> in context,precedes:fwd,precedes:rev,0,1,precedes:fwd,1,precedes:rev,0,1,precedes:rev,precedes:rev,precedes:fwd,1.0,0.0,2.0,"{""precedes:rev"": 0.04621002813514998, ""precedes:fwd"": 0.9537899718648504, ""contains:fwd"": 0.04621002813514998, ""maps:rev"": 0.04621002813514998, ""contains:rev"": 0.04621002813514998}","[""precedes:rev"", ""precedes:fwd"", ""contains:fwd"", ""maps:rev"", ""contains:rev""]","[0.8109793066978455, 0.1472446620464325, 0.02724047191441059, 0.008054631762206554, 0.002735840156674385]"
4,0.0,s4_case28,support for <e1> comes from <e2>,supports:rev,precedes:fwd,0,0,precedes:fwd,0,precedes:fwd,0,0,,,,,,,,,
4,0.0,s4_case29,inside <e2> is <e1> directly,contains:rev,maps:rev,0,1,contains:rev,1,maps:rev,0,1,maps:rev,maps:rev,contains:rev,1.0,0.0,3.0,"{""maps:rev"": 0.04621002813514998, ""contains:rev"": 0.9537899718648504, ""contains:fwd"": 0.04621002813514998, ""precedes:fwd"": 0.04621002813514998, ""supports:fwd"": 0.04621002813514998}","[""maps:rev"", ""contains:rev"", ""contains:fwd"", ""precedes:fwd"", ""supports:fwd""]","[0.5861344933509827, 0.2313598096370697, 0.12809008359909058, 0.03647994622588158, 0.006072792690247297]"
4,0.0,s4_case30,<e2> has <e1> inside in context,contains:rev,contains:rev,1,1,contains:rev,1,contains:rev,1,0,contains:fwd,contains:fwd,contains:rev,1.0,0.0,6.0,"{""contains:rev"": 0.9537899718648504, ""contains:fwd"": 0.04621002813514998, ""precedes:fwd"": 0.04621002813514998, ""supports:rev"": 0.04621002813514998, ""maps:rev"": 0.04621002813514998}","[""contains:rev"", ""contains:fwd"", ""precedes:fwd"", ""supports:rev"", ""maps:rev""]","[0.73399418592453, 0.18589679896831512, 0.051477182656526566, 0.013307785615324974, 0.007031273562461138]"
4,0.0,s4_case31,within <e1> sits <e2> directly,contains:fwd,precedes:rev,0,1,contains:fwd,1,contains:fwd,1,1,precedes:rev,precedes:rev,contains:fwd,1.0,0.0,1.0,"{""precedes:rev"": 0.04621002813514998, ""contains:fwd"": 0.9537899718648504, ""precedes:fwd"": 0.04621002813514998, ""contains:rev"": 0.04621002813514998, ""supports:fwd"": 0.04621002813514998}","[""precedes:rev"", ""contains:fwd"", ""precedes:fwd"", ""contains:rev"", ""supports:fwd""]","[0.9401321411132812, 0.036498188972473145, 0.010191294364631176, 0.009740268811583519, 0.0013791476376354694]"
4,0.0,s4_case32,backing <e1> is <e2> directly,supports:rev,maps:fwd,0,0,maps:fwd,0,maps:fwd,0,0,,,,,,,,,
4,0.0,s4_case33,<e2> is ahead of <e1> usually,precedes:rev,maps:fwd,0,1,precedes:rev,1,maps:fwd,0,1,maps:fwd,maps:fwd,precedes:rev,1.0,0.0,3.0,"{""maps:fwd"": 0.04621002813514998, ""contains:fwd"": 0.04621002813514998, ""precedes:rev"": 0.9537899718648504, ""precedes:fwd"": 0.04621002813514998, ""contains:rev"": 0.04621002813514998}","[""maps:fwd"", ""contains:fwd"", ""precedes:rev"", ""precedes:fwd"", ""contains:rev""]","[0.41039028763771057, 0.27875226736068726, 0.2416275292634964, 0.03875648230314255, 0.012882874347269535]"
4,0.0,s4_case34,from <e2> <e1> is mapped,maps:rev,maps:rev,1,1,maps:rev,1,maps:rev,1,0,maps:fwd,maps:fwd,maps:rev,1.0,0.0,6.0,"{""maps:rev"": 0.9537899718648504, ""maps:fwd"": 0.04621002813514998, ""precedes:fwd"": 0.04621002813514998, ""contains:rev"": 0.04621002813514998, ""supports:fwd"": 0.04621002813514998}","[""maps:rev"", ""maps:fwd"", ""precedes:fwd"", ""contains:rev"", ""supports:fwd""]","[0.7828982472419739, 0.20234721899032593, 0.009008328430354595, 0.0019624882843345404, 0.0014543154975399375]"
4,0.0,s4_case35,<e2> trails <e1> for this case,precedes:fwd,precedes:fwd,1,1,precedes:fwd,1,precedes:rev,0,0,maps:fwd,maps:fwd,precedes:fwd,1.0,0.0,9.0,"{""precedes:fwd"": 0.9537899718648504, ""maps:fwd"": 0.04621002813514998, ""maps:rev"": 0.04621002813514998, ""contains:rev"": 0.04621002813514998, ""precedes:rev"": 0.04621002813514998}","[""precedes:fwd"", ""maps:fwd"", ""maps:rev"", ""contains:rev"", ""precedes:rev""]","[0.9213875532150269, 0.0400671549141407, 0.013962559401988983, 0.01312583964318037, 0.006649130955338478]"
4,0.0,s4_case36,the target of <e2> is <e1> in context,maps:rev,maps:fwd,0,1,maps:rev,1,precedes:fwd,0,1,maps:fwd,maps:fwd,maps:rev,1.0,0.0,1.0,"{""maps:fwd"": 0.04621002813514998, ""contains:rev"": 0.04621002813514998, ""precedes:fwd"": 0.04621002813514998, ""maps:rev"": 0.9537899718648504, ""supports:rev"": 0.04621002813514998}","[""maps:fwd"", ""contains:rev"", ""precedes:fwd"", ""maps:rev"", ""supports:rev""]","[0.9726717472076416, 0.008310657925903797, 0.008111849427223206, 0.003673435188829899, 0.0026255548000335693]"
4,0.0,s4_case37,<e2> has <e1> inside directly,contains:rev,contains:rev,1,1,contains:rev,1,contains:fwd,0,0,precedes:rev,precedes:rev,contains:rev,1.0,0.0,7.0,"{""contains:rev"": 0.9537899718648504, ""precedes:rev"": 0.04621002813514998, ""precedes:fwd"": 0.04621002813514998, ""contains:fwd"": 0.04621002813514998, ""maps:rev"": 0.04621002813514998}","[""contains:rev"", ""precedes:rev"", ""precedes:fwd"", ""contains:fwd"", ""maps:rev""]","[0.7923663258552551, 0.09125537425279617, 0.060749445110559464, 0.04337935149669647, 0.007291097193956375]"
4,0.0,s4_case38,inside <e1> is <e2>,contains:fwd,contains:rev,0,1,contains:fwd,1,contains:fwd,1,1,contains:rev,contains:rev,contains:fwd,1.0,0.0,1.0,"{""contains:rev"": 0.04621002813514998, ""maps:fwd"": 0.04621002813514998, ""contains:fwd"": 0.9537899718648504, ""precedes:fwd"": 0.04621002813514998, ""precedes:rev"": 0.04621002813514998}","[""contains:rev"", ""maps:fwd"", ""contains:fwd"", ""precedes:fwd"", ""precedes:rev""]","[0.9693425297737122, 0.011558749713003635, 0.010373935103416443, 0.004143302794545889, 0.0015979399904608727]"
4,0.0,s4_case39,within <e1> sits <e2> usually,contains:fwd,precedes:rev,0,1,contains:fwd,1,precedes:rev,0,1,precedes:rev,precedes:rev,contains:fwd,1.0,0.0,1.0,"{""precedes:rev"": 0.04621002813514998, ""contains:fwd"": 0.9537899718648504, ""precedes:fwd"": 0.04621002813514998, ""contains:rev"": 0.04621002813514998, ""supports:fwd"": 0.04621002813514998}","[""precedes:rev"", ""contains:fwd"", ""precedes:fwd"", ""contains:rev"", ""supports:fwd""]","[0.9185270667076111, 0.04074965417385101, 0.029328685253858566, 0.008386192843317986, 0.0010026737581938505]"
4,0.0,s4_case40,support for <e1> comes from <e2>,supports:rev,precedes:fwd,0,0,precedes:fwd,0,precedes:fwd,0,0,,,,,,,,,
4,0.0,s4_case41,within <e1> sits <e2> for this case,contains:fwd,contains:fwd,1,1,contains:fwd,1,contains:rev,0,0,precedes:rev,precedes:rev,contains:fwd,1.0,0.0,4.0,"{""contains:fwd"": 0.9537899718648504, ""precedes:rev"": 0.04621002813514998, ""supports:fwd"": 0.04621002813514998, ""precedes:fwd"": 0.04621002813514998, ""contains:rev"": 0.04621002813514998}","[""contains:fwd"", ""precedes:rev"", ""supports:fwd"", ""precedes:fwd"", ""contains:rev""]","[0.5461125373840332, 0.3681798577308655, 0.05042612925171852, 0.02101234532892704, 0.009048229083418846]"
4,0.0,s4_case42,<e2> trails <e1>,precedes:fwd,precedes:fwd,1,1,precedes:fwd,1,supports:rev,0,0,precedes:rev,precedes:rev,precedes:fwd,1.0,0.0,9.0,"{""precedes:fwd"": 0.9537899718648504, ""precedes:rev"": 0.04621002813514998, ""maps:fwd"": 0.04621002813514998, ""supports:rev"": 0.04621002813514998, ""contains:rev"": 0.04621002813514998}","[""precedes:fwd"", ""precedes:rev"", ""maps:fwd"", ""supports:rev"", ""contains:rev""]","[0.9078838229179382, 0.03502826765179634, 0.03126414120197296, 0.011099389754235744, 0.00869868602603674]"
4,0.0,s4_case43,<e2> trails <e1> directly,precedes:fwd,precedes:fwd,1,1,precedes:fwd,1,supports:rev,0,0,contains:rev,contains:rev,precedes:fwd,1.0,0.0,7.0,"{""precedes:fwd"": 0.9537899718648504, ""contains:rev"": 0.04621002813514998, ""maps:fwd"": 0.04621002813514998, ""supports:rev"": 0.04621002813514998, ""precedes:rev"": 0.04621002813514998}","[""precedes:fwd"", ""contains:rev"", ""maps:fwd"", ""supports:rev"", ""precedes:rev""]","[0.7711207270622253, 0.0972636267542839, 0.08861910551786423, 0.020374109968543053, 0.0178743377327919]"
4,0.0,s4_case44,<e2> is held up by <e1> in context,supports:fwd,maps:fwd,0,0,maps:fwd,0,maps:fwd,0,0,,,,,,,,,
4,0.0,s4_case45,from <e1> <e2> is mapped,maps:fwd,maps:fwd,1,1,maps:fwd,1,precedes:fwd,0,0,maps:rev,maps:rev,maps:fwd,1.0,0.0,8.0,"{""maps:fwd"": 0.9537899718648504, ""maps:rev"": 0.04621002813514998, ""precedes:fwd"": 0.04621002813514998, ""precedes:rev"": 0.04621002813514998, ""contains:rev"": 0.04621002813514998}","[""maps:fwd"", ""maps:rev"", ""precedes:fwd"", ""precedes:rev"", ""contains:rev""]","[0.9247839450836182, 0.06095794960856438, 0.008421835489571095, 0.0013158823130652308, 0.0013075509341433644]"
4,0.0,s4_case46,backing <e2> is <e1> in context,supports:fwd,maps:rev,0,1,supports:fwd,1,contains:rev,0,1,maps:rev,maps:rev,supports:fwd,1.0,0.0,1.0,"{""maps:rev"": 0.04621002813514998, ""precedes:fwd"": 0.04621002813514998, ""contains:fwd"": 0.04621002813514998, ""supports:fwd"": 0.9537899718648504, ""contains:rev"": 0.04621002813514998}","[""maps:rev"", ""precedes:fwd"", ""contains:fwd"", ""supports:fwd"", ""contains:rev""]","[0.6737381219863892, 0.28907352685928345, 0.011992343701422215, 0.008573684841394424, 0.008446520194411278]"
4,0.0,s4_case47,for this case <e1> trails <e2>,precedes:rev,precedes:fwd,0,1,precedes:rev,1,contains:fwd,0,1,precedes:fwd,precedes:fwd,precedes:rev,1.0,0.0,1.0,"{""precedes:fwd"": 0.04621002813514998, ""contains:fwd"": 0.04621002813514998, ""maps:rev"": 0.04621002813514998, ""supports:fwd"": 0.04621002813514998, ""precedes:rev"": 0.9537899718648504}","[""precedes:fwd"", ""contains:fwd"", ""maps:rev"", ""supports:fwd"", ""precedes:rev""]","[0.5555700063705444, 0.33285829424858093, 0.05527341738343239, 0.019105656072497368, 0.01848553866147995]"
4,0.0,s4_case48,backing <e1> is <e2> usually,supports:rev,maps:fwd,0,0,maps:fwd,0,maps:fwd,0,0,,,,,,,,,
4,0.0,s4_case49,support for <e2> comes from <e1>,supports:fwd,contains:fwd,0,1,supports:fwd,1,maps:rev,0,1,contains:fwd,contains:fwd,supports:fwd,1.0,0.0,2.0,"{""contains:fwd"": 0.04621002813514998, ""supports:fwd"": 0.9537899718648504, ""precedes:rev"": 0.04621002813514998, ""precedes:fwd"": 0.04621002813514998, ""maps:rev"": 0.04621002813514998}","[""contains:fwd"", ""supports:fwd"", ""precedes:rev"", ""precedes:fwd"", ""maps:rev""]","[0.7272576093673706, 0.11450301855802536, 0.10532964020967484, 0.032814908772706985, 0.012194893322885036]"
4,0.0,s4_case50,backing <e1> is <e2> usually,supports:rev,maps:fwd,0,0,maps:fwd,0,maps:fwd,0,0,,,,,,,,,
4,0.0,s4_case51,to <e2> <e1> points usually,maps:fwd,maps:fwd,1,1,maps:fwd,1,contains:rev,0,0,maps:rev,maps:rev,maps:fwd,1.0,0.0,6.0,"{""maps:fwd"": 0.9537899718648504, ""maps:rev"": 0.04621002813514998, ""precedes:fwd"": 0.04621002813514998, ""contains:rev"": 0.04621002813514998, ""precedes:rev"": 0.04621002813514998}","[""maps:fwd"", ""maps:rev"", ""precedes:fwd"", ""contains:rev"", ""precedes:rev""]","[0.7880939841270447, 0.18048672378063202, 0.014009008184075356, 0.009559465572237968, 0.003854346228763461]"
4,0.0,s4_case52,in context <e1> is held up by <e2>,supports:rev,maps:fwd,0,0,maps:fwd,0,maps:fwd,0,0,,,,,,,,,
4,0.0,s4_case53,to <e2> <e1> points,maps:fwd,maps:fwd,1,1,maps:fwd,1,maps:fwd,1,0,maps:rev,maps:rev,maps:fwd,1.0,0.0,5.0,"{""maps:fwd"": 0.9537899718648504, ""maps:rev"": 0.04621002813514998, ""precedes:fwd"": 0.04621002813514998, ""contains:rev"": 0.04621002813514998, ""supports:rev"": 0.04621002813514998}","[""maps:fwd"", ""maps:rev"", ""precedes:fwd"", ""contains:rev"", ""supports:rev""]","[0.6384268999099731, 0.320948988199234, 0.03109697438776493, 0.0047250911593437195, 0.0019084239611402154]"
4,0.0,s4_case54,from <e2> <e1> is mapped in context,maps:rev,maps:rev,1,1,maps:rev,1,maps:rev,1,0,maps:fwd,maps:fwd,maps:rev,1.0,0.0,4.0,"{""maps:rev"": 0.9537899718648504, ""maps:fwd"": 0.04621002813514998, ""precedes:fwd"": 0.04621002813514998, ""contains:rev"": 0.04621002813514998, ""supports:rev"": 0.04621002813514998}","[""maps:rev"", ""maps:fwd"", ""precedes:fwd"", ""contains:rev"", ""supports:rev""]","[0.594732403755188, 0.3879764676094055, 0.011280997656285763, 0.0023350357078015804, 0.0012667092960327864]"
4,0.0,s4_case55,the target of <e2> is <e1> for this case,maps:rev,maps:fwd,0,1,maps:rev,1,contains:rev,0,1,maps:fwd,maps:fwd,maps:rev,1.0,0.0,1.0,"{""maps:fwd"": 0.04621002813514998, ""maps:rev"": 0.9537899718648504, ""precedes:fwd"": 0.04621002813514998, ""precedes:rev"": 0.04621002813514998, ""contains:rev"": 0.04621002813514998}","[""maps:fwd"", ""maps:rev"", ""precedes:fwd"", ""precedes:rev"", ""contains:rev""]","[0.9754613637924194, 0.007487539201974869, 0.006591730751097202, 0.0028869579546153545, 0.002758290618658066]"
4,0.0,s4_case56,in context <e1> has <e2> inside,contains:fwd,contains:rev,0,0,contains:rev,0,contains:rev,0,0,,,,,,,,,
4,0.0,s4_case57,<e1> has <e2> inside,contains:fwd,contains:fwd,1,1,contains:fwd,1,precedes:fwd,0,0,supports:fwd,supports:fwd,contains:fwd,1.0,0.0,8.0,"{""contains:fwd"": 0.9537899718648504, ""supports:fwd"": 0.04621002813514998, ""precedes:fwd"": 0.04621002813514998, ""precedes:rev"": 0.04621002813514998, ""contains:rev"": 0.04621002813514998}","[""contains:fwd"", ""supports:fwd"", ""precedes:fwd"", ""precedes:rev"", ""contains:rev""]","[0.8827428221702576, 0.06884738057851791, 0.018851494416594505, 0.01594296656548977, 0.008994839154183865]"
4,0.0,s4_case58,support for <e1> comes from <e2>,supports:rev,precedes:fwd,0,0,precedes:fwd,0,precedes:fwd,0,0,,,,,,,,,
4,0.0,s4_case59,usually <e1> trails <e2>,precedes:rev,precedes:fwd,0,0,precedes:fwd,0,precedes:fwd,0,0,,,,,,,,,
4,0.0,s4_case60,to <e2> <e1> points directly,maps:fwd,maps:fwd,1,1,maps:fwd,1,contains:rev,0,0,maps:rev,maps:rev,maps:fwd,1.0,0.0,11.0,"{""maps:fwd"": 0.9537899718648504, ""maps:rev"": 0.04621002813514998, ""precedes:fwd"": 0.04621002813514998, ""contains:rev"": 0.04621002813514998, ""precedes:rev"": 0.04621002813514998}","[""maps:fwd"", ""maps:rev"", ""precedes:fwd"", ""contains:rev"", ""precedes:rev""]","[0.9659157991409302, 0.018278591334819794, 0.006896179635077715, 0.0038054350297898054, 0.0020586559548974037]"
4,0.0,s4_case61,inside <e2> is <e1>,contains:rev,contains:rev,1,1,contains:rev,1,contains:fwd,0,0,maps:rev,maps:rev,contains:rev,1.0,0.0,6.0,"{""contains:rev"": 0.9537899718648504, ""maps:rev"": 0.04621002813514998, ""contains:fwd"": 0.04621002813514998, ""precedes:fwd"": 0.04621002813514998, ""supports:rev"": 0.04621002813514998}","[""contains:rev"", ""maps:rev"", ""contains:fwd"", ""precedes:fwd"", ""supports:rev""]","[0.721720278263092, 0.2099592238664627, 0.03689872473478317, 0.02269166335463524, 0.003009841777384281]"
4,0.0,s4_case62,from <e2> <e1> is mapped for this case,maps:rev,maps:fwd,0,1,maps:rev,1,maps:fwd,0,1,maps:fwd,maps:fwd,maps:rev,1.0,0.0,2.0,"{""maps:fwd"": 0.04621002813514998, ""maps:rev"": 0.9537899718648504, ""precedes:fwd"": 0.04621002813514998, ""contains:rev"": 0.04621002813514998, ""supports:rev"": 0.04621002813514998}","[""maps:fwd"", ""maps:rev"", ""precedes:fwd"", ""contains:rev"", ""supports:rev""]","[0.801142692565918, 0.1819036602973938, 0.00929123256355524, 0.0040211305022239685, 0.0014380994252860546]"
4,0.0,s4_case63,from <e1> <e2> is mapped for this case,maps:fwd,maps:fwd,1,1,maps:fwd,1,maps:rev,0,0,maps:rev,maps:rev,maps:fwd,1.0,0.0,8.0,"{""maps:fwd"": 0.9537899718648504, ""maps:rev"": 0.04621002813514998, ""precedes:fwd"": 0.04621002813514998, ""contains:fwd"": 0.04621002813514998, ""contains:rev"": 0.04621002813514998}","[""maps:fwd"", ""maps:rev"", ""precedes:fwd"", ""contains:fwd"", ""contains:rev""]","[0.926987886428833, 0.06017781049013138, 0.006856171879917383, 0.0017515155486762524, 0.0013309288769960403]"
4,0.0,s4_case64,backing <e2> is <e1>,supports:fwd,maps:rev,0,0,maps:rev,0,maps:rev,0,0,,,,,,,,,
4,0.0,s4_case65,to <e1> <e2> points for this case,maps:rev,maps:rev,1,1,maps:rev,1,maps:fwd,0,0,maps:fwd,maps:fwd,maps:rev,1.0,0.0,6.0,"{""maps:rev"": 0.9537899718648504, ""maps:fwd"": 0.04621002813514998, ""contains:fwd"": 0.04621002813514998, ""supports:fwd"": 0.04621002813514998, ""precedes:fwd"": 0.04621002813514998}","[""maps:rev"", ""maps:fwd"", ""contains:fwd"", ""supports:fwd"", ""precedes:fwd""]","[0.7087090611457825, 0.20683372020721436, 0.043642472475767136, 0.027704838663339615, 0.009330309927463531]"
4,0.0,s4_case66,support for <e2> comes from <e1>,supports:fwd,contains:fwd,0,1,supports:fwd,1,precedes:rev,0,1,contains:fwd,contains:fwd,supports:fwd,1.0,0.0,2.0,"{""contains:fwd"": 0.04621002813514998, ""supports:fwd"": 0.9537899718648504, ""precedes:rev"": 0.04621002813514998, ""precedes:fwd"": 0.04621002813514998, ""maps:rev"": 0.04621002813514998}","[""contains:fwd"", ""supports:fwd"", ""precedes:rev"", ""precedes:fwd"", ""maps:rev""]","[0.7272576093673706, 0.11450301855802536, 0.10532964020967484, 0.032814908772706985, 0.012194893322885036]"
4,0.0,s4_case67,before <e1> comes <e2> in context,precedes:rev,precedes:fwd,0,1,precedes:rev,1,precedes:fwd,0,1,precedes:fwd,precedes:fwd,precedes:rev,1.0,0.0,3.0,"{""precedes:fwd"": 0.04621002813514998, ""precedes:rev"": 0.9537899718648504, ""contains:rev"": 0.04621002813514998, ""maps:fwd"": 0.04621002813514998, ""contains:fwd"": 0.04621002813514998}","[""precedes:fwd"", ""precedes:rev"", ""contains:rev"", ""maps:fwd"", ""contains:fwd""]","[0.6582037210464478, 0.32096067070961, 0.00693747540935874, 0.005419967696070671, 0.005409131292253733]"
4,0.0,s4_case68,for this case <e1> trails <e2>,precedes:rev,precedes:fwd,0,1,precedes:rev,1,maps:rev,0,1,precedes:fwd,precedes:fwd,precedes:rev,1.0,0.0,1.0,"{""precedes:fwd"": 0.04621002813514998, ""contains:fwd"": 0.04621002813514998, ""maps:rev"": 0.04621002813514998, ""supports:fwd"": 0.04621002813514998, ""precedes:rev"": 0.9537899718648504}","[""precedes:fwd"", ""contains:fwd"", ""maps:rev"", ""supports:fwd"", ""precedes:rev""]","[0.5555700063705444, 0.33285829424858093, 0.05527341738343239, 0.019105656072497368, 0.01848553866147995]"
4,0.0,s4_case69,to <e2> <e1> points directly,maps:fwd,maps:fwd,1,1,maps:fwd,1,maps:fwd,1,0,maps:rev,maps:rev,maps:fwd,1.0,0.0,11.0,"{""maps:fwd"": 0.9537899718648504, ""maps:rev"": 0.04621002813514998, ""precedes:fwd"": 0.04621002813514998, ""contains:rev"": 0.04621002813514998, ""precedes:rev"": 0.04621002813514998}","[""maps:fwd"", ""maps:rev"", ""precedes:fwd"", ""contains:rev"", ""precedes:rev""]","[0.9659157991409302, 0.018278591334819794, 0.006896179635077715, 0.0038054350297898054, 0.0020586559548974037]"
4,0.0,s4_case70,<e2> has <e1> inside,contains:rev,contains:rev,1,1,contains:rev,1,contains:fwd,0,0,precedes:fwd,precedes:fwd,contains:rev,1.0,0.0,11.0,"{""contains:rev"": 0.9537899718648504, ""precedes:fwd"": 0.04621002813514998, ""contains:fwd"": 0.04621002813514998, ""maps:rev"": 0.04621002813514998, ""precedes:rev"": 0.04621002813514998}","[""contains:rev"", ""precedes:fwd"", ""contains:fwd"", ""maps:rev"", ""precedes:rev""]","[0.9636278748512268, 0.01757294125854969, 0.010416816920042038, 0.003203348256647587, 0.002577315317466855]"
4,0.0,s4_case71,the target of <e1> is <e2> directly,maps:fwd,maps:rev,0,1,maps:fwd,1,maps:rev,0,1,maps:rev,maps:rev,maps:fwd,1.0,0.0,1.0,"{""maps:rev"": 0.04621002813514998, ""maps:fwd"": 0.9537899718648504, ""contains:fwd"": 0.04621002813514998, ""contains:rev"": 0.04621002813514998, ""precedes:fwd"": 0.04621002813514998}","[""maps:rev"", ""maps:fwd"", ""contains:fwd"", ""contains:rev"", ""precedes:fwd""]","[0.9532544612884521, 0.023486364632844925, 0.010502723045647144, 0.00747067853808403, 0.003915107809007168]"
4,0.0,s4_case72,within <e2> sits <e1>,contains:rev,contains:fwd,0,0,contains:fwd,0,contains:fwd,0,0,,,,,,,,,
4,0.0,s4_case73,<e2> trails <e1> in context,precedes:fwd,precedes:fwd,1,1,precedes:fwd,1,supports:rev,0,0,maps:fwd,maps:fwd,precedes:fwd,1.0,0.0,11.0,"{""precedes:fwd"": 0.9537899718648504, ""maps:fwd"": 0.04621002813514998, ""supports:rev"": 0.04621002813514998, ""contains:rev"": 0.04621002813514998, ""maps:rev"": 0.04621002813514998}","[""precedes:fwd"", ""maps:fwd"", ""supports:rev"", ""contains:rev"", ""maps:rev""]","[0.960293710231781, 0.016303954645991325, 0.008233252912759781, 0.0048781526274979115, 0.0038824426010251045]"
4,0.0,s4_case74,before <e2> comes <e1> for this case,precedes:fwd,precedes:rev,0,1,precedes:fwd,1,precedes:rev,0,1,precedes:rev,precedes:rev,precedes:fwd,1.0,0.0,1.0,"{""precedes:rev"": 0.04621002813514998, ""precedes:fwd"": 0.9537899718648504, ""contains:fwd"": 0.04621002813514998, ""maps:rev"": 0.04621002813514998, ""contains:rev"": 0.04621002813514998}","[""precedes:rev"", ""precedes:fwd"", ""contains:fwd"", ""maps:rev"", ""contains:rev""]","[0.965009868144989, 0.017829101532697678, 0.012227951548993587, 0.001738212420605123, 0.001671565929427743]"
4,0.0,s4_case75,before <e2> comes <e1> usually,precedes:fwd,precedes:rev,0,1,precedes:fwd,1,precedes:fwd,1,1,precedes:rev,precedes:rev,precedes:fwd,1.0,0.0,1.0,"{""precedes:rev"": 0.04621002813514998, ""precedes:fwd"": 0.9537899718648504, ""contains:fwd"": 0.04621002813514998, ""maps:rev"": 0.04621002813514998, ""contains:rev"": 0.04621002813514998}","[""precedes:rev"", ""precedes:fwd"", ""contains:fwd"", ""maps:rev"", ""contains:rev""]","[0.9161350727081299, 0.05090324580669403, 0.019879015162587166, 0.007116830907762051, 0.004219595808535814]"
4,0.0,s4_case76,within <e1> sits <e2>,contains:fwd,precedes:rev,0,1,contains:fwd,1,contains:fwd,1,1,precedes:rev,precedes:rev,contains:fwd,1.0,0.0,1.0,"{""precedes:rev"": 0.04621002813514998, ""precedes:fwd"": 0.04621002813514998, ""contains:fwd"": 0.9537899718648504, ""contains:rev"": 0.04621002813514998, ""supports:fwd"": 0.04621002813514998}","[""precedes:rev"", ""precedes:fwd"", ""contains:fwd"", ""contains:rev"", ""supports:fwd""]","[0.7183743119239807, 0.21935343742370605, 0.04509595409035683, 0.011264834553003311, 0.0025124866515398026]"
4,0.0,s4_case77,the target of <e1> is <e2>,maps:fwd,maps:rev,0,1,maps:fwd,1,contains:rev,0,1,maps:rev,maps:rev,maps:fwd,1.0,0.0,1.0,"{""maps:rev"": 0.04621002813514998, ""maps:fwd"": 0.9537899718648504, ""contains:fwd"": 0.04621002813514998, ""precedes:fwd"": 0.04621002813514998, ""contains:rev"": 0.04621002813514998}","[""maps:rev"", ""maps:fwd"", ""contains:fwd"", ""precedes:fwd"", ""contains:rev""]","[0.9648475050926208, 0.01088640745729208, 0.008484392426908016, 0.007341064978390932, 0.006985536776483059]"
4,0.0,s4_case78,support for <e2> comes from <e1> for this case,supports:fwd,contains:fwd,0,1,supports:fwd,1,precedes:fwd,0,1,contains:fwd,contains:fwd,supports:fwd,1.0,0.0,3.0,"{""contains:fwd"": 0.04621002813514998, ""maps:rev"": 0.04621002813514998, ""supports:fwd"": 0.9537899718648504, ""precedes:rev"": 0.04621002813514998, ""precedes:fwd"": 0.04621002813514998}","[""contains:fwd"", ""maps:rev"", ""supports:fwd"", ""precedes:rev"", ""precedes:fwd""]","[0.4740186631679535, 0.2612408399581909, 0.18941564857959747, 0.033261772245168686, 0.026314912363886833]"
4,0.0,s4_case79,within <e1> sits <e2>,contains:fwd,precedes:rev,0,1,contains:fwd,1,contains:rev,0,1,precedes:rev,precedes:rev,contains:fwd,1.0,0.0,1.0,"{""precedes:rev"": 0.04621002813514998, ""precedes:fwd"": 0.04621002813514998, ""contains:fwd"": 0.9537899718648504, ""contains:rev"": 0.04621002813514998, ""supports:fwd"": 0.04621002813514998}","[""precedes:rev"", ""precedes:fwd"", ""contains:fwd"", ""contains:rev"", ""supports:fwd""]","[0.7183743119239807, 0.21935343742370605, 0.04509595409035683, 0.011264834553003311, 0.0025124866515398026]"
4,0.15,s4_case0,support for <e1> comes from <e2> in context,supports:rev,maps:rev,0,0,maps:rev,0,maps:rev,0,0,,,,,,,,,
4,0.15,s4_case1,to <e1> <e2> points for this case,maps:rev,maps:rev,1,1,maps:rev,1,maps:rev,1,0,maps:fwd,maps:fwd,maps:rev,1.0,0.0,8.0,"{""maps:rev"": 0.8061899718648504, ""maps:fwd"": 0.04621002813514998, ""contains:fwd"": 0.04621002813514998, ""supports:fwd"": 0.19381002813515, ""precedes:fwd"": 0.04621002813514998}","[""maps:rev"", ""maps:fwd"", ""contains:fwd"", ""supports:fwd"", ""precedes:fwd""]","[0.7087090611457825, 0.20683372020721436, 0.043642472475767136, 0.027704838663339615, 0.009330309927463531]"
4,0.15,s4_case2,before <e1> comes <e2> usually,precedes:rev,precedes:fwd,0,1,precedes:rev,1,precedes:fwd,0,1,precedes:fwd,precedes:fwd,precedes:rev,1.0,0.0,1.0,"{""precedes:fwd"": 0.04621002813514998, ""precedes:rev"": 0.7780367710085303, ""maps:fwd"": 0.10093122899146997, ""contains:rev"": 0.16724202813515002, ""maps:rev"": 0.04621002813514998}","[""precedes:fwd"", ""precedes:rev"", ""maps:fwd"", ""contains:rev"", ""maps:rev""]","[0.9596462845802307, 0.027815276756882668, 0.004303662572056055, 0.0033207654487341642, 0.0021141350734978914]"
4,0.15,s4_case3,<e2> is held up by <e1> in context,supports:fwd,maps:fwd,0,0,maps:fwd,0,maps:fwd,0,0,,,,,,,,,
4,0.15,s4_case4,within <e2> sits <e1> in context,contains:rev,contains:fwd,0,0,contains:fwd,0,contains:fwd,0,0,,,,,,,,,
4,0.15,s4_case5,inside <e2> is <e1> directly,contains:rev,maps:rev,0,1,contains:rev,1,precedes:fwd,0,1,maps:rev,maps:rev,contains:rev,1.0,0.0,3.0,"{""maps:rev"": 0.04621002813514998, ""contains:rev"": 0.9335026424396624, ""contains:fwd"": 0.04621002813514998, ""precedes:fwd"": 0.0664973575603378, ""supports:fwd"": 0.04621002813514998}","[""maps:rev"", ""contains:rev"", ""contains:fwd"", ""precedes:fwd"", ""supports:fwd""]","[0.5861344933509827, 0.2313598096370697, 0.12809008359909058, 0.03647994622588158, 0.006072792690247297]"
4,0.15,s4_case6,to <e1> <e2> points,maps:rev,maps:fwd,0,1,maps:rev,1,maps:fwd,0,1,maps:fwd,maps:fwd,maps:rev,1.0,0.0,3.0,"{""maps:fwd"": 0.08300456359093959, ""maps:rev"": 0.9169954364090609, ""precedes:fwd"": 0.04621002813514998, ""contains:fwd"": 0.04621002813514998, ""supports:fwd"": 0.04621002813514998}","[""maps:fwd"", ""maps:rev"", ""precedes:fwd"", ""contains:fwd"", ""supports:fwd""]","[0.8072847723960876, 0.17612425982952118, 0.006031292490661144, 0.004383713472634554, 0.003228253684937954]"
4,0.15,s4_case7,usually <e1> trails <e2>,precedes:rev,precedes:fwd,0,0,precedes:fwd,0,precedes:fwd,0,0,,,,,,,,,
4,0.15,s4_case8,inside <e2> is <e1> in context,contains:rev,maps:rev,0,1,contains:rev,1,maps:rev,0,1,maps:rev,maps:rev,contains:rev,1.0,0.0,2.0,"{""maps:rev"": 0.04621002813514998, ""precedes:fwd"": 0.22621002813514998, ""contains:rev"": 0.7737899718648504, ""contains:fwd"": 0.04621002813514998, ""supports:rev"": 0.04621002813514998}","[""maps:rev"", ""precedes:fwd"", ""contains:rev"", ""contains:fwd"", ""supports:rev""]","[0.5360198020935059, 0.24855148792266846, 0.10045070946216583, 0.07086776196956635, 0.01775345578789711]"
4,0.15,s4_case9,inside <e1> is <e2> usually,contains:fwd,contains:rev,0,1,contains:rev,0,contains:rev,0,0,contains:rev,contains:rev,contains:rev,1.0,1.0,1.0,"{""contains:rev"": 0.0709506737756229, ""maps:fwd"": 0.19381002813515, ""contains:fwd"": 0.6333342376483774, ""precedes:fwd"": 0.12759194493515, ""precedes:rev"": 0.11294319991115}","[""contains:rev"", ""maps:fwd"", ""contains:fwd"", ""precedes:fwd"", ""precedes:rev""]","[0.9496526122093201, 0.01922106370329857, 0.01649855263531208, 0.005693610291928053, 0.0051957000978291035]"
4,0.15,s4_case10,to <e1> <e2> points in context,maps:rev,maps:fwd,0,1,maps:rev,1,contains:fwd,0,1,maps:fwd,maps:fwd,maps:rev,1.0,0.0,3.0,"{""maps:fwd"": 0.04621002813514998, ""contains:fwd"": 0.04621002813514998, ""maps:rev"": 0.8990687710085301, ""supports:fwd"": 0.04621002813514998, ""precedes:rev"": 0.10093122899146997}","[""maps:fwd"", ""contains:fwd"", ""maps:rev"", ""supports:fwd"", ""precedes:rev""]","[0.43569010496139526, 0.19899921119213104, 0.18899057805538177, 0.11952453851699829, 0.026672828942537308]"
4,0.15,s4_case11,<e2> is held up by <e1> in context,supports:fwd,maps:fwd,0,0,maps:fwd,0,maps:fwd,0,0,,,,,,,,,
4,0.15,s4_case12,support for <e1> comes from <e2> for this case,supports:rev,maps:rev,0,0,maps:rev,0,maps:rev,0,0,,,,,,,,,
4,0.15,s4_case13,in context <e1> is ahead of <e2>,precedes:fwd,maps:rev,0,1,precedes:fwd,1,contains:rev,0,1,maps:rev,maps:rev,precedes:fwd,1.0,0.0,1.0,"{""maps:rev"": 0.04621002813514998, ""precedes:fwd"": 0.8724080550648503, ""supports:rev"": 0.04621002813514998, ""contains:rev"": 0.04621002813514998, ""maps:fwd"": 0.12759194493515}","[""maps:rev"", ""precedes:fwd"", ""supports:rev"", ""contains:rev"", ""maps:fwd""]","[0.86073237657547, 0.048033565282821655, 0.04227534309029579, 0.02741241455078125, 0.011314031668007374]"
4,0.15,s4_case14,backing <e2> is <e1> usually,supports:fwd,maps:rev,0,0,maps:rev,0,maps:rev,0,0,,,,,,,,,
4,0.15,s4_case15,<e2> is ahead of <e1> usually,precedes:rev,maps:fwd,0,1,precedes:rev,1,contains:fwd,0,1,maps:fwd,maps:fwd,precedes:rev,1.0,0.0,4.0,"{""maps:fwd"": 0.04621002813514998, ""contains:fwd"": 0.14545626813515, ""precedes:rev"": 0.8545437318648501, ""precedes:fwd"": 0.04621002813514998, ""contains:rev"": 0.04621002813514998}","[""maps:fwd"", ""contains:fwd"", ""precedes:rev"", ""precedes:fwd"", ""contains:rev""]","[0.41039028763771057, 0.27875226736068726, 0.2416275292634964, 0.03875648230314255, 0.012882874347269535]"
4,0.15,s4_case16,<e2> has <e1> inside,contains:rev,contains:rev,1,1,contains:rev,1,maps:rev,0,0,precedes:fwd,precedes:fwd,contains:rev,1.0,0.0,12.0,"{""contains:rev"": 0.9537899718648504, ""precedes:fwd"": 0.04621002813514998, ""contains:fwd"": 0.04621002813514998, ""maps:rev"": 0.04621002813514998, ""precedes:rev"": 0.04621002813514998}","[""contains:rev"", ""precedes:fwd"", ""contains:fwd"", ""maps:rev"", ""precedes:rev""]","[0.9636278748512268, 0.01757294125854969, 0.010416816920042038, 0.003203348256647587, 0.002577315317466855]"
4,0.15,s4_case17,usually <e1> has <e2> inside,contains:fwd,precedes:fwd,0,1,contains:fwd,1,maps:rev,0,1,precedes:fwd,precedes:fwd,contains:fwd,1.0,0.0,3.0,"{""precedes:fwd"": 0.04621002813514998, ""contains:fwd"": 0.9236184527911029, ""precedes:rev"": 0.07638154720889745, ""contains:rev"": 0.04621002813514998, ""maps:rev"": 0.04621002813514998}","[""precedes:fwd"", ""contains:fwd"", ""precedes:rev"", ""contains:rev"", ""maps:rev""]","[0.573695182800293, 0.25086331367492676, 0.09747537970542908, 0.06485334038734436, 0.006886942312121391]"
4,0.15,s4_case18,backing <e2> is <e1> in context,supports:fwd,maps:rev,0,1,supports:fwd,1,precedes:fwd,0,1,maps:rev,maps:rev,supports:fwd,1.0,0.0,1.0,"{""maps:rev"": 0.04621002813514998, ""precedes:fwd"": 0.04621002813514998, ""contains:fwd"": 0.10093122899146997, ""supports:fwd"": 0.7998225310085303, ""contains:rev"": 0.14545626813515}","[""maps:rev"", ""precedes:fwd"", ""contains:fwd"", ""supports:fwd"", ""contains:rev""]","[0.6737381219863892, 0.28907352685928345, 0.011992343701422215, 0.008573684841394424, 0.008446520194411278]"
4,0.15,s4_case19,from <e1> <e2> is mapped in context,maps:fwd,maps:fwd,1,1,maps:fwd,1,maps:fwd,1,0,maps:rev,maps:fwd,maps:fwd,0.0,0.0,9.0,"{""maps:fwd"": 0.5960184527911029, ""maps:rev"": 0.37381002813514996, ""precedes:fwd"": 0.04621002813514998, ""supports:rev"": 0.04621002813514998, ""contains:fwd"": 0.07638154720889745}","[""maps:fwd"", ""maps:rev"", ""precedes:fwd"", ""supports:rev"", ""contains:fwd""]","[0.9311681389808655, 0.055695660412311554, 0.007571440190076828, 0.0013476309832185507, 0.0012624518712982535]"
4,0.15,s4_case20,before <e2> comes <e1> in context,precedes:fwd,precedes:rev,0,1,precedes:fwd,1,precedes:rev,0,1,precedes:rev,precedes:rev,precedes:fwd,1.0,0.0,3.0,"{""precedes:rev"": 0.04621002813514998, ""precedes:fwd"": 0.8990687710085301, ""contains:fwd"": 0.04621002813514998, ""maps:rev"": 0.04621002813514998, ""contains:rev"": 0.10093122899146997}","[""precedes:rev"", ""precedes:fwd"", ""contains:fwd"", ""maps:rev"", ""contains:rev""]","[0.8109793066978455, 0.1472446620464325, 0.02724047191441059, 0.008054631762206554, 0.002735840156674385]"
4,0.15,s4_case21,directly <e1> trails <e2>,precedes:rev,precedes:fwd,0,0,precedes:fwd,0,precedes:fwd,0,0,,,,,,,,,
4,0.15,s4_case22,from <e2> <e1> is mapped for this case,maps:rev,maps:fwd,0,1,maps:rev,1,maps:rev,1,1,maps:fwd,maps:fwd,maps:rev,1.0,0.0,1.0,"{""maps:fwd"": 0.12759194493515, ""maps:rev"": 0.7513760550648503, ""precedes:fwd"": 0.04621002813514998, ""contains:rev"": 0.04621002813514998, ""supports:rev"": 0.16724202813515002}","[""maps:fwd"", ""maps:rev"", ""precedes:fwd"", ""contains:rev"", ""supports:rev""]","[0.801142692565918, 0.1819036602973938, 0.00929123256355524, 0.0040211305022239685, 0.0014380994252860546]"
4,0.15,s4_case23,from <e1> <e2> is mapped in context,maps:fwd,maps:fwd,1,1,maps:fwd,1,maps:fwd,1,0,maps:rev,maps:rev,maps:fwd,1.0,0.0,10.0,"{""maps:fwd"": 0.7490493262243773, ""maps:rev"": 0.0709506737756229, ""precedes:fwd"": 0.04621002813514998, ""supports:rev"": 0.22621002813514998, ""contains:fwd"": 0.04621002813514998}","[""maps:fwd"", ""maps:rev"", ""precedes:fwd"", ""supports:rev"", ""contains:fwd""]","[0.9311681389808655, 0.055695660412311554, 0.007571440190076828, 0.0013476309832185507, 0.0012624518712982535]"
4,0.15,s4_case24,support for <e1> comes from <e2>,supports:rev,precedes:fwd,0,0,precedes:fwd,0,precedes:fwd,0,0,,,,,,,,,
4,0.15,s4_case25,before <e2> comes <e1> directly,precedes:fwd,precedes:rev,0,1,precedes:fwd,1,precedes:rev,0,1,precedes:rev,precedes:rev,precedes:fwd,1.0,0.0,1.0,"{""precedes:rev"": 0.0709506737756229, ""precedes:fwd"": 0.7365779415221951, ""contains:fwd"": 0.04621002813514998, ""maps:rev"": 0.19381002813515, ""contains:rev"": 0.0910814128373324}","[""precedes:rev"", ""precedes:fwd"", ""contains:fwd"", ""maps:rev"", ""contains:rev""]","[0.9279811382293701, 0.045782431960105896, 0.015205149538815022, 0.0051359194330871105, 0.004263171926140785]"
4,0.15,s4_case26,before <e1> comes <e2> directly,precedes:rev,precedes:fwd,0,1,precedes:rev,1,precedes:fwd,0,1,precedes:fwd,precedes:fwd,precedes:rev,1.0,0.0,5.0,"{""precedes:fwd"": 0.04621002813514998, ""precedes:rev"": 0.9537899718648504, ""contains:rev"": 0.04621002813514998, ""maps:fwd"": 0.04621002813514998, ""contains:fwd"": 0.04621002813514998}","[""precedes:fwd"", ""precedes:rev"", ""contains:rev"", ""maps:fwd"", ""contains:fwd""]","[0.6343196630477905, 0.32745784521102905, 0.01987871527671814, 0.012564195320010185, 0.002450407249853015]"
4,0.15,s4_case27,before <e2> comes <e1> in context,precedes:fwd,precedes:rev,0,1,precedes:fwd,1,precedes:fwd,1,1,precedes:rev,precedes:rev,precedes:fwd,1.0,0.0,2.0,"{""precedes:rev"": 0.04621002813514998, ""precedes:fwd"": 0.9537899718648504, ""contains:fwd"": 0.04621002813514998, ""maps:rev"": 0.04621002813514998, ""contains:rev"": 0.04621002813514998}","[""precedes:rev"", ""precedes:fwd"", ""contains:fwd"", ""maps:rev"", ""contains:rev""]","[0.8109793066978455, 0.1472446620464325, 0.02724047191441059, 0.008054631762206554, 0.002735840156674385]"
4,0.15,s4_case28,support for <e1> comes from <e2>,supports:rev,precedes:fwd,0,0,precedes:fwd,0,precedes:fwd,0,0,,,,,,,,,
4,0.15,s4_case29,inside <e2> is <e1> directly,contains:rev,maps:rev,0,1,contains:rev,1,contains:rev,1,1,maps:rev,maps:rev,contains:rev,1.0,0.0,3.0,"{""maps:rev"": 0.04621002813514998, ""contains:rev"": 0.9537899718648504, ""contains:fwd"": 0.04621002813514998, ""precedes:fwd"": 0.04621002813514998, ""supports:fwd"": 0.04621002813514998}","[""maps:rev"", ""contains:rev"", ""contains:fwd"", ""precedes:fwd"", ""supports:fwd""]","[0.5861344933509827, 0.2313598096370697, 0.12809008359909058, 0.03647994622588158, 0.006072792690247297]"
4,0.15,s4_case30,<e2> has <e1> inside in context,contains:rev,contains:rev,1,1,contains:rev,1,contains:rev,1,0,contains:fwd,contains:fwd,contains:rev,1.0,0.0,6.0,"{""contains:rev"": 0.8545437318648501, ""contains:fwd"": 0.04621002813514998, ""precedes:fwd"": 0.04621002813514998, ""supports:rev"": 0.04621002813514998, ""maps:rev"": 0.14545626813515}","[""contains:rev"", ""contains:fwd"", ""precedes:fwd"", ""supports:rev"", ""maps:rev""]","[0.73399418592453, 0.18589679896831512, 0.051477182656526566, 0.013307785615324974, 0.007031273562461138]"
4,0.15,s4_case31,within <e1> sits <e2> directly,contains:fwd,precedes:rev,0,1,contains:fwd,1,precedes:rev,0,1,precedes:rev,precedes:rev,contains:fwd,1.0,0.0,2.0,"{""precedes:rev"": 0.04621002813514998, ""contains:fwd"": 0.7363672796090608, ""precedes:fwd"": 0.08300456359093959, ""contains:rev"": 0.04621002813514998, ""supports:fwd"": 0.22683818493515}","[""precedes:rev"", ""contains:fwd"", ""precedes:fwd"", ""contains:rev"", ""supports:fwd""]","[0.9401321411132812, 0.036498188972473145, 0.010191294364631176, 0.009740268811583519, 0.0013791476376354694]"
4,0.15,s4_case32,backing <e1> is <e2> directly,supports:rev,maps:fwd,0,0,maps:fwd,0,maps:fwd,0,0,,,,,,,,,
4,0.15,s4_case33,<e2> is ahead of <e1> usually,precedes:rev,maps:fwd,0,1,precedes:rev,1,maps:fwd,0,1,maps:fwd,maps:fwd,precedes:rev,1.0,0.0,3.0,"{""maps:fwd"": 0.04621002813514998, ""contains:fwd"": 0.04621002813514998, ""precedes:rev"": 0.8545437318648501, ""precedes:fwd"": 0.14545626813515, ""contains:rev"": 0.04621002813514998}","[""maps:fwd"", ""contains:fwd"", ""precedes:rev"", ""precedes:fwd"", ""contains:rev""]","[0.41039028763771057, 0.27875226736068726, 0.2416275292634964, 0.03875648230314255, 0.012882874347269535]"
4,0.15,s4_case34,from <e2> <e1> is mapped,maps:rev,maps:rev,1,1,maps:rev,1,maps:rev,1,0,maps:fwd,maps:fwd,maps:rev,1.0,0.0,6.0,"{""maps:rev"": 0.9169954364090609, ""maps:fwd"": 0.04621002813514998, ""precedes:fwd"": 0.04621002813514998, ""contains:rev"": 0.08300456359093959, ""supports:fwd"": 0.04621002813514998}","[""maps:rev"", ""maps:fwd"", ""precedes:fwd"", ""contains:rev"", ""supports:fwd""]","[0.7828982472419739, 0.20234721899032593, 0.009008328430354595, 0.0019624882843345404, 0.0014543154975399375]"
4,0.15,s4_case35,<e2> trails <e1> for this case,precedes:fwd,precedes:fwd,1,1,precedes:fwd,1,precedes:fwd,1,0,maps:fwd,precedes:fwd,precedes:fwd,0.0,0.0,11.0,"{""precedes:fwd"": 0.6745437318648502, ""maps:fwd"": 0.04621002813514998, ""maps:rev"": 0.22621002813514998, ""contains:rev"": 0.04621002813514998, ""precedes:rev"": 0.14545626813515}","[""precedes:fwd"", ""maps:fwd"", ""maps:rev"", ""contains:rev"", ""precedes:rev""]","[0.9213875532150269, 0.0400671549141407, 0.013962559401988983, 0.01312583964318037, 0.006649130955338478]"
4,0.15,s4_case36,the target of <e2> is <e1> in context,maps:rev,maps:fwd,0,1,maps:fwd,0,maps:fwd,0,0,maps:fwd,maps:fwd,maps:fwd,1.0,1.0,1.0,"{""maps:fwd"": 0.04621002813514998, ""contains:rev"": 0.04621002813514998, ""precedes:fwd"": 0.22621002813514998, ""maps:rev"": 0.6823161544483773, ""supports:rev"": 0.13768384555162294}","[""maps:fwd"", ""contains:rev"", ""precedes:fwd"", ""maps:rev"", ""supports:rev""]","[0.9726717472076416, 0.008310657925903797, 0.008111849427223206, 0.003673435188829899, 0.0026255548000335693]"
4,0.15,s4_case37,<e2> has <e1> inside directly,contains:rev,contains:rev,1,1,contains:rev,1,contains:rev,1,0,precedes:rev,precedes:rev,contains:rev,1.0,0.0,7.0,"{""contains:rev"": 0.749108106983873, ""precedes:rev"": 0.04621002813514998, ""precedes:fwd"": 0.08300456359093959, ""contains:fwd"": 0.04621002813514998, ""maps:rev"": 0.21409735756033782}","[""contains:rev"", ""precedes:rev"", ""precedes:fwd"", ""contains:fwd"", ""maps:rev""]","[0.7923663258552551, 0.09125537425279617, 0.060749445110559464, 0.04337935149669647, 0.007291097193956375]"
4,0.15,s4_case38,inside <e1> is <e2>,contains:fwd,contains:rev,0,1,contains:fwd,1,contains:fwd,1,1,contains:rev,contains:rev,contains:fwd,1.0,0.0,1.0,"{""contains:rev"": 0.04621002813514998, ""maps:fwd"": 0.04621002813514998, ""contains:fwd"": 0.9335026424396624, ""precedes:fwd"": 0.0664973575603378, ""precedes:rev"": 0.04621002813514998}","[""contains:rev"", ""maps:fwd"", ""contains:fwd"", ""precedes:fwd"", ""precedes:rev""]","[0.9693425297737122, 0.011558749713003635, 0.010373935103416443, 0.004143302794545889, 0.0015979399904608727]"
4,0.15,s4_case39,within <e1> sits <e2> usually,contains:fwd,precedes:rev,0,1,contains:fwd,1,precedes:rev,0,1,precedes:rev,precedes:rev,contains:fwd,1.0,0.0,2.0,"{""precedes:rev"": 0.07638154720889745, ""contains:fwd"": 0.8988778071506298, ""precedes:fwd"": 0.04621002813514998, ""contains:rev"": 0.04621002813514998, ""supports:fwd"": 0.0709506737756229}","[""precedes:rev"", ""contains:fwd"", ""precedes:fwd"", ""contains:rev"", ""supports:fwd""]","[0.9185270667076111, 0.04074965417385101, 0.029328685253858566, 0.008386192843317986, 0.0010026737581938505]"
4,0.15,s4_case40,support for <e1> comes from <e2>,supports:rev,precedes:fwd,0,0,precedes:fwd,0,precedes:fwd,0,0,,,,,,,,,
4,0.15,s4_case41,within <e1> sits <e2> for this case,contains:fwd,contains:fwd,1,1,contains:fwd,1,contains:fwd,1,0,precedes:rev,precedes:rev,contains:fwd,1.0,0.0,5.0,"{""contains:fwd"": 0.7992852215921276, ""precedes:rev"": 0.12125293191107989, ""supports:fwd"": 0.04621002813514998, ""precedes:fwd"": 0.04621002813514998, ""contains:rev"": 0.12567187463194293}","[""contains:fwd"", ""precedes:rev"", ""supports:fwd"", ""precedes:fwd"", ""contains:rev""]","[0.5461125373840332, 0.3681798577308655, 0.05042612925171852, 0.02101234532892704, 0.009048229083418846]"
4,0.15,s4_case42,<e2> trails <e1>,precedes:fwd,precedes:fwd,1,1,precedes:fwd,1,precedes:fwd,1,0,precedes:rev,precedes:rev,precedes:fwd,1.0,0.0,10.0,"{""precedes:fwd"": 0.8327579718648501, ""precedes:rev"": 0.16724202813515002, ""maps:fwd"": 0.04621002813514998, ""supports:rev"": 0.04621002813514998, ""contains:rev"": 0.04621002813514998}","[""precedes:fwd"", ""precedes:rev"", ""maps:fwd"", ""supports:rev"", ""contains:rev""]","[0.9078838229179382, 0.03502826765179634, 0.03126414120197296, 0.011099389754235744, 0.00869868602603674]"
4,0.15,s4_case43,<e2> trails <e1> directly,precedes:fwd,precedes:fwd,1,1,precedes:fwd,1,supports:rev,0,0,contains:rev,contains:rev,precedes:fwd,1.0,0.0,8.0,"{""precedes:fwd"": 0.8841779415221951, ""contains:rev"": 0.0709506737756229, ""maps:fwd"": 0.04621002813514998, ""supports:rev"": 0.0910814128373324, ""precedes:rev"": 0.04621002813514998}","[""precedes:fwd"", ""contains:rev"", ""maps:fwd"", ""supports:rev"", ""precedes:rev""]","[0.7711207270622253, 0.0972636267542839, 0.08861910551786423, 0.020374109968543053, 0.0178743377327919]"
4,0.15,s4_case44,<e2> is held up by <e1> in context,supports:fwd,maps:fwd,0,0,maps:fwd,0,maps:fwd,0,0,,,,,,,,,
4,0.15,s4_case45,from <e1> <e2> is mapped,maps:fwd,maps:fwd,1,1,maps:fwd,1,maps:rev,0,0,maps:rev,maps:rev,maps:fwd,1.0,0.0,11.0,"{""maps:fwd"": 0.8298030862243775, ""maps:rev"": 0.0709506737756229, ""precedes:fwd"": 0.14545626813515, ""precedes:rev"": 0.04621002813514998, ""contains:rev"": 0.04621002813514998}","[""maps:fwd"", ""maps:rev"", ""precedes:fwd"", ""precedes:rev"", ""contains:rev""]","[0.9247839450836182, 0.06095794960856438, 0.008421835489571095, 0.0013158823130652308, 0.0013075509341433644]"
4,0.15,s4_case46,backing <e2> is <e1> in context,supports:fwd,maps:rev,0,1,maps:rev,0,maps:rev,0,0,maps:rev,maps:rev,maps:rev,1.0,1.0,1.0,"{""maps:rev"": 0.16724202813515002, ""precedes:fwd"": 0.04621002813514998, ""contains:fwd"": 0.04621002813514998, ""supports:fwd"": 0.8327579718648501, ""contains:rev"": 0.04621002813514998}","[""maps:rev"", ""precedes:fwd"", ""contains:fwd"", ""supports:fwd"", ""contains:rev""]","[0.6737381219863892, 0.28907352685928345, 0.011992343701422215, 0.008573684841394424, 0.008446520194411278]"
4,0.15,s4_case47,for this case <e1> trails <e2>,precedes:rev,precedes:fwd,0,1,precedes:rev,1,precedes:rev,1,1,precedes:fwd,precedes:fwd,precedes:rev,1.0,0.0,2.0,"{""precedes:fwd"": 0.04621002813514998, ""contains:fwd"": 0.0910814128373324, ""maps:rev"": 0.04621002813514998, ""supports:fwd"": 0.04621002813514998, ""precedes:rev"": 0.9089185871626677}","[""precedes:fwd"", ""contains:fwd"", ""maps:rev"", ""supports:fwd"", ""precedes:rev""]","[0.5555700063705444, 0.33285829424858093, 0.05527341738343239, 0.019105656072497368, 0.01848553866147995]"
4,0.15,s4_case48,backing <e1> is <e2> usually,supports:rev,maps:fwd,0,0,maps:fwd,0,maps:fwd,0,0,,,,,,,,,
4,0.15,s4_case49,support for <e2> comes from <e1>,supports:fwd,contains:fwd,0,1,supports:fwd,1,supports:fwd,1,1,contains:fwd,contains:fwd,supports:fwd,1.0,0.0,2.0,"{""contains:fwd"": 0.04621002813514998, ""supports:fwd"": 0.9537899718648504, ""precedes:rev"": 0.04621002813514998, ""precedes:fwd"": 0.04621002813514998, ""maps:rev"": 0.04621002813514998}","[""contains:fwd"", ""supports:fwd"", ""precedes:rev"", ""precedes:fwd"", ""maps:rev""]","[0.7272576093673706, 0.11450301855802536, 0.10532964020967484, 0.032814908772706985, 0.012194893322885036]"
4,0.15,s4_case50,backing <e1> is <e2> usually,supports:rev,maps:fwd,0,0,maps:fwd,0,maps:fwd,0,0,,,,,,,,,
4,0.15,s4_case51,to <e2> <e1> points usually,maps:fwd,maps:fwd,1,1,maps:fwd,1,maps:fwd,1,0,maps:rev,maps:rev,maps:fwd,1.0,0.0,9.0,"{""maps:fwd"": 0.7613185871626678, ""maps:rev"": 0.23868141283733244, ""precedes:fwd"": 0.04621002813514998, ""contains:rev"": 0.04621002813514998, ""precedes:rev"": 0.04621002813514998}","[""maps:fwd"", ""maps:rev"", ""precedes:fwd"", ""contains:rev"", ""precedes:rev""]","[0.7880939841270447, 0.18048672378063202, 0.014009008184075356, 0.009559465572237968, 0.003854346228763461]"
4,0.15,s4_case52,in context <e1> is held up by <e2>,supports:rev,maps:fwd,0,0,maps:fwd,0,maps:fwd,0,0,,,,,,,,,
4,0.15,s4_case53,to <e2> <e1> points,maps:fwd,maps:fwd,1,1,maps:fwd,1,maps:rev,0,0,maps:rev,maps:rev,maps:fwd,1.0,0.0,6.0,"{""maps:fwd"": 0.9537899718648504, ""maps:rev"": 0.04621002813514998, ""precedes:fwd"": 0.04621002813514998, ""contains:rev"": 0.04621002813514998, ""supports:rev"": 0.04621002813514998}","[""maps:fwd"", ""maps:rev"", ""precedes:fwd"", ""contains:rev"", ""supports:rev""]","[0.6384268999099731, 0.320948988199234, 0.03109697438776493, 0.0047250911593437195, 0.0019084239611402154]"
4,0.15,s4_case54,from <e2> <e1> is mapped in context,maps:rev,maps:rev,1,1,maps:rev,1,maps:rev,1,0,maps:fwd,maps:fwd,maps:rev,1.0,0.0,7.0,"{""maps:rev"": 0.9089185871626677, ""maps:fwd"": 0.04621002813514998, ""precedes:fwd"": 0.04621002813514998, ""contains:rev"": 0.0910814128373324, ""supports:rev"": 0.04621002813514998}","[""maps:rev"", ""maps:fwd"", ""precedes:fwd"", ""contains:rev"", ""supports:rev""]","[0.594732403755188, 0.3879764676094055, 0.011280997656285763, 0.0023350357078015804, 0.0012667092960327864]"
4,0.15,s4_case55,the target of <e2> is <e1> for this case,maps:rev,maps:fwd,0,1,maps:fwd,0,maps:fwd,0,0,maps:fwd,maps:fwd,maps:fwd,1.0,1.0,1.0,"{""maps:fwd"": 0.22621002813514998, ""maps:rev"": 0.6473800799991895, ""precedes:fwd"": 0.12759194493515, ""precedes:rev"": 0.0709506737756229, ""contains:rev"": 0.0664973575603378}","[""maps:fwd"", ""maps:rev"", ""precedes:fwd"", ""precedes:rev"", ""contains:rev""]","[0.9754613637924194, 0.007487539201974869, 0.006591730751097202, 0.0028869579546153545, 0.002758290618658066]"
4,0.15,s4_case56,in context <e1> has <e2> inside,contains:fwd,contains:rev,0,0,contains:rev,0,contains:rev,0,0,,,,,,,,,
4,0.15,s4_case57,<e1> has <e2> inside,contains:fwd,contains:fwd,1,1,contains:fwd,1,contains:fwd,1,0,supports:fwd,supports:fwd,contains:fwd,1.0,0.0,12.0,"{""contains:fwd"": 0.8545437318648501, ""supports:fwd"": 0.04621002813514998, ""precedes:fwd"": 0.04621002813514998, ""precedes:rev"": 0.04621002813514998, ""contains:rev"": 0.14545626813515}","[""contains:fwd"", ""supports:fwd"", ""precedes:fwd"", ""precedes:rev"", ""contains:rev""]","[0.8827428221702576, 0.06884738057851791, 0.018851494416594505, 0.01594296656548977, 0.008994839154183865]"
4,0.15,s4_case58,support for <e1> comes from <e2>,supports:rev,precedes:fwd,0,0,precedes:fwd,0,precedes:fwd,0,0,,,,,,,,,
4,0.15,s4_case59,usually <e1> trails <e2>,precedes:rev,precedes:fwd,0,0,precedes:fwd,0,precedes:fwd,0,0,,,,,,,,,
4,0.15,s4_case60,to <e2> <e1> points directly,maps:fwd,maps:fwd,1,1,maps:fwd,1,precedes:fwd,0,0,maps:rev,maps:fwd,maps:fwd,0.0,0.0,13.0,"{""maps:fwd"": 0.9236184527911029, ""maps:rev"": 0.04621002813514998, ""precedes:fwd"": 0.04621002813514998, ""contains:rev"": 0.04621002813514998, ""precedes:rev"": 0.07638154720889745}","[""maps:fwd"", ""maps:rev"", ""precedes:fwd"", ""contains:rev"", ""precedes:rev""]","[0.9659157991409302, 0.018278591334819794, 0.006896179635077715, 0.0038054350297898054, 0.0020586559548974037]"
4,0.15,s4_case61,inside <e2> is <e1>,contains:rev,contains:rev,1,1,contains:rev,1,contains:fwd,0,0,maps:rev,maps:rev,contains:rev,1.0,0.0,8.0,"{""contains:rev"": 0.8025864527911029, ""maps:rev"": 0.04621002813514998, ""contains:fwd"": 0.16724202813515002, ""precedes:fwd"": 0.04621002813514998, ""supports:rev"": 0.07638154720889745}","[""contains:rev"", ""maps:rev"", ""contains:fwd"", ""precedes:fwd"", ""supports:rev""]","[0.721720278263092, 0.2099592238664627, 0.03689872473478317, 0.02269166335463524, 0.003009841777384281]"
4,0.15,s4_case62,from <e2> <e1> is mapped for this case,maps:rev,maps:fwd,0,1,maps:rev,1,maps:fwd,0,1,maps:fwd,maps:fwd,maps:rev,1.0,0.0,1.0,"{""maps:fwd"": 0.11136874226252023, ""maps:rev"": 0.7525281400811599, ""precedes:fwd"": 0.04621002813514998, ""contains:rev"": 0.12759194493515, ""supports:rev"": 0.10093122899146997}","[""maps:fwd"", ""maps:rev"", ""precedes:fwd"", ""contains:rev"", ""supports:rev""]","[0.801142692565918, 0.1819036602973938, 0.00929123256355524, 0.0040211305022239685, 0.0014380994252860546]"
4,0.15,s4_case63,from <e1> <e2> is mapped for this case,maps:fwd,maps:fwd,1,1,maps:fwd,1,maps:rev,0,0,maps:rev,maps:rev,maps:fwd,1.0,0.0,8.0,"{""maps:fwd"": 0.9537899718648504, ""maps:rev"": 0.04621002813514998, ""precedes:fwd"": 0.04621002813514998, ""contains:fwd"": 0.04621002813514998, ""contains:rev"": 0.04621002813514998}","[""maps:fwd"", ""maps:rev"", ""precedes:fwd"", ""contains:fwd"", ""contains:rev""]","[0.926987886428833, 0.06017781049013138, 0.006856171879917383, 0.0017515155486762524, 0.0013309288769960403]"
4,0.15,s4_case64,backing <e2> is <e1>,supports:fwd,maps:rev,0,0,maps:rev,0,maps:rev,0,0,,,,,,,,,
4,0.15,s4_case65,to <e1> <e2> points for this case,maps:rev,maps:rev,1,1,maps:rev,1,maps:rev,1,0,maps:fwd,maps:fwd,maps:rev,1.0,0.0,5.0,"{""maps:rev"": 0.5589046703626678, ""maps:fwd"": 0.2121134128373324, ""contains:fwd"": 0.04621002813514998, ""supports:fwd"": 0.04621002813514998, ""precedes:fwd"": 0.27519194493515003}","[""maps:rev"", ""maps:fwd"", ""contains:fwd"", ""supports:fwd"", ""precedes:fwd""]","[0.7087090611457825, 0.20683372020721436, 0.043642472475767136, 0.027704838663339615, 0.009330309927463531]"
4,0.15,s4_case66,support for <e2> comes from <e1>,supports:fwd,contains:fwd,0,1,supports:fwd,1,contains:fwd,0,1,contains:fwd,contains:fwd,supports:fwd,1.0,0.0,2.0,"{""contains:fwd"": 0.04621002813514998, ""supports:fwd"": 0.9089185871626677, ""precedes:rev"": 0.0910814128373324, ""precedes:fwd"": 0.04621002813514998, ""maps:rev"": 0.04621002813514998}","[""contains:fwd"", ""supports:fwd"", ""precedes:rev"", ""precedes:fwd"", ""maps:rev""]","[0.7272576093673706, 0.11450301855802536, 0.10532964020967484, 0.032814908772706985, 0.012194893322885036]"
4,0.15,s4_case67,before <e1> comes <e2> in context,precedes:rev,precedes:fwd,0,1,precedes:rev,1,maps:fwd,0,1,precedes:fwd,precedes:fwd,precedes:rev,1.0,0.0,4.0,"{""precedes:fwd"": 0.10093122899146997, ""precedes:rev"": 0.8990687710085301, ""contains:rev"": 0.04621002813514998, ""maps:fwd"": 0.04621002813514998, ""contains:fwd"": 0.04621002813514998}","[""precedes:fwd"", ""precedes:rev"", ""contains:rev"", ""maps:fwd"", ""contains:fwd""]","[0.6582037210464478, 0.32096067070961, 0.00693747540935874, 0.005419967696070671, 0.005409131292253733]"
4,0.15,s4_case68,for this case <e1> trails <e2>,precedes:rev,precedes:fwd,0,1,precedes:rev,1,precedes:fwd,0,1,precedes:fwd,precedes:fwd,precedes:rev,1.0,0.0,1.0,"{""precedes:fwd"": 0.04621002813514998, ""contains:fwd"": 0.04621002813514998, ""maps:rev"": 0.04621002813514998, ""supports:fwd"": 0.04621002813514998, ""precedes:rev"": 0.9537899718648504}","[""precedes:fwd"", ""contains:fwd"", ""maps:rev"", ""supports:fwd"", ""precedes:rev""]","[0.5555700063705444, 0.33285829424858093, 0.05527341738343239, 0.019105656072497368, 0.01848553866147995]"
4,0.15,s4_case69,to <e2> <e1> points directly,maps:fwd,maps:fwd,1,1,maps:fwd,1,maps:fwd,1,0,maps:rev,maps:rev,maps:fwd,1.0,0.0,12.0,"{""maps:fwd"": 0.7412422355527406, ""maps:rev"": 0.04621002813514998, ""precedes:fwd"": 0.04621002813514998, ""contains:rev"": 0.13772576444725962, ""precedes:rev"": 0.16724202813515002}","[""maps:fwd"", ""maps:rev"", ""precedes:fwd"", ""contains:rev"", ""precedes:rev""]","[0.9659157991409302, 0.018278591334819794, 0.006896179635077715, 0.0038054350297898054, 0.0020586559548974037]"
4,0.15,s4_case70,<e2> has <e1> inside,contains:rev,contains:rev,1,1,contains:rev,1,precedes:rev,0,0,precedes:fwd,precedes:fwd,contains:rev,1.0,0.0,12.0,"{""contains:rev"": 0.9537899718648504, ""precedes:fwd"": 0.04621002813514998, ""contains:fwd"": 0.04621002813514998, ""maps:rev"": 0.04621002813514998, ""precedes:rev"": 0.04621002813514998}","[""contains:rev"", ""precedes:fwd"", ""contains:fwd"", ""maps:rev"", ""precedes:rev""]","[0.9636278748512268, 0.01757294125854969, 0.010416816920042038, 0.003203348256647587, 0.002577315317466855]"
4,0.15,s4_case71,the target of <e1> is <e2> directly,maps:fwd,maps:rev,0,1,maps:rev,0,maps:rev,0,0,maps:rev,maps:rev,maps:rev,1.0,1.0,1.0,"{""maps:rev"": 0.14545626813515, ""maps:fwd"": 0.7731618150648503, ""contains:fwd"": 0.04621002813514998, ""contains:rev"": 0.12759194493515, ""precedes:fwd"": 0.04621002813514998}","[""maps:rev"", ""maps:fwd"", ""contains:fwd"", ""contains:rev"", ""precedes:fwd""]","[0.9532544612884521, 0.023486364632844925, 0.010502723045647144, 0.00747067853808403, 0.003915107809007168]"
4,0.15,s4_case72,within <e2> sits <e1>,contains:rev,contains:fwd,0,0,contains:fwd,0,contains:fwd,0,0,,,,,,,,,
4,0.15,s4_case73,<e2> trails <e1> in context,precedes:fwd,precedes:fwd,1,1,precedes:fwd,1,supports:rev,0,0,maps:fwd,precedes:fwd,precedes:fwd,0.0,0.0,13.0,"{""precedes:fwd"": 0.9537899718648504, ""maps:fwd"": 0.04621002813514998, ""supports:rev"": 0.04621002813514998, ""contains:rev"": 0.04621002813514998, ""maps:rev"": 0.04621002813514998}","[""precedes:fwd"", ""maps:fwd"", ""supports:rev"", ""contains:rev"", ""maps:rev""]","[0.960293710231781, 0.016303954645991325, 0.008233252912759781, 0.0048781526274979115, 0.0038824426010251045]"
4,0.15,s4_case74,before <e2> comes <e1> for this case,precedes:fwd,precedes:rev,0,1,precedes:rev,0,precedes:rev,0,0,precedes:rev,precedes:rev,precedes:rev,1.0,1.0,1.0,"{""precedes:rev"": 0.04621002813514998, ""precedes:fwd"": 0.7190687710085302, ""contains:fwd"": 0.04621002813514998, ""maps:rev"": 0.04621002813514998, ""contains:rev"": 0.28093122899146994}","[""precedes:rev"", ""precedes:fwd"", ""contains:fwd"", ""maps:rev"", ""contains:rev""]","[0.965009868144989, 0.017829101532697678, 0.012227951548993587, 0.001738212420605123, 0.001671565929427743]"
4,0.15,s4_case75,before <e2> comes <e1> usually,precedes:fwd,precedes:rev,0,1,precedes:fwd,1,contains:fwd,0,1,precedes:rev,precedes:rev,precedes:fwd,1.0,0.0,2.0,"{""precedes:rev"": 0.04621002813514998, ""precedes:fwd"": 0.8356135196090608, ""contains:fwd"": 0.04621002813514998, ""maps:rev"": 0.04621002813514998, ""contains:rev"": 0.16438648039093962}","[""precedes:rev"", ""precedes:fwd"", ""contains:fwd"", ""maps:rev"", ""contains:rev""]","[0.9161350727081299, 0.05090324580669403, 0.019879015162587166, 0.007116830907762051, 0.004219595808535814]"
4,0.15,s4_case76,within <e1> sits <e2>,contains:fwd,precedes:rev,0,1,contains:fwd,1,contains:fwd,1,1,precedes:rev,precedes:rev,contains:fwd,1.0,0.0,2.0,"{""precedes:rev"": 0.0664973575603378, ""precedes:fwd"": 0.04621002813514998, ""contains:fwd"": 0.8273800799991895, ""contains:rev"": 0.04621002813514998, ""supports:fwd"": 0.15233259057562296}","[""precedes:rev"", ""precedes:fwd"", ""contains:fwd"", ""contains:rev"", ""supports:fwd""]","[0.7183743119239807, 0.21935343742370605, 0.04509595409035683, 0.011264834553003311, 0.0025124866515398026]"
4,0.15,s4_case77,the target of <e1> is <e2>,maps:fwd,maps:rev,0,1,maps:fwd,1,maps:rev,0,1,maps:rev,maps:rev,maps:fwd,1.0,0.0,1.0,"{""maps:rev"": 0.04621002813514998, ""maps:fwd"": 0.8327579718648501, ""contains:fwd"": 0.04621002813514998, ""precedes:fwd"": 0.16724202813515002, ""contains:rev"": 0.04621002813514998}","[""maps:rev"", ""maps:fwd"", ""contains:fwd"", ""precedes:fwd"", ""contains:rev""]","[0.9648475050926208, 0.01088640745729208, 0.008484392426908016, 0.007341064978390932, 0.006985536776483059]"
4,0.15,s4_case78,support for <e2> comes from <e1> for this case,supports:fwd,contains:fwd,0,1,supports:fwd,1,precedes:fwd,0,1,contains:fwd,contains:fwd,supports:fwd,1.0,0.0,2.0,"{""contains:fwd"": 0.14545626813515, ""maps:rev"": 0.04621002813514998, ""supports:fwd"": 0.8545437318648501, ""precedes:rev"": 0.04621002813514998, ""precedes:fwd"": 0.04621002813514998}","[""contains:fwd"", ""maps:rev"", ""supports:fwd"", ""precedes:rev"", ""precedes:fwd""]","[0.4740186631679535, 0.2612408399581909, 0.18941564857959747, 0.033261772245168686, 0.026314912363886833]"
4,0.15,s4_case79,within <e1> sits <e2>,contains:fwd,precedes:rev,0,1,contains:fwd,1,precedes:rev,0,1,precedes:rev,precedes:rev,contains:fwd,1.0,0.0,1.0,"{""precedes:rev"": 0.04621002813514998, ""precedes:fwd"": 0.08300456359093959, ""contains:fwd"": 0.7959634364090609, ""contains:rev"": 0.04621002813514998, ""supports:fwd"": 0.16724202813515002}","[""precedes:rev"", ""precedes:fwd"", ""contains:fwd"", ""contains:rev"", ""supports:fwd""]","[0.7183743119239807, 0.21935343742370605, 0.04509595409035683, 0.011264834553003311, 0.0025124866515398026]"
4,0.3,s4_case0,support for <e1> comes from <e2> in context,supports:rev,maps:rev,0,0,maps:rev,0,maps:rev,0,0,,,,,,,,,
4,0.3,s4_case1,to <e1> <e2> points for this case,maps:rev,maps:rev,1,1,maps:rev,1,maps:rev,1,0,maps:fwd,maps:fwd,maps:rev,1.0,0.0,9.0,"{""maps:rev"": 0.6495155214253705, ""maps:fwd"": 0.19381002813515, ""contains:fwd"": 0.08300456359093959, ""supports:fwd"": 0.10093122899146997, ""precedes:fwd"": 0.11136874226252023}","[""maps:rev"", ""maps:fwd"", ""contains:fwd"", ""supports:fwd"", ""precedes:fwd""]","[0.7087090611457825, 0.20683372020721436, 0.043642472475767136, 0.027704838663339615, 0.009330309927463531]"
4,0.3,s4_case2,before <e1> comes <e2> usually,precedes:rev,precedes:fwd,0,1,precedes:fwd,0,precedes:fwd,0,0,precedes:fwd,precedes:fwd,precedes:fwd,1.0,1.0,1.0,"{""precedes:fwd"": 0.14545626813515, ""precedes:rev"": 0.7363672796090608, ""maps:fwd"": 0.12759194493515, ""contains:rev"": 0.08300456359093959, ""maps:rev"": 0.04621002813514998}","[""precedes:fwd"", ""precedes:rev"", ""maps:fwd"", ""contains:rev"", ""maps:rev""]","[0.9596462845802307, 0.027815276756882668, 0.004303662572056055, 0.0033207654487341642, 0.0021141350734978914]"
4,0.3,s4_case3,<e2> is held up by <e1> in context,supports:fwd,maps:fwd,0,0,maps:fwd,0,maps:fwd,0,0,,,,,,,,,
4,0.3,s4_case4,within <e2> sits <e1> in context,contains:rev,contains:fwd,0,0,contains:fwd,0,contains:fwd,0,0,,,,,,,,,
4,0.3,s4_case5,inside <e2> is <e1> directly,contains:rev,maps:rev,0,1,contains:rev,1,maps:rev,0,1,maps:rev,maps:rev,contains:rev,1.0,0.0,2.0,"{""maps:rev"": 0.12759194493515, ""contains:rev"": 0.5438958949068783, ""contains:fwd"": 0.04621002813514998, ""precedes:fwd"": 0.2306045635909396, ""supports:fwd"": 0.19032765283733247}","[""maps:rev"", ""contains:rev"", ""contains:fwd"", ""precedes:fwd"", ""supports:fwd""]","[0.5861344933509827, 0.2313598096370697, 0.12809008359909058, 0.03647994622588158, 0.006072792690247297]"
4,0.3,s4_case6,to <e1> <e2> points,maps:rev,maps:fwd,0,1,maps:rev,1,maps:fwd,0,1,maps:fwd,maps:fwd,maps:rev,1.0,0.0,2.0,"{""maps:fwd"": 0.04621002813514998, ""maps:rev"": 0.8327579718648501, ""precedes:fwd"": 0.16724202813515002, ""contains:fwd"": 0.04621002813514998, ""supports:fwd"": 0.04621002813514998}","[""maps:fwd"", ""maps:rev"", ""precedes:fwd"", ""contains:fwd"", ""supports:fwd""]","[0.8072847723960876, 0.17612425982952118, 0.006031292490661144, 0.004383713472634554, 0.003228253684937954]"
4,0.3,s4_case7,usually <e1> trails <e2>,precedes:rev,precedes:fwd,0,0,precedes:fwd,0,precedes:fwd,0,0,,,,,,,,,
4,0.3,s4_case8,inside <e2> is <e1> in context,contains:rev,maps:rev,0,1,maps:rev,0,contains:rev,1,0,maps:rev,maps:rev,maps:rev,1.0,1.0,1.0,"{""maps:rev"": 0.22621002813514998, ""precedes:fwd"": 0.11582205847780534, ""contains:rev"": 0.5565779415221951, ""contains:fwd"": 0.19381002813515, ""supports:rev"": 0.04621002813514998}","[""maps:rev"", ""precedes:fwd"", ""contains:rev"", ""contains:fwd"", ""supports:rev""]","[0.5360198020935059, 0.24855148792266846, 0.10045070946216583, 0.07086776196956635, 0.01775345578789711]"
4,0.3,s4_case9,inside <e1> is <e2> usually,contains:fwd,contains:rev,0,1,contains:rev,0,contains:rev,0,0,contains:rev,contains:rev,contains:rev,1.0,1.0,1.0,"{""contains:rev"": 0.1724633296373324, ""maps:fwd"": 0.11317608266468705, ""contains:fwd"": 0.7058494149768106, ""precedes:fwd"": 0.04621002813514998, ""precedes:rev"": 0.10093122899146997}","[""contains:rev"", ""maps:fwd"", ""contains:fwd"", ""precedes:fwd"", ""precedes:rev""]","[0.9496526122093201, 0.01922106370329857, 0.01649855263531208, 0.005693610291928053, 0.0051957000978291035]"
4,0.3,s4_case10,to <e1> <e2> points in context,maps:rev,maps:fwd,0,1,maps:rev,1,supports:fwd,0,1,maps:fwd,maps:fwd,maps:rev,1.0,0.0,2.0,"{""maps:fwd"": 0.04621002813514998, ""contains:fwd"": 0.37381002813514996, ""maps:rev"": 0.5594568000888502, ""supports:fwd"": 0.11294319991115, ""precedes:rev"": 0.04621002813514998}","[""maps:fwd"", ""contains:fwd"", ""maps:rev"", ""supports:fwd"", ""precedes:rev""]","[0.43569010496139526, 0.19899921119213104, 0.18899057805538177, 0.11952453851699829, 0.026672828942537308]"
4,0.3,s4_case11,<e2> is held up by <e1> in context,supports:fwd,maps:fwd,0,0,maps:fwd,0,maps:fwd,0,0,,,,,,,,,
4,0.3,s4_case12,support for <e1> comes from <e2> for this case,supports:rev,maps:rev,0,0,maps:rev,0,maps:rev,0,0,,,,,,,,,
4,0.3,s4_case13,in context <e1> is ahead of <e2>,precedes:fwd,maps:rev,0,1,precedes:fwd,1,maps:rev,0,1,maps:rev,maps:rev,precedes:fwd,1.0,0.0,2.0,"{""maps:rev"": 0.08300456359093959, ""precedes:fwd"": 0.8620832716948403, ""supports:rev"": 0.04621002813514998, ""contains:rev"": 0.1011221928493704, ""maps:fwd"": 0.04621002813514998}","[""maps:rev"", ""precedes:fwd"", ""supports:rev"", ""contains:rev"", ""maps:fwd""]","[0.86073237657547, 0.048033565282821655, 0.04227534309029579, 0.02741241455078125, 0.011314031668007374]"
4,0.3,s4_case14,backing <e2> is <e1> usually,supports:fwd,maps:rev,0,0,maps:rev,0,maps:rev,0,0,,,,,,,,,
4,0.3,s4_case15,<e2> is ahead of <e1> usually,precedes:rev,maps:fwd,0,1,precedes:rev,1,contains:fwd,0,1,maps:fwd,maps:fwd,precedes:rev,1.0,0.0,2.0,"{""maps:fwd"": 0.04621002813514998, ""contains:fwd"": 0.2464973575603378, ""precedes:rev"": 0.65391005688116, ""precedes:fwd"": 0.14580261369365244, ""contains:rev"": 0.04621002813514998}","[""maps:fwd"", ""contains:fwd"", ""precedes:rev"", ""precedes:fwd"", ""contains:rev""]","[0.41039028763771057, 0.27875226736068726, 0.2416275292634964, 0.03875648230314255, 0.012882874347269535]"
4,0.3,s4_case16,<e2> has <e1> inside,contains:rev,contains:rev,1,1,contains:rev,1,contains:rev,1,0,precedes:fwd,contains:rev,contains:rev,0.0,0.0,13.0,"{""contains:rev"": 0.7929462085680574, ""precedes:fwd"": 0.0709506737756229, ""contains:fwd"": 0.10093122899146997, ""maps:rev"": 0.04621002813514998, ""precedes:rev"": 0.12759194493515}","[""contains:rev"", ""precedes:fwd"", ""contains:fwd"", ""maps:rev"", ""precedes:rev""]","[0.9636278748512268, 0.01757294125854969, 0.010416816920042038, 0.003203348256647587, 0.002577315317466855]"
4,0.3,s4_case17,usually <e1> has <e2> inside,contains:fwd,precedes:fwd,0,1,contains:fwd,1,contains:rev,0,1,precedes:fwd,precedes:fwd,contains:fwd,1.0,0.0,2.0,"{""precedes:fwd"": 0.04621002813514998, ""contains:fwd"": 0.6252154695063479, ""precedes:rev"": 0.23868141283733244, ""contains:rev"": 0.10093122899146997, ""maps:rev"": 0.12759194493515}","[""precedes:fwd"", ""contains:fwd"", ""precedes:rev"", ""contains:rev"", ""maps:rev""]","[0.573695182800293, 0.25086331367492676, 0.09747537970542908, 0.06485334038734436, 0.006886942312121391]"
4,0.3,s4_case18,backing <e2> is <e1> in context,supports:fwd,maps:rev,0,1,precedes:fwd,0,precedes:fwd,0,0,maps:rev,maps:rev,precedes:fwd,1.0,0.0,2.0,"{""maps:rev"": 0.0910814128373324, ""precedes:fwd"": 0.22621002813514998, ""contains:fwd"": 0.04621002813514998, ""supports:fwd"": 0.70863125773748, ""contains:rev"": 0.0664973575603378}","[""maps:rev"", ""precedes:fwd"", ""contains:fwd"", ""supports:fwd"", ""contains:rev""]","[0.6737381219863892, 0.28907352685928345, 0.011992343701422215, 0.008573684841394424, 0.008446520194411278]"
4,0.3,s4_case19,from <e1> <e2> is mapped in context,maps:fwd,maps:fwd,1,1,maps:fwd,1,maps:fwd,1,0,maps:rev,maps:fwd,maps:fwd,0.0,0.0,13.0,"{""maps:fwd"": 0.6839876279029933, ""maps:rev"": 0.04621002813514998, ""precedes:fwd"": 0.2044589362232596, ""supports:rev"": 0.15776346400889749, ""contains:fwd"": 0.04621002813514998}","[""maps:fwd"", ""maps:rev"", ""precedes:fwd"", ""supports:rev"", ""contains:fwd""]","[0.9311681389808655, 0.055695660412311554, 0.007571440190076828, 0.0013476309832185507, 0.0012624518712982535]"
4,0.3,s4_case20,before <e2> comes <e1> in context,precedes:fwd,precedes:rev,0,1,precedes:fwd,1,contains:rev,0,1,precedes:rev,precedes:rev,precedes:fwd,1.0,0.0,2.0,"{""precedes:rev"": 0.04621002813514998, ""precedes:fwd"": 0.9537899718648504, ""contains:fwd"": 0.04621002813514998, ""maps:rev"": 0.04621002813514998, ""contains:rev"": 0.04621002813514998}","[""precedes:rev"", ""precedes:fwd"", ""contains:fwd"", ""maps:rev"", ""contains:rev""]","[0.8109793066978455, 0.1472446620464325, 0.02724047191441059, 0.008054631762206554, 0.002735840156674385]"
4,0.3,s4_case21,directly <e1> trails <e2>,precedes:rev,precedes:fwd,0,0,precedes:fwd,0,precedes:fwd,0,0,,,,,,,,,
4,0.3,s4_case22,from <e2> <e1> is mapped for this case,maps:rev,maps:fwd,0,1,maps:rev,1,maps:fwd,0,1,maps:fwd,maps:fwd,maps:rev,1.0,0.0,2.0,"{""maps:fwd"": 0.04621002813514998, ""maps:rev"": 0.7181566108505584, ""precedes:fwd"": 0.08300456359093959, ""contains:rev"": 0.24504885369365248, ""supports:rev"": 0.04621002813514998}","[""maps:fwd"", ""maps:rev"", ""precedes:fwd"", ""contains:rev"", ""supports:rev""]","[0.801142692565918, 0.1819036602973938, 0.00929123256355524, 0.0040211305022239685, 0.0014380994252860546]"
4,0.3,s4_case23,from <e1> <e2> is mapped in context,maps:fwd,maps:fwd,1,1,maps:fwd,1,maps:fwd,1,0,maps:rev,maps:rev,maps:fwd,1.0,0.0,11.0,"{""maps:fwd"": 0.8124706424396626, ""maps:rev"": 0.16724202813515002, ""precedes:fwd"": 0.04621002813514998, ""supports:rev"": 0.04621002813514998, ""contains:fwd"": 0.0664973575603378}","[""maps:fwd"", ""maps:rev"", ""precedes:fwd"", ""supports:rev"", ""contains:fwd""]","[0.9311681389808655, 0.055695660412311554, 0.007571440190076828, 0.0013476309832185507, 0.0012624518712982535]"
4,0.3,s4_case24,support for <e1> comes from <e2>,supports:rev,precedes:fwd,0,0,precedes:fwd,0,precedes:fwd,0,0,,,,,,,,,
4,0.3,s4_case25,before <e2> comes <e1> directly,precedes:fwd,precedes:rev,0,1,precedes:fwd,1,precedes:rev,0,1,precedes:rev,precedes:rev,precedes:fwd,1.0,0.0,1.0,"{""precedes:rev"": 0.13772576444725962, ""precedes:fwd"": 0.7752537343515529, ""contains:fwd"": 0.0664973575603378, ""maps:rev"": 0.04621002813514998, ""contains:rev"": 0.11294319991115}","[""precedes:rev"", ""precedes:fwd"", ""contains:fwd"", ""maps:rev"", ""contains:rev""]","[0.9279811382293701, 0.045782431960105896, 0.015205149538815022, 0.0051359194330871105, 0.004263171926140785]"
4,0.3,s4_case26,before <e1> comes <e2> directly,precedes:rev,precedes:fwd,0,1,precedes:rev,1,precedes:fwd,0,1,precedes:fwd,precedes:fwd,precedes:rev,1.0,0.0,1.0,"{""precedes:fwd"": 0.16724202813515002, ""precedes:rev"": 0.40511263993087826, ""contains:rev"": 0.2710814128373324, ""maps:fwd"": 0.24898397536693967, ""contains:fwd"": 0.04621002813514998}","[""precedes:fwd"", ""precedes:rev"", ""contains:rev"", ""maps:fwd"", ""contains:fwd""]","[0.6343196630477905, 0.32745784521102905, 0.01987871527671814, 0.012564195320010185, 0.002450407249853015]"
4,0.3,s4_case27,before <e2> comes <e1> in context,precedes:fwd,precedes:rev,0,1,precedes:rev,0,precedes:fwd,1,0,precedes:rev,precedes:rev,precedes:rev,1.0,1.0,1.0,"{""precedes:rev"": 0.22398154720889746, ""precedes:fwd"": 0.5852564764789931, ""contains:fwd"": 0.14545626813515, ""maps:rev"": 0.04621002813514998, ""contains:rev"": 0.13772576444725962}","[""precedes:rev"", ""precedes:fwd"", ""contains:fwd"", ""maps:rev"", ""contains:rev""]","[0.8109793066978455, 0.1472446620464325, 0.02724047191441059, 0.008054631762206554, 0.002735840156674385]"
4,0.3,s4_case28,support for <e1> comes from <e2>,supports:rev,precedes:fwd,0,0,precedes:fwd,0,precedes:fwd,0,0,,,,,,,,,
4,0.3,s4_case29,inside <e2> is <e1> directly,contains:rev,maps:rev,0,1,contains:rev,1,maps:rev,0,1,maps:rev,maps:rev,contains:rev,1.0,0.0,2.0,"{""maps:rev"": 0.04621002813514998, ""contains:rev"": 0.5146365359911028, ""contains:fwd"": 0.07638154720889745, ""precedes:fwd"": 0.27519194493515003, ""supports:fwd"": 0.22621002813514998}","[""maps:rev"", ""contains:rev"", ""contains:fwd"", ""precedes:fwd"", ""supports:fwd""]","[0.5861344933509827, 0.2313598096370697, 0.12809008359909058, 0.03647994622588158, 0.006072792690247297]"
4,0.3,s4_case30,<e2> has <e1> inside in context,contains:rev,contains:rev,1,1,contains:rev,1,contains:rev,1,0,contains:fwd,contains:fwd,contains:rev,1.0,0.0,9.0,"{""contains:rev"": 0.8787814415833424, ""contains:fwd"": 0.10093122899146997, ""precedes:fwd"": 0.0664973575603378, ""supports:rev"": 0.04621002813514998, ""maps:rev"": 0.04621002813514998}","[""contains:rev"", ""contains:fwd"", ""precedes:fwd"", ""supports:rev"", ""maps:rev""]","[0.73399418592453, 0.18589679896831512, 0.051477182656526566, 0.013307785615324974, 0.007031273562461138]"
4,0.3,s4_case31,within <e1> sits <e2> directly,contains:fwd,precedes:rev,0,1,contains:fwd,1,contains:fwd,1,1,precedes:rev,precedes:rev,contains:fwd,1.0,0.0,1.0,"{""precedes:rev"": 0.04621002813514998, ""contains:fwd"": 0.8298030862243775, ""precedes:fwd"": 0.14545626813515, ""contains:rev"": 0.04621002813514998, ""supports:fwd"": 0.0709506737756229}","[""precedes:rev"", ""contains:fwd"", ""precedes:fwd"", ""contains:rev"", ""supports:fwd""]","[0.9401321411132812, 0.036498188972473145, 0.010191294364631176, 0.009740268811583519, 0.0013791476376354694]"
4,0.3,s4_case32,backing <e1> is <e2> directly,supports:rev,maps:fwd,0,0,maps:fwd,0,maps:fwd,0,0,,,,,,,,,
4,0.3,s4_case33,<e2> is ahead of <e1> usually,precedes:rev,maps:fwd,0,1,precedes:rev,1,contains:fwd,0,1,maps:fwd,maps:fwd,precedes:rev,1.0,0.0,2.0,"{""maps:fwd"": 0.11294319991115, ""contains:fwd"": 0.11317608266468705, ""precedes:rev"": 0.6990587455593131, ""precedes:fwd"": 0.16724202813515002, ""contains:rev"": 0.04621002813514998}","[""maps:fwd"", ""contains:fwd"", ""precedes:rev"", ""precedes:fwd"", ""contains:rev""]","[0.41039028763771057, 0.27875226736068726, 0.2416275292634964, 0.03875648230314255, 0.012882874347269535]"
4,0.3,s4_case34,from <e2> <e1> is mapped,maps:rev,maps:rev,1,1,maps:rev,1,maps:rev,1,0,maps:fwd,maps:fwd,maps:rev,1.0,0.0,10.0,"{""maps:rev"": 0.5685930184078728, ""maps:fwd"": 0.04621002813514998, ""precedes:fwd"": 0.3443864803909396, ""contains:rev"": 0.13323052933633783, ""supports:fwd"": 0.04621002813514998}","[""maps:rev"", ""maps:fwd"", ""precedes:fwd"", ""contains:rev"", ""supports:fwd""]","[0.7828982472419739, 0.20234721899032593, 0.009008328430354595, 0.0019624882843345404, 0.0014543154975399375]"
4,0.3,s4_case35,<e2> trails <e1> for this case,precedes:fwd,precedes:fwd,1,1,precedes:fwd,1,precedes:fwd,1,0,maps:fwd,precedes:fwd,precedes:fwd,0.0,0.0,13.0,"{""precedes:fwd"": 0.7704548054816904, ""maps:fwd"": 0.04621002813514998, ""maps:rev"": 0.08300456359093959, ""contains:rev"": 0.1478792743603378, ""precedes:rev"": 0.0910814128373324}","[""precedes:fwd"", ""maps:fwd"", ""maps:rev"", ""contains:rev"", ""precedes:rev""]","[0.9213875532150269, 0.0400671549141407, 0.013962559401988983, 0.01312583964318037, 0.006649130955338478]"
4,0.3,s4_case36,the target of <e2> is <e1> in context,maps:rev,maps:fwd,0,1,maps:fwd,0,maps:fwd,0,0,maps:fwd,maps:fwd,maps:fwd,1.0,1.0,1.0,"{""maps:fwd"": 0.04621002813514998, ""contains:rev"": 0.12759194493515, ""precedes:fwd"": 0.19381002813515, ""maps:rev"": 0.6799366703626679, ""supports:rev"": 0.0910814128373324}","[""maps:fwd"", ""contains:rev"", ""precedes:fwd"", ""maps:rev"", ""supports:rev""]","[0.9726717472076416, 0.008310657925903797, 0.008111849427223206, 0.003673435188829899, 0.0026255548000335693]"
4,0.3,s4_case37,<e2> has <e1> inside directly,contains:rev,contains:rev,1,1,contains:rev,1,contains:fwd,0,0,precedes:rev,precedes:rev,contains:rev,1.0,0.0,9.0,"{""contains:rev"": 0.7287619967991895, ""precedes:rev"": 0.0664973575603378, ""precedes:fwd"": 0.04621002813514998, ""contains:fwd"": 0.22621002813514998, ""maps:rev"": 0.0709506737756229}","[""contains:rev"", ""precedes:rev"", ""precedes:fwd"", ""contains:fwd"", ""maps:rev""]","[0.7923663258552551, 0.09125537425279617, 0.060749445110559464, 0.04337935149669647, 0.007291097193956375]"
4,0.3,s4_case38,inside <e1> is <e2>,contains:fwd,contains:rev,0,1,contains:rev,0,contains:rev,0,0,contains:rev,contains:rev,contains:rev,1.0,1.0,1.0,"{""contains:rev"": 0.04621002813514998, ""maps:fwd"": 0.18231314579147, ""contains:fwd"": 0.6966548542085302, ""precedes:fwd"": 0.16724202813515002, ""precedes:rev"": 0.04621002813514998}","[""contains:rev"", ""maps:fwd"", ""contains:fwd"", ""precedes:fwd"", ""precedes:rev""]","[0.9693425297737122, 0.011558749713003635, 0.010373935103416443, 0.004143302794545889, 0.0015979399904608727]"
4,0.3,s4_case39,within <e1> sits <e2> usually,contains:fwd,precedes:rev,0,1,precedes:rev,0,precedes:rev,0,0,precedes:rev,precedes:rev,precedes:rev,1.0,1.0,1.0,"{""precedes:rev"": 0.0910814128373324, ""contains:fwd"": 0.6758925575674701, ""precedes:fwd"": 0.0709506737756229, ""contains:rev"": 0.23420808266468707, ""supports:fwd"": 0.0664973575603378}","[""precedes:rev"", ""contains:fwd"", ""precedes:fwd"", ""contains:rev"", ""supports:fwd""]","[0.9185270667076111, 0.04074965417385101, 0.029328685253858566, 0.008386192843317986, 0.0010026737581938505]"
4,0.3,s4_case40,support for <e1> comes from <e2>,supports:rev,precedes:fwd,0,0,precedes:fwd,0,precedes:fwd,0,0,,,,,,,,,
4,0.3,s4_case41,within <e1> sits <e2> for this case,contains:fwd,contains:fwd,1,1,contains:fwd,1,precedes:rev,0,0,precedes:rev,precedes:rev,contains:fwd,1.0,0.0,7.0,"{""contains:fwd"": 0.4146255775515528, ""precedes:rev"": 0.14545626813515, ""supports:fwd"": 0.3679517301926578, ""precedes:fwd"": 0.04621002813514998, ""contains:rev"": 0.16438648039093962}","[""contains:fwd"", ""precedes:rev"", ""supports:fwd"", ""precedes:fwd"", ""contains:rev""]","[0.5461125373840332, 0.3681798577308655, 0.05042612925171852, 0.02101234532892704, 0.009048229083418846]"
4,0.3,s4_case42,<e2> trails <e1>,precedes:fwd,precedes:fwd,1,1,precedes:fwd,1,precedes:rev,0,0,precedes:rev,precedes:rev,precedes:fwd,1.0,0.0,9.0,"{""precedes:fwd"": 0.8541973863063477, ""precedes:rev"": 0.0910814128373324, ""maps:fwd"": 0.10093122899146997, ""supports:rev"": 0.04621002813514998, ""contains:rev"": 0.04621002813514998}","[""precedes:fwd"", ""precedes:rev"", ""maps:fwd"", ""supports:rev"", ""contains:rev""]","[0.9078838229179382, 0.03502826765179634, 0.03126414120197296, 0.011099389754235744, 0.00869868602603674]"
4,0.3,s4_case43,<e2> trails <e1> directly,precedes:fwd,precedes:fwd,1,1,precedes:fwd,1,precedes:fwd,1,0,contains:rev,contains:rev,precedes:fwd,1.0,0.0,10.0,"{""precedes:fwd"": 0.8540407959428697, ""contains:rev"": 0.04621002813514998, ""maps:fwd"": 0.04621002813514998, ""supports:rev"": 0.14595920405713073, ""precedes:rev"": 0.04621002813514998}","[""precedes:fwd"", ""contains:rev"", ""maps:fwd"", ""supports:rev"", ""precedes:rev""]","[0.7711207270622253, 0.0972636267542839, 0.08861910551786423, 0.020374109968543053, 0.0178743377327919]"
4,0.3,s4_case44,<e2> is held up by <e1> in context,supports:fwd,maps:fwd,0,0,maps:fwd,0,maps:fwd,0,0,,,,,,,,,
4,0.3,s4_case45,from <e1> <e2> is mapped,maps:fwd,maps:fwd,1,1,maps:fwd,1,maps:rev,0,0,maps:rev,maps:fwd,maps:fwd,0.0,0.0,13.0,"{""maps:fwd"": 0.7671768851051599, ""maps:rev"": 0.04621002813514998, ""precedes:fwd"": 0.12121855841665782, ""precedes:rev"": 0.11294319991115, ""contains:rev"": 0.0910814128373324}","[""maps:fwd"", ""maps:rev"", ""precedes:fwd"", ""precedes:rev"", ""contains:rev""]","[0.9247839450836182, 0.06095794960856438, 0.008421835489571095, 0.0013158823130652308, 0.0013075509341433644]"
4,0.3,s4_case46,backing <e2> is <e1> in context,supports:fwd,maps:rev,0,1,maps:rev,0,precedes:fwd,0,0,maps:rev,maps:rev,maps:rev,1.0,1.0,2.0,"{""maps:rev"": 0.04621002813514998, ""precedes:fwd"": 0.10093122899146997, ""contains:fwd"": 0.23397519991115, ""supports:fwd"": 0.7113035992325303, ""contains:rev"": 0.04621002813514998}","[""maps:rev"", ""precedes:fwd"", ""contains:fwd"", ""supports:fwd"", ""contains:rev""]","[0.6737381219863892, 0.28907352685928345, 0.011992343701422215, 0.008573684841394424, 0.008446520194411278]"
4,0.3,s4_case47,for this case <e1> trails <e2>,precedes:rev,precedes:fwd,0,1,precedes:rev,1,precedes:fwd,0,1,precedes:fwd,precedes:fwd,precedes:rev,1.0,0.0,1.0,"{""precedes:fwd"": 0.04621002813514998, ""contains:fwd"": 0.16724202813515002, ""maps:rev"": 0.04621002813514998, ""supports:fwd"": 0.04621002813514998, ""precedes:rev"": 0.8327579718648501}","[""precedes:fwd"", ""contains:fwd"", ""maps:rev"", ""supports:fwd"", ""precedes:rev""]","[0.5555700063705444, 0.33285829424858093, 0.05527341738343239, 0.019105656072497368, 0.01848553866147995]"
4,0.3,s4_case48,backing <e1> is <e2> usually,supports:rev,maps:fwd,0,0,maps:fwd,0,maps:fwd,0,0,,,,,,,,,
4,0.3,s4_case49,support for <e2> comes from <e1>,supports:fwd,contains:fwd,0,1,supports:fwd,1,supports:fwd,1,1,contains:fwd,contains:fwd,supports:fwd,1.0,0.0,1.0,"{""contains:fwd"": 0.0709506737756229, ""supports:fwd"": 0.7287619967991895, ""precedes:rev"": 0.04621002813514998, ""precedes:fwd"": 0.04621002813514998, ""maps:rev"": 0.2464973575603378}","[""contains:fwd"", ""supports:fwd"", ""precedes:rev"", ""precedes:fwd"", ""maps:rev""]","[0.7272576093673706, 0.11450301855802536, 0.10532964020967484, 0.032814908772706985, 0.012194893322885036]"
4,0.3,s4_case50,backing <e1> is <e2> usually,supports:rev,maps:fwd,0,0,maps:fwd,0,maps:fwd,0,0,,,,,,,,,
4,0.3,s4_case51,to <e2> <e1> points usually,maps:fwd,maps:fwd,1,1,maps:fwd,1,maps:fwd,1,0,maps:rev,maps:rev,maps:fwd,1.0,0.0,8.0,"{""maps:fwd"": 0.7859026424396625, ""maps:rev"": 0.0664973575603378, ""precedes:fwd"": 0.19381002813515, ""contains:rev"": 0.04621002813514998, ""precedes:rev"": 0.04621002813514998}","[""maps:fwd"", ""maps:rev"", ""precedes:fwd"", ""contains:rev"", ""precedes:rev""]","[0.7880939841270447, 0.18048672378063202, 0.014009008184075356, 0.009559465572237968, 0.003854346228763461]"
4,0.3,s4_case52,in context <e1> is held up by <e2>,supports:rev,maps:fwd,0,0,maps:fwd,0,maps:fwd,0,0,,,,,,,,,
4,0.3,s4_case53,to <e2> <e1> points,maps:fwd,maps:fwd,1,1,maps:fwd,1,maps:fwd,1,0,maps:rev,maps:rev,maps:fwd,1.0,0.0,5.0,"{""maps:fwd"": 0.7087710862243772, ""maps:rev"": 0.04621002813514998, ""precedes:fwd"": 0.0709506737756229, ""contains:rev"": 0.26648826813515003, ""supports:rev"": 0.04621002813514998}","[""maps:fwd"", ""maps:rev"", ""precedes:fwd"", ""contains:rev"", ""supports:rev""]","[0.6384268999099731, 0.320948988199234, 0.03109697438776493, 0.0047250911593437195, 0.0019084239611402154]"
4,0.3,s4_case54,from <e2> <e1> is mapped in context,maps:rev,maps:rev,1,1,maps:rev,1,precedes:fwd,0,0,maps:fwd,maps:fwd,maps:rev,1.0,0.0,5.0,"{""maps:rev"": 0.8040848833659151, ""maps:fwd"": 0.04621002813514998, ""precedes:fwd"": 0.14545626813515, ""contains:rev"": 0.0664973575603378, ""supports:rev"": 0.07638154720889745}","[""maps:rev"", ""maps:fwd"", ""precedes:fwd"", ""contains:rev"", ""supports:rev""]","[0.594732403755188, 0.3879764676094055, 0.011280997656285763, 0.0023350357078015804, 0.0012667092960327864]"
4,0.3,s4_case55,the target of <e2> is <e1> for this case,maps:rev,maps:fwd,0,1,maps:fwd,0,maps:fwd,0,0,maps:fwd,maps:fwd,maps:fwd,1.0,1.0,1.0,"{""maps:fwd"": 0.04621002813514998, ""maps:rev"": 0.8321027164789934, ""precedes:fwd"": 0.07638154720889745, ""precedes:rev"": 0.08300456359093959, ""contains:rev"": 0.10093122899146997}","[""maps:fwd"", ""maps:rev"", ""precedes:fwd"", ""precedes:rev"", ""contains:rev""]","[0.9754613637924194, 0.007487539201974869, 0.006591730751097202, 0.0028869579546153545, 0.002758290618658066]"
4,0.3,s4_case56,in context <e1> has <e2> inside,contains:fwd,contains:rev,0,0,contains:rev,0,contains:rev,0,0,,,,,,,,,
4,0.3,s4_case57,<e1> has <e2> inside,contains:fwd,contains:fwd,1,1,contains:fwd,1,supports:fwd,0,0,supports:fwd,supports:fwd,contains:fwd,1.0,0.0,8.0,"{""contains:fwd"": 0.6299216824325302, ""supports:fwd"": 0.04621002813514998, ""precedes:fwd"": 0.11294319991115, ""precedes:rev"": 0.30334514579147004, ""contains:rev"": 0.04621002813514998}","[""contains:fwd"", ""supports:fwd"", ""precedes:fwd"", ""precedes:rev"", ""contains:rev""]","[0.8827428221702576, 0.06884738057851791, 0.018851494416594505, 0.01594296656548977, 0.008994839154183865]"
4,0.3,s4_case58,support for <e1> comes from <e2>,supports:rev,precedes:fwd,0,0,precedes:fwd,0,precedes:fwd,0,0,,,,,,,,,
4,0.3,s4_case59,usually <e1> trails <e2>,precedes:rev,precedes:fwd,0,0,precedes:fwd,0,precedes:fwd,0,0,,,,,,,,,
4,0.3,s4_case60,to <e2> <e1> points directly,maps:fwd,maps:fwd,1,1,maps:fwd,1,maps:fwd,1,0,maps:rev,maps:fwd,maps:fwd,0.0,0.0,13.0,"{""maps:fwd"": 0.704177941522195, ""maps:rev"": 0.04621002813514998, ""precedes:fwd"": 0.04621002813514998, ""contains:rev"": 0.04621002813514998, ""precedes:rev"": 0.29582205847780535}","[""maps:fwd"", ""maps:rev"", ""precedes:fwd"", ""contains:rev"", ""precedes:rev""]","[0.9659157991409302, 0.018278591334819794, 0.006896179635077715, 0.0038054350297898054, 0.0020586559548974037]"
4,0.3,s4_case61,inside <e2> is <e1>,contains:rev,contains:rev,1,1,contains:rev,1,precedes:fwd,0,0,maps:rev,contains:rev,contains:rev,0.0,0.0,6.0,"{""contains:rev"": 0.7026622646330607, ""maps:rev"": 0.14973773536693963, ""contains:fwd"": 0.04621002813514998, ""precedes:fwd"": 0.04621002813514998, ""supports:rev"": 0.19381002813515}","[""contains:rev"", ""maps:rev"", ""contains:fwd"", ""precedes:fwd"", ""supports:rev""]","[0.721720278263092, 0.2099592238664627, 0.03689872473478317, 0.02269166335463524, 0.003009841777384281]"
4,0.3,s4_case62,from <e2> <e1> is mapped for this case,maps:rev,maps:fwd,0,1,maps:rev,1,maps:fwd,0,1,maps:fwd,maps:fwd,maps:rev,1.0,0.0,1.0,"{""maps:fwd"": 0.22621002813514998, ""maps:rev"": 0.7369954364090608, ""precedes:fwd"": 0.04621002813514998, ""contains:rev"": 0.08300456359093959, ""supports:rev"": 0.04621002813514998}","[""maps:fwd"", ""maps:rev"", ""precedes:fwd"", ""contains:rev"", ""supports:rev""]","[0.801142692565918, 0.1819036602973938, 0.00929123256355524, 0.0040211305022239685, 0.0014380994252860546]"
4,0.3,s4_case63,from <e1> <e2> is mapped for this case,maps:fwd,maps:fwd,1,1,maps:fwd,1,maps:rev,0,0,maps:rev,maps:rev,maps:fwd,1.0,0.0,12.0,"{""maps:fwd"": 0.6862173409374801, ""maps:rev"": 0.04621002813514998, ""precedes:fwd"": 0.0664973575603378, ""contains:fwd"": 0.0910814128373324, ""contains:rev"": 0.24862394493515}","[""maps:fwd"", ""maps:rev"", ""precedes:fwd"", ""contains:fwd"", ""contains:rev""]","[0.926987886428833, 0.06017781049013138, 0.006856171879917383, 0.0017515155486762524, 0.0013309288769960403]"
4,0.3,s4_case64,backing <e2> is <e1>,supports:fwd,maps:rev,0,0,maps:rev,0,maps:rev,0,0,,,,,,,,,
4,0.3,s4_case65,to <e1> <e2> points for this case,maps:rev,maps:rev,1,1,maps:rev,1,maps:rev,1,0,maps:fwd,maps:fwd,maps:rev,1.0,0.0,6.0,"{""maps:rev"": 0.6255618150648503, ""maps:fwd"": 0.14545626813515, ""contains:fwd"": 0.04621002813514998, ""supports:fwd"": 0.27519194493515003, ""precedes:fwd"": 0.04621002813514998}","[""maps:rev"", ""maps:fwd"", ""contains:fwd"", ""supports:fwd"", ""precedes:fwd""]","[0.7087090611457825, 0.20683372020721436, 0.043642472475767136, 0.027704838663339615, 0.009330309927463531]"
4,0.3,s4_case66,support for <e2> comes from <e1>,supports:fwd,contains:fwd,0,1,supports:fwd,1,precedes:rev,0,1,contains:fwd,contains:fwd,supports:fwd,1.0,0.0,2.0,"{""contains:fwd"": 0.0664973575603378, ""supports:fwd"": 0.601670966565915, ""precedes:rev"": 0.19741354720889745, ""precedes:fwd"": 0.12759194493515, ""maps:rev"": 0.14545626813515}","[""contains:fwd"", ""supports:fwd"", ""precedes:rev"", ""precedes:fwd"", ""maps:rev""]","[0.7272576093673706, 0.11450301855802536, 0.10532964020967484, 0.032814908772706985, 0.012194893322885036]"
4,0.3,s4_case67,before <e1> comes <e2> in context,precedes:rev,precedes:fwd,0,1,precedes:rev,1,precedes:fwd,0,1,precedes:fwd,precedes:fwd,precedes:rev,1.0,0.0,2.0,"{""precedes:fwd"": 0.07638154720889745, ""precedes:rev"": 0.7311470680889203, ""contains:rev"": 0.04621002813514998, ""maps:fwd"": 0.04621002813514998, ""contains:fwd"": 0.23868141283733244}","[""precedes:fwd"", ""precedes:rev"", ""contains:rev"", ""maps:fwd"", ""contains:fwd""]","[0.6582037210464478, 0.32096067070961, 0.00693747540935874, 0.005419967696070671, 0.005409131292253733]"
4,0.3,s4_case68,for this case <e1> trails <e2>,precedes:rev,precedes:fwd,0,1,precedes:fwd,0,maps:rev,0,0,precedes:fwd,precedes:fwd,precedes:fwd,1.0,1.0,3.0,"{""precedes:fwd"": 0.08300456359093959, ""contains:fwd"": 0.0910814128373324, ""maps:rev"": 0.04621002813514998, ""supports:fwd"": 0.19381002813515, ""precedes:rev"": 0.7245240517068783}","[""precedes:fwd"", ""contains:fwd"", ""maps:rev"", ""supports:fwd"", ""precedes:rev""]","[0.5555700063705444, 0.33285829424858093, 0.05527341738343239, 0.019105656072497368, 0.01848553866147995]"
4,0.3,s4_case69,to <e2> <e1> points directly,maps:fwd,maps:fwd,1,1,maps:fwd,1,maps:fwd,1,0,maps:rev,maps:fwd,maps:fwd,0.0,0.0,13.0,"{""maps:fwd"": 0.9033311233659151, ""maps:rev"": 0.0664973575603378, ""precedes:fwd"": 0.04621002813514998, ""contains:rev"": 0.04621002813514998, ""precedes:rev"": 0.07638154720889745}","[""maps:fwd"", ""maps:rev"", ""precedes:fwd"", ""contains:rev"", ""precedes:rev""]","[0.9659157991409302, 0.018278591334819794, 0.006896179635077715, 0.0038054350297898054, 0.0020586559548974037]"
4,0.3,s4_case70,<e2> has <e1> inside,contains:rev,contains:rev,1,1,contains:rev,1,contains:rev,1,0,precedes:fwd,contains:rev,contains:rev,0.0,0.0,13.0,"{""contains:rev"": 0.9236184527911029, ""precedes:fwd"": 0.07638154720889745, ""contains:fwd"": 0.04621002813514998, ""maps:rev"": 0.04621002813514998, ""precedes:rev"": 0.04621002813514998}","[""contains:rev"", ""precedes:fwd"", ""contains:fwd"", ""maps:rev"", ""precedes:rev""]","[0.9636278748512268, 0.01757294125854969, 0.010416816920042038, 0.003203348256647587, 0.002577315317466855]"
4,0.3,s4_case71,the target of <e1> is <e2> directly,maps:fwd,maps:rev,0,1,maps:rev,0,maps:rev,0,0,maps:rev,maps:rev,maps:rev,1.0,1.0,1.0,"{""maps:rev"": 0.1919826737756229, ""maps:fwd"": 0.8080173262243773, ""contains:fwd"": 0.04621002813514998, ""contains:rev"": 0.04621002813514998, ""precedes:fwd"": 0.04621002813514998}","[""maps:rev"", ""maps:fwd"", ""contains:fwd"", ""contains:rev"", ""precedes:fwd""]","[0.9532544612884521, 0.023486364632844925, 0.010502723045647144, 0.00747067853808403, 0.003915107809007168]"
4,0.3,s4_case72,within <e2> sits <e1>,contains:rev,contains:fwd,0,0,contains:fwd,0,contains:fwd,0,0,,,,,,,,,
4,0.3,s4_case73,<e2> trails <e1> in context,precedes:fwd,precedes:fwd,1,1,precedes:fwd,1,precedes:fwd,1,0,maps:fwd,maps:fwd,precedes:fwd,1.0,0.0,12.0,"{""precedes:fwd"": 0.5634707164789933, ""maps:fwd"": 0.08300456359093959, ""supports:rev"": 0.10093122899146997, ""contains:rev"": 0.19741354720889745, ""maps:rev"": 0.19381002813515}","[""precedes:fwd"", ""maps:fwd"", ""supports:rev"", ""contains:rev"", ""maps:rev""]","[0.960293710231781, 0.016303954645991325, 0.008233252912759781, 0.0048781526274979115, 0.0038824426010251045]"
4,0.3,s4_case74,before <e2> comes <e1> for this case,precedes:fwd,precedes:rev,0,1,precedes:rev,0,precedes:rev,0,0,precedes:rev,precedes:rev,precedes:rev,1.0,1.0,1.0,"{""precedes:rev"": 0.12759194493515, ""precedes:fwd"": 0.8275366703626679, ""contains:fwd"": 0.0910814128373324, ""maps:rev"": 0.04621002813514998, ""contains:rev"": 0.04621002813514998}","[""precedes:rev"", ""precedes:fwd"", ""contains:fwd"", ""maps:rev"", ""contains:rev""]","[0.965009868144989, 0.017829101532697678, 0.012227951548993587, 0.001738212420605123, 0.001671565929427743]"
4,0.3,s4_case75,before <e2> comes <e1> usually,precedes:fwd,precedes:rev,0,1,precedes:rev,0,precedes:rev,0,0,precedes:rev,precedes:rev,precedes:rev,1.0,1.0,1.0,"{""precedes:rev"": 0.22621002813514998, ""precedes:fwd"": 0.7490493262243773, ""contains:fwd"": 0.0709506737756229, ""maps:rev"": 0.04621002813514998, ""contains:rev"": 0.04621002813514998}","[""precedes:rev"", ""precedes:fwd"", ""contains:fwd"", ""maps:rev"", ""contains:rev""]","[0.9161350727081299, 0.05090324580669403, 0.019879015162587166, 0.007116830907762051, 0.004219595808535814]"
4,0.3,s4_case76,within <e1> sits <e2>,contains:fwd,precedes:rev,0,1,precedes:rev,0,precedes:fwd,0,0,precedes:rev,precedes:rev,precedes:rev,1.0,1.0,1.0,"{""precedes:rev"": 0.23397519991115, ""precedes:fwd"": 0.27519194493515003, ""contains:fwd"": 0.4921714985866678, ""contains:rev"": 0.0910814128373324, ""supports:fwd"": 0.04621002813514998}","[""precedes:rev"", ""precedes:fwd"", ""contains:fwd"", ""contains:rev"", ""supports:fwd""]","[0.7183743119239807, 0.21935343742370605, 0.04509595409035683, 0.011264834553003311, 0.0025124866515398026]"
4,0.3,s4_case77,the target of <e1> is <e2>,maps:fwd,maps:rev,0,1,maps:rev,0,maps:rev,0,0,maps:rev,maps:rev,maps:rev,1.0,1.0,1.0,"{""maps:rev"": 0.21910768124725966, ""maps:fwd"": 0.7360209340505581, ""contains:fwd"": 0.04621002813514998, ""precedes:fwd"": 0.04621002813514998, ""contains:rev"": 0.0910814128373324}","[""maps:rev"", ""maps:fwd"", ""contains:fwd"", ""precedes:fwd"", ""contains:rev""]","[0.9648475050926208, 0.01088640745729208, 0.008484392426908016, 0.007341064978390932, 0.006985536776483059]"
4,0.3,s4_case78,support for <e2> comes from <e1> for this case,supports:fwd,contains:fwd,0,1,supports:fwd,1,supports:fwd,1,1,contains:fwd,contains:fwd,supports:fwd,1.0,0.0,2.0,"{""contains:fwd"": 0.19381002813515, ""maps:rev"": 0.0910814128373324, ""supports:fwd"": 0.4598642145303478, ""precedes:rev"": 0.04621002813514998, ""precedes:fwd"": 0.34766440076747}","[""contains:fwd"", ""maps:rev"", ""supports:fwd"", ""precedes:rev"", ""precedes:fwd""]","[0.4740186631679535, 0.2612408399581909, 0.18941564857959747, 0.033261772245168686, 0.026314912363886833]"
4,0.3,s4_case79,within <e1> sits <e2>,contains:fwd,precedes:rev,0,1,contains:fwd,1,contains:rev,0,1,precedes:rev,precedes:rev,contains:fwd,1.0,0.0,1.0,"{""precedes:rev"": 0.13768384555162294, ""precedes:fwd"": 0.04621002813514998, ""contains:fwd"": 0.8075949535920575, ""contains:rev"": 0.04621002813514998, ""supports:fwd"": 0.10093122899146997}","[""precedes:rev"", ""precedes:fwd"", ""contains:fwd"", ""contains:rev"", ""supports:fwd""]","[0.7183743119239807, 0.21935343742370605, 0.04509595409035683, 0.011264834553003311, 0.0025124866515398026]"
5,0.0,s5_case0,before <e2> comes <e1> directly,precedes:fwd,precedes:rev,0,1,precedes:fwd,1,precedes:rev,0,1,precedes:rev,precedes:rev,precedes:fwd,1.0,0.0,1.0,"{""precedes:rev"": 0.04621002813514998, ""precedes:fwd"": 0.9537899718648504, ""contains:fwd"": 0.04621002813514998, ""supports:fwd"": 0.04621002813514998, ""contains:rev"": 0.04621002813514998}","[""precedes:rev"", ""precedes:fwd"", ""contains:fwd"", ""supports:fwd"", ""contains:rev""]","[0.9286019206047058, 0.04859927296638489, 0.007930316962301731, 0.006912883371114731, 0.0029946903232485056]"
5,0.0,s5_case1,before <e1> comes <e2> directly,precedes:rev,precedes:fwd,0,1,precedes:rev,1,supports:fwd,0,1,precedes:fwd,precedes:fwd,precedes:rev,1.0,0.0,3.0,"{""precedes:fwd"": 0.04621002813514998, ""precedes:rev"": 0.9537899718648504, ""supports:fwd"": 0.04621002813514998, ""contains:rev"": 0.04621002813514998, ""contains:fwd"": 0.04621002813514998}","[""precedes:fwd"", ""precedes:rev"", ""supports:fwd"", ""contains:rev"", ""contains:fwd""]","[0.7365698218345642, 0.24410317838191986, 0.008174112066626549, 0.0034090501721948385, 0.0031166383996605873]"
5,0.0,s5_case2,<e2> trails <e1> for this case,precedes:fwd,supports:rev,0,1,supports:rev,0,supports:rev,0,0,supports:rev,supports:rev,supports:rev,1.0,1.0,1.0,"{""supports:rev"": 0.04621002813514998, ""precedes:fwd"": 0.9537899718648504, ""contains:rev"": 0.04621002813514998, ""precedes:rev"": 0.04621002813514998, ""supports:fwd"": 0.04621002813514998}","[""supports:rev"", ""precedes:fwd"", ""contains:rev"", ""precedes:rev"", ""supports:fwd""]","[0.9925959706306458, 0.002026804257184267, 0.0016240518307313323, 0.0012742029502987862, 0.0010466949315741658]"
5,0.0,s5_case3,inside <e2> is <e1>,contains:rev,contains:rev,1,1,contains:rev,1,contains:fwd,0,0,contains:fwd,contains:fwd,contains:rev,1.0,0.0,6.0,"{""contains:rev"": 0.9537899718648504, ""contains:fwd"": 0.04621002813514998, ""supports:rev"": 0.04621002813514998, ""supports:fwd"": 0.04621002813514998, ""precedes:fwd"": 0.04621002813514998}","[""contains:rev"", ""contains:fwd"", ""supports:rev"", ""supports:fwd"", ""precedes:fwd""]","[0.765770435333252, 0.1915472447872162, 0.032398346811532974, 0.004490925930440426, 0.0018300728406757116]"
5,0.0,s5_case4,<e2> is held up by <e1> directly,supports:fwd,maps:fwd,0,1,supports:fwd,1,maps:fwd,0,1,maps:fwd,maps:fwd,supports:fwd,1.0,0.0,3.0,"{""maps:fwd"": 0.04621002813514998, ""precedes:rev"": 0.04621002813514998, ""contains:fwd"": 0.04621002813514998, ""supports:fwd"": 0.9537899718648504, ""precedes:fwd"": 0.04621002813514998}","[""maps:fwd"", ""precedes:rev"", ""contains:fwd"", ""supports:fwd"", ""precedes:fwd""]","[0.3914434015750885, 0.2426086813211441, 0.17694512009620667, 0.1709374040365219, 0.007601249497383833]"
5,0.0,s5_case5,to <e2> <e1> points directly,maps:fwd,maps:rev,0,1,maps:rev,0,maps:rev,0,0,maps:rev,maps:rev,maps:rev,1.0,1.0,1.0,"{""maps:rev"": 0.04621002813514998, ""contains:rev"": 0.04621002813514998, ""precedes:fwd"": 0.04621002813514998, ""supports:rev"": 0.04621002813514998, ""maps:fwd"": 0.9537899718648504}","[""maps:rev"", ""contains:rev"", ""precedes:fwd"", ""supports:rev"", ""maps:fwd""]","[0.987553596496582, 0.003989411052316427, 0.002582905814051628, 0.0016612641047686338, 0.0016249135369434953]"
5,0.0,s5_case6,the target of <e1> is <e2> usually,maps:fwd,maps:rev,0,1,maps:fwd,1,supports:fwd,0,1,maps:rev,maps:rev,maps:fwd,1.0,0.0,1.0,"{""maps:rev"": 0.04621002813514998, ""supports:fwd"": 0.04621002813514998, ""maps:fwd"": 0.9537899718648504, ""precedes:rev"": 0.04621002813514998, ""precedes:fwd"": 0.04621002813514998}","[""maps:rev"", ""supports:fwd"", ""maps:fwd"", ""precedes:rev"", ""precedes:fwd""]","[0.9656160473823547, 0.013212006539106369, 0.010675115510821342, 0.005471531301736832, 0.0027812495827674866]"
5,0.0,s5_case7,inside <e1> is <e2> directly,contains:fwd,contains:rev,0,1,contains:fwd,1,maps:rev,0,1,contains:rev,contains:rev,contains:fwd,1.0,0.0,1.0,"{""contains:rev"": 0.04621002813514998, ""supports:rev"": 0.04621002813514998, ""supports:fwd"": 0.04621002813514998, ""contains:fwd"": 0.9537899718648504, ""maps:rev"": 0.04621002813514998}","[""contains:rev"", ""supports:rev"", ""supports:fwd"", ""contains:fwd"", ""maps:rev""]","[0.9325475096702576, 0.030618200078606606, 0.01588577590882778, 0.009907390922307968, 0.005739674903452396]"
5,0.0,s5_case8,from <e1> <e2> is mapped in context,maps:fwd,maps:rev,0,1,maps:fwd,1,maps:rev,0,1,maps:rev,maps:rev,maps:fwd,1.0,0.0,1.0,"{""maps:rev"": 0.04621002813514998, ""maps:fwd"": 0.9537899718648504, ""precedes:fwd"": 0.04621002813514998, ""contains:fwd"": 0.04621002813514998, ""supports:fwd"": 0.04621002813514998}","[""maps:rev"", ""maps:fwd"", ""precedes:fwd"", ""contains:fwd"", ""supports:fwd""]","[0.9894723296165466, 0.005445433314889669, 0.001488002366386354, 0.0012960695894435048, 0.0008021565154194832]"
5,0.0,s5_case9,usually <e1> has <e2> inside,contains:fwd,contains:rev,0,0,contains:rev,0,contains:rev,0,0,,,,,,,,,
5,0.0,s5_case10,inside <e2> is <e1> directly,contains:rev,contains:fwd,0,1,contains:rev,1,supports:fwd,0,1,contains:fwd,contains:fwd,contains:rev,1.0,0.0,3.0,"{""contains:fwd"": 0.04621002813514998, ""contains:rev"": 0.9537899718648504, ""supports:rev"": 0.04621002813514998, ""supports:fwd"": 0.04621002813514998, ""maps:rev"": 0.04621002813514998}","[""contains:fwd"", ""contains:rev"", ""supports:rev"", ""supports:fwd"", ""maps:rev""]","[0.7021968960762024, 0.2311629056930542, 0.050819408148527145, 0.0053532798774540424, 0.0043944804929196835]"
5,0.0,s5_case11,<e1> is held up by <e2>,supports:rev,contains:fwd,0,0,contains:fwd,0,contains:fwd,0,0,,,,,,,,,
5,0.0,s5_case12,the target of <e1> is <e2> usually,maps:fwd,maps:rev,0,1,maps:fwd,1,maps:rev,0,1,maps:rev,maps:rev,maps:fwd,1.0,0.0,1.0,"{""maps:rev"": 0.04621002813514998, ""supports:fwd"": 0.04621002813514998, ""maps:fwd"": 0.9537899718648504, ""precedes:rev"": 0.04621002813514998, ""precedes:fwd"": 0.04621002813514998}","[""maps:rev"", ""supports:fwd"", ""maps:fwd"", ""precedes:rev"", ""precedes:fwd""]","[0.9656160473823547, 0.013212006539106369, 0.010675115510821342, 0.005471531301736832, 0.0027812495827674866]"
5,0.0,s5_case13,from <e2> <e1> is mapped in context,maps:rev,maps:rev,1,1,maps:rev,1,maps:rev,1,0,maps:fwd,maps:rev,maps:rev,0.0,0.0,13.0,"{""maps:rev"": 0.9537899718648504, ""maps:fwd"": 0.04621002813514998, ""contains:fwd"": 0.04621002813514998, ""precedes:fwd"": 0.04621002813514998, ""supports:rev"": 0.04621002813514998}","[""maps:rev"", ""maps:fwd"", ""contains:fwd"", ""precedes:fwd"", ""supports:rev""]","[0.982111930847168, 0.007881713099777699, 0.005168487783521414, 0.001711985794827342, 0.001229246030561626]"
5,0.0,s5_case14,<e2> is ahead of <e1>,precedes:rev,maps:fwd,0,0,maps:fwd,0,maps:fwd,0,0,,,,,,,,,
5,0.0,s5_case15,backing <e1> is <e2> for this case,supports:rev,maps:rev,0,1,supports:rev,1,contains:fwd,0,1,maps:rev,maps:rev,supports:rev,1.0,0.0,1.0,"{""maps:rev"": 0.04621002813514998, ""supports:rev"": 0.9537899718648504, ""supports:fwd"": 0.04621002813514998, ""precedes:fwd"": 0.04621002813514998, ""contains:fwd"": 0.04621002813514998}","[""maps:rev"", ""supports:rev"", ""supports:fwd"", ""precedes:fwd"", ""contains:fwd""]","[0.948915958404541, 0.020962804555892944, 0.010024595074355602, 0.009412459097802639, 0.007429950404912233]"
5,0.0,s5_case16,inside <e2> is <e1>,contains:rev,contains:rev,1,1,contains:rev,1,contains:rev,1,0,contains:fwd,contains:fwd,contains:rev,1.0,0.0,6.0,"{""contains:rev"": 0.9537899718648504, ""contains:fwd"": 0.04621002813514998, ""supports:rev"": 0.04621002813514998, ""supports:fwd"": 0.04621002813514998, ""precedes:fwd"": 0.04621002813514998}","[""contains:rev"", ""contains:fwd"", ""supports:rev"", ""supports:fwd"", ""precedes:fwd""]","[0.765770435333252, 0.1915472447872162, 0.032398346811532974, 0.004490925930440426, 0.0018300728406757116]"
5,0.0,s5_case17,usually <e1> trails <e2>,precedes:rev,supports:rev,0,1,precedes:rev,1,supports:rev,0,1,supports:rev,supports:rev,precedes:rev,1.0,0.0,1.0,"{""supports:rev"": 0.04621002813514998, ""precedes:rev"": 0.9537899718648504, ""supports:fwd"": 0.04621002813514998, ""contains:fwd"": 0.04621002813514998, ""maps:fwd"": 0.04621002813514998}","[""supports:rev"", ""precedes:rev"", ""supports:fwd"", ""contains:fwd"", ""maps:fwd""]","[0.8937057256698608, 0.05606551468372345, 0.034018322825431824, 0.008459841832518578, 0.0035014392342418432]"
5,0.0,s5_case18,<e2> is held up by <e1> for this case,supports:fwd,maps:fwd,0,1,supports:fwd,1,supports:fwd,1,1,maps:fwd,maps:fwd,supports:fwd,1.0,0.0,2.0,"{""maps:fwd"": 0.04621002813514998, ""precedes:rev"": 0.04621002813514998, ""supports:fwd"": 0.9537899718648504, ""contains:fwd"": 0.04621002813514998, ""contains:rev"": 0.04621002813514998}","[""maps:fwd"", ""precedes:rev"", ""supports:fwd"", ""contains:fwd"", ""contains:rev""]","[0.6177062392234802, 0.16071008145809174, 0.134940966963768, 0.07100502401590347, 0.0065588862635195255]"
5,0.0,s5_case19,support for <e2> comes from <e1> usually,supports:fwd,precedes:fwd,0,1,supports:fwd,1,precedes:rev,0,1,precedes:fwd,precedes:fwd,supports:fwd,1.0,0.0,1.0,"{""precedes:fwd"": 0.04621002813514998, ""maps:fwd"": 0.04621002813514998, ""precedes:rev"": 0.04621002813514998, ""maps:rev"": 0.04621002813514998, ""supports:fwd"": 0.9537899718648504}","[""precedes:fwd"", ""maps:fwd"", ""precedes:rev"", ""maps:rev"", ""supports:fwd""]","[0.5931475162506104, 0.33390477299690247, 0.035365134477615356, 0.025683434680104256, 0.004967153538018465]"
5,0.0,s5_case20,within <e2> sits <e1> for this case,contains:rev,contains:fwd,0,0,contains:fwd,0,contains:fwd,0,0,,,,,,,,,
5,0.0,s5_case21,to <e2> <e1> points in context,maps:fwd,maps:rev,0,1,maps:fwd,1,contains:rev,0,1,maps:rev,maps:rev,maps:fwd,1.0,0.0,1.0,"{""maps:rev"": 0.04621002813514998, ""contains:rev"": 0.04621002813514998, ""maps:fwd"": 0.9537899718648504, ""precedes:rev"": 0.04621002813514998, ""contains:fwd"": 0.04621002813514998}","[""maps:rev"", ""contains:rev"", ""maps:fwd"", ""precedes:rev"", ""contains:fwd""]","[0.9603971242904663, 0.014776697382330894, 0.014356294646859169, 0.0030337111093103886, 0.0024218184407800436]"
5,0.0,s5_case22,support for <e1> comes from <e2> directly,supports:rev,precedes:fwd,0,0,precedes:fwd,0,precedes:fwd,0,0,,,,,,,,,
5,0.0,s5_case23,backing <e2> is <e1> usually,supports:fwd,maps:rev,0,1,supports:fwd,1,supports:rev,0,1,maps:rev,maps:rev,supports:fwd,1.0,0.0,1.0,"{""maps:rev"": 0.04621002813514998, ""contains:fwd"": 0.04621002813514998, ""supports:fwd"": 0.9537899718648504, ""supports:rev"": 0.04621002813514998, ""precedes:fwd"": 0.04621002813514998}","[""maps:rev"", ""contains:fwd"", ""supports:fwd"", ""supports:rev"", ""precedes:fwd""]","[0.810662567615509, 0.08529393374919891, 0.04659092798829079, 0.024342982098460197, 0.020589932799339294]"
5,0.0,s5_case24,directly <e1> is ahead of <e2>,precedes:fwd,maps:rev,0,1,precedes:fwd,1,maps:fwd,0,1,maps:rev,maps:rev,precedes:fwd,1.0,0.0,1.0,"{""maps:rev"": 0.04621002813514998, ""maps:fwd"": 0.04621002813514998, ""precedes:fwd"": 0.9537899718648504, ""supports:fwd"": 0.04621002813514998, ""supports:rev"": 0.04621002813514998}","[""maps:rev"", ""maps:fwd"", ""precedes:fwd"", ""supports:fwd"", ""supports:rev""]","[0.9800094962120056, 0.012447314336895943, 0.002971827518194914, 0.0025240774266421795, 0.0008690566173754632]"
5,0.0,s5_case25,<e2> trails <e1>,precedes:fwd,supports:rev,0,1,supports:rev,0,precedes:rev,0,0,supports:rev,supports:rev,supports:rev,1.0,1.0,1.0,"{""supports:rev"": 0.04621002813514998, ""precedes:rev"": 0.04621002813514998, ""contains:rev"": 0.04621002813514998, ""supports:fwd"": 0.04621002813514998, ""precedes:fwd"": 0.9537899718648504}","[""supports:rev"", ""precedes:rev"", ""contains:rev"", ""supports:fwd"", ""precedes:fwd""]","[0.9625599384307861, 0.026260897517204285, 0.004442617297172546, 0.003445176174864173, 0.0011362897930666804]"
5,0.0,s5_case26,to <e1> <e2> points usually,maps:rev,maps:rev,1,1,maps:rev,1,supports:fwd,0,0,supports:fwd,maps:rev,maps:rev,0.0,0.0,13.0,"{""maps:rev"": 0.9537899718648504, ""supports:fwd"": 0.04621002813514998, ""precedes:fwd"": 0.04621002813514998, ""supports:rev"": 0.04621002813514998, ""contains:rev"": 0.04621002813514998}","[""maps:rev"", ""supports:fwd"", ""precedes:fwd"", ""supports:rev"", ""contains:rev""]","[0.9876235723495483, 0.005197511054575443, 0.002539893379434943, 0.0014973105862736702, 0.001181089086458087]"
5,0.0,s5_case27,from <e2> <e1> is mapped in context,maps:rev,maps:rev,1,1,maps:rev,1,contains:fwd,0,0,maps:fwd,maps:rev,maps:rev,0.0,0.0,13.0,"{""maps:rev"": 0.9537899718648504, ""maps:fwd"": 0.04621002813514998, ""contains:fwd"": 0.04621002813514998, ""precedes:fwd"": 0.04621002813514998, ""supports:rev"": 0.04621002813514998}","[""maps:rev"", ""maps:fwd"", ""contains:fwd"", ""precedes:fwd"", ""supports:rev""]","[0.982111930847168, 0.007881713099777699, 0.005168487783521414, 0.001711985794827342, 0.001229246030561626]"
5,0.0,s5_case28,the target of <e1> is <e2> directly,maps:fwd,maps:rev,0,1,maps:fwd,1,precedes:rev,0,1,maps:rev,maps:rev,maps:fwd,1.0,0.0,1.0,"{""maps:rev"": 0.04621002813514998, ""maps:fwd"": 0.9537899718648504, ""supports:fwd"": 0.04621002813514998, ""precedes:rev"": 0.04621002813514998, ""precedes:fwd"": 0.04621002813514998}","[""maps:rev"", ""maps:fwd"", ""supports:fwd"", ""precedes:rev"", ""precedes:fwd""]","[0.9667397737503052, 0.01413403358310461, 0.0062530552968382835, 0.005221898201853037, 0.004310986492782831]"
5,0.0,s5_case29,for this case <e1> is ahead of <e2>,precedes:fwd,supports:rev,0,1,precedes:fwd,1,maps:fwd,0,1,supports:rev,supports:rev,precedes:fwd,1.0,0.0,1.0,"{""supports:rev"": 0.04621002813514998, ""maps:rev"": 0.04621002813514998, ""contains:rev"": 0.04621002813514998, ""precedes:fwd"": 0.9537899718648504, ""maps:fwd"": 0.04621002813514998}","[""supports:rev"", ""maps:rev"", ""contains:rev"", ""precedes:fwd"", ""maps:fwd""]","[0.7677916884422302, 0.20208513736724854, 0.019399099051952362, 0.0034066273365169764, 0.0027935130055993795]"
5,0.0,s5_case30,directly <e1> has <e2> inside,contains:fwd,contains:rev,0,0,contains:rev,0,contains:rev,0,0,,,,,,,,,
5,0.0,s5_case31,directly <e1> is held up by <e2>,supports:rev,contains:rev,0,1,supports:rev,1,precedes:fwd,0,1,contains:rev,contains:rev,supports:rev,1.0,0.0,1.0,"{""contains:rev"": 0.04621002813514998, ""supports:rev"": 0.9537899718648504, ""precedes:fwd"": 0.04621002813514998, ""maps:fwd"": 0.04621002813514998, ""supports:fwd"": 0.04621002813514998}","[""contains:rev"", ""supports:rev"", ""precedes:fwd"", ""maps:fwd"", ""supports:fwd""]","[0.9128754734992981, 0.0677850991487503, 0.007205399684607983, 0.005841555539518595, 0.0019366992637515068]"
5,0.0,s5_case32,inside <e1> is <e2> usually,contains:fwd,contains:rev,0,1,contains:fwd,1,supports:fwd,0,1,contains:rev,contains:rev,contains:fwd,1.0,0.0,1.0,"{""contains:rev"": 0.04621002813514998, ""supports:rev"": 0.04621002813514998, ""supports:fwd"": 0.04621002813514998, ""maps:rev"": 0.04621002813514998, ""contains:fwd"": 0.9537899718648504}","[""contains:rev"", ""supports:rev"", ""supports:fwd"", ""maps:rev"", ""contains:fwd""]","[0.882006824016571, 0.053303152322769165, 0.03789849579334259, 0.012751823291182518, 0.006814924534410238]"
5,0.0,s5_case33,directly <e1> is ahead of <e2>,precedes:fwd,maps:rev,0,1,precedes:fwd,1,supports:fwd,0,1,maps:rev,maps:rev,precedes:fwd,1.0,0.0,1.0,"{""maps:rev"": 0.04621002813514998, ""maps:fwd"": 0.04621002813514998, ""precedes:fwd"": 0.9537899718648504, ""supports:fwd"": 0.04621002813514998, ""supports:rev"": 0.04621002813514998}","[""maps:rev"", ""maps:fwd"", ""precedes:fwd"", ""supports:fwd"", ""supports:rev""]","[0.9800094962120056, 0.012447314336895943, 0.002971827518194914, 0.0025240774266421795, 0.0008690566173754632]"
5,0.0,s5_case34,to <e2> <e1> points for this case,maps:fwd,maps:rev,0,1,maps:rev,0,precedes:fwd,0,0,maps:rev,maps:rev,maps:rev,1.0,1.0,1.0,"{""maps:rev"": 0.04621002813514998, ""precedes:fwd"": 0.04621002813514998, ""maps:fwd"": 0.9537899718648504, ""contains:rev"": 0.04621002813514998, ""supports:rev"": 0.04621002813514998}","[""maps:rev"", ""precedes:fwd"", ""maps:fwd"", ""contains:rev"", ""supports:rev""]","[0.9907726049423218, 0.0031371109653264284, 0.0017547907773405313, 0.0014645587652921677, 0.001300484873354435]"
5,0.0,s5_case35,support for <e2> comes from <e1> for this case,supports:fwd,maps:fwd,0,0,maps:fwd,0,maps:fwd,0,0,,,,,,,,,
5,0.0,s5_case36,the target of <e2> is <e1>,maps:rev,maps:fwd,0,1,maps:rev,1,contains:fwd,0,1,maps:fwd,maps:fwd,maps:rev,1.0,0.0,1.0,"{""maps:fwd"": 0.04621002813514998, ""precedes:rev"": 0.04621002813514998, ""supports:fwd"": 0.04621002813514998, ""maps:rev"": 0.9537899718648504, ""contains:fwd"": 0.04621002813514998}","[""maps:fwd"", ""precedes:rev"", ""supports:fwd"", ""maps:rev"", ""contains:fwd""]","[0.8554246425628662, 0.07753876596689224, 0.040931642055511475, 0.01089316513389349, 0.01029910147190094]"
5,0.0,s5_case37,inside <e1> is <e2> in context,contains:fwd,contains:rev,0,1,contains:fwd,1,contains:rev,0,1,contains:rev,contains:rev,contains:fwd,1.0,0.0,1.0,"{""contains:rev"": 0.04621002813514998, ""supports:rev"": 0.04621002813514998, ""supports:fwd"": 0.04621002813514998, ""maps:rev"": 0.04621002813514998, ""contains:fwd"": 0.9537899718648504}","[""contains:rev"", ""supports:rev"", ""supports:fwd"", ""maps:rev"", ""contains:fwd""]","[0.7396172285079956, 0.23666463792324066, 0.013591156341135502, 0.003710938384756446, 0.0025239144451916218]"
5,0.0,s5_case38,backing <e2> is <e1> for this case,supports:fwd,contains:fwd,0,1,supports:fwd,1,supports:fwd,1,1,contains:fwd,contains:fwd,supports:fwd,1.0,0.0,1.0,"{""contains:fwd"": 0.04621002813514998, ""maps:rev"": 0.04621002813514998, ""supports:rev"": 0.04621002813514998, ""supports:fwd"": 0.9537899718648504, ""precedes:fwd"": 0.04621002813514998}","[""contains:fwd"", ""maps:rev"", ""supports:rev"", ""supports:fwd"", ""precedes:fwd""]","[0.4778197407722473, 0.3743760585784912, 0.09854608029127121, 0.0182496290653944, 0.015172955580055714]"
5,0.0,s5_case39,<e2> is ahead of <e1> for this case,precedes:rev,maps:fwd,0,0,maps:fwd,0,maps:fwd,0,0,,,,,,,,,
5,0.0,s5_case40,usually <e1> trails <e2>,precedes:rev,supports:rev,0,1,precedes:rev,1,maps:fwd,0,1,supports:rev,supports:rev,precedes:rev,1.0,0.0,1.0,"{""supports:rev"": 0.04621002813514998, ""precedes:rev"": 0.9537899718648504, ""supports:fwd"": 0.04621002813514998, ""contains:fwd"": 0.04621002813514998, ""maps:fwd"": 0.04621002813514998}","[""supports:rev"", ""precedes:rev"", ""supports:fwd"", ""contains:fwd"", ""maps:fwd""]","[0.8937057256698608, 0.05606551468372345, 0.034018322825431824, 0.008459841832518578, 0.0035014392342418432]"
5,0.0,s5_case41,inside <e2> is <e1> in context,contains:rev,supports:rev,0,1,contains:rev,1,supports:rev,0,1,supports:rev,supports:rev,contains:rev,1.0,0.0,3.0,"{""supports:rev"": 0.04621002813514998, ""contains:rev"": 0.9537899718648504, ""contains:fwd"": 0.04621002813514998, ""supports:fwd"": 0.04621002813514998, ""maps:fwd"": 0.04621002813514998}","[""supports:rev"", ""contains:rev"", ""contains:fwd"", ""supports:fwd"", ""maps:fwd""]","[0.7282751798629761, 0.24388854205608368, 0.016559557989239693, 0.00338758691214025, 0.0027184239588677883]"
5,0.0,s5_case42,before <e2> comes <e1> usually,precedes:fwd,precedes:rev,0,1,precedes:fwd,1,precedes:fwd,1,1,precedes:rev,precedes:rev,precedes:fwd,1.0,0.0,2.0,"{""precedes:rev"": 0.04621002813514998, ""precedes:fwd"": 0.9537899718648504, ""supports:fwd"": 0.04621002813514998, ""contains:fwd"": 0.04621002813514998, ""contains:rev"": 0.04621002813514998}","[""precedes:rev"", ""precedes:fwd"", ""supports:fwd"", ""contains:fwd"", ""contains:rev""]","[0.9052202105522156, 0.07042376697063446, 0.009501093998551369, 0.00733448239043355, 0.0034077169839292765]"
5,0.0,s5_case43,<e2> has <e1> inside in context,contains:rev,contains:rev,1,1,contains:rev,1,supports:fwd,0,0,supports:rev,supports:rev,contains:rev,1.0,0.0,8.0,"{""contains:rev"": 0.9537899718648504, ""supports:rev"": 0.04621002813514998, ""supports:fwd"": 0.04621002813514998, ""contains:fwd"": 0.04621002813514998, ""maps:rev"": 0.04621002813514998}","[""contains:rev"", ""supports:rev"", ""supports:fwd"", ""contains:fwd"", ""maps:rev""]","[0.9233147501945496, 0.062235694378614426, 0.0077804154716432095, 0.0019686571322381496, 0.0016462744679301977]"
5,0.0,s5_case44,<e2> is held up by <e1>,supports:fwd,maps:fwd,0,1,supports:fwd,1,supports:fwd,1,1,maps:fwd,maps:fwd,supports:fwd,1.0,0.0,2.0,"{""maps:fwd"": 0.04621002813514998, ""contains:fwd"": 0.04621002813514998, ""precedes:rev"": 0.04621002813514998, ""supports:fwd"": 0.9537899718648504, ""precedes:fwd"": 0.04621002813514998}","[""maps:fwd"", ""contains:fwd"", ""precedes:rev"", ""supports:fwd"", ""precedes:fwd""]","[0.4705188572406769, 0.21767336130142212, 0.15082919597625732, 0.14291474223136902, 0.007875962182879448]"
5,0.0,s5_case45,to <e1> <e2> points directly,maps:rev,maps:rev,1,1,maps:rev,1,maps:rev,1,0,precedes:fwd,maps:rev,maps:rev,0.0,0.0,13.0,"{""maps:rev"": 0.9537899718648504, ""precedes:fwd"": 0.04621002813514998, ""contains:fwd"": 0.04621002813514998, ""supports:fwd"": 0.04621002813514998, ""maps:fwd"": 0.04621002813514998}","[""maps:rev"", ""precedes:fwd"", ""contains:fwd"", ""supports:fwd"", ""maps:fwd""]","[0.9908066391944885, 0.0021324502304196358, 0.002125743543729186, 0.0015100627206265926, 0.001388125354424119]"
5,0.0,s5_case46,<e2> trails <e1> for this case,precedes:fwd,supports:rev,0,1,supports:rev,0,supports:rev,0,0,supports:rev,supports:rev,supports:rev,1.0,1.0,1.0,"{""supports:rev"": 0.04621002813514998, ""precedes:fwd"": 0.9537899718648504, ""contains:rev"": 0.04621002813514998, ""precedes:rev"": 0.04621002813514998, ""supports:fwd"": 0.04621002813514998}","[""supports:rev"", ""precedes:fwd"", ""contains:rev"", ""precedes:rev"", ""supports:fwd""]","[0.9925959706306458, 0.002026804257184267, 0.0016240518307313323, 0.0012742029502987862, 0.0010466949315741658]"
5,0.0,s5_case47,in context <e1> trails <e2>,precedes:rev,supports:rev,0,1,precedes:rev,1,supports:rev,0,1,supports:rev,supports:rev,precedes:rev,1.0,0.0,1.0,"{""supports:rev"": 0.04621002813514998, ""contains:rev"": 0.04621002813514998, ""precedes:rev"": 0.9537899718648504, ""supports:fwd"": 0.04621002813514998, ""precedes:fwd"": 0.04621002813514998}","[""supports:rev"", ""contains:rev"", ""precedes:rev"", ""supports:fwd"", ""precedes:fwd""]","[0.9189465045928955, 0.05656513571739197, 0.017278991639614105, 0.003150526899844408, 0.0014353841543197632]"
5,0.0,s5_case48,support for <e1> comes from <e2>,supports:rev,precedes:fwd,0,0,precedes:fwd,0,precedes:fwd,0,0,,,,,,,,,
5,0.0,s5_case49,the target of <e2> is <e1> in context,maps:rev,maps:fwd,0,1,maps:rev,1,maps:rev,1,1,maps:fwd,maps:fwd,maps:rev,1.0,0.0,1.0,"{""maps:fwd"": 0.04621002813514998, ""supports:fwd"": 0.04621002813514998, ""precedes:rev"": 0.04621002813514998, ""maps:rev"": 0.9537899718648504, ""contains:fwd"": 0.04621002813514998}","[""maps:fwd"", ""supports:fwd"", ""precedes:rev"", ""maps:rev"", ""contains:fwd""]","[0.8066304922103882, 0.07348233461380005, 0.05357876792550087, 0.04391644522547722, 0.01754186861217022]"
5,0.0,s5_case50,usually <e1> is ahead of <e2>,precedes:fwd,maps:rev,0,1,precedes:fwd,1,maps:rev,0,1,maps:rev,maps:rev,precedes:fwd,1.0,0.0,1.0,"{""maps:rev"": 0.04621002813514998, ""maps:fwd"": 0.04621002813514998, ""precedes:fwd"": 0.9537899718648504, ""supports:fwd"": 0.04621002813514998, ""supports:rev"": 0.04621002813514998}","[""maps:rev"", ""maps:fwd"", ""precedes:fwd"", ""supports:fwd"", ""supports:rev""]","[0.9820274114608765, 0.010599135421216488, 0.0030422962736338377, 0.0023720930330455303, 0.0008072927012108266]"
5,0.0,s5_case51,inside <e1> is <e2> usually,contains:fwd,contains:rev,0,1,contains:fwd,1,contains:rev,0,1,contains:rev,contains:rev,contains:fwd,1.0,0.0,1.0,"{""contains:rev"": 0.04621002813514998, ""supports:rev"": 0.04621002813514998, ""supports:fwd"": 0.04621002813514998, ""maps:rev"": 0.04621002813514998, ""contains:fwd"": 0.9537899718648504}","[""contains:rev"", ""supports:rev"", ""supports:fwd"", ""maps:rev"", ""contains:fwd""]","[0.882006824016571, 0.053303152322769165, 0.03789849579334259, 0.012751823291182518, 0.006814924534410238]"
5,0.0,s5_case52,for this case <e1> is held up by <e2>,supports:rev,supports:rev,1,1,supports:rev,1,maps:rev,0,0,precedes:fwd,supports:rev,supports:rev,0.0,0.0,13.0,"{""supports:rev"": 0.9537899718648504, ""precedes:fwd"": 0.04621002813514998, ""maps:fwd"": 0.04621002813514998, ""contains:fwd"": 0.04621002813514998, ""maps:rev"": 0.04621002813514998}","[""supports:rev"", ""precedes:fwd"", ""maps:fwd"", ""contains:fwd"", ""maps:rev""]","[0.9787774085998535, 0.005264452658593655, 0.004709909204393625, 0.004604377318173647, 0.002396366558969021]"
5,0.0,s5_case53,within <e2> sits <e1>,contains:rev,contains:fwd,0,0,contains:fwd,0,contains:fwd,0,0,,,,,,,,,
5,0.0,s5_case54,to <e1> <e2> points,maps:rev,maps:fwd,0,1,maps:rev,1,precedes:fwd,0,1,maps:fwd,maps:fwd,maps:rev,1.0,0.0,3.0,"{""maps:fwd"": 0.04621002813514998, ""maps:rev"": 0.9537899718648504, ""precedes:fwd"": 0.04621002813514998, ""supports:fwd"": 0.04621002813514998, ""contains:rev"": 0.04621002813514998}","[""maps:fwd"", ""maps:rev"", ""precedes:fwd"", ""supports:fwd"", ""contains:rev""]","[0.5807468295097351, 0.3231196999549866, 0.044768016785383224, 0.026634620502591133, 0.018641257658600807]"
5,0.0,s5_case55,the target of <e1> is <e2>,maps:fwd,maps:rev,0,1,maps:fwd,1,supports:rev,0,1,maps:rev,maps:rev,maps:fwd,1.0,0.0,1.0,"{""maps:rev"": 0.04621002813514998, ""precedes:fwd"": 0.04621002813514998, ""maps:fwd"": 0.9537899718648504, ""supports:fwd"": 0.04621002813514998, ""supports:rev"": 0.04621002813514998}","[""maps:rev"", ""precedes:fwd"", ""maps:fwd"", ""supports:fwd"", ""supports:rev""]","[0.9743645191192627, 0.008322136476635933, 0.004806401673704386, 0.004720551893115044, 0.004487623460590839]"
5,0.0,s5_case56,in context <e1> is held up by <e2>,supports:rev,maps:fwd,0,0,maps:fwd,0,maps:fwd,0,0,,,,,,,,,
5,0.0,s5_case57,backing <e2> is <e1> directly,supports:fwd,contains:fwd,0,1,supports:fwd,1,supports:fwd,1,1,contains:fwd,contains:fwd,supports:fwd,1.0,0.0,1.0,"{""contains:fwd"": 0.04621002813514998, ""maps:rev"": 0.04621002813514998, ""supports:rev"": 0.04621002813514998, ""supports:fwd"": 0.9537899718648504, ""precedes:fwd"": 0.04621002813514998}","[""contains:fwd"", ""maps:rev"", ""supports:rev"", ""supports:fwd"", ""precedes:fwd""]","[0.6865614652633667, 0.25513967871665955, 0.030133388936519623, 0.009899716824293137, 0.009553958661854267]"
5,0.0,s5_case58,backing <e1> is <e2> directly,supports:rev,maps:rev,0,1,supports:rev,1,supports:fwd,0,1,maps:rev,maps:rev,supports:rev,1.0,0.0,1.0,"{""maps:rev"": 0.04621002813514998, ""contains:fwd"": 0.04621002813514998, ""supports:fwd"": 0.04621002813514998, ""supports:rev"": 0.9537899718648504, ""precedes:fwd"": 0.04621002813514998}","[""maps:rev"", ""contains:fwd"", ""supports:fwd"", ""supports:rev"", ""precedes:fwd""]","[0.889066755771637, 0.06213716045022011, 0.02233848161995411, 0.017933622002601624, 0.003782515414059162]"
5,0.0,s5_case59,backing <e2> is <e1> usually,supports:fwd,maps:rev,0,1,supports:fwd,1,supports:rev,0,1,maps:rev,maps:rev,supports:fwd,1.0,0.0,1.0,"{""maps:rev"": 0.04621002813514998, ""contains:fwd"": 0.04621002813514998, ""supports:fwd"": 0.9537899718648504, ""supports:rev"": 0.04621002813514998, ""precedes:fwd"": 0.04621002813514998}","[""maps:rev"", ""contains:fwd"", ""supports:fwd"", ""supports:rev"", ""precedes:fwd""]","[0.810662567615509, 0.08529393374919891, 0.04659092798829079, 0.024342982098460197, 0.020589932799339294]"
5,0.0,s5_case60,within <e1> sits <e2> directly,contains:fwd,supports:fwd,0,1,contains:fwd,1,precedes:rev,0,1,supports:fwd,supports:fwd,contains:fwd,1.0,0.0,2.0,"{""supports:fwd"": 0.04621002813514998, ""maps:rev"": 0.04621002813514998, ""contains:fwd"": 0.9537899718648504, ""supports:rev"": 0.04621002813514998, ""precedes:rev"": 0.04621002813514998}","[""supports:fwd"", ""maps:rev"", ""contains:fwd"", ""supports:rev"", ""precedes:rev""]","[0.670592188835144, 0.16872912645339966, 0.11028989404439926, 0.0333024300634861, 0.006842815317213535]"
5,0.0,s5_case61,to <e2> <e1> points directly,maps:fwd,maps:rev,0,1,maps:rev,0,maps:rev,0,0,maps:rev,maps:rev,maps:rev,1.0,1.0,1.0,"{""maps:rev"": 0.04621002813514998, ""contains:rev"": 0.04621002813514998, ""precedes:fwd"": 0.04621002813514998, ""supports:rev"": 0.04621002813514998, ""maps:fwd"": 0.9537899718648504}","[""maps:rev"", ""contains:rev"", ""precedes:fwd"", ""supports:rev"", ""maps:fwd""]","[0.987553596496582, 0.003989411052316427, 0.002582905814051628, 0.0016612641047686338, 0.0016249135369434953]"
5,0.0,s5_case62,to <e1> <e2> points directly,maps:rev,maps:rev,1,1,maps:rev,1,maps:rev,1,0,precedes:fwd,maps:rev,maps:rev,0.0,0.0,13.0,"{""maps:rev"": 0.9537899718648504, ""precedes:fwd"": 0.04621002813514998, ""contains:fwd"": 0.04621002813514998, ""supports:fwd"": 0.04621002813514998, ""maps:fwd"": 0.04621002813514998}","[""maps:rev"", ""precedes:fwd"", ""contains:fwd"", ""supports:fwd"", ""maps:fwd""]","[0.9908066391944885, 0.0021324502304196358, 0.002125743543729186, 0.0015100627206265926, 0.001388125354424119]"
5,0.0,s5_case63,<e2> is ahead of <e1>,precedes:rev,maps:fwd,0,0,maps:fwd,0,maps:fwd,0,0,,,,,,,,,
5,0.0,s5_case64,inside <e2> is <e1> directly,contains:rev,contains:fwd,0,1,contains:rev,1,supports:rev,0,1,contains:fwd,contains:fwd,contains:rev,1.0,0.0,3.0,"{""contains:fwd"": 0.04621002813514998, ""contains:rev"": 0.9537899718648504, ""supports:rev"": 0.04621002813514998, ""supports:fwd"": 0.04621002813514998, ""maps:rev"": 0.04621002813514998}","[""contains:fwd"", ""contains:rev"", ""supports:rev"", ""supports:fwd"", ""maps:rev""]","[0.7021968960762024, 0.2311629056930542, 0.050819408148527145, 0.0053532798774540424, 0.0043944804929196835]"
5,0.0,s5_case65,to <e2> <e1> points in context,maps:fwd,maps:rev,0,1,maps:fwd,1,maps:fwd,1,1,maps:rev,maps:rev,maps:fwd,1.0,0.0,1.0,"{""maps:rev"": 0.04621002813514998, ""contains:rev"": 0.04621002813514998, ""maps:fwd"": 0.9537899718648504, ""precedes:rev"": 0.04621002813514998, ""contains:fwd"": 0.04621002813514998}","[""maps:rev"", ""contains:rev"", ""maps:fwd"", ""precedes:rev"", ""contains:fwd""]","[0.9603971242904663, 0.014776697382330894, 0.014356294646859169, 0.0030337111093103886, 0.0024218184407800436]"
5,0.0,s5_case66,in context <e1> is held up by <e2>,supports:rev,maps:fwd,0,0,maps:fwd,0,maps:fwd,0,0,,,,,,,,,
5,0.0,s5_case67,in context <e1> is ahead of <e2>,precedes:fwd,maps:rev,0,1,maps:rev,0,maps:rev,0,0,maps:rev,maps:rev,maps:rev,1.0,1.0,1.0,"{""maps:rev"": 0.04621002813514998, ""supports:rev"": 0.04621002813514998, ""contains:rev"": 0.04621002813514998, ""precedes:fwd"": 0.9537899718648504, ""supports:fwd"": 0.04621002813514998}","[""maps:rev"", ""supports:rev"", ""contains:rev"", ""precedes:fwd"", ""supports:fwd""]","[0.9806950092315674, 0.00992520060390234, 0.003531181951984763, 0.0018341854447498918, 0.0014845160767436028]"
5,0.0,s5_case68,<e2> has <e1> inside usually,contains:rev,contains:rev,1,1,contains:rev,1,contains:rev,1,0,supports:rev,supports:rev,contains:rev,1.0,0.0,11.0,"{""contains:rev"": 0.9537899718648504, ""supports:rev"": 0.04621002813514998, ""supports:fwd"": 0.04621002813514998, ""precedes:fwd"": 0.04621002813514998, ""maps:rev"": 0.04621002813514998}","[""contains:rev"", ""supports:rev"", ""supports:fwd"", ""precedes:fwd"", ""maps:rev""]","[0.9701642990112305, 0.018628116697072983, 0.0044028786942362785, 0.002341468585655093, 0.0015990773681551218]"
5,0.0,s5_case69,<e2> is held up by <e1> for this case,supports:fwd,maps:fwd,0,1,supports:fwd,1,contains:rev,0,1,maps:fwd,maps:fwd,supports:fwd,1.0,0.0,2.0,"{""maps:fwd"": 0.04621002813514998, ""precedes:rev"": 0.04621002813514998, ""supports:fwd"": 0.9537899718648504, ""contains:fwd"": 0.04621002813514998, ""contains:rev"": 0.04621002813514998}","[""maps:fwd"", ""precedes:rev"", ""supports:fwd"", ""contains:fwd"", ""contains:rev""]","[0.6177062392234802, 0.16071008145809174, 0.134940966963768, 0.07100502401590347, 0.0065588862635195255]"
5,0.0,s5_case70,the target of <e2> is <e1> for this case,maps:rev,maps:fwd,0,1,maps:rev,1,supports:fwd,0,1,maps:fwd,maps:fwd,maps:rev,1.0,0.0,1.0,"{""maps:fwd"": 0.04621002813514998, ""precedes:rev"": 0.04621002813514998, ""maps:rev"": 0.9537899718648504, ""supports:fwd"": 0.04621002813514998, ""contains:fwd"": 0.04621002813514998}","[""maps:fwd"", ""precedes:rev"", ""maps:rev"", ""supports:fwd"", ""contains:fwd""]","[0.919598400592804, 0.021700305864214897, 0.019136479124426842, 0.018173135817050934, 0.018107611685991287]"
5,0.0,s5_case71,within <e1> sits <e2> for this case,contains:fwd,maps:rev,0,1,contains:fwd,1,supports:fwd,0,1,maps:rev,maps:rev,contains:fwd,1.0,0.0,1.0,"{""maps:rev"": 0.04621002813514998, ""supports:fwd"": 0.04621002813514998, ""supports:rev"": 0.04621002813514998, ""contains:fwd"": 0.9537899718648504, ""precedes:fwd"": 0.04621002813514998}","[""maps:rev"", ""supports:fwd"", ""supports:rev"", ""contains:fwd"", ""precedes:fwd""]","[0.8407604098320007, 0.06495190411806107, 0.05013708397746086, 0.025143099948763847, 0.012281407602131367]"
5,0.0,s5_case72,the target of <e2> is <e1> for this case,maps:rev,maps:fwd,0,1,maps:rev,1,supports:fwd,0,1,maps:fwd,maps:fwd,maps:rev,1.0,0.0,1.0,"{""maps:fwd"": 0.04621002813514998, ""precedes:rev"": 0.04621002813514998, ""maps:rev"": 0.9537899718648504, ""supports:fwd"": 0.04621002813514998, ""contains:fwd"": 0.04621002813514998}","[""maps:fwd"", ""precedes:rev"", ""maps:rev"", ""supports:fwd"", ""contains:fwd""]","[0.919598400592804, 0.021700305864214897, 0.019136479124426842, 0.018173135817050934, 0.018107611685991287]"
5,0.0,s5_case73,inside <e1> is <e2> in context,contains:fwd,contains:rev,0,1,contains:fwd,1,contains:fwd,1,1,contains:rev,contains:rev,contains:fwd,1.0,0.0,1.0,"{""contains:rev"": 0.04621002813514998, ""supports:rev"": 0.04621002813514998, ""supports:fwd"": 0.04621002813514998, ""maps:rev"": 0.04621002813514998, ""contains:fwd"": 0.9537899718648504}","[""contains:rev"", ""supports:rev"", ""supports:fwd"", ""maps:rev"", ""contains:fwd""]","[0.7396172285079956, 0.23666463792324066, 0.013591156341135502, 0.003710938384756446, 0.0025239144451916218]"
5,0.0,s5_case74,<e2> is ahead of <e1> in context,precedes:rev,maps:fwd,0,0,maps:fwd,0,maps:fwd,0,0,,,,,,,,,
5,0.0,s5_case75,inside <e1> is <e2> in context,contains:fwd,contains:rev,0,1,contains:fwd,1,maps:rev,0,1,contains:rev,contains:rev,contains:fwd,1.0,0.0,1.0,"{""contains:rev"": 0.04621002813514998, ""supports:rev"": 0.04621002813514998, ""supports:fwd"": 0.04621002813514998, ""maps:rev"": 0.04621002813514998, ""contains:fwd"": 0.9537899718648504}","[""contains:rev"", ""supports:rev"", ""supports:fwd"", ""maps:rev"", ""contains:fwd""]","[0.7396172285079956, 0.23666463792324066, 0.013591156341135502, 0.003710938384756446, 0.0025239144451916218]"
5,0.0,s5_case76,inside <e2> is <e1> in context,contains:rev,supports:rev,0,1,contains:rev,1,contains:fwd,0,1,supports:rev,supports:rev,contains:rev,1.0,0.0,3.0,"{""supports:rev"": 0.04621002813514998, ""contains:rev"": 0.9537899718648504, ""contains:fwd"": 0.04621002813514998, ""supports:fwd"": 0.04621002813514998, ""maps:fwd"": 0.04621002813514998}","[""supports:rev"", ""contains:rev"", ""contains:fwd"", ""supports:fwd"", ""maps:fwd""]","[0.7282751798629761, 0.24388854205608368, 0.016559557989239693, 0.00338758691214025, 0.0027184239588677883]"
5,0.0,s5_case77,backing <e1> is <e2>,supports:rev,supports:fwd,0,1,supports:rev,1,contains:fwd,0,1,supports:fwd,supports:fwd,supports:rev,1.0,0.0,1.0,"{""supports:fwd"": 0.04621002813514998, ""precedes:rev"": 0.04621002813514998, ""maps:fwd"": 0.04621002813514998, ""contains:fwd"": 0.04621002813514998, ""supports:rev"": 0.9537899718648504}","[""supports:fwd"", ""precedes:rev"", ""maps:fwd"", ""contains:fwd"", ""supports:rev""]","[0.9550978541374207, 0.01206664927303791, 0.01093641109764576, 0.007102177012711763, 0.007052497006952763]"
5,0.0,s5_case78,before <e1> comes <e2>,precedes:rev,precedes:rev,1,1,precedes:rev,1,contains:rev,0,0,precedes:fwd,precedes:fwd,precedes:rev,1.0,0.0,5.0,"{""precedes:rev"": 0.9537899718648504, ""precedes:fwd"": 0.04621002813514998, ""supports:fwd"": 0.04621002813514998, ""contains:rev"": 0.04621002813514998, ""maps:fwd"": 0.04621002813514998}","[""precedes:rev"", ""precedes:fwd"", ""supports:fwd"", ""contains:rev"", ""maps:fwd""]","[0.6646400690078735, 0.29758867621421814, 0.018072323873639107, 0.007050003856420517, 0.006842312403023243]"
5,0.0,s5_case79,in context <e1> trails <e2>,precedes:rev,supports:rev,0,1,precedes:rev,1,precedes:rev,1,1,supports:rev,supports:rev,precedes:rev,1.0,0.0,1.0,"{""supports:rev"": 0.04621002813514998, ""contains:rev"": 0.04621002813514998, ""precedes:rev"": 0.9537899718648504, ""supports:fwd"": 0.04621002813514998, ""precedes:fwd"": 0.04621002813514998}","[""supports:rev"", ""contains:rev"", ""precedes:rev"", ""supports:fwd"", ""precedes:fwd""]","[0.9189465045928955, 0.05656513571739197, 0.017278991639614105, 0.003150526899844408, 0.0014353841543197632]"
5,0.15,s5_case0,before <e2> comes <e1> directly,precedes:fwd,precedes:rev,0,1,precedes:rev,0,precedes:rev,0,0,precedes:rev,precedes:rev,precedes:rev,1.0,1.0,1.0,"{""precedes:rev"": 0.32545626813515, ""precedes:fwd"": 0.569363682509595, ""contains:fwd"": 0.12121855841665782, ""supports:fwd"": 0.04621002813514998, ""contains:rev"": 0.07638154720889745}","[""precedes:rev"", ""precedes:fwd"", ""contains:fwd"", ""supports:fwd"", ""contains:rev""]","[0.9286019206047058, 0.04859927296638489, 0.007930316962301731, 0.006912883371114731, 0.0029946903232485056]"
5,0.15,s5_case1,before <e1> comes <e2> directly,precedes:rev,precedes:fwd,0,1,precedes:rev,1,supports:fwd,0,1,precedes:fwd,precedes:fwd,precedes:rev,1.0,0.0,3.0,"{""precedes:fwd"": 0.04621002813514998, ""precedes:rev"": 0.9537899718648504, ""supports:fwd"": 0.04621002813514998, ""contains:rev"": 0.04621002813514998, ""contains:fwd"": 0.04621002813514998}","[""precedes:fwd"", ""precedes:rev"", ""supports:fwd"", ""contains:rev"", ""contains:fwd""]","[0.7365698218345642, 0.24410317838191986, 0.008174112066626549, 0.0034090501721948385, 0.0031166383996605873]"
5,0.15,s5_case2,<e2> trails <e1> for this case,precedes:fwd,supports:rev,0,1,supports:rev,0,supports:rev,0,0,supports:rev,supports:rev,supports:rev,1.0,1.0,1.0,"{""supports:rev"": 0.04621002813514998, ""precedes:fwd"": 0.7513760550648503, ""contains:rev"": 0.24862394493515, ""precedes:rev"": 0.04621002813514998, ""supports:fwd"": 0.04621002813514998}","[""supports:rev"", ""precedes:fwd"", ""contains:rev"", ""precedes:rev"", ""supports:fwd""]","[0.9925959706306458, 0.002026804257184267, 0.0016240518307313323, 0.0012742029502987862, 0.0010466949315741658]"
5,0.15,s5_case3,inside <e2> is <e1>,contains:rev,contains:rev,1,1,contains:rev,1,contains:rev,1,0,contains:fwd,contains:fwd,contains:rev,1.0,0.0,6.0,"{""contains:rev"": 0.8743281253680575, ""contains:fwd"": 0.04621002813514998, ""supports:rev"": 0.10093122899146997, ""supports:fwd"": 0.0709506737756229, ""precedes:fwd"": 0.04621002813514998}","[""contains:rev"", ""contains:fwd"", ""supports:rev"", ""supports:fwd"", ""precedes:fwd""]","[0.765770435333252, 0.1915472447872162, 0.032398346811532974, 0.004490925930440426, 0.0018300728406757116]"
5,0.15,s5_case4,<e2> is held up by <e1> directly,supports:fwd,maps:fwd,0,1,supports:fwd,1,contains:fwd,0,1,maps:fwd,maps:fwd,supports:fwd,1.0,0.0,3.0,"{""maps:fwd"": 0.04621002813514998, ""precedes:rev"": 0.0910814128373324, ""contains:fwd"": 0.04621002813514998, ""supports:fwd"": 0.8721240517068785, ""precedes:fwd"": 0.08300456359093959}","[""maps:fwd"", ""precedes:rev"", ""contains:fwd"", ""supports:fwd"", ""precedes:fwd""]","[0.3914434015750885, 0.2426086813211441, 0.17694512009620667, 0.1709374040365219, 0.007601249497383833]"
5,0.15,s5_case5,to <e2> <e1> points directly,maps:fwd,maps:rev,0,1,maps:rev,0,maps:rev,0,0,maps:rev,maps:rev,maps:rev,1.0,1.0,1.0,"{""maps:rev"": 0.14545626813515, ""contains:rev"": 0.11294319991115, ""precedes:fwd"": 0.04621002813514998, ""supports:rev"": 0.04621002813514998, ""maps:fwd"": 0.7878105600888503}","[""maps:rev"", ""contains:rev"", ""precedes:fwd"", ""supports:rev"", ""maps:fwd""]","[0.987553596496582, 0.003989411052316427, 0.002582905814051628, 0.0016612641047686338, 0.0016249135369434953]"
5,0.15,s5_case6,the target of <e1> is <e2> usually,maps:fwd,maps:rev,0,1,maps:rev,0,maps:rev,0,0,maps:rev,maps:rev,maps:rev,1.0,1.0,1.0,"{""maps:rev"": 0.11294319991115, ""supports:fwd"": 0.04621002813514998, ""maps:fwd"": 0.7064286432888502, ""precedes:rev"": 0.04621002813514998, ""precedes:fwd"": 0.22683818493515}","[""maps:rev"", ""supports:fwd"", ""maps:fwd"", ""precedes:rev"", ""precedes:fwd""]","[0.9656160473823547, 0.013212006539106369, 0.010675115510821342, 0.005471531301736832, 0.0027812495827674866]"
5,0.15,s5_case7,inside <e1> is <e2> directly,contains:fwd,contains:rev,0,1,contains:rev,0,contains:rev,0,0,contains:rev,contains:rev,contains:rev,1.0,1.0,1.0,"{""contains:rev"": 0.1431147189848975, ""supports:rev"": 0.04621002813514998, ""supports:fwd"": 0.04621002813514998, ""contains:fwd"": 0.8568852810151029, ""maps:rev"": 0.04621002813514998}","[""contains:rev"", ""supports:rev"", ""supports:fwd"", ""contains:fwd"", ""maps:rev""]","[0.9325475096702576, 0.030618200078606606, 0.01588577590882778, 0.009907390922307968, 0.005739674903452396]"
5,0.15,s5_case8,from <e1> <e2> is mapped in context,maps:fwd,maps:rev,0,1,maps:rev,0,maps:rev,0,0,maps:rev,maps:rev,maps:rev,1.0,1.0,1.0,"{""maps:rev"": 0.04621002813514998, ""maps:fwd"": 0.8870568000888504, ""precedes:fwd"": 0.04621002813514998, ""contains:fwd"": 0.04621002813514998, ""supports:fwd"": 0.11294319991115}","[""maps:rev"", ""maps:fwd"", ""precedes:fwd"", ""contains:fwd"", ""supports:fwd""]","[0.9894723296165466, 0.005445433314889669, 0.001488002366386354, 0.0012960695894435048, 0.0008021565154194832]"
5,0.15,s5_case9,usually <e1> has <e2> inside,contains:fwd,contains:rev,0,0,contains:rev,0,contains:rev,0,0,,,,,,,,,
5,0.15,s5_case10,inside <e2> is <e1> directly,contains:rev,contains:fwd,0,1,contains:rev,1,contains:rev,1,1,contains:fwd,contains:fwd,contains:rev,1.0,0.0,3.0,"{""contains:fwd"": 0.04621002813514998, ""contains:rev"": 0.8061899718648504, ""supports:rev"": 0.04621002813514998, ""supports:fwd"": 0.04621002813514998, ""maps:rev"": 0.19381002813515}","[""contains:fwd"", ""contains:rev"", ""supports:rev"", ""supports:fwd"", ""maps:rev""]","[0.7021968960762024, 0.2311629056930542, 0.050819408148527145, 0.0053532798774540424, 0.0043944804929196835]"
5,0.15,s5_case11,<e1> is held up by <e2>,supports:rev,contains:fwd,0,0,contains:fwd,0,contains:fwd,0,0,,,,,,,,,
5,0.15,s5_case12,the target of <e1> is <e2> usually,maps:fwd,maps:rev,0,1,maps:rev,0,maps:rev,0,0,maps:rev,maps:rev,maps:rev,1.0,1.0,1.0,"{""maps:rev"": 0.04621002813514998, ""supports:fwd"": 0.04621002813514998, ""maps:fwd"": 0.7737899718648504, ""precedes:rev"": 0.22621002813514998, ""precedes:fwd"": 0.04621002813514998}","[""maps:rev"", ""supports:fwd"", ""maps:fwd"", ""precedes:rev"", ""precedes:fwd""]","[0.9656160473823547, 0.013212006539106369, 0.010675115510821342, 0.005471531301736832, 0.0027812495827674866]"
5,0.15,s5_case13,from <e2> <e1> is mapped in context,maps:rev,maps:rev,1,1,maps:rev,1,maps:rev,1,0,maps:fwd,maps:rev,maps:rev,0.0,0.0,13.0,"{""maps:rev"": 0.7737899718648504, ""maps:fwd"": 0.04621002813514998, ""contains:fwd"": 0.04621002813514998, ""precedes:fwd"": 0.04621002813514998, ""supports:rev"": 0.22621002813514998}","[""maps:rev"", ""maps:fwd"", ""contains:fwd"", ""precedes:fwd"", ""supports:rev""]","[0.982111930847168, 0.007881713099777699, 0.005168487783521414, 0.001711985794827342, 0.001229246030561626]"
5,0.15,s5_case14,<e2> is ahead of <e1>,precedes:rev,maps:fwd,0,0,maps:fwd,0,maps:fwd,0,0,,,,,,,,,
5,0.15,s5_case15,backing <e1> is <e2> for this case,supports:rev,maps:rev,0,1,maps:rev,0,maps:rev,0,0,maps:rev,maps:rev,maps:rev,1.0,1.0,1.0,"{""maps:rev"": 0.16724202813515002, ""supports:rev"": 0.4237760550648502, ""supports:fwd"": 0.30759194493514996, ""precedes:fwd"": 0.04621002813514998, ""contains:fwd"": 0.19381002813515}","[""maps:rev"", ""supports:rev"", ""supports:fwd"", ""precedes:fwd"", ""contains:fwd""]","[0.948915958404541, 0.020962804555892944, 0.010024595074355602, 0.009412459097802639, 0.007429950404912233]"
5,0.15,s5_case16,inside <e2> is <e1>,contains:rev,contains:rev,1,1,contains:rev,1,contains:rev,1,0,contains:fwd,contains:fwd,contains:rev,1.0,0.0,7.0,"{""contains:rev"": 0.8841779415221951, ""contains:fwd"": 0.04621002813514998, ""supports:rev"": 0.04621002813514998, ""supports:fwd"": 0.0709506737756229, ""precedes:fwd"": 0.0910814128373324}","[""contains:rev"", ""contains:fwd"", ""supports:rev"", ""supports:fwd"", ""precedes:fwd""]","[0.765770435333252, 0.1915472447872162, 0.032398346811532974, 0.004490925930440426, 0.0018300728406757116]"
5,0.15,s5_case17,usually <e1> trails <e2>,precedes:rev,supports:rev,0,1,supports:rev,0,supports:fwd,0,0,supports:rev,supports:rev,supports:rev,1.0,1.0,1.0,"{""supports:rev"": 0.16724202813515002, ""precedes:rev"": 0.6851579718648502, ""supports:fwd"": 0.19381002813515, ""contains:fwd"": 0.04621002813514998, ""maps:fwd"": 0.04621002813514998}","[""supports:rev"", ""precedes:rev"", ""supports:fwd"", ""contains:fwd"", ""maps:fwd""]","[0.8937057256698608, 0.05606551468372345, 0.034018322825431824, 0.008459841832518578, 0.0035014392342418432]"
5,0.15,s5_case18,<e2> is held up by <e1> for this case,supports:fwd,maps:fwd,0,1,supports:fwd,1,precedes:rev,0,1,maps:fwd,maps:fwd,supports:fwd,1.0,0.0,1.0,"{""maps:fwd"": 0.11294319991115, ""precedes:rev"": 0.32545626813515, ""supports:fwd"": 0.41981250555931315, ""contains:fwd"": 0.07638154720889745, ""contains:rev"": 0.2040365635909396}","[""maps:fwd"", ""precedes:rev"", ""supports:fwd"", ""contains:fwd"", ""contains:rev""]","[0.6177062392234802, 0.16071008145809174, 0.134940966963768, 0.07100502401590347, 0.0065588862635195255]"
5,0.15,s5_case19,support for <e2> comes from <e1> usually,supports:fwd,precedes:fwd,0,1,precedes:fwd,0,maps:fwd,0,0,precedes:fwd,precedes:fwd,precedes:fwd,1.0,1.0,1.0,"{""precedes:fwd"": 0.18225080359093962, ""maps:fwd"": 0.04621002813514998, ""precedes:rev"": 0.04621002813514998, ""maps:rev"": 0.04621002813514998, ""supports:fwd"": 0.8177491964090609}","[""precedes:fwd"", ""maps:fwd"", ""precedes:rev"", ""maps:rev"", ""supports:fwd""]","[0.5931475162506104, 0.33390477299690247, 0.035365134477615356, 0.025683434680104256, 0.004967153538018465]"
5,0.15,s5_case20,within <e2> sits <e1> for this case,contains:rev,contains:fwd,0,0,contains:fwd,0,contains:fwd,0,0,,,,,,,,,
5,0.15,s5_case21,to <e2> <e1> points in context,maps:fwd,maps:rev,0,1,maps:fwd,1,maps:rev,0,1,maps:rev,maps:rev,maps:fwd,1.0,0.0,1.0,"{""maps:rev"": 0.04621002813514998, ""contains:rev"": 0.14545626813515, ""maps:fwd"": 0.7998225310085303, ""precedes:rev"": 0.10093122899146997, ""contains:fwd"": 0.04621002813514998}","[""maps:rev"", ""contains:rev"", ""maps:fwd"", ""precedes:rev"", ""contains:fwd""]","[0.9603971242904663, 0.014776697382330894, 0.014356294646859169, 0.0030337111093103886, 0.0024218184407800436]"
5,0.15,s5_case22,support for <e1> comes from <e2> directly,supports:rev,precedes:fwd,0,0,precedes:fwd,0,precedes:fwd,0,0,,,,,,,,,
5,0.15,s5_case23,backing <e2> is <e1> usually,supports:fwd,maps:rev,0,1,supports:fwd,1,supports:rev,0,1,maps:rev,maps:rev,supports:fwd,1.0,0.0,2.0,"{""maps:rev"": 0.07638154720889745, ""contains:fwd"": 0.04621002813514998, ""supports:fwd"": 0.8568852810151029, ""supports:rev"": 0.04621002813514998, ""precedes:fwd"": 0.11294319991115}","[""maps:rev"", ""contains:fwd"", ""supports:fwd"", ""supports:rev"", ""precedes:fwd""]","[0.810662567615509, 0.08529393374919891, 0.04659092798829079, 0.024342982098460197, 0.020589932799339294]"
5,0.15,s5_case24,directly <e1> is ahead of <e2>,precedes:fwd,maps:rev,0,1,maps:rev,0,maps:rev,0,0,maps:rev,maps:rev,maps:rev,1.0,1.0,1.0,"{""maps:rev"": 0.04621002813514998, ""maps:fwd"": 0.04621002813514998, ""precedes:fwd"": 0.7394568000888502, ""supports:fwd"": 0.26054319991115, ""supports:rev"": 0.04621002813514998}","[""maps:rev"", ""maps:fwd"", ""precedes:fwd"", ""supports:fwd"", ""supports:rev""]","[0.9800094962120056, 0.012447314336895943, 0.002971827518194914, 0.0025240774266421795, 0.0008690566173754632]"
5,0.15,s5_case25,<e2> trails <e1>,precedes:fwd,supports:rev,0,1,supports:rev,0,supports:fwd,0,0,supports:rev,supports:rev,supports:rev,1.0,1.0,1.0,"{""supports:rev"": 0.04621002813514998, ""precedes:rev"": 0.04621002813514998, ""contains:rev"": 0.04621002813514998, ""supports:fwd"": 0.04621002813514998, ""precedes:fwd"": 0.9537899718648504}","[""supports:rev"", ""precedes:rev"", ""contains:rev"", ""supports:fwd"", ""precedes:fwd""]","[0.9625599384307861, 0.026260897517204285, 0.004442617297172546, 0.003445176174864173, 0.0011362897930666804]"
5,0.15,s5_case26,to <e1> <e2> points usually,maps:rev,maps:rev,1,1,maps:rev,1,maps:rev,1,0,supports:fwd,maps:rev,maps:rev,0.0,0.0,13.0,"{""maps:rev"": 0.8502622646330606, ""supports:fwd"": 0.08300456359093959, ""precedes:fwd"": 0.04621002813514998, ""supports:rev"": 0.11294319991115, ""contains:rev"": 0.04621002813514998}","[""maps:rev"", ""supports:fwd"", ""precedes:fwd"", ""supports:rev"", ""contains:rev""]","[0.9876235723495483, 0.005197511054575443, 0.002539893379434943, 0.0014973105862736702, 0.001181089086458087]"
5,0.15,s5_case27,from <e2> <e1> is mapped in context,maps:rev,maps:rev,1,1,maps:rev,1,maps:rev,1,0,maps:fwd,maps:rev,maps:rev,0.0,0.0,13.0,"{""maps:rev"": 0.8724080550648503, ""maps:fwd"": 0.04621002813514998, ""contains:fwd"": 0.04621002813514998, ""precedes:fwd"": 0.04621002813514998, ""supports:rev"": 0.12759194493515}","[""maps:rev"", ""maps:fwd"", ""contains:fwd"", ""precedes:fwd"", ""supports:rev""]","[0.982111930847168, 0.007881713099777699, 0.005168487783521414, 0.001711985794827342, 0.001229246030561626]"
5,0.15,s5_case28,the target of <e1> is <e2> directly,maps:fwd,maps:rev,0,1,maps:rev,0,maps:rev,0,0,maps:rev,maps:rev,maps:rev,1.0,1.0,1.0,"{""maps:rev"": 0.14545626813515, ""maps:fwd"": 0.8243722127911028, ""supports:fwd"": 0.04621002813514998, ""precedes:rev"": 0.07638154720889745, ""precedes:fwd"": 0.04621002813514998}","[""maps:rev"", ""maps:fwd"", ""supports:fwd"", ""precedes:rev"", ""precedes:fwd""]","[0.9667397737503052, 0.01413403358310461, 0.0062530552968382835, 0.005221898201853037, 0.004310986492782831]"
5,0.15,s5_case29,for this case <e1> is ahead of <e2>,precedes:fwd,supports:rev,0,1,supports:rev,0,supports:rev,0,0,supports:rev,supports:rev,supports:rev,1.0,1.0,1.0,"{""supports:rev"": 0.11294319991115, ""maps:rev"": 0.16724202813515002, ""contains:rev"": 0.04621002813514998, ""precedes:fwd"": 0.7211534153866679, ""maps:fwd"": 0.0910814128373324}","[""supports:rev"", ""maps:rev"", ""contains:rev"", ""precedes:fwd"", ""maps:fwd""]","[0.7677916884422302, 0.20208513736724854, 0.019399099051952362, 0.0034066273365169764, 0.0027935130055993795]"
5,0.15,s5_case30,directly <e1> has <e2> inside,contains:fwd,contains:rev,0,0,contains:rev,0,contains:rev,0,0,,,,,,,,,
5,0.15,s5_case31,directly <e1> is held up by <e2>,supports:rev,contains:rev,0,1,supports:rev,1,supports:rev,1,1,contains:rev,contains:rev,supports:rev,1.0,0.0,2.0,"{""contains:rev"": 0.07638154720889745, ""supports:rev"": 0.9236184527911029, ""precedes:fwd"": 0.04621002813514998, ""maps:fwd"": 0.04621002813514998, ""supports:fwd"": 0.04621002813514998}","[""contains:rev"", ""supports:rev"", ""precedes:fwd"", ""maps:fwd"", ""supports:fwd""]","[0.9128754734992981, 0.0677850991487503, 0.007205399684607983, 0.005841555539518595, 0.0019366992637515068]"
5,0.15,s5_case32,inside <e1> is <e2> usually,contains:fwd,contains:rev,0,1,contains:rev,0,contains:rev,0,0,contains:rev,contains:rev,contains:rev,1.0,1.0,1.0,"{""contains:rev"": 0.04621002813514998, ""supports:rev"": 0.2306045635909396, ""supports:fwd"": 0.04621002813514998, ""maps:rev"": 0.11294319991115, ""contains:fwd"": 0.7026622646330607}","[""contains:rev"", ""supports:rev"", ""supports:fwd"", ""maps:rev"", ""contains:fwd""]","[0.882006824016571, 0.053303152322769165, 0.03789849579334259, 0.012751823291182518, 0.006814924534410238]"
5,0.15,s5_case33,directly <e1> is ahead of <e2>,precedes:fwd,maps:rev,0,1,maps:rev,0,maps:rev,0,0,maps:rev,maps:rev,maps:rev,1.0,1.0,1.0,"{""maps:rev"": 0.04621002813514998, ""maps:fwd"": 0.04621002813514998, ""precedes:fwd"": 0.7026622646330607, ""supports:fwd"": 0.11294319991115, ""supports:rev"": 0.2306045635909396}","[""maps:rev"", ""maps:fwd"", ""precedes:fwd"", ""supports:fwd"", ""supports:rev""]","[0.9800094962120056, 0.012447314336895943, 0.002971827518194914, 0.0025240774266421795, 0.0008690566173754632]"
5,0.15,s5_case34,to <e2> <e1> points for this case,maps:fwd,maps:rev,0,1,maps:rev,0,maps:rev,0,0,maps:rev,maps:rev,maps:rev,1.0,1.0,1.0,"{""maps:rev"": 0.04621002813514998, ""precedes:fwd"": 0.09666887663408526, ""maps:fwd"": 0.634699123365915, ""contains:rev"": 0.19381002813515, ""supports:rev"": 0.16724202813515002}","[""maps:rev"", ""precedes:fwd"", ""maps:fwd"", ""contains:rev"", ""supports:rev""]","[0.9907726049423218, 0.0031371109653264284, 0.0017547907773405313, 0.0014645587652921677, 0.001300484873354435]"
5,0.15,s5_case35,support for <e2> comes from <e1> for this case,supports:fwd,maps:fwd,0,0,maps:fwd,0,maps:fwd,0,0,,,,,,,,,
5,0.15,s5_case36,the target of <e2> is <e1>,maps:rev,maps:fwd,0,1,maps:rev,1,contains:fwd,0,1,maps:fwd,maps:fwd,maps:rev,1.0,0.0,1.0,"{""maps:fwd"": 0.04621002813514998, ""precedes:rev"": 0.04621002813514998, ""supports:fwd"": 0.04621002813514998, ""maps:rev"": 0.8622742355527406, ""contains:fwd"": 0.13772576444725962}","[""maps:fwd"", ""precedes:rev"", ""supports:fwd"", ""maps:rev"", ""contains:fwd""]","[0.8554246425628662, 0.07753876596689224, 0.040931642055511475, 0.01089316513389349, 0.01029910147190094]"
5,0.15,s5_case37,inside <e1> is <e2> in context,contains:fwd,contains:rev,0,1,contains:rev,0,contains:rev,0,0,contains:rev,contains:rev,contains:rev,1.0,1.0,1.0,"{""contains:rev"": 0.04621002813514998, ""supports:rev"": 0.11294319991115, ""supports:fwd"": 0.04621002813514998, ""maps:rev"": 0.04621002813514998, ""contains:fwd"": 0.8870568000888504}","[""contains:rev"", ""supports:rev"", ""supports:fwd"", ""maps:rev"", ""contains:fwd""]","[0.7396172285079956, 0.23666463792324066, 0.013591156341135502, 0.003710938384756446, 0.0025239144451916218]"
5,0.15,s5_case38,backing <e2> is <e1> for this case,supports:fwd,contains:fwd,0,1,supports:fwd,1,supports:rev,0,1,contains:fwd,contains:fwd,supports:fwd,1.0,0.0,2.0,"{""contains:fwd"": 0.0664973575603378, ""maps:rev"": 0.14545626813515, ""supports:rev"": 0.04621002813514998, ""supports:fwd"": 0.8342564024396624, ""precedes:fwd"": 0.04621002813514998}","[""contains:fwd"", ""maps:rev"", ""supports:rev"", ""supports:fwd"", ""precedes:fwd""]","[0.4778197407722473, 0.3743760585784912, 0.09854608029127121, 0.0182496290653944, 0.015172955580055714]"
5,0.15,s5_case39,<e2> is ahead of <e1> for this case,precedes:rev,maps:fwd,0,0,maps:fwd,0,maps:fwd,0,0,,,,,,,,,
5,0.15,s5_case40,usually <e1> trails <e2>,precedes:rev,supports:rev,0,1,precedes:rev,1,supports:rev,0,1,supports:rev,supports:rev,precedes:rev,1.0,0.0,1.0,"{""supports:rev"": 0.10093122899146997, ""precedes:rev"": 0.7509536824325302, ""supports:fwd"": 0.04621002813514998, ""contains:fwd"": 0.12759194493515, ""maps:fwd"": 0.11294319991115}","[""supports:rev"", ""precedes:rev"", ""supports:fwd"", ""contains:fwd"", ""maps:fwd""]","[0.8937057256698608, 0.05606551468372345, 0.034018322825431824, 0.008459841832518578, 0.0035014392342418432]"
5,0.15,s5_case41,inside <e2> is <e1> in context,contains:rev,supports:rev,0,1,contains:rev,1,supports:rev,0,1,supports:rev,supports:rev,contains:rev,1.0,0.0,2.0,"{""supports:rev"": 0.08300456359093959, ""contains:rev"": 0.9169954364090609, ""contains:fwd"": 0.04621002813514998, ""supports:fwd"": 0.04621002813514998, ""maps:fwd"": 0.04621002813514998}","[""supports:rev"", ""contains:rev"", ""contains:fwd"", ""supports:fwd"", ""maps:fwd""]","[0.7282751798629761, 0.24388854205608368, 0.016559557989239693, 0.00338758691214025, 0.0027184239588677883]"
5,0.15,s5_case42,before <e2> comes <e1> usually,precedes:fwd,precedes:rev,0,1,precedes:fwd,1,precedes:rev,0,1,precedes:rev,precedes:rev,precedes:fwd,1.0,0.0,1.0,"{""precedes:rev"": 0.04621002813514998, ""precedes:fwd"": 0.7905855445433998, ""supports:fwd"": 0.08300456359093959, ""contains:fwd"": 0.1478792743603378, ""contains:rev"": 0.0709506737756229}","[""precedes:rev"", ""precedes:fwd"", ""supports:fwd"", ""contains:fwd"", ""contains:rev""]","[0.9052202105522156, 0.07042376697063446, 0.009501093998551369, 0.00733448239043355, 0.0034077169839292765]"
5,0.15,s5_case43,<e2> has <e1> inside in context,contains:rev,contains:rev,1,1,contains:rev,1,supports:rev,0,0,supports:rev,supports:rev,contains:rev,1.0,0.0,8.0,"{""contains:rev"": 0.8990687710085301, ""supports:rev"": 0.04621002813514998, ""supports:fwd"": 0.10093122899146997, ""contains:fwd"": 0.04621002813514998, ""maps:rev"": 0.04621002813514998}","[""contains:rev"", ""supports:rev"", ""supports:fwd"", ""contains:fwd"", ""maps:rev""]","[0.9233147501945496, 0.062235694378614426, 0.0077804154716432095, 0.0019686571322381496, 0.0016462744679301977]"
5,0.15,s5_case44,<e2> is held up by <e1>,supports:fwd,maps:fwd,0,1,supports:fwd,1,precedes:fwd,0,1,maps:fwd,maps:fwd,supports:fwd,1.0,0.0,2.0,"{""maps:fwd"": 0.08300456359093959, ""contains:fwd"": 0.04621002813514998, ""precedes:rev"": 0.04621002813514998, ""supports:fwd"": 0.9169954364090609, ""precedes:fwd"": 0.04621002813514998}","[""maps:fwd"", ""contains:fwd"", ""precedes:rev"", ""supports:fwd"", ""precedes:fwd""]","[0.4705188572406769, 0.21767336130142212, 0.15082919597625732, 0.14291474223136902, 0.007875962182879448]"
5,0.15,s5_case45,to <e1> <e2> points directly,maps:rev,maps:rev,1,1,maps:rev,1,maps:rev,1,0,precedes:fwd,maps:rev,maps:rev,0.0,0.0,13.0,"{""maps:rev"": 0.5960184527911029, ""precedes:fwd"": 0.22621002813514998, ""contains:fwd"": 0.07638154720889745, ""supports:fwd"": 0.04621002813514998, ""maps:fwd"": 0.19381002813515}","[""maps:rev"", ""precedes:fwd"", ""contains:fwd"", ""supports:fwd"", ""maps:fwd""]","[0.9908066391944885, 0.0021324502304196358, 0.002125743543729186, 0.0015100627206265926, 0.001388125354424119]"
5,0.15,s5_case46,<e2> trails <e1> for this case,precedes:fwd,supports:rev,0,1,supports:rev,0,supports:rev,0,0,supports:rev,supports:rev,supports:rev,1.0,1.0,1.0,"{""supports:rev"": 0.04621002813514998, ""precedes:fwd"": 0.9537899718648504, ""contains:rev"": 0.04621002813514998, ""precedes:rev"": 0.04621002813514998, ""supports:fwd"": 0.04621002813514998}","[""supports:rev"", ""precedes:fwd"", ""contains:rev"", ""precedes:rev"", ""supports:fwd""]","[0.9925959706306458, 0.002026804257184267, 0.0016240518307313323, 0.0012742029502987862, 0.0010466949315741658]"
5,0.15,s5_case47,in context <e1> trails <e2>,precedes:rev,supports:rev,0,1,supports:rev,0,supports:rev,0,0,supports:rev,supports:rev,supports:rev,1.0,1.0,1.0,"{""supports:rev"": 0.1431147189848975, ""contains:rev"": 0.16724202813515002, ""precedes:rev"": 0.7358532810151028, ""supports:fwd"": 0.04621002813514998, ""precedes:fwd"": 0.04621002813514998}","[""supports:rev"", ""contains:rev"", ""precedes:rev"", ""supports:fwd"", ""precedes:fwd""]","[0.9189465045928955, 0.05656513571739197, 0.017278991639614105, 0.003150526899844408, 0.0014353841543197632]"
5,0.15,s5_case48,support for <e1> comes from <e2>,supports:rev,precedes:fwd,0,0,precedes:fwd,0,precedes:fwd,0,0,,,,,,,,,
5,0.15,s5_case49,the target of <e2> is <e1> in context,maps:rev,maps:fwd,0,1,maps:rev,1,maps:fwd,0,1,maps:fwd,maps:fwd,maps:rev,1.0,0.0,1.0,"{""maps:fwd"": 0.04621002813514998, ""supports:fwd"": 0.07638154720889745, ""precedes:rev"": 0.22621002813514998, ""maps:rev"": 0.7436184527911028, ""contains:fwd"": 0.04621002813514998}","[""maps:fwd"", ""supports:fwd"", ""precedes:rev"", ""maps:rev"", ""contains:fwd""]","[0.8066304922103882, 0.07348233461380005, 0.05357876792550087, 0.04391644522547722, 0.01754186861217022]"
5,0.15,s5_case50,usually <e1> is ahead of <e2>,precedes:fwd,maps:rev,0,1,maps:rev,0,maps:rev,0,0,maps:rev,maps:rev,maps:rev,1.0,1.0,1.0,"{""maps:rev"": 0.04621002813514998, ""maps:fwd"": 0.14545626813515, ""precedes:fwd"": 0.8545437318648501, ""supports:fwd"": 0.04621002813514998, ""supports:rev"": 0.04621002813514998}","[""maps:rev"", ""maps:fwd"", ""precedes:fwd"", ""supports:fwd"", ""supports:rev""]","[0.9820274114608765, 0.010599135421216488, 0.0030422962736338377, 0.0023720930330455303, 0.0008072927012108266]"
5,0.15,s5_case51,inside <e1> is <e2> usually,contains:fwd,contains:rev,0,1,contains:rev,0,supports:rev,0,0,contains:rev,contains:rev,contains:rev,1.0,1.0,1.0,"{""contains:rev"": 0.16724202813515002, ""supports:rev"": 0.04621002813514998, ""supports:fwd"": 0.04621002813514998, ""maps:rev"": 0.04621002813514998, ""contains:fwd"": 0.8327579718648501}","[""contains:rev"", ""supports:rev"", ""supports:fwd"", ""maps:rev"", ""contains:fwd""]","[0.882006824016571, 0.053303152322769165, 0.03789849579334259, 0.012751823291182518, 0.006814924534410238]"
5,0.15,s5_case52,for this case <e1> is held up by <e2>,supports:rev,supports:rev,1,1,supports:rev,1,supports:rev,1,0,precedes:fwd,supports:rev,supports:rev,0.0,0.0,13.0,"{""supports:rev"": 0.8787470680889202, ""precedes:fwd"": 0.04621002813514998, ""maps:fwd"": 0.04621002813514998, ""contains:fwd"": 0.0910814128373324, ""maps:rev"": 0.07638154720889745}","[""supports:rev"", ""precedes:fwd"", ""maps:fwd"", ""contains:fwd"", ""maps:rev""]","[0.9787774085998535, 0.005264452658593655, 0.004709909204393625, 0.004604377318173647, 0.002396366558969021]"
5,0.15,s5_case53,within <e2> sits <e1>,contains:rev,contains:fwd,0,0,contains:fwd,0,contains:fwd,0,0,,,,,,,,,
5,0.15,s5_case54,to <e1> <e2> points,maps:rev,maps:fwd,0,1,maps:rev,1,supports:fwd,0,1,maps:fwd,maps:fwd,maps:rev,1.0,0.0,3.0,"{""maps:fwd"": 0.04621002813514998, ""maps:rev"": 0.8327579718648501, ""precedes:fwd"": 0.16724202813515002, ""supports:fwd"": 0.04621002813514998, ""contains:rev"": 0.04621002813514998}","[""maps:fwd"", ""maps:rev"", ""precedes:fwd"", ""supports:fwd"", ""contains:rev""]","[0.5807468295097351, 0.3231196999549866, 0.044768016785383224, 0.026634620502591133, 0.018641257658600807]"
5,0.15,s5_case55,the target of <e1> is <e2>,maps:fwd,maps:rev,0,1,maps:fwd,1,precedes:fwd,0,1,maps:rev,maps:rev,maps:fwd,1.0,0.0,1.0,"{""maps:rev"": 0.04621002813514998, ""precedes:fwd"": 0.04621002813514998, ""maps:fwd"": 0.9335026424396624, ""supports:fwd"": 0.04621002813514998, ""supports:rev"": 0.0664973575603378}","[""maps:rev"", ""precedes:fwd"", ""maps:fwd"", ""supports:fwd"", ""supports:rev""]","[0.9743645191192627, 0.008322136476635933, 0.004806401673704386, 0.004720551893115044, 0.004487623460590839]"
5,0.15,s5_case56,in context <e1> is held up by <e2>,supports:rev,maps:fwd,0,0,maps:fwd,0,maps:fwd,0,0,,,,,,,,,
5,0.15,s5_case57,backing <e2> is <e1> directly,supports:fwd,contains:fwd,0,1,contains:fwd,0,contains:fwd,0,0,contains:fwd,contains:fwd,contains:fwd,1.0,1.0,1.0,"{""contains:fwd"": 0.23868141283733244, ""maps:rev"": 0.04621002813514998, ""supports:rev"": 0.08300456359093959, ""supports:fwd"": 0.7042367222816905, ""precedes:fwd"": 0.0664973575603378}","[""contains:fwd"", ""maps:rev"", ""supports:rev"", ""supports:fwd"", ""precedes:fwd""]","[0.6865614652633667, 0.25513967871665955, 0.030133388936519623, 0.009899716824293137, 0.009553958661854267]"
5,0.15,s5_case58,backing <e1> is <e2> directly,supports:rev,maps:rev,0,1,maps:rev,0,maps:rev,0,0,maps:rev,maps:rev,maps:rev,1.0,1.0,1.0,"{""maps:rev"": 0.16724202813515002, ""contains:fwd"": 0.11136874226252023, ""supports:fwd"": 0.04621002813514998, ""supports:rev"": 0.7675992577374802, ""precedes:fwd"": 0.04621002813514998}","[""maps:rev"", ""contains:fwd"", ""supports:fwd"", ""supports:rev"", ""precedes:fwd""]","[0.889066755771637, 0.06213716045022011, 0.02233848161995411, 0.017933622002601624, 0.003782515414059162]"
5,0.15,s5_case59,backing <e2> is <e1> usually,supports:fwd,maps:rev,0,1,supports:fwd,1,supports:fwd,1,1,maps:rev,maps:rev,supports:fwd,1.0,0.0,3.0,"{""maps:rev"": 0.04621002813514998, ""contains:fwd"": 0.14545626813515, ""supports:fwd"": 0.8545437318648501, ""supports:rev"": 0.04621002813514998, ""precedes:fwd"": 0.04621002813514998}","[""maps:rev"", ""contains:fwd"", ""supports:fwd"", ""supports:rev"", ""precedes:fwd""]","[0.810662567615509, 0.08529393374919891, 0.04659092798829079, 0.024342982098460197, 0.020589932799339294]"
5,0.15,s5_case60,within <e1> sits <e2> directly,contains:fwd,supports:fwd,0,1,contains:fwd,1,precedes:rev,0,1,supports:fwd,supports:fwd,contains:fwd,1.0,0.0,3.0,"{""supports:fwd"": 0.04621002813514998, ""maps:rev"": 0.04621002813514998, ""contains:fwd"": 0.9236184527911029, ""supports:rev"": 0.04621002813514998, ""precedes:rev"": 0.07638154720889745}","[""supports:fwd"", ""maps:rev"", ""contains:fwd"", ""supports:rev"", ""precedes:rev""]","[0.670592188835144, 0.16872912645339966, 0.11028989404439926, 0.0333024300634861, 0.006842815317213535]"
5,0.15,s5_case61,to <e2> <e1> points directly,maps:fwd,maps:rev,0,1,maps:rev,0,maps:rev,0,0,maps:rev,maps:rev,maps:rev,1.0,1.0,1.0,"{""maps:rev"": 0.04621002813514998, ""contains:rev"": 0.16438648039093962, ""precedes:fwd"": 0.04621002813514998, ""supports:rev"": 0.11294319991115, ""maps:fwd"": 0.7688803478330606}","[""maps:rev"", ""contains:rev"", ""precedes:fwd"", ""supports:rev"", ""maps:fwd""]","[0.987553596496582, 0.003989411052316427, 0.002582905814051628, 0.0016612641047686338, 0.0016249135369434953]"
5,0.15,s5_case62,to <e1> <e2> points directly,maps:rev,maps:rev,1,1,maps:rev,1,maps:rev,1,0,precedes:fwd,maps:rev,maps:rev,0.0,0.0,13.0,"{""maps:rev"": 0.7266354094243772, ""precedes:fwd"": 0.15233259057562296, ""contains:fwd"": 0.04621002813514998, ""supports:fwd"": 0.16724202813515002, ""maps:fwd"": 0.04621002813514998}","[""maps:rev"", ""precedes:fwd"", ""contains:fwd"", ""supports:fwd"", ""maps:fwd""]","[0.9908066391944885, 0.0021324502304196358, 0.002125743543729186, 0.0015100627206265926, 0.001388125354424119]"
5,0.15,s5_case63,<e2> is ahead of <e1>,precedes:rev,maps:fwd,0,0,maps:fwd,0,maps:fwd,0,0,,,,,,,,,
5,0.15,s5_case64,inside <e2> is <e1> directly,contains:rev,contains:fwd,0,1,contains:rev,1,supports:rev,0,1,contains:fwd,contains:fwd,contains:rev,1.0,0.0,3.0,"{""contains:fwd"": 0.04621002813514998, ""contains:rev"": 0.9537899718648504, ""supports:rev"": 0.04621002813514998, ""supports:fwd"": 0.04621002813514998, ""maps:rev"": 0.04621002813514998}","[""contains:fwd"", ""contains:rev"", ""supports:rev"", ""supports:fwd"", ""maps:rev""]","[0.7021968960762024, 0.2311629056930542, 0.050819408148527145, 0.0053532798774540424, 0.0043944804929196835]"
5,0.15,s5_case65,to <e2> <e1> points in context,maps:fwd,maps:rev,0,1,maps:fwd,1,maps:fwd,1,1,maps:rev,maps:rev,maps:fwd,1.0,0.0,1.0,"{""maps:rev"": 0.04621002813514998, ""contains:rev"": 0.04621002813514998, ""maps:fwd"": 0.9089185871626677, ""precedes:rev"": 0.0910814128373324, ""contains:fwd"": 0.04621002813514998}","[""maps:rev"", ""contains:rev"", ""maps:fwd"", ""precedes:rev"", ""contains:fwd""]","[0.9603971242904663, 0.014776697382330894, 0.014356294646859169, 0.0030337111093103886, 0.0024218184407800436]"
5,0.15,s5_case66,in context <e1> is held up by <e2>,supports:rev,maps:fwd,0,0,maps:fwd,0,maps:fwd,0,0,,,,,,,,,
5,0.15,s5_case67,in context <e1> is ahead of <e2>,precedes:fwd,maps:rev,0,1,maps:rev,0,maps:rev,0,0,maps:rev,maps:rev,maps:rev,1.0,1.0,1.0,"{""maps:rev"": 0.22621002813514998, ""supports:rev"": 0.04621002813514998, ""contains:rev"": 0.14545626813515, ""precedes:fwd"": 0.5269437318648502, ""supports:fwd"": 0.19381002813515}","[""maps:rev"", ""supports:rev"", ""contains:rev"", ""precedes:fwd"", ""supports:fwd""]","[0.9806950092315674, 0.00992520060390234, 0.003531181951984763, 0.0018341854447498918, 0.0014845160767436028]"
5,0.15,s5_case68,<e2> has <e1> inside usually,contains:rev,contains:rev,1,1,contains:rev,1,contains:rev,1,0,supports:rev,contains:rev,contains:rev,0.0,0.0,10.0,"{""contains:rev"": 0.8025864527911029, ""supports:rev"": 0.16724202813515002, ""supports:fwd"": 0.07638154720889745, ""precedes:fwd"": 0.04621002813514998, ""maps:rev"": 0.04621002813514998}","[""contains:rev"", ""supports:rev"", ""supports:fwd"", ""precedes:fwd"", ""maps:rev""]","[0.9701642990112305, 0.018628116697072983, 0.0044028786942362785, 0.002341468585655093, 0.0015990773681551218]"
5,0.15,s5_case69,<e2> is held up by <e1> for this case,supports:fwd,maps:fwd,0,1,supports:fwd,1,contains:fwd,0,1,maps:fwd,maps:fwd,supports:fwd,1.0,0.0,2.0,"{""maps:fwd"": 0.14545626813515, ""precedes:rev"": 0.04621002813514998, ""supports:fwd"": 0.8298030862243775, ""contains:fwd"": 0.04621002813514998, ""contains:rev"": 0.0709506737756229}","[""maps:fwd"", ""precedes:rev"", ""supports:fwd"", ""contains:fwd"", ""contains:rev""]","[0.6177062392234802, 0.16071008145809174, 0.134940966963768, 0.07100502401590347, 0.0065588862635195255]"
5,0.15,s5_case70,the target of <e2> is <e1> for this case,maps:rev,maps:fwd,0,1,maps:rev,1,maps:fwd,0,1,maps:fwd,maps:fwd,maps:rev,1.0,0.0,1.0,"{""maps:fwd"": 0.04621002813514998, ""precedes:rev"": 0.22621002813514998, ""maps:rev"": 0.7436184527911028, ""supports:fwd"": 0.07638154720889745, ""contains:fwd"": 0.04621002813514998}","[""maps:fwd"", ""precedes:rev"", ""maps:rev"", ""supports:fwd"", ""contains:fwd""]","[0.919598400592804, 0.021700305864214897, 0.019136479124426842, 0.018173135817050934, 0.018107611685991287]"
5,0.15,s5_case71,within <e1> sits <e2> for this case,contains:fwd,maps:rev,0,1,contains:fwd,1,supports:fwd,0,1,maps:rev,maps:rev,contains:fwd,1.0,0.0,1.0,"{""maps:rev"": 0.04621002813514998, ""supports:fwd"": 0.04621002813514998, ""supports:rev"": 0.04621002813514998, ""contains:fwd"": 0.9169954364090609, ""precedes:fwd"": 0.08300456359093959}","[""maps:rev"", ""supports:fwd"", ""supports:rev"", ""contains:fwd"", ""precedes:fwd""]","[0.8407604098320007, 0.06495190411806107, 0.05013708397746086, 0.025143099948763847, 0.012281407602131367]"
5,0.15,s5_case72,the target of <e2> is <e1> for this case,maps:rev,maps:fwd,0,1,maps:rev,1,supports:fwd,0,1,maps:fwd,maps:fwd,maps:rev,1.0,0.0,1.0,"{""maps:fwd"": 0.04621002813514998, ""precedes:rev"": 0.12759194493515, ""maps:rev"": 0.8724080550648503, ""supports:fwd"": 0.04621002813514998, ""contains:fwd"": 0.04621002813514998}","[""maps:fwd"", ""precedes:rev"", ""maps:rev"", ""supports:fwd"", ""contains:fwd""]","[0.919598400592804, 0.021700305864214897, 0.019136479124426842, 0.018173135817050934, 0.018107611685991287]"
5,0.15,s5_case73,inside <e1> is <e2> in context,contains:fwd,contains:rev,0,1,contains:rev,0,contains:rev,0,0,contains:rev,contains:rev,contains:rev,1.0,1.0,1.0,"{""contains:rev"": 0.0910814128373324, ""supports:rev"": 0.04621002813514998, ""supports:fwd"": 0.16724202813515002, ""maps:rev"": 0.04621002813514998, ""contains:fwd"": 0.7878865871626677}","[""contains:rev"", ""supports:rev"", ""supports:fwd"", ""maps:rev"", ""contains:fwd""]","[0.7396172285079956, 0.23666463792324066, 0.013591156341135502, 0.003710938384756446, 0.0025239144451916218]"
5,0.15,s5_case74,<e2> is ahead of <e1> in context,precedes:rev,maps:fwd,0,0,maps:fwd,0,maps:fwd,0,0,,,,,,,,,
5,0.15,s5_case75,inside <e1> is <e2> in context,contains:fwd,contains:rev,0,1,supports:rev,0,contains:rev,0,0,contains:rev,contains:rev,supports:rev,1.0,0.0,1.0,"{""contains:rev"": 0.04621002813514998, ""supports:rev"": 0.25426252933633786, ""supports:fwd"": 0.14545626813515, ""maps:rev"": 0.04621002813514998, ""contains:fwd"": 0.6464912306636624}","[""contains:rev"", ""supports:rev"", ""supports:fwd"", ""maps:rev"", ""contains:fwd""]","[0.7396172285079956, 0.23666463792324066, 0.013591156341135502, 0.003710938384756446, 0.0025239144451916218]"
5,0.15,s5_case76,inside <e2> is <e1> in context,contains:rev,supports:rev,0,1,contains:rev,1,contains:fwd,0,1,supports:rev,supports:rev,contains:rev,1.0,0.0,3.0,"{""supports:rev"": 0.04621002813514998, ""contains:rev"": 0.9537899718648504, ""contains:fwd"": 0.04621002813514998, ""supports:fwd"": 0.04621002813514998, ""maps:fwd"": 0.04621002813514998}","[""supports:rev"", ""contains:rev"", ""contains:fwd"", ""supports:fwd"", ""maps:fwd""]","[0.7282751798629761, 0.24388854205608368, 0.016559557989239693, 0.00338758691214025, 0.0027184239588677883]"
5,0.15,s5_case77,backing <e1> is <e2>,supports:rev,supports:fwd,0,1,supports:fwd,0,supports:fwd,0,0,supports:fwd,supports:fwd,supports:fwd,1.0,1.0,1.0,"{""supports:fwd"": 0.22621002813514998, ""precedes:rev"": 0.04621002813514998, ""maps:fwd"": 0.04621002813514998, ""contains:fwd"": 0.16724202813515002, ""supports:rev"": 0.6527579718648502}","[""supports:fwd"", ""precedes:rev"", ""maps:fwd"", ""contains:fwd"", ""supports:rev""]","[0.9550978541374207, 0.01206664927303791, 0.01093641109764576, 0.007102177012711763, 0.007052497006952763]"
5,0.15,s5_case78,before <e1> comes <e2>,precedes:rev,precedes:rev,1,1,precedes:rev,1,precedes:fwd,0,0,precedes:fwd,precedes:fwd,precedes:rev,1.0,0.0,6.0,"{""precedes:rev"": 0.7512778071506299, ""precedes:fwd"": 0.04621002813514998, ""supports:fwd"": 0.0709506737756229, ""contains:rev"": 0.07638154720889745, ""maps:fwd"": 0.19381002813515}","[""precedes:rev"", ""precedes:fwd"", ""supports:fwd"", ""contains:rev"", ""maps:fwd""]","[0.6646400690078735, 0.29758867621421814, 0.018072323873639107, 0.007050003856420517, 0.006842312403023243]"
5,0.15,s5_case79,in context <e1> trails <e2>,precedes:rev,supports:rev,0,1,precedes:rev,1,supports:rev,0,1,supports:rev,supports:rev,precedes:rev,1.0,0.0,3.0,"{""supports:rev"": 0.04621002813514998, ""contains:rev"": 0.16724202813515002, ""precedes:rev"": 0.7780367710085303, ""supports:fwd"": 0.04621002813514998, ""precedes:fwd"": 0.10093122899146997}","[""supports:rev"", ""contains:rev"", ""precedes:rev"", ""supports:fwd"", ""precedes:fwd""]","[0.9189465045928955, 0.05656513571739197, 0.017278991639614105, 0.003150526899844408, 0.0014353841543197632]"
5,0.3,s5_case0,before <e2> comes <e1> directly,precedes:fwd,precedes:rev,0,1,precedes:fwd,1,precedes:fwd,1,1,precedes:rev,precedes:rev,precedes:fwd,1.0,0.0,1.0,"{""precedes:rev"": 0.0664973575603378, ""precedes:fwd"": 0.60492814008116, ""contains:fwd"": 0.19381002813515, ""supports:fwd"": 0.14580261369365244, ""contains:rev"": 0.12759194493515}","[""precedes:rev"", ""precedes:fwd"", ""contains:fwd"", ""supports:fwd"", ""contains:rev""]","[0.9286019206047058, 0.04859927296638489, 0.007930316962301731, 0.006912883371114731, 0.0029946903232485056]"
5,0.3,s5_case1,before <e1> comes <e2> directly,precedes:rev,precedes:fwd,0,1,precedes:rev,1,precedes:fwd,0,1,precedes:fwd,precedes:fwd,precedes:rev,1.0,0.0,2.0,"{""precedes:fwd"": 0.12759194493515, ""precedes:rev"": 0.8275366703626679, ""supports:fwd"": 0.04621002813514998, ""contains:rev"": 0.0910814128373324, ""contains:fwd"": 0.04621002813514998}","[""precedes:fwd"", ""precedes:rev"", ""supports:fwd"", ""contains:rev"", ""contains:fwd""]","[0.7365698218345642, 0.24410317838191986, 0.008174112066626549, 0.0034090501721948385, 0.0031166383996605873]"
5,0.3,s5_case2,<e2> trails <e1> for this case,precedes:fwd,supports:rev,0,1,supports:rev,0,supports:rev,0,0,supports:rev,supports:rev,supports:rev,1.0,1.0,1.0,"{""supports:rev"": 0.04621002813514998, ""precedes:fwd"": 0.9236184527911029, ""contains:rev"": 0.04621002813514998, ""precedes:rev"": 0.04621002813514998, ""supports:fwd"": 0.07638154720889745}","[""supports:rev"", ""precedes:fwd"", ""contains:rev"", ""precedes:rev"", ""supports:fwd""]","[0.9925959706306458, 0.002026804257184267, 0.0016240518307313323, 0.0012742029502987862, 0.0010466949315741658]"
5,0.3,s5_case3,inside <e2> is <e1>,contains:rev,contains:rev,1,1,contains:rev,1,contains:rev,1,0,contains:fwd,contains:fwd,contains:rev,1.0,0.0,10.0,"{""contains:rev"": 0.7726588791428697, ""contains:fwd"": 0.10093122899146997, ""supports:rev"": 0.0664973575603378, ""supports:fwd"": 0.0709506737756229, ""precedes:fwd"": 0.12759194493515}","[""contains:rev"", ""contains:fwd"", ""supports:rev"", ""supports:fwd"", ""precedes:fwd""]","[0.765770435333252, 0.1915472447872162, 0.032398346811532974, 0.004490925930440426, 0.0018300728406757116]"
5,0.3,s5_case4,<e2> is held up by <e1> directly,supports:fwd,maps:fwd,0,1,supports:fwd,1,contains:fwd,0,1,maps:fwd,maps:fwd,supports:fwd,1.0,0.0,4.0,"{""maps:fwd"": 0.11294319991115, ""precedes:rev"": 0.10093122899146997, ""contains:fwd"": 0.14599357755155282, ""supports:fwd"": 0.7325520498161275, ""precedes:fwd"": 0.04621002813514998}","[""maps:fwd"", ""precedes:rev"", ""contains:fwd"", ""supports:fwd"", ""precedes:fwd""]","[0.3914434015750885, 0.2426086813211441, 0.17694512009620667, 0.1709374040365219, 0.007601249497383833]"
5,0.3,s5_case5,to <e2> <e1> points directly,maps:fwd,maps:rev,0,1,maps:rev,0,maps:rev,0,0,maps:rev,maps:rev,maps:rev,1.0,1.0,1.0,"{""maps:rev"": 0.08300456359093959, ""contains:rev"": 0.2710814128373324, ""precedes:fwd"": 0.3455286357848975, ""supports:rev"": 0.19381002813515, ""maps:fwd"": 0.24520544405713077}","[""maps:rev"", ""contains:rev"", ""precedes:fwd"", ""supports:rev"", ""maps:fwd""]","[0.987553596496582, 0.003989411052316427, 0.002582905814051628, 0.0016612641047686338, 0.0016249135369434953]"
5,0.3,s5_case6,the target of <e1> is <e2> usually,maps:fwd,maps:rev,0,1,maps:rev,0,maps:rev,0,0,maps:rev,maps:rev,maps:rev,1.0,1.0,1.0,"{""maps:rev"": 0.11317608266468705, ""supports:fwd"": 0.04621002813514998, ""maps:fwd"": 0.7653695447029931, ""precedes:rev"": 0.16766440076747002, ""precedes:fwd"": 0.04621002813514998}","[""maps:rev"", ""supports:fwd"", ""maps:fwd"", ""precedes:rev"", ""precedes:fwd""]","[0.9656160473823547, 0.013212006539106369, 0.010675115510821342, 0.005471531301736832, 0.0027812495827674866]"
5,0.3,s5_case7,inside <e1> is <e2> directly,contains:fwd,contains:rev,0,1,contains:rev,0,contains:rev,0,0,contains:rev,contains:rev,contains:rev,1.0,1.0,1.0,"{""contains:rev"": 0.04621002813514998, ""supports:rev"": 0.11294319991115, ""supports:fwd"": 0.16724202813515002, ""contains:fwd"": 0.7113035992325303, ""maps:rev"": 0.10093122899146997}","[""contains:rev"", ""supports:rev"", ""supports:fwd"", ""contains:fwd"", ""maps:rev""]","[0.9325475096702576, 0.030618200078606606, 0.01588577590882778, 0.009907390922307968, 0.005739674903452396]"
5,0.3,s5_case8,from <e1> <e2> is mapped in context,maps:fwd,maps:rev,0,1,maps:rev,0,maps:rev,0,0,maps:rev,maps:rev,maps:rev,1.0,1.0,1.0,"{""maps:rev"": 0.04621002813514998, ""maps:fwd"": 0.7289185871626678, ""precedes:fwd"": 0.0910814128373324, ""contains:fwd"": 0.04621002813514998, ""supports:fwd"": 0.22621002813514998}","[""maps:rev"", ""maps:fwd"", ""precedes:fwd"", ""contains:fwd"", ""supports:fwd""]","[0.9894723296165466, 0.005445433314889669, 0.001488002366386354, 0.0012960695894435048, 0.0008021565154194832]"
5,0.3,s5_case9,usually <e1> has <e2> inside,contains:fwd,contains:rev,0,0,contains:rev,0,contains:rev,0,0,,,,,,,,,
5,0.3,s5_case10,inside <e2> is <e1> directly,contains:rev,contains:fwd,0,1,contains:rev,1,contains:fwd,0,1,contains:fwd,contains:fwd,contains:rev,1.0,0.0,2.0,"{""contains:fwd"": 0.08300456359093959, ""contains:rev"": 0.7363672796090608, ""supports:rev"": 0.04621002813514998, ""supports:fwd"": 0.04621002813514998, ""maps:rev"": 0.22683818493515}","[""contains:fwd"", ""contains:rev"", ""supports:rev"", ""supports:fwd"", ""maps:rev""]","[0.7021968960762024, 0.2311629056930542, 0.050819408148527145, 0.0053532798774540424, 0.0043944804929196835]"
5,0.3,s5_case11,<e1> is held up by <e2>,supports:rev,contains:fwd,0,0,contains:fwd,0,contains:fwd,0,0,,,,,,,,,
5,0.3,s5_case12,the target of <e1> is <e2> usually,maps:fwd,maps:rev,0,1,maps:rev,0,maps:rev,0,0,maps:rev,maps:rev,maps:rev,1.0,1.0,1.0,"{""maps:rev"": 0.04621002813514998, ""supports:fwd"": 0.1431147189848975, ""maps:fwd"": 0.6845446353746301, ""precedes:rev"": 0.19381002813515, ""precedes:fwd"": 0.0709506737756229}","[""maps:rev"", ""supports:fwd"", ""maps:fwd"", ""precedes:rev"", ""precedes:fwd""]","[0.9656160473823547, 0.013212006539106369, 0.010675115510821342, 0.005471531301736832, 0.0027812495827674866]"
5,0.3,s5_case13,from <e2> <e1> is mapped in context,maps:rev,maps:rev,1,1,maps:rev,1,maps:rev,1,0,maps:fwd,maps:rev,maps:rev,0.0,0.0,13.0,"{""maps:rev"": 0.6867694706636625, ""maps:fwd"": 0.04621002813514998, ""contains:fwd"": 0.0664973575603378, ""precedes:fwd"": 0.11294319991115, ""supports:rev"": 0.22621002813514998}","[""maps:rev"", ""maps:fwd"", ""contains:fwd"", ""precedes:fwd"", ""supports:rev""]","[0.982111930847168, 0.007881713099777699, 0.005168487783521414, 0.001711985794827342, 0.001229246030561626]"
5,0.3,s5_case14,<e2> is ahead of <e1>,precedes:rev,maps:fwd,0,0,maps:fwd,0,maps:fwd,0,0,,,,,,,,,
5,0.3,s5_case15,backing <e1> is <e2> for this case,supports:rev,maps:rev,0,1,supports:rev,1,maps:rev,0,1,maps:rev,maps:rev,supports:rev,1.0,0.0,1.0,"{""maps:rev"": 0.04621002813514998, ""supports:rev"": 0.8421854153866679, ""supports:fwd"": 0.0910814128373324, ""precedes:fwd"": 0.11294319991115, ""contains:fwd"": 0.04621002813514998}","[""maps:rev"", ""supports:rev"", ""supports:fwd"", ""precedes:fwd"", ""contains:fwd""]","[0.948915958404541, 0.020962804555892944, 0.010024595074355602, 0.009412459097802639, 0.007429950404912233]"
5,0.3,s5_case16,inside <e2> is <e1>,contains:rev,contains:rev,1,1,contains:rev,1,contains:rev,1,0,contains:fwd,contains:fwd,contains:rev,1.0,0.0,9.0,"{""contains:rev"": 0.6676977623516229, ""contains:fwd"": 0.13772576444725962, ""supports:rev"": 0.09666887663408526, ""supports:fwd"": 0.19032765283733247, ""precedes:fwd"": 0.04621002813514998}","[""contains:rev"", ""contains:fwd"", ""supports:rev"", ""supports:fwd"", ""precedes:fwd""]","[0.765770435333252, 0.1915472447872162, 0.032398346811532974, 0.004490925930440426, 0.0018300728406757116]"
5,0.3,s5_case17,usually <e1> trails <e2>,precedes:rev,supports:rev,0,1,precedes:rev,1,supports:fwd,0,1,supports:rev,supports:rev,precedes:rev,1.0,0.0,1.0,"{""supports:rev"": 0.04621002813514998, ""precedes:rev"": 0.7660014892664053, ""supports:fwd"": 0.04621002813514998, ""contains:fwd"": 0.12759194493515, ""maps:fwd"": 0.15261659393359495}","[""supports:rev"", ""precedes:rev"", ""supports:fwd"", ""contains:fwd"", ""maps:fwd""]","[0.8937057256698608, 0.05606551468372345, 0.034018322825431824, 0.008459841832518578, 0.0035014392342418432]"
5,0.3,s5_case18,<e2> is held up by <e1> for this case,supports:fwd,maps:fwd,0,1,supports:fwd,1,maps:fwd,0,1,maps:fwd,maps:fwd,supports:fwd,1.0,0.0,1.0,"{""maps:fwd"": 0.0664973575603378, ""precedes:rev"": 0.04621002813514998, ""supports:fwd"": 0.702837276869122, ""contains:fwd"": 0.1011221928493704, ""contains:rev"": 0.22196322899146997}","[""maps:fwd"", ""precedes:rev"", ""supports:fwd"", ""contains:fwd"", ""contains:rev""]","[0.6177062392234802, 0.16071008145809174, 0.134940966963768, 0.07100502401590347, 0.0065588862635195255]"
5,0.3,s5_case19,support for <e2> comes from <e1> usually,supports:fwd,precedes:fwd,0,1,precedes:fwd,0,maps:rev,0,0,precedes:fwd,precedes:fwd,precedes:fwd,1.0,1.0,1.0,"{""precedes:fwd"": 0.04621002813514998, ""maps:fwd"": 0.04621002813514998, ""precedes:rev"": 0.1311027480652175, ""maps:rev"": 0.10774520923141251, ""supports:fwd"": 0.8073620708385203}","[""precedes:fwd"", ""maps:fwd"", ""precedes:rev"", ""maps:rev"", ""supports:fwd""]","[0.5931475162506104, 0.33390477299690247, 0.035365134477615356, 0.025683434680104256, 0.004967153538018465]"
5,0.3,s5_case20,within <e2> sits <e1> for this case,contains:rev,contains:fwd,0,0,contains:fwd,0,contains:fwd,0,0,,,,,,,,,
5,0.3,s5_case21,to <e2> <e1> points in context,maps:fwd,maps:rev,0,1,maps:rev,0,maps:rev,0,0,maps:rev,maps:rev,maps:rev,1.0,1.0,1.0,"{""maps:rev"": 0.11294319991115, ""contains:rev"": 0.04621002813514998, ""maps:fwd"": 0.7147161544483773, ""precedes:rev"": 0.04621002813514998, ""contains:fwd"": 0.21855067377562293}","[""maps:rev"", ""contains:rev"", ""maps:fwd"", ""precedes:rev"", ""contains:fwd""]","[0.9603971242904663, 0.014776697382330894, 0.014356294646859169, 0.0030337111093103886, 0.0024218184407800436]"
5,0.3,s5_case22,support for <e1> comes from <e2> directly,supports:rev,precedes:fwd,0,0,precedes:fwd,0,precedes:fwd,0,0,,,,,,,,,
5,0.3,s5_case23,backing <e2> is <e1> usually,supports:fwd,maps:rev,0,1,supports:fwd,1,maps:rev,0,1,maps:rev,maps:rev,supports:fwd,1.0,0.0,1.0,"{""maps:rev"": 0.0664973575603378, ""contains:fwd"": 0.10093122899146997, ""supports:fwd"": 0.6101494415833425, ""supports:rev"": 0.19381002813515, ""precedes:fwd"": 0.16724202813515002}","[""maps:rev"", ""contains:fwd"", ""supports:fwd"", ""supports:rev"", ""precedes:fwd""]","[0.810662567615509, 0.08529393374919891, 0.04659092798829079, 0.024342982098460197, 0.020589932799339294]"
5,0.3,s5_case24,directly <e1> is ahead of <e2>,precedes:fwd,maps:rev,0,1,maps:rev,0,maps:rev,0,0,maps:rev,maps:rev,maps:rev,1.0,1.0,1.0,"{""maps:rev"": 0.1011221928493704, ""maps:fwd"": 0.16724202813515002, ""precedes:fwd"": 0.6785995671506297, ""supports:fwd"": 0.04621002813514998, ""supports:rev"": 0.14545626813515}","[""maps:rev"", ""maps:fwd"", ""precedes:fwd"", ""supports:fwd"", ""supports:rev""]","[0.9800094962120056, 0.012447314336895943, 0.002971827518194914, 0.0025240774266421795, 0.0008690566173754632]"
5,0.3,s5_case25,<e2> trails <e1>,precedes:fwd,supports:rev,0,1,supports:rev,0,supports:rev,0,0,supports:rev,supports:rev,supports:rev,1.0,1.0,1.0,"{""supports:rev"": 0.29305626813515, ""precedes:rev"": 0.04621002813514998, ""contains:rev"": 0.12759194493515, ""supports:fwd"": 0.04621002813514998, ""precedes:fwd"": 0.6255618150648503}","[""supports:rev"", ""precedes:rev"", ""contains:rev"", ""supports:fwd"", ""precedes:fwd""]","[0.9625599384307861, 0.026260897517204285, 0.004442617297172546, 0.003445176174864173, 0.0011362897930666804]"
5,0.3,s5_case26,to <e1> <e2> points usually,maps:rev,maps:rev,1,1,maps:rev,1,maps:rev,1,0,supports:fwd,maps:rev,maps:rev,0.0,0.0,13.0,"{""maps:rev"": 0.5777494415833425, ""supports:fwd"": 0.04621002813514998, ""precedes:fwd"": 0.04621002813514998, ""supports:rev"": 0.40196322899146997, ""contains:rev"": 0.0664973575603378}","[""maps:rev"", ""supports:fwd"", ""precedes:fwd"", ""supports:rev"", ""contains:rev""]","[0.9876235723495483, 0.005197511054575443, 0.002539893379434943, 0.0014973105862736702, 0.001181089086458087]"
5,0.3,s5_case27,from <e2> <e1> is mapped in context,maps:rev,maps:rev,1,1,maps:rev,1,maps:rev,1,0,maps:fwd,maps:rev,maps:rev,0.0,0.0,13.0,"{""maps:rev"": 0.6719765507685878, ""maps:fwd"": 0.14545626813515, ""contains:fwd"": 0.08300456359093959, ""precedes:fwd"": 0.0709506737756229, ""supports:rev"": 0.16724202813515002}","[""maps:rev"", ""maps:fwd"", ""contains:fwd"", ""precedes:fwd"", ""supports:rev""]","[0.982111930847168, 0.007881713099777699, 0.005168487783521414, 0.001711985794827342, 0.001229246030561626]"
5,0.3,s5_case28,the target of <e1> is <e2> directly,maps:fwd,maps:rev,0,1,maps:rev,0,maps:rev,0,0,maps:rev,maps:rev,maps:rev,1.0,1.0,1.0,"{""maps:rev"": 0.04621002813514998, ""maps:fwd"": 0.7412841544483775, ""supports:fwd"": 0.13768384555162294, ""precedes:rev"": 0.04621002813514998, ""precedes:fwd"": 0.16724202813515002}","[""maps:rev"", ""maps:fwd"", ""supports:fwd"", ""precedes:rev"", ""precedes:fwd""]","[0.9667397737503052, 0.01413403358310461, 0.0062530552968382835, 0.005221898201853037, 0.004310986492782831]"
5,0.3,s5_case29,for this case <e1> is ahead of <e2>,precedes:fwd,supports:rev,0,1,precedes:fwd,1,supports:rev,0,1,supports:rev,supports:rev,precedes:fwd,1.0,0.0,1.0,"{""supports:rev"": 0.04621002813514998, ""maps:rev"": 0.04621002813514998, ""contains:rev"": 0.04621002813514998, ""precedes:fwd"": 0.9537899718648504, ""maps:fwd"": 0.04621002813514998}","[""supports:rev"", ""maps:rev"", ""contains:rev"", ""precedes:fwd"", ""maps:fwd""]","[0.7677916884422302, 0.20208513736724854, 0.019399099051952362, 0.0034066273365169764, 0.0027935130055993795]"
5,0.3,s5_case30,directly <e1> has <e2> inside,contains:fwd,contains:rev,0,0,contains:rev,0,contains:rev,0,0,,,,,,,,,
5,0.3,s5_case31,directly <e1> is held up by <e2>,supports:rev,contains:rev,0,1,supports:rev,1,supports:rev,1,1,contains:rev,contains:rev,supports:rev,1.0,0.0,2.0,"{""contains:rev"": 0.19381002813515, ""supports:rev"": 0.7859026424396625, ""precedes:fwd"": 0.04621002813514998, ""maps:fwd"": 0.0664973575603378, ""supports:fwd"": 0.04621002813514998}","[""contains:rev"", ""supports:rev"", ""precedes:fwd"", ""maps:fwd"", ""supports:fwd""]","[0.9128754734992981, 0.0677850991487503, 0.007205399684607983, 0.005841555539518595, 0.0019366992637515068]"
5,0.3,s5_case32,inside <e1> is <e2> usually,contains:fwd,contains:rev,0,1,contains:rev,0,contains:rev,0,0,contains:rev,contains:rev,contains:rev,1.0,1.0,1.0,"{""contains:rev"": 0.04621002813514998, ""supports:rev"": 0.04621002813514998, ""supports:fwd"": 0.18912712603141252, ""maps:rev"": 0.15781458461333242, ""contains:fwd"": 0.6992683174904053}","[""contains:rev"", ""supports:rev"", ""supports:fwd"", ""maps:rev"", ""contains:fwd""]","[0.882006824016571, 0.053303152322769165, 0.03789849579334259, 0.012751823291182518, 0.006814924534410238]"
5,0.3,s5_case33,directly <e1> is ahead of <e2>,precedes:fwd,maps:rev,0,1,maps:rev,0,maps:rev,0,0,maps:rev,maps:rev,maps:rev,1.0,1.0,1.0,"{""maps:rev"": 0.04621002813514998, ""maps:fwd"": 0.19381002813515, ""precedes:fwd"": 0.7693954364090607, ""supports:fwd"": 0.04621002813514998, ""supports:rev"": 0.08300456359093959}","[""maps:rev"", ""maps:fwd"", ""precedes:fwd"", ""supports:fwd"", ""supports:rev""]","[0.9800094962120056, 0.012447314336895943, 0.002971827518194914, 0.0025240774266421795, 0.0008690566173754632]"
5,0.3,s5_case34,to <e2> <e1> points for this case,maps:fwd,maps:rev,0,1,maps:rev,0,maps:rev,0,0,maps:rev,maps:rev,maps:rev,1.0,1.0,1.0,"{""maps:rev"": 0.04621002813514998, ""precedes:fwd"": 0.19381002813515, ""maps:fwd"": 0.7613185871626678, ""contains:rev"": 0.0910814128373324, ""supports:rev"": 0.04621002813514998}","[""maps:rev"", ""precedes:fwd"", ""maps:fwd"", ""contains:rev"", ""supports:rev""]","[0.9907726049423218, 0.0031371109653264284, 0.0017547907773405313, 0.0014645587652921677, 0.001300484873354435]"
5,0.3,s5_case35,support for <e2> comes from <e1> for this case,supports:fwd,maps:fwd,0,0,maps:fwd,0,maps:fwd,0,0,,,,,,,,,
5,0.3,s5_case36,the target of <e2> is <e1>,maps:rev,maps:fwd,0,1,maps:fwd,0,precedes:rev,0,0,maps:fwd,maps:fwd,maps:fwd,1.0,1.0,1.0,"{""maps:fwd"": 0.12759194493515, ""precedes:rev"": 0.04621002813514998, ""supports:fwd"": 0.09666887663408526, ""maps:rev"": 0.8219492065659151, ""contains:fwd"": 0.04621002813514998}","[""maps:fwd"", ""precedes:rev"", ""supports:fwd"", ""maps:rev"", ""contains:fwd""]","[0.8554246425628662, 0.07753876596689224, 0.040931642055511475, 0.01089316513389349, 0.01029910147190094]"
5,0.3,s5_case37,inside <e1> is <e2> in context,contains:fwd,contains:rev,0,1,contains:rev,0,contains:rev,0,0,contains:rev,contains:rev,contains:rev,1.0,1.0,1.0,"{""contains:rev"": 0.29305626813515, ""supports:rev"": 0.0664973575603378, ""supports:fwd"": 0.04621002813514998, ""maps:rev"": 0.2707697353669396, ""contains:fwd"": 0.46209669520787283}","[""contains:rev"", ""supports:rev"", ""supports:fwd"", ""maps:rev"", ""contains:fwd""]","[0.7396172285079956, 0.23666463792324066, 0.013591156341135502, 0.003710938384756446, 0.0025239144451916218]"
5,0.3,s5_case38,backing <e2> is <e1> for this case,supports:fwd,contains:fwd,0,1,maps:rev,0,contains:fwd,0,0,contains:fwd,contains:fwd,maps:rev,1.0,0.0,1.0,"{""contains:fwd"": 0.04621002813514998, ""maps:rev"": 0.20699144923141252, ""supports:rev"": 0.16724202813515002, ""supports:fwd"": 0.6271051660664054, ""precedes:fwd"": 0.0910814128373324}","[""contains:fwd"", ""maps:rev"", ""supports:rev"", ""supports:fwd"", ""precedes:fwd""]","[0.4778197407722473, 0.3743760585784912, 0.09854608029127121, 0.0182496290653944, 0.015172955580055714]"
5,0.3,s5_case39,<e2> is ahead of <e1> for this case,precedes:rev,maps:fwd,0,0,maps:fwd,0,maps:fwd,0,0,,,,,,,,,
5,0.3,s5_case40,usually <e1> trails <e2>,precedes:rev,supports:rev,0,1,supports:rev,0,supports:rev,0,0,supports:rev,supports:rev,supports:rev,1.0,1.0,1.0,"{""supports:rev"": 0.24504885369365248, ""precedes:rev"": 0.7302105006658748, ""supports:fwd"": 0.04621002813514998, ""contains:fwd"": 0.0709506737756229, ""maps:fwd"": 0.04621002813514998}","[""supports:rev"", ""precedes:rev"", ""supports:fwd"", ""contains:fwd"", ""maps:fwd""]","[0.8937057256698608, 0.05606551468372345, 0.034018322825431824, 0.008459841832518578, 0.0035014392342418432]"
5,0.3,s5_case41,inside <e2> is <e1> in context,contains:rev,supports:rev,0,1,contains:rev,1,contains:rev,1,1,supports:rev,supports:rev,contains:rev,1.0,0.0,2.0,"{""supports:rev"": 0.11136874226252023, ""contains:rev"": 0.560283286407943, ""contains:fwd"": 0.11317608266468705, ""supports:fwd"": 0.12759194493515, ""maps:fwd"": 0.22621002813514998}","[""supports:rev"", ""contains:rev"", ""contains:fwd"", ""supports:fwd"", ""maps:fwd""]","[0.7282751798629761, 0.24388854205608368, 0.016559557989239693, 0.00338758691214025, 0.0027184239588677883]"
5,0.3,s5_case42,before <e2> comes <e1> usually,precedes:fwd,precedes:rev,0,1,precedes:fwd,1,precedes:rev,0,1,precedes:rev,precedes:rev,precedes:fwd,1.0,0.0,1.0,"{""precedes:rev"": 0.08300456359093959, ""precedes:fwd"": 0.7693954364090607, ""supports:fwd"": 0.04621002813514998, ""contains:fwd"": 0.19381002813515, ""contains:rev"": 0.04621002813514998}","[""precedes:rev"", ""precedes:fwd"", ""supports:fwd"", ""contains:fwd"", ""contains:rev""]","[0.9052202105522156, 0.07042376697063446, 0.009501093998551369, 0.00733448239043355, 0.0034077169839292765]"
5,0.3,s5_case43,<e2> has <e1> inside in context,contains:rev,contains:rev,1,1,contains:rev,1,contains:rev,1,0,supports:rev,supports:rev,contains:rev,1.0,0.0,12.0,"{""contains:rev"": 0.7308047222816905, ""supports:rev"": 0.2040365635909396, ""supports:fwd"": 0.04621002813514998, ""contains:fwd"": 0.04621002813514998, ""maps:rev"": 0.11136874226252023}","[""contains:rev"", ""supports:rev"", ""supports:fwd"", ""contains:fwd"", ""maps:rev""]","[0.9233147501945496, 0.062235694378614426, 0.0077804154716432095, 0.0019686571322381496, 0.0016462744679301977]"
5,0.3,s5_case44,<e2> is held up by <e1>,supports:fwd,maps:fwd,0,1,supports:fwd,1,precedes:rev,0,1,maps:fwd,maps:fwd,supports:fwd,1.0,0.0,2.0,"{""maps:fwd"": 0.04621002813514998, ""contains:fwd"": 0.2867755975603378, ""precedes:rev"": 0.04621002813514998, ""supports:fwd"": 0.676429866983873, ""precedes:fwd"": 0.08300456359093959}","[""maps:fwd"", ""contains:fwd"", ""precedes:rev"", ""supports:fwd"", ""precedes:fwd""]","[0.4705188572406769, 0.21767336130142212, 0.15082919597625732, 0.14291474223136902, 0.007875962182879448]"
5,0.3,s5_case45,to <e1> <e2> points directly,maps:rev,maps:rev,1,1,maps:rev,1,maps:rev,1,0,precedes:fwd,maps:rev,maps:rev,0.0,0.0,13.0,"{""maps:rev"": 0.5181189112889204, ""precedes:fwd"": 0.14545626813515, ""contains:fwd"": 0.30759194493514996, ""supports:fwd"": 0.12125293191107989, ""maps:fwd"": 0.04621002813514998}","[""maps:rev"", ""precedes:fwd"", ""contains:fwd"", ""supports:fwd"", ""maps:fwd""]","[0.9908066391944885, 0.0021324502304196358, 0.002125743543729186, 0.0015100627206265926, 0.001388125354424119]"
5,0.3,s5_case46,<e2> trails <e1> for this case,precedes:fwd,supports:rev,0,1,supports:rev,0,supports:rev,0,0,supports:rev,supports:rev,supports:rev,1.0,1.0,1.0,"{""supports:rev"": 0.04621002813514998, ""precedes:fwd"": 0.9089185871626677, ""contains:rev"": 0.04621002813514998, ""precedes:rev"": 0.04621002813514998, ""supports:fwd"": 0.0910814128373324}","[""supports:rev"", ""precedes:fwd"", ""contains:rev"", ""precedes:rev"", ""supports:fwd""]","[0.9925959706306458, 0.002026804257184267, 0.0016240518307313323, 0.0012742029502987862, 0.0010466949315741658]"
5,0.3,s5_case47,in context <e1> trails <e2>,precedes:rev,supports:rev,0,1,supports:rev,0,supports:rev,0,0,supports:rev,supports:rev,supports:rev,1.0,1.0,1.0,"{""supports:rev"": 0.08300456359093959, ""contains:rev"": 0.16724202813515002, ""precedes:rev"": 0.5345815196090606, ""supports:fwd"": 0.30759194493514996, ""precedes:fwd"": 0.04621002813514998}","[""supports:rev"", ""contains:rev"", ""precedes:rev"", ""supports:fwd"", ""precedes:fwd""]","[0.9189465045928955, 0.05656513571739197, 0.017278991639614105, 0.003150526899844408, 0.0014353841543197632]"
5,0.3,s5_case48,support for <e1> comes from <e2>,supports:rev,precedes:fwd,0,0,precedes:fwd,0,precedes:fwd,0,0,,,,,,,,,
5,0.3,s5_case49,the target of <e2> is <e1> in context,maps:rev,maps:fwd,0,1,maps:rev,1,maps:fwd,0,1,maps:fwd,maps:fwd,maps:rev,1.0,0.0,1.0,"{""maps:fwd"": 0.04621002813514998, ""supports:fwd"": 0.08300456359093959, ""precedes:rev"": 0.19381002813515, ""maps:rev"": 0.6483634364090607, ""contains:fwd"": 0.16724202813515002}","[""maps:fwd"", ""supports:fwd"", ""precedes:rev"", ""maps:rev"", ""contains:fwd""]","[0.8066304922103882, 0.07348233461380005, 0.05357876792550087, 0.04391644522547722, 0.01754186861217022]"
5,0.3,s5_case50,usually <e1> is ahead of <e2>,precedes:fwd,maps:rev,0,1,maps:rev,0,maps:rev,0,0,maps:rev,maps:rev,maps:rev,1.0,1.0,1.0,"{""maps:rev"": 0.04621002813514998, ""maps:fwd"": 0.0664973575603378, ""precedes:fwd"": 0.8072493409374799, ""supports:fwd"": 0.0910814128373324, ""supports:rev"": 0.12759194493515}","[""maps:rev"", ""maps:fwd"", ""precedes:fwd"", ""supports:fwd"", ""supports:rev""]","[0.9820274114608765, 0.010599135421216488, 0.0030422962736338377, 0.0023720930330455303, 0.0008072927012108266]"
5,0.3,s5_case51,inside <e1> is <e2> usually,contains:fwd,contains:rev,0,1,contains:rev,0,contains:rev,0,0,contains:rev,contains:rev,contains:rev,1.0,1.0,1.0,"{""contains:rev"": 0.19381002813515, ""supports:rev"": 0.04621002813514998, ""supports:fwd"": 0.2040365635909396, ""maps:rev"": 0.11294319991115, ""contains:fwd"": 0.5816302646330607}","[""contains:rev"", ""supports:rev"", ""supports:fwd"", ""maps:rev"", ""contains:fwd""]","[0.882006824016571, 0.053303152322769165, 0.03789849579334259, 0.012751823291182518, 0.006814924534410238]"
5,0.3,s5_case52,for this case <e1> is held up by <e2>,supports:rev,supports:rev,1,1,supports:rev,1,supports:rev,1,0,precedes:fwd,supports:rev,supports:rev,0.0,0.0,13.0,"{""supports:rev"": 0.7998034161341254, ""precedes:fwd"": 0.04621002813514998, ""maps:fwd"": 0.0664973575603378, ""contains:fwd"": 0.04621002813514998, ""maps:rev"": 0.17990925444068706}","[""supports:rev"", ""precedes:fwd"", ""maps:fwd"", ""contains:fwd"", ""maps:rev""]","[0.9787774085998535, 0.005264452658593655, 0.004709909204393625, 0.004604377318173647, 0.002396366558969021]"
5,0.3,s5_case53,within <e2> sits <e1>,contains:rev,contains:fwd,0,0,contains:fwd,0,contains:fwd,0,0,,,,,,,,,
5,0.3,s5_case54,to <e1> <e2> points,maps:rev,maps:fwd,0,1,maps:rev,1,supports:fwd,0,1,maps:fwd,maps:fwd,maps:rev,1.0,0.0,3.0,"{""maps:fwd"": 0.0709506737756229, ""maps:rev"": 0.8080173262243773, ""precedes:fwd"": 0.04621002813514998, ""supports:fwd"": 0.04621002813514998, ""contains:rev"": 0.16724202813515002}","[""maps:fwd"", ""maps:rev"", ""precedes:fwd"", ""supports:fwd"", ""contains:rev""]","[0.5807468295097351, 0.3231196999549866, 0.044768016785383224, 0.026634620502591133, 0.018641257658600807]"
5,0.3,s5_case55,the target of <e1> is <e2>,maps:fwd,maps:rev,0,1,maps:rev,0,maps:rev,0,0,maps:rev,maps:rev,maps:rev,1.0,1.0,1.0,"{""maps:rev"": 0.04621002813514998, ""precedes:fwd"": 0.22621002813514998, ""maps:fwd"": 0.5747945559428694, ""supports:fwd"": 0.20017746899147, ""supports:rev"": 0.09123800320081073}","[""maps:rev"", ""precedes:fwd"", ""maps:fwd"", ""supports:fwd"", ""supports:rev""]","[0.9743645191192627, 0.008322136476635933, 0.004806401673704386, 0.004720551893115044, 0.004487623460590839]"
5,0.3,s5_case56,in context <e1> is held up by <e2>,supports:rev,maps:fwd,0,0,maps:fwd,0,maps:fwd,0,0,,,,,,,,,
5,0.3,s5_case57,backing <e2> is <e1> directly,supports:fwd,contains:fwd,0,1,supports:fwd,1,contains:fwd,0,1,contains:fwd,contains:fwd,supports:fwd,1.0,0.0,1.0,"{""contains:fwd"": 0.04621002813514998, ""maps:rev"": 0.0709506737756229, ""supports:rev"": 0.04621002813514998, ""supports:fwd"": 0.9290493262243773, ""precedes:fwd"": 0.04621002813514998}","[""contains:fwd"", ""maps:rev"", ""supports:rev"", ""supports:fwd"", ""precedes:fwd""]","[0.6865614652633667, 0.25513967871665955, 0.030133388936519623, 0.009899716824293137, 0.009553958661854267]"
5,0.3,s5_case58,backing <e1> is <e2> directly,supports:rev,maps:rev,0,1,maps:rev,0,contains:fwd,0,0,maps:rev,maps:rev,maps:rev,1.0,1.0,1.0,"{""maps:rev"": 0.04621002813514998, ""contains:fwd"": 0.32545626813515, ""supports:fwd"": 0.04621002813514998, ""supports:rev"": 0.6745437318648502, ""precedes:fwd"": 0.04621002813514998}","[""maps:rev"", ""contains:fwd"", ""supports:fwd"", ""supports:rev"", ""precedes:fwd""]","[0.889066755771637, 0.06213716045022011, 0.02233848161995411, 0.017933622002601624, 0.003782515414059162]"
5,0.3,s5_case59,backing <e2> is <e1> usually,supports:fwd,maps:rev,0,1,maps:rev,0,maps:rev,0,0,maps:rev,maps:rev,maps:rev,1.0,1.0,1.0,"{""maps:rev"": 0.27519194493515003, ""contains:fwd"": 0.0664973575603378, ""supports:fwd"": 0.7045207256396624, ""supports:rev"": 0.04621002813514998, ""precedes:fwd"": 0.04621002813514998}","[""maps:rev"", ""contains:fwd"", ""supports:fwd"", ""supports:rev"", ""precedes:fwd""]","[0.810662567615509, 0.08529393374919891, 0.04659092798829079, 0.024342982098460197, 0.020589932799339294]"
5,0.3,s5_case60,within <e1> sits <e2> directly,contains:fwd,supports:fwd,0,1,contains:fwd,1,contains:fwd,1,1,supports:fwd,supports:fwd,contains:fwd,1.0,0.0,2.0,"{""supports:fwd"": 0.04621002813514998, ""maps:rev"": 0.19381002813515, ""contains:fwd"": 0.7760184527911029, ""supports:rev"": 0.04621002813514998, ""precedes:rev"": 0.07638154720889745}","[""supports:fwd"", ""maps:rev"", ""contains:fwd"", ""supports:rev"", ""precedes:rev""]","[0.670592188835144, 0.16872912645339966, 0.11028989404439926, 0.0333024300634861, 0.006842815317213535]"
5,0.3,s5_case61,to <e2> <e1> points directly,maps:fwd,maps:rev,0,1,maps:rev,0,maps:rev,0,0,maps:rev,maps:rev,maps:rev,1.0,1.0,1.0,"{""maps:rev"": 0.08300456359093959, ""contains:rev"": 0.04621002813514998, ""precedes:fwd"": 0.47305626813515, ""supports:rev"": 0.19741354720889745, ""maps:fwd"": 0.3389456773353132}","[""maps:rev"", ""contains:rev"", ""precedes:fwd"", ""supports:rev"", ""maps:fwd""]","[0.987553596496582, 0.003989411052316427, 0.002582905814051628, 0.0016612641047686338, 0.0016249135369434953]"
5,0.3,s5_case62,to <e1> <e2> points directly,maps:rev,maps:rev,1,1,maps:rev,1,maps:rev,1,0,precedes:fwd,maps:rev,maps:rev,0.0,0.0,13.0,"{""maps:rev"": 0.8584597386637327, ""precedes:fwd"": 0.11136874226252023, ""contains:fwd"": 0.04621002813514998, ""supports:fwd"": 0.07638154720889745, ""maps:fwd"": 0.04621002813514998}","[""maps:rev"", ""precedes:fwd"", ""contains:fwd"", ""supports:fwd"", ""maps:fwd""]","[0.9908066391944885, 0.0021324502304196358, 0.002125743543729186, 0.0015100627206265926, 0.001388125354424119]"
5,0.3,s5_case63,<e2> is ahead of <e1>,precedes:rev,maps:fwd,0,0,maps:fwd,0,maps:fwd,0,0,,,,,,,,,
5,0.3,s5_case64,inside <e2> is <e1> directly,contains:rev,contains:fwd,0,1,contains:rev,1,maps:rev,0,1,contains:fwd,contains:fwd,contains:rev,1.0,0.0,3.0,"{""contains:fwd"": 0.04621002813514998, ""contains:rev"": 0.9089185871626677, ""supports:rev"": 0.04621002813514998, ""supports:fwd"": 0.04621002813514998, ""maps:rev"": 0.0910814128373324}","[""contains:fwd"", ""contains:rev"", ""supports:rev"", ""supports:fwd"", ""maps:rev""]","[0.7021968960762024, 0.2311629056930542, 0.050819408148527145, 0.0053532798774540424, 0.0043944804929196835]"
5,0.3,s5_case65,to <e2> <e1> points in context,maps:fwd,maps:rev,0,1,maps:rev,0,maps:rev,0,0,maps:rev,maps:rev,maps:rev,1.0,1.0,1.0,"{""maps:rev"": 0.04621002813514998, ""contains:rev"": 0.3232277872088975, ""maps:fwd"": 0.4720315671506299, ""precedes:rev"": 0.04621002813514998, ""contains:fwd"": 0.2509506737756229}","[""maps:rev"", ""contains:rev"", ""maps:fwd"", ""precedes:rev"", ""contains:fwd""]","[0.9603971242904663, 0.014776697382330894, 0.014356294646859169, 0.0030337111093103886, 0.0024218184407800436]"
5,0.3,s5_case66,in context <e1> is held up by <e2>,supports:rev,maps:fwd,0,0,maps:fwd,0,maps:fwd,0,0,,,,,,,,,
5,0.3,s5_case67,in context <e1> is ahead of <e2>,precedes:fwd,maps:rev,0,1,maps:rev,0,maps:rev,0,0,maps:rev,maps:rev,maps:rev,1.0,1.0,1.0,"{""maps:rev"": 0.29294319991115, ""supports:rev"": 0.0664973575603378, ""contains:rev"": 0.19381002813515, ""precedes:fwd"": 0.3950518459614801, ""supports:fwd"": 0.19032765283733247}","[""maps:rev"", ""supports:rev"", ""contains:rev"", ""precedes:fwd"", ""supports:fwd""]","[0.9806950092315674, 0.00992520060390234, 0.003531181951984763, 0.0018341854447498918, 0.0014845160767436028]"
5,0.3,s5_case68,<e2> has <e1> inside usually,contains:rev,contains:rev,1,1,contains:rev,1,contains:rev,1,0,supports:rev,contains:rev,contains:rev,0.0,0.0,13.0,"{""contains:rev"": 0.7212045359911028, ""supports:rev"": 0.04621002813514998, ""supports:fwd"": 0.16724202813515002, ""precedes:fwd"": 0.04621002813514998, ""maps:rev"": 0.15776346400889749}","[""contains:rev"", ""supports:rev"", ""supports:fwd"", ""precedes:fwd"", ""maps:rev""]","[0.9701642990112305, 0.018628116697072983, 0.0044028786942362785, 0.002341468585655093, 0.0015990773681551218]"
5,0.3,s5_case69,<e2> is held up by <e1> for this case,supports:fwd,maps:fwd,0,1,supports:fwd,1,maps:fwd,0,1,maps:fwd,maps:fwd,supports:fwd,1.0,0.0,2.0,"{""maps:fwd"": 0.04621002813514998, ""precedes:rev"": 0.1431147189848975, ""supports:fwd"": 0.7998034161341254, ""contains:fwd"": 0.0664973575603378, ""contains:rev"": 0.08300456359093959}","[""maps:fwd"", ""precedes:rev"", ""supports:fwd"", ""contains:fwd"", ""contains:rev""]","[0.6177062392234802, 0.16071008145809174, 0.134940966963768, 0.07100502401590347, 0.0065588862635195255]"
5,0.3,s5_case70,the target of <e2> is <e1> for this case,maps:rev,maps:fwd,0,1,maps:fwd,0,contains:fwd,0,0,maps:fwd,maps:fwd,maps:fwd,1.0,1.0,1.0,"{""maps:fwd"": 0.12567187463194293, ""precedes:rev"": 0.04621002813514998, ""maps:rev"": 0.7929462085680574, ""supports:fwd"": 0.12759194493515, ""contains:fwd"": 0.04621002813514998}","[""maps:fwd"", ""precedes:rev"", ""maps:rev"", ""supports:fwd"", ""contains:fwd""]","[0.919598400592804, 0.021700305864214897, 0.019136479124426842, 0.018173135817050934, 0.018107611685991287]"
5,0.3,s5_case71,within <e1> sits <e2> for this case,contains:fwd,maps:rev,0,1,contains:fwd,1,contains:fwd,1,1,maps:rev,maps:rev,contains:fwd,1.0,0.0,1.0,"{""maps:rev"": 0.07638154720889745, ""supports:fwd"": 0.04621002813514998, ""supports:rev"": 0.04621002813514998, ""contains:fwd"": 0.8025864527911029, ""precedes:fwd"": 0.16724202813515002}","[""maps:rev"", ""supports:fwd"", ""supports:rev"", ""contains:fwd"", ""precedes:fwd""]","[0.8407604098320007, 0.06495190411806107, 0.05013708397746086, 0.025143099948763847, 0.012281407602131367]"
5,0.3,s5_case72,the target of <e2> is <e1> for this case,maps:rev,maps:fwd,0,1,maps:rev,1,maps:fwd,0,1,maps:fwd,maps:fwd,maps:rev,1.0,0.0,2.0,"{""maps:fwd"": 0.04621002813514998, ""precedes:rev"": 0.04621002813514998, ""maps:rev"": 0.8120138963129204, ""supports:fwd"": 0.04621002813514998, ""contains:fwd"": 0.1879861036870799}","[""maps:fwd"", ""precedes:rev"", ""maps:rev"", ""supports:fwd"", ""contains:fwd""]","[0.919598400592804, 0.021700305864214897, 0.019136479124426842, 0.018173135817050934, 0.018107611685991287]"
5,0.3,s5_case73,inside <e1> is <e2> in context,contains:fwd,contains:rev,0,1,supports:rev,0,supports:rev,0,0,contains:rev,contains:rev,supports:rev,1.0,0.0,1.0,"{""contains:rev"": 0.04621002813514998, ""supports:rev"": 0.19381002813515, ""supports:fwd"": 0.29294319991115, ""maps:rev"": 0.24862394493515, ""contains:fwd"": 0.3570428832888502}","[""contains:rev"", ""supports:rev"", ""supports:fwd"", ""maps:rev"", ""contains:fwd""]","[0.7396172285079956, 0.23666463792324066, 0.013591156341135502, 0.003710938384756446, 0.0025239144451916218]"
5,0.3,s5_case74,<e2> is ahead of <e1> in context,precedes:rev,maps:fwd,0,0,maps:fwd,0,maps:fwd,0,0,,,,,,,,,
5,0.3,s5_case75,inside <e1> is <e2> in context,contains:fwd,contains:rev,0,1,contains:rev,0,contains:rev,0,0,contains:rev,contains:rev,contains:rev,1.0,1.0,1.0,"{""contains:rev"": 0.5422124461363378, ""supports:rev"": 0.04621002813514998, ""supports:fwd"": 0.08300456359093959, ""maps:rev"": 0.04621002813514998, ""contains:fwd"": 0.4209930184078728}","[""contains:rev"", ""supports:rev"", ""supports:fwd"", ""maps:rev"", ""contains:fwd""]","[0.7396172285079956, 0.23666463792324066, 0.013591156341135502, 0.003710938384756446, 0.0025239144451916218]"
5,0.3,s5_case76,inside <e2> is <e1> in context,contains:rev,supports:rev,0,1,contains:rev,1,contains:fwd,0,1,supports:rev,supports:rev,contains:rev,1.0,0.0,2.0,"{""supports:rev"": 0.12787594829312202, ""contains:rev"": 0.7907421349068784, ""contains:fwd"": 0.04621002813514998, ""supports:fwd"": 0.12759194493515, ""maps:fwd"": 0.04621002813514998}","[""supports:rev"", ""contains:rev"", ""contains:fwd"", ""supports:fwd"", ""maps:fwd""]","[0.7282751798629761, 0.24388854205608368, 0.016559557989239693, 0.00338758691214025, 0.0027184239588677883]"
5,0.3,s5_case77,backing <e1> is <e2>,supports:rev,supports:fwd,0,1,supports:fwd,0,supports:fwd,0,0,supports:fwd,supports:fwd,supports:fwd,1.0,1.0,1.0,"{""supports:fwd"": 0.19381002813515, ""precedes:rev"": 0.04621002813514998, ""maps:fwd"": 0.18231314579147, ""contains:fwd"": 0.16724202813515002, ""supports:rev"": 0.5490548542085302}","[""supports:fwd"", ""precedes:rev"", ""maps:fwd"", ""contains:fwd"", ""supports:rev""]","[0.9550978541374207, 0.01206664927303791, 0.01093641109764576, 0.007102177012711763, 0.007052497006952763]"
5,0.3,s5_case78,before <e1> comes <e2>,precedes:rev,precedes:rev,1,1,precedes:rev,1,precedes:rev,1,0,precedes:fwd,precedes:fwd,precedes:rev,1.0,0.0,3.0,"{""precedes:rev"": 0.5051579718648502, ""precedes:fwd"": 0.19381002813515, ""supports:fwd"": 0.04621002813514998, ""contains:rev"": 0.22621002813514998, ""maps:fwd"": 0.16724202813515002}","[""precedes:rev"", ""precedes:fwd"", ""supports:fwd"", ""contains:rev"", ""maps:fwd""]","[0.6646400690078735, 0.29758867621421814, 0.018072323873639107, 0.007050003856420517, 0.006842312403023243]"
5,0.3,s5_case79,in context <e1> trails <e2>,precedes:rev,supports:rev,0,1,precedes:rev,1,supports:rev,0,1,supports:rev,supports:rev,precedes:rev,1.0,0.0,1.0,"{""supports:rev"": 0.04621002813514998, ""contains:rev"": 0.10093122899146997, ""precedes:rev"": 0.8323355992325303, ""supports:fwd"": 0.04621002813514998, ""precedes:fwd"": 0.11294319991115}","[""supports:rev"", ""contains:rev"", ""precedes:rev"", ""supports:fwd"", ""precedes:fwd""]","[0.9189465045928955, 0.05656513571739197, 0.017278991639614105, 0.003150526899844408, 0.0014353841543197632]"
6,0.0,s6_case0,before <e1> comes <e2> usually,precedes:rev,precedes:rev,1,1,precedes:rev,1,precedes:fwd,0,0,precedes:fwd,precedes:fwd,precedes:rev,1.0,0.0,9.0,"{""precedes:rev"": 0.9537899718648504, ""precedes:fwd"": 0.04621002813514998, ""contains:fwd"": 0.04621002813514998, ""maps:fwd"": 0.04621002813514998, ""supports:rev"": 0.04621002813514998}","[""precedes:rev"", ""precedes:fwd"", ""contains:fwd"", ""maps:fwd"", ""supports:rev""]","[0.9473546147346497, 0.03512765094637871, 0.005080625414848328, 0.004878114443272352, 0.0027511699590831995]"
6,0.0,s6_case1,within <e1> sits <e2>,contains:fwd,supports:fwd,0,1,contains:fwd,1,precedes:fwd,0,1,supports:fwd,supports:fwd,contains:fwd,1.0,0.0,1.0,"{""supports:fwd"": 0.04621002813514998, ""contains:fwd"": 0.9537899718648504, ""precedes:rev"": 0.04621002813514998, ""precedes:fwd"": 0.04621002813514998, ""supports:rev"": 0.04621002813514998}","[""supports:fwd"", ""contains:fwd"", ""precedes:rev"", ""precedes:fwd"", ""supports:rev""]","[0.9258545637130737, 0.03281445801258087, 0.031144458800554276, 0.004714748356491327, 0.002436403650790453]"
6,0.0,s6_case2,the target of <e1> is <e2> directly,maps:fwd,maps:rev,0,1,maps:fwd,1,precedes:fwd,0,1,maps:rev,maps:rev,maps:fwd,1.0,0.0,1.0,"{""maps:rev"": 0.04621002813514998, ""supports:fwd"": 0.04621002813514998, ""precedes:fwd"": 0.04621002813514998, ""maps:fwd"": 0.9537899718648504, ""supports:rev"": 0.04621002813514998}","[""maps:rev"", ""supports:fwd"", ""precedes:fwd"", ""maps:fwd"", ""supports:rev""]","[0.8257998824119568, 0.13843902945518494, 0.01453462429344654, 0.010944009758532047, 0.0048703961074352264]"
6,0.0,s6_case3,before <e2> comes <e1> for this case,precedes:fwd,precedes:rev,0,0,precedes:rev,0,precedes:rev,0,0,,,,,,,,,
6,0.0,s6_case4,<e1> is held up by <e2>,supports:rev,precedes:rev,0,1,supports:rev,1,maps:rev,0,1,precedes:rev,precedes:rev,supports:rev,1.0,0.0,1.0,"{""precedes:rev"": 0.04621002813514998, ""contains:rev"": 0.04621002813514998, ""maps:rev"": 0.04621002813514998, ""maps:fwd"": 0.04621002813514998, ""supports:rev"": 0.9537899718648504}","[""precedes:rev"", ""contains:rev"", ""maps:rev"", ""maps:fwd"", ""supports:rev""]","[0.6197279691696167, 0.25213682651519775, 0.04497069492936134, 0.04438208416104317, 0.024591263383626938]"
6,0.0,s6_case5,inside <e1> is <e2> in context,contains:fwd,contains:fwd,1,1,contains:fwd,1,supports:fwd,0,0,contains:rev,contains:rev,contains:fwd,1.0,0.0,7.0,"{""contains:fwd"": 0.9537899718648504, ""contains:rev"": 0.04621002813514998, ""precedes:rev"": 0.04621002813514998, ""supports:fwd"": 0.04621002813514998, ""maps:rev"": 0.04621002813514998}","[""contains:fwd"", ""contains:rev"", ""precedes:rev"", ""supports:fwd"", ""maps:rev""]","[0.8497660160064697, 0.11094403266906738, 0.017528297379612923, 0.008689602836966515, 0.004766791593283415]"
6,0.0,s6_case6,support for <e2> comes from <e1>,supports:fwd,precedes:fwd,0,0,precedes:fwd,0,precedes:fwd,0,0,,,,,,,,,
6,0.0,s6_case7,from <e1> <e2> is mapped,maps:fwd,maps:rev,0,0,maps:rev,0,maps:rev,0,0,,,,,,,,,
6,0.0,s6_case8,the target of <e1> is <e2> in context,maps:fwd,maps:rev,0,1,maps:fwd,1,supports:fwd,0,1,maps:rev,maps:rev,maps:fwd,1.0,0.0,1.0,"{""maps:rev"": 0.04621002813514998, ""supports:fwd"": 0.04621002813514998, ""maps:fwd"": 0.9537899718648504, ""precedes:fwd"": 0.04621002813514998, ""supports:rev"": 0.04621002813514998}","[""maps:rev"", ""supports:fwd"", ""maps:fwd"", ""precedes:fwd"", ""supports:rev""]","[0.8672138452529907, 0.10411479324102402, 0.010417984798550606, 0.0099463677033782, 0.0033758117351680994]"
6,0.0,s6_case9,support for <e2> comes from <e1>,supports:fwd,precedes:fwd,0,0,precedes:fwd,0,precedes:fwd,0,0,,,,,,,,,
6,0.0,s6_case10,within <e2> sits <e1> usually,contains:rev,supports:fwd,0,0,supports:fwd,0,supports:fwd,0,0,,,,,,,,,
6,0.0,s6_case11,in context <e1> has <e2> inside,contains:fwd,contains:rev,0,1,contains:fwd,1,contains:fwd,1,1,contains:rev,contains:rev,contains:fwd,1.0,0.0,2.0,"{""contains:rev"": 0.04621002813514998, ""supports:rev"": 0.04621002813514998, ""precedes:rev"": 0.04621002813514998, ""precedes:fwd"": 0.04621002813514998, ""contains:fwd"": 0.9537899718648504}","[""contains:rev"", ""supports:rev"", ""precedes:rev"", ""precedes:fwd"", ""contains:fwd""]","[0.4699862003326416, 0.2659003436565399, 0.07411376386880875, 0.06209475174546242, 0.06122976168990135]"
6,0.0,s6_case12,<e2> trails <e1> usually,precedes:fwd,contains:rev,0,1,precedes:fwd,1,supports:fwd,0,1,contains:rev,contains:rev,precedes:fwd,1.0,0.0,4.0,"{""contains:rev"": 0.04621002813514998, ""precedes:fwd"": 0.9537899718648504, ""precedes:rev"": 0.04621002813514998, ""maps:fwd"": 0.04621002813514998, ""supports:fwd"": 0.04621002813514998}","[""contains:rev"", ""precedes:fwd"", ""precedes:rev"", ""maps:fwd"", ""supports:fwd""]","[0.49104270339012146, 0.429065465927124, 0.045630309730768204, 0.017494088038802147, 0.0060668643563985825]"
6,0.0,s6_case13,backing <e1> is <e2> in context,supports:rev,contains:fwd,0,0,contains:fwd,0,contains:fwd,0,0,,,,,,,,,
6,0.0,s6_case14,<e2> is ahead of <e1> in context,precedes:rev,contains:fwd,0,0,contains:fwd,0,contains:fwd,0,0,,,,,,,,,
6,0.0,s6_case15,within <e1> sits <e2> usually,contains:fwd,supports:fwd,0,1,contains:fwd,1,supports:rev,0,1,supports:fwd,supports:fwd,contains:fwd,1.0,0.0,1.0,"{""supports:fwd"": 0.04621002813514998, ""contains:fwd"": 0.9537899718648504, ""precedes:fwd"": 0.04621002813514998, ""supports:rev"": 0.04621002813514998, ""maps:rev"": 0.04621002813514998}","[""supports:fwd"", ""contains:fwd"", ""precedes:fwd"", ""supports:rev"", ""maps:rev""]","[0.9551106691360474, 0.019129913300275803, 0.012280839495360851, 0.005366035271435976, 0.005097519140690565]"
6,0.0,s6_case16,to <e2> <e1> points,maps:fwd,contains:fwd,0,1,maps:fwd,1,maps:fwd,1,1,contains:fwd,contains:fwd,maps:fwd,1.0,0.0,3.0,"{""contains:fwd"": 0.04621002813514998, ""maps:fwd"": 0.9537899718648504, ""precedes:rev"": 0.04621002813514998, ""supports:fwd"": 0.04621002813514998, ""maps:rev"": 0.04621002813514998}","[""contains:fwd"", ""maps:fwd"", ""precedes:rev"", ""supports:fwd"", ""maps:rev""]","[0.5839146375656128, 0.22280354797840118, 0.12312030792236328, 0.03683232143521309, 0.021777665242552757]"
6,0.0,s6_case17,the target of <e1> is <e2> in context,maps:fwd,maps:rev,0,1,maps:fwd,1,supports:rev,0,1,maps:rev,maps:rev,maps:fwd,1.0,0.0,1.0,"{""maps:rev"": 0.04621002813514998, ""supports:fwd"": 0.04621002813514998, ""maps:fwd"": 0.9537899718648504, ""precedes:fwd"": 0.04621002813514998, ""supports:rev"": 0.04621002813514998}","[""maps:rev"", ""supports:fwd"", ""maps:fwd"", ""precedes:fwd"", ""supports:rev""]","[0.8672138452529907, 0.10411479324102402, 0.010417984798550606, 0.0099463677033782, 0.0033758117351680994]"
6,0.0,s6_case18,directly <e1> is ahead of <e2>,precedes:fwd,contains:rev,0,1,precedes:fwd,1,precedes:fwd,1,1,contains:rev,contains:rev,precedes:fwd,1.0,0.0,1.0,"{""contains:rev"": 0.04621002813514998, ""precedes:rev"": 0.04621002813514998, ""maps:rev"": 0.04621002813514998, ""supports:rev"": 0.04621002813514998, ""precedes:fwd"": 0.9537899718648504}","[""contains:rev"", ""precedes:rev"", ""maps:rev"", ""supports:rev"", ""precedes:fwd""]","[0.7480835318565369, 0.15768428146839142, 0.03645194321870804, 0.020543398335576057, 0.01990835927426815]"
6,0.0,s6_case19,within <e1> sits <e2> for this case,contains:fwd,supports:fwd,0,1,contains:fwd,1,precedes:rev,0,1,supports:fwd,supports:fwd,contains:fwd,1.0,0.0,2.0,"{""supports:fwd"": 0.04621002813514998, ""contains:fwd"": 0.9537899718648504, ""maps:rev"": 0.04621002813514998, ""precedes:rev"": 0.04621002813514998, ""supports:rev"": 0.04621002813514998}","[""supports:fwd"", ""contains:fwd"", ""maps:rev"", ""precedes:rev"", ""supports:rev""]","[0.7988103032112122, 0.11882739514112473, 0.038240205496549606, 0.029970364645123482, 0.0068487003445625305]"
6,0.0,s6_case20,to <e2> <e1> points,maps:fwd,contains:fwd,0,1,maps:fwd,1,maps:rev,0,1,contains:fwd,contains:fwd,maps:fwd,1.0,0.0,3.0,"{""contains:fwd"": 0.04621002813514998, ""maps:fwd"": 0.9537899718648504, ""precedes:rev"": 0.04621002813514998, ""supports:fwd"": 0.04621002813514998, ""maps:rev"": 0.04621002813514998}","[""contains:fwd"", ""maps:fwd"", ""precedes:rev"", ""supports:fwd"", ""maps:rev""]","[0.5839146375656128, 0.22280354797840118, 0.12312030792236328, 0.03683232143521309, 0.021777665242552757]"
6,0.0,s6_case21,<e2> has <e1> inside usually,contains:rev,contains:rev,1,1,contains:rev,1,supports:rev,0,0,supports:rev,supports:rev,contains:rev,1.0,0.0,6.0,"{""contains:rev"": 0.9537899718648504, ""supports:rev"": 0.04621002813514998, ""supports:fwd"": 0.04621002813514998, ""maps:rev"": 0.04621002813514998, ""contains:fwd"": 0.04621002813514998}","[""contains:rev"", ""supports:rev"", ""supports:fwd"", ""maps:rev"", ""contains:fwd""]","[0.7737870812416077, 0.19376668334007263, 0.013568500988185406, 0.006133737973868847, 0.005173962097615004]"
6,0.0,s6_case22,from <e1> <e2> is mapped usually,maps:fwd,maps:rev,0,0,maps:rev,0,maps:rev,0,0,,,,,,,,,
6,0.0,s6_case23,<e2> has <e1> inside in context,contains:rev,supports:fwd,0,1,contains:rev,1,precedes:fwd,0,1,supports:fwd,supports:fwd,contains:rev,1.0,0.0,2.0,"{""supports:fwd"": 0.04621002813514998, ""supports:rev"": 0.04621002813514998, ""contains:fwd"": 0.04621002813514998, ""contains:rev"": 0.9537899718648504, ""precedes:fwd"": 0.04621002813514998}","[""supports:fwd"", ""supports:rev"", ""contains:fwd"", ""contains:rev"", ""precedes:fwd""]","[0.6199424266815186, 0.1753385365009308, 0.09631204605102539, 0.09031694382429123, 0.012776479125022888]"
6,0.0,s6_case24,<e2> has <e1> inside for this case,contains:rev,contains:rev,1,1,contains:rev,1,contains:rev,1,0,supports:rev,supports:rev,contains:rev,1.0,0.0,6.0,"{""contains:rev"": 0.9537899718648504, ""supports:rev"": 0.04621002813514998, ""contains:fwd"": 0.04621002813514998, ""maps:rev"": 0.04621002813514998, ""supports:fwd"": 0.04621002813514998}","[""contains:rev"", ""supports:rev"", ""contains:fwd"", ""maps:rev"", ""supports:fwd""]","[0.8121570944786072, 0.1466325968503952, 0.014303448610007763, 0.010577589273452759, 0.007924428209662437]"
6,0.0,s6_case25,before <e1> comes <e2> directly,precedes:rev,precedes:rev,1,1,precedes:rev,1,precedes:rev,1,0,precedes:fwd,precedes:rev,precedes:rev,0.0,0.0,13.0,"{""precedes:rev"": 0.9537899718648504, ""precedes:fwd"": 0.04621002813514998, ""maps:fwd"": 0.04621002813514998, ""contains:fwd"": 0.04621002813514998, ""supports:rev"": 0.04621002813514998}","[""precedes:rev"", ""precedes:fwd"", ""maps:fwd"", ""contains:fwd"", ""supports:rev""]","[0.9754517674446106, 0.008122635073959827, 0.005919424816966057, 0.002991731744259596, 0.0029240117873996496]"
6,0.0,s6_case26,inside <e2> is <e1> usually,contains:rev,contains:rev,1,1,contains:rev,1,contains:rev,1,0,supports:rev,supports:rev,contains:rev,1.0,0.0,7.0,"{""contains:rev"": 0.9537899718648504, ""supports:rev"": 0.04621002813514998, ""contains:fwd"": 0.04621002813514998, ""maps:rev"": 0.04621002813514998, ""supports:fwd"": 0.04621002813514998}","[""contains:rev"", ""supports:rev"", ""contains:fwd"", ""maps:rev"", ""supports:fwd""]","[0.7183868885040283, 0.10161350667476654, 0.08624560385942459, 0.05213581770658493, 0.028526335954666138]"
6,0.0,s6_case27,within <e1> sits <e2> for this case,contains:fwd,supports:fwd,0,1,contains:fwd,1,maps:rev,0,1,supports:fwd,supports:fwd,contains:fwd,1.0,0.0,2.0,"{""supports:fwd"": 0.04621002813514998, ""contains:fwd"": 0.9537899718648504, ""maps:rev"": 0.04621002813514998, ""precedes:rev"": 0.04621002813514998, ""supports:rev"": 0.04621002813514998}","[""supports:fwd"", ""contains:fwd"", ""maps:rev"", ""precedes:rev"", ""supports:rev""]","[0.7988103032112122, 0.11882739514112473, 0.038240205496549606, 0.029970364645123482, 0.0068487003445625305]"
6,0.0,s6_case28,from <e2> <e1> is mapped in context,maps:rev,maps:rev,1,1,maps:rev,1,maps:fwd,0,0,supports:fwd,maps:rev,maps:rev,0.0,0.0,13.0,"{""maps:rev"": 0.9537899718648504, ""supports:fwd"": 0.04621002813514998, ""precedes:fwd"": 0.04621002813514998, ""maps:fwd"": 0.04621002813514998, ""contains:rev"": 0.04621002813514998}","[""maps:rev"", ""supports:fwd"", ""precedes:fwd"", ""maps:fwd"", ""contains:rev""]","[0.9836066961288452, 0.004108676686882973, 0.003572701010853052, 0.002386966021731496, 0.0022920926567167044]"
6,0.0,s6_case29,usually <e1> trails <e2>,precedes:rev,contains:fwd,0,1,precedes:rev,1,contains:fwd,0,1,contains:fwd,contains:fwd,precedes:rev,1.0,0.0,2.0,"{""contains:fwd"": 0.04621002813514998, ""precedes:rev"": 0.9537899718648504, ""supports:fwd"": 0.04621002813514998, ""contains:rev"": 0.04621002813514998, ""maps:fwd"": 0.04621002813514998}","[""contains:fwd"", ""precedes:rev"", ""supports:fwd"", ""contains:rev"", ""maps:fwd""]","[0.8070231080055237, 0.1298593431711197, 0.03445086628198624, 0.008937093429267406, 0.008408013731241226]"
6,0.0,s6_case30,<e2> is held up by <e1> usually,supports:fwd,contains:rev,0,0,contains:rev,0,contains:rev,0,0,,,,,,,,,
6,0.0,s6_case31,before <e1> comes <e2> usually,precedes:rev,precedes:rev,1,1,precedes:rev,1,maps:fwd,0,0,precedes:fwd,precedes:fwd,precedes:rev,1.0,0.0,9.0,"{""precedes:rev"": 0.9537899718648504, ""precedes:fwd"": 0.04621002813514998, ""contains:fwd"": 0.04621002813514998, ""maps:fwd"": 0.04621002813514998, ""supports:rev"": 0.04621002813514998}","[""precedes:rev"", ""precedes:fwd"", ""contains:fwd"", ""maps:fwd"", ""supports:rev""]","[0.9473546147346497, 0.03512765094637871, 0.005080625414848328, 0.004878114443272352, 0.0027511699590831995]"
6,0.0,s6_case32,support for <e1> comes from <e2> in context,supports:rev,precedes:fwd,0,1,supports:rev,1,precedes:rev,0,1,precedes:fwd,precedes:fwd,supports:rev,1.0,0.0,1.0,"{""precedes:fwd"": 0.04621002813514998, ""precedes:rev"": 0.04621002813514998, ""supports:rev"": 0.9537899718648504, ""contains:rev"": 0.04621002813514998, ""maps:fwd"": 0.04621002813514998}","[""precedes:fwd"", ""precedes:rev"", ""supports:rev"", ""contains:rev"", ""maps:fwd""]","[0.8857570290565491, 0.05742541328072548, 0.038209401071071625, 0.012370315380394459, 0.0037958468310534954]"
6,0.0,s6_case33,<e2> has <e1> inside in context,contains:rev,supports:fwd,0,1,contains:rev,1,supports:rev,0,1,supports:fwd,supports:fwd,contains:rev,1.0,0.0,2.0,"{""supports:fwd"": 0.04621002813514998, ""supports:rev"": 0.04621002813514998, ""contains:fwd"": 0.04621002813514998, ""contains:rev"": 0.9537899718648504, ""precedes:fwd"": 0.04621002813514998}","[""supports:fwd"", ""supports:rev"", ""contains:fwd"", ""contains:rev"", ""precedes:fwd""]","[0.6199424266815186, 0.1753385365009308, 0.09631204605102539, 0.09031694382429123, 0.012776479125022888]"
6,0.0,s6_case34,from <e1> <e2> is mapped for this case,maps:fwd,contains:fwd,0,1,maps:fwd,1,contains:rev,0,1,contains:fwd,contains:fwd,maps:fwd,1.0,0.0,1.0,"{""contains:fwd"": 0.04621002813514998, ""maps:fwd"": 0.9537899718648504, ""maps:rev"": 0.04621002813514998, ""contains:rev"": 0.04621002813514998, ""supports:rev"": 0.04621002813514998}","[""contains:fwd"", ""maps:fwd"", ""maps:rev"", ""contains:rev"", ""supports:rev""]","[0.9272112250328064, 0.03854906186461449, 0.015001874417066574, 0.012090305797755718, 0.0024900040589272976]"
6,0.0,s6_case35,before <e2> comes <e1>,precedes:fwd,precedes:rev,0,1,precedes:fwd,1,supports:fwd,0,1,precedes:rev,precedes:rev,precedes:fwd,1.0,0.0,1.0,"{""precedes:rev"": 0.04621002813514998, ""maps:fwd"": 0.04621002813514998, ""precedes:fwd"": 0.9537899718648504, ""supports:rev"": 0.04621002813514998, ""supports:fwd"": 0.04621002813514998}","[""precedes:rev"", ""maps:fwd"", ""precedes:fwd"", ""supports:rev"", ""supports:fwd""]","[0.9737390279769897, 0.008829697966575623, 0.00515745161101222, 0.00340878963470459, 0.003344109049066901]"
6,0.0,s6_case36,<e2> is held up by <e1> directly,supports:fwd,contains:rev,0,0,contains:rev,0,contains:rev,0,0,,,,,,,,,
6,0.0,s6_case37,<e2> has <e1> inside directly,contains:rev,contains:rev,1,1,contains:rev,1,supports:rev,0,0,supports:rev,supports:rev,contains:rev,1.0,0.0,6.0,"{""contains:rev"": 0.9537899718648504, ""supports:rev"": 0.04621002813514998, ""maps:rev"": 0.04621002813514998, ""supports:fwd"": 0.04621002813514998, ""contains:fwd"": 0.04621002813514998}","[""contains:rev"", ""supports:rev"", ""maps:rev"", ""supports:fwd"", ""contains:fwd""]","[0.7499843835830688, 0.21491239964962006, 0.011592904105782509, 0.01095773745328188, 0.005457152612507343]"
6,0.0,s6_case38,within <e1> sits <e2> usually,contains:fwd,supports:fwd,0,1,contains:fwd,1,maps:rev,0,1,supports:fwd,supports:fwd,contains:fwd,1.0,0.0,1.0,"{""supports:fwd"": 0.04621002813514998, ""contains:fwd"": 0.9537899718648504, ""precedes:fwd"": 0.04621002813514998, ""supports:rev"": 0.04621002813514998, ""maps:rev"": 0.04621002813514998}","[""supports:fwd"", ""contains:fwd"", ""precedes:fwd"", ""supports:rev"", ""maps:rev""]","[0.9551106691360474, 0.019129913300275803, 0.012280839495360851, 0.005366035271435976, 0.005097519140690565]"
6,0.0,s6_case39,support for <e2> comes from <e1> directly,supports:fwd,supports:fwd,1,1,supports:fwd,1,maps:fwd,0,0,supports:rev,supports:rev,supports:fwd,1.0,0.0,4.0,"{""supports:fwd"": 0.9537899718648504, ""supports:rev"": 0.04621002813514998, ""precedes:fwd"": 0.04621002813514998, ""precedes:rev"": 0.04621002813514998, ""maps:fwd"": 0.04621002813514998}","[""supports:fwd"", ""supports:rev"", ""precedes:fwd"", ""precedes:rev"", ""maps:fwd""]","[0.428585946559906, 0.38129767775535583, 0.09132203459739685, 0.06786929070949554, 0.01266118511557579]"
6,0.0,s6_case40,to <e1> <e2> points directly,maps:rev,maps:rev,1,1,maps:rev,1,contains:fwd,0,0,contains:fwd,contains:fwd,maps:rev,1.0,0.0,5.0,"{""maps:rev"": 0.9537899718648504, ""contains:fwd"": 0.04621002813514998, ""precedes:fwd"": 0.04621002813514998, ""precedes:rev"": 0.04621002813514998, ""contains:rev"": 0.04621002813514998}","[""maps:rev"", ""contains:fwd"", ""precedes:fwd"", ""precedes:rev"", ""contains:rev""]","[0.6115384101867676, 0.20417854189872742, 0.10020089149475098, 0.05624452605843544, 0.011266672983765602]"
6,0.0,s6_case41,to <e1> <e2> points in context,maps:rev,maps:rev,1,1,maps:rev,1,contains:fwd,0,0,maps:fwd,maps:fwd,maps:rev,1.0,0.0,5.0,"{""maps:rev"": 0.9537899718648504, ""maps:fwd"": 0.04621002813514998, ""contains:fwd"": 0.04621002813514998, ""precedes:rev"": 0.04621002813514998, ""precedes:fwd"": 0.04621002813514998}","[""maps:rev"", ""maps:fwd"", ""contains:fwd"", ""precedes:rev"", ""precedes:fwd""]","[0.49387305974960327, 0.22797557711601257, 0.2003103792667389, 0.04614768922328949, 0.015555054880678654]"
6,0.0,s6_case42,for this case <e1> has <e2> inside,contains:fwd,contains:rev,0,1,contains:fwd,1,maps:rev,0,1,contains:rev,contains:rev,contains:fwd,1.0,0.0,3.0,"{""contains:rev"": 0.04621002813514998, ""contains:fwd"": 0.9537899718648504, ""supports:rev"": 0.04621002813514998, ""precedes:rev"": 0.04621002813514998, ""maps:rev"": 0.04621002813514998}","[""contains:rev"", ""contains:fwd"", ""supports:rev"", ""precedes:rev"", ""maps:rev""]","[0.5085192918777466, 0.31669700145721436, 0.08174514025449753, 0.0478132963180542, 0.027778426185250282]"
6,0.0,s6_case43,<e2> is ahead of <e1> for this case,precedes:rev,contains:fwd,0,0,contains:fwd,0,contains:fwd,0,0,,,,,,,,,
6,0.0,s6_case44,to <e2> <e1> points for this case,maps:fwd,maps:fwd,1,1,maps:fwd,1,maps:rev,0,0,precedes:rev,precedes:rev,maps:fwd,1.0,0.0,5.0,"{""maps:fwd"": 0.9537899718648504, ""precedes:rev"": 0.04621002813514998, ""contains:fwd"": 0.04621002813514998, ""contains:rev"": 0.04621002813514998, ""maps:rev"": 0.04621002813514998}","[""maps:fwd"", ""precedes:rev"", ""contains:fwd"", ""contains:rev"", ""maps:rev""]","[0.5781139731407166, 0.3083900213241577, 0.06473417580127716, 0.020148612558841705, 0.01771601475775242]"
6,0.0,s6_case45,<e2> has <e1> inside for this case,contains:rev,contains:rev,1,1,contains:rev,1,supports:rev,0,0,supports:rev,supports:rev,contains:rev,1.0,0.0,6.0,"{""contains:rev"": 0.9537899718648504, ""supports:rev"": 0.04621002813514998, ""contains:fwd"": 0.04621002813514998, ""maps:rev"": 0.04621002813514998, ""supports:fwd"": 0.04621002813514998}","[""contains:rev"", ""supports:rev"", ""contains:fwd"", ""maps:rev"", ""supports:fwd""]","[0.8121570944786072, 0.1466325968503952, 0.014303448610007763, 0.010577589273452759, 0.007924428209662437]"
6,0.0,s6_case46,within <e2> sits <e1> usually,contains:rev,supports:fwd,0,0,supports:fwd,0,supports:fwd,0,0,,,,,,,,,
6,0.0,s6_case47,backing <e2> is <e1> directly,supports:fwd,maps:rev,0,1,supports:fwd,1,contains:rev,0,1,maps:rev,maps:rev,supports:fwd,1.0,0.0,1.0,"{""maps:rev"": 0.04621002813514998, ""contains:rev"": 0.04621002813514998, ""contains:fwd"": 0.04621002813514998, ""supports:rev"": 0.04621002813514998, ""supports:fwd"": 0.9537899718648504}","[""maps:rev"", ""contains:rev"", ""contains:fwd"", ""supports:rev"", ""supports:fwd""]","[0.7473874688148499, 0.09406602382659912, 0.07642757147550583, 0.04454189911484718, 0.020298313349485397]"
6,0.0,s6_case48,inside <e1> is <e2> directly,contains:fwd,contains:rev,0,1,contains:fwd,1,contains:rev,0,1,contains:rev,contains:rev,contains:fwd,1.0,0.0,3.0,"{""contains:rev"": 0.04621002813514998, ""contains:fwd"": 0.9537899718648504, ""maps:rev"": 0.04621002813514998, ""supports:rev"": 0.04621002813514998, ""supports:fwd"": 0.04621002813514998}","[""contains:rev"", ""contains:fwd"", ""maps:rev"", ""supports:rev"", ""supports:fwd""]","[0.5193603038787842, 0.30738407373428345, 0.09331224858760834, 0.02934831939637661, 0.023621708154678345]"
6,0.0,s6_case49,before <e2> comes <e1> usually,precedes:fwd,precedes:rev,0,1,precedes:fwd,1,precedes:rev,0,1,precedes:rev,precedes:rev,precedes:fwd,1.0,0.0,1.0,"{""precedes:rev"": 0.04621002813514998, ""precedes:fwd"": 0.9537899718648504, ""supports:rev"": 0.04621002813514998, ""maps:fwd"": 0.04621002813514998, ""contains:fwd"": 0.04621002813514998}","[""precedes:rev"", ""precedes:fwd"", ""supports:rev"", ""maps:fwd"", ""contains:fwd""]","[0.9257612824440002, 0.04235401377081871, 0.008913259953260422, 0.007808708120137453, 0.006663328967988491]"
6,0.0,s6_case50,before <e2> comes <e1> directly,precedes:fwd,precedes:rev,0,1,precedes:fwd,1,maps:fwd,0,1,precedes:rev,precedes:rev,precedes:fwd,1.0,0.0,1.0,"{""precedes:rev"": 0.04621002813514998, ""precedes:fwd"": 0.9537899718648504, ""maps:fwd"": 0.04621002813514998, ""supports:rev"": 0.04621002813514998, ""contains:fwd"": 0.04621002813514998}","[""precedes:rev"", ""precedes:fwd"", ""maps:fwd"", ""supports:rev"", ""contains:fwd""]","[0.9413621425628662, 0.0330786369740963, 0.009534387849271297, 0.006832852028310299, 0.002977223601192236]"
6,0.0,s6_case51,from <e2> <e1> is mapped in context,maps:rev,maps:rev,1,1,maps:rev,1,maps:fwd,0,0,supports:fwd,maps:rev,maps:rev,0.0,0.0,13.0,"{""maps:rev"": 0.9537899718648504, ""supports:fwd"": 0.04621002813514998, ""precedes:fwd"": 0.04621002813514998, ""maps:fwd"": 0.04621002813514998, ""contains:rev"": 0.04621002813514998}","[""maps:rev"", ""supports:fwd"", ""precedes:fwd"", ""maps:fwd"", ""contains:rev""]","[0.9836066961288452, 0.004108676686882973, 0.003572701010853052, 0.002386966021731496, 0.0022920926567167044]"
6,0.0,s6_case52,the target of <e2> is <e1> in context,maps:rev,maps:rev,1,1,maps:rev,1,maps:rev,1,0,maps:fwd,maps:fwd,maps:rev,1.0,0.0,5.0,"{""maps:rev"": 0.9537899718648504, ""maps:fwd"": 0.04621002813514998, ""precedes:fwd"": 0.04621002813514998, ""supports:fwd"": 0.04621002813514998, ""supports:rev"": 0.04621002813514998}","[""maps:rev"", ""maps:fwd"", ""precedes:fwd"", ""supports:fwd"", ""supports:rev""]","[0.6011809706687927, 0.23673968017101288, 0.06966804713010788, 0.046668361872434616, 0.0320022888481617]"
6,0.0,s6_case53,<e2> is held up by <e1> for this case,supports:fwd,maps:fwd,0,0,maps:fwd,0,maps:fwd,0,0,,,,,,,,,
6,0.0,s6_case54,from <e2> <e1> is mapped in context,maps:rev,maps:rev,1,1,maps:rev,1,maps:rev,1,0,supports:fwd,maps:rev,maps:rev,0.0,0.0,13.0,"{""maps:rev"": 0.9537899718648504, ""supports:fwd"": 0.04621002813514998, ""precedes:fwd"": 0.04621002813514998, ""maps:fwd"": 0.04621002813514998, ""contains:rev"": 0.04621002813514998}","[""maps:rev"", ""supports:fwd"", ""precedes:fwd"", ""maps:fwd"", ""contains:rev""]","[0.9836066961288452, 0.004108676686882973, 0.003572701010853052, 0.002386966021731496, 0.0022920926567167044]"
6,0.0,s6_case55,backing <e1> is <e2> usually,supports:rev,maps:rev,0,1,supports:rev,1,contains:rev,0,1,maps:rev,maps:rev,supports:rev,1.0,0.0,1.0,"{""maps:rev"": 0.04621002813514998, ""contains:rev"": 0.04621002813514998, ""contains:fwd"": 0.04621002813514998, ""supports:fwd"": 0.04621002813514998, ""supports:rev"": 0.9537899718648504}","[""maps:rev"", ""contains:rev"", ""contains:fwd"", ""supports:fwd"", ""supports:rev""]","[0.6913774013519287, 0.1689876765012741, 0.08501638472080231, 0.02021210454404354, 0.015079976059496403]"
6,0.0,s6_case56,within <e1> sits <e2>,contains:fwd,supports:fwd,0,1,contains:fwd,1,precedes:fwd,0,1,supports:fwd,supports:fwd,contains:fwd,1.0,0.0,1.0,"{""supports:fwd"": 0.04621002813514998, ""contains:fwd"": 0.9537899718648504, ""precedes:rev"": 0.04621002813514998, ""precedes:fwd"": 0.04621002813514998, ""supports:rev"": 0.04621002813514998}","[""supports:fwd"", ""contains:fwd"", ""precedes:rev"", ""precedes:fwd"", ""supports:rev""]","[0.9258545637130737, 0.03281445801258087, 0.031144458800554276, 0.004714748356491327, 0.002436403650790453]"
6,0.0,s6_case57,<e1> is held up by <e2>,supports:rev,precedes:rev,0,1,supports:rev,1,precedes:rev,0,1,precedes:rev,precedes:rev,supports:rev,1.0,0.0,1.0,"{""precedes:rev"": 0.04621002813514998, ""contains:rev"": 0.04621002813514998, ""maps:rev"": 0.04621002813514998, ""maps:fwd"": 0.04621002813514998, ""supports:rev"": 0.9537899718648504}","[""precedes:rev"", ""contains:rev"", ""maps:rev"", ""maps:fwd"", ""supports:rev""]","[0.6197279691696167, 0.25213682651519775, 0.04497069492936134, 0.04438208416104317, 0.024591263383626938]"
6,0.0,s6_case58,backing <e2> is <e1> usually,supports:fwd,maps:rev,0,1,supports:fwd,1,contains:rev,0,1,maps:rev,maps:rev,supports:fwd,1.0,0.0,2.0,"{""maps:rev"": 0.04621002813514998, ""contains:rev"": 0.04621002813514998, ""contains:fwd"": 0.04621002813514998, ""supports:rev"": 0.04621002813514998, ""supports:fwd"": 0.9537899718648504}","[""maps:rev"", ""contains:rev"", ""contains:fwd"", ""supports:rev"", ""supports:fwd""]","[0.3743272125720978, 0.26901888847351074, 0.15894122421741486, 0.1366586834192276, 0.04622625932097435]"
6,0.0,s6_case59,for this case <e1> is held up by <e2>,supports:rev,maps:rev,0,0,maps:rev,0,maps:rev,0,0,,,,,,,,,
6,0.0,s6_case60,support for <e2> comes from <e1> usually,supports:fwd,precedes:rev,0,1,supports:fwd,1,maps:fwd,0,1,precedes:rev,precedes:rev,supports:fwd,1.0,0.0,3.0,"{""precedes:rev"": 0.04621002813514998, ""supports:fwd"": 0.9537899718648504, ""supports:rev"": 0.04621002813514998, ""precedes:fwd"": 0.04621002813514998, ""maps:fwd"": 0.04621002813514998}","[""precedes:rev"", ""supports:fwd"", ""supports:rev"", ""precedes:fwd"", ""maps:fwd""]","[0.40334686636924744, 0.318899929523468, 0.17419381439685822, 0.069160595536232, 0.021297266706824303]"
6,0.0,s6_case61,backing <e1> is <e2> for this case,supports:rev,maps:rev,0,0,maps:rev,0,maps:rev,0,0,,,,,,,,,
6,0.0,s6_case62,usually <e1> is held up by <e2>,supports:rev,contains:rev,0,1,supports:rev,1,supports:fwd,0,1,contains:rev,contains:rev,supports:rev,1.0,0.0,3.0,"{""contains:rev"": 0.04621002813514998, ""supports:rev"": 0.9537899718648504, ""precedes:rev"": 0.04621002813514998, ""maps:rev"": 0.04621002813514998, ""supports:fwd"": 0.04621002813514998}","[""contains:rev"", ""supports:rev"", ""precedes:rev"", ""maps:rev"", ""supports:fwd""]","[0.53293776512146, 0.25503841042518616, 0.11607209593057632, 0.06283688545227051, 0.015126479789614677]"
6,0.0,s6_case63,to <e1> <e2> points for this case,maps:rev,maps:fwd,0,1,maps:rev,1,precedes:rev,0,1,maps:fwd,maps:fwd,maps:rev,1.0,0.0,1.0,"{""maps:fwd"": 0.04621002813514998, ""precedes:rev"": 0.04621002813514998, ""contains:fwd"": 0.04621002813514998, ""contains:rev"": 0.04621002813514998, ""maps:rev"": 0.9537899718648504}","[""maps:fwd"", ""precedes:rev"", ""contains:fwd"", ""contains:rev"", ""maps:rev""]","[0.600676953792572, 0.2607710361480713, 0.0918358862400055, 0.019485369324684143, 0.016065502539277077]"
6,0.0,s6_case64,<e2> has <e1> inside in context,contains:rev,supports:fwd,0,1,contains:rev,1,contains:fwd,0,1,supports:fwd,supports:fwd,contains:rev,1.0,0.0,2.0,"{""supports:fwd"": 0.04621002813514998, ""supports:rev"": 0.04621002813514998, ""contains:fwd"": 0.04621002813514998, ""contains:rev"": 0.9537899718648504, ""precedes:fwd"": 0.04621002813514998}","[""supports:fwd"", ""supports:rev"", ""contains:fwd"", ""contains:rev"", ""precedes:fwd""]","[0.6199424266815186, 0.1753385365009308, 0.09631204605102539, 0.09031694382429123, 0.012776479125022888]"
6,0.0,s6_case65,<e2> trails <e1> in context,precedes:fwd,contains:rev,0,1,precedes:fwd,1,contains:rev,0,1,contains:rev,contains:rev,precedes:fwd,1.0,0.0,1.0,"{""contains:rev"": 0.04621002813514998, ""precedes:rev"": 0.04621002813514998, ""precedes:fwd"": 0.9537899718648504, ""maps:fwd"": 0.04621002813514998, ""supports:fwd"": 0.04621002813514998}","[""contains:rev"", ""precedes:rev"", ""precedes:fwd"", ""maps:fwd"", ""supports:fwd""]","[0.8554528951644897, 0.08068229258060455, 0.038306303322315216, 0.00743426289409399, 0.006213268265128136]"
6,0.0,s6_case66,before <e1> comes <e2> directly,precedes:rev,precedes:rev,1,1,precedes:rev,1,maps:fwd,0,0,precedes:fwd,precedes:rev,precedes:rev,0.0,0.0,13.0,"{""precedes:rev"": 0.9537899718648504, ""precedes:fwd"": 0.04621002813514998, ""maps:fwd"": 0.04621002813514998, ""contains:fwd"": 0.04621002813514998, ""supports:rev"": 0.04621002813514998}","[""precedes:rev"", ""precedes:fwd"", ""maps:fwd"", ""contains:fwd"", ""supports:rev""]","[0.9754517674446106, 0.008122635073959827, 0.005919424816966057, 0.002991731744259596, 0.0029240117873996496]"
6,0.0,s6_case67,<e1> is held up by <e2>,supports:rev,precedes:rev,0,1,supports:rev,1,contains:rev,0,1,precedes:rev,precedes:rev,supports:rev,1.0,0.0,1.0,"{""precedes:rev"": 0.04621002813514998, ""contains:rev"": 0.04621002813514998, ""maps:rev"": 0.04621002813514998, ""maps:fwd"": 0.04621002813514998, ""supports:rev"": 0.9537899718648504}","[""precedes:rev"", ""contains:rev"", ""maps:rev"", ""maps:fwd"", ""supports:rev""]","[0.6197279691696167, 0.25213682651519775, 0.04497069492936134, 0.04438208416104317, 0.024591263383626938]"
6,0.0,s6_case68,the target of <e1> is <e2>,maps:fwd,maps:rev,0,1,maps:fwd,1,maps:rev,0,1,maps:rev,maps:rev,maps:fwd,1.0,0.0,1.0,"{""maps:rev"": 0.04621002813514998, ""supports:fwd"": 0.04621002813514998, ""precedes:fwd"": 0.04621002813514998, ""maps:fwd"": 0.9537899718648504, ""supports:rev"": 0.04621002813514998}","[""maps:rev"", ""supports:fwd"", ""precedes:fwd"", ""maps:fwd"", ""supports:rev""]","[0.8707788586616516, 0.1020432561635971, 0.010043274611234665, 0.00929687637835741, 0.0032092274632304907]"
6,0.0,s6_case69,from <e2> <e1> is mapped in context,maps:rev,maps:rev,1,1,maps:rev,1,maps:fwd,0,0,supports:fwd,maps:rev,maps:rev,0.0,0.0,13.0,"{""maps:rev"": 0.9537899718648504, ""supports:fwd"": 0.04621002813514998, ""precedes:fwd"": 0.04621002813514998, ""maps:fwd"": 0.04621002813514998, ""contains:rev"": 0.04621002813514998}","[""maps:rev"", ""supports:fwd"", ""precedes:fwd"", ""maps:fwd"", ""contains:rev""]","[0.9836066961288452, 0.004108676686882973, 0.003572701010853052, 0.002386966021731496, 0.0022920926567167044]"
6,0.0,s6_case70,to <e1> <e2> points for this case,maps:rev,maps:fwd,0,1,maps:rev,1,contains:rev,0,1,maps:fwd,maps:fwd,maps:rev,1.0,0.0,1.0,"{""maps:fwd"": 0.04621002813514998, ""precedes:rev"": 0.04621002813514998, ""contains:fwd"": 0.04621002813514998, ""contains:rev"": 0.04621002813514998, ""maps:rev"": 0.9537899718648504}","[""maps:fwd"", ""precedes:rev"", ""contains:fwd"", ""contains:rev"", ""maps:rev""]","[0.600676953792572, 0.2607710361480713, 0.0918358862400055, 0.019485369324684143, 0.016065502539277077]"
6,0.0,s6_case71,backing <e1> is <e2>,supports:rev,maps:rev,0,0,maps:rev,0,maps:rev,0,0,,,,,,,,,
6,0.0,s6_case72,before <e1> comes <e2> directly,precedes:rev,precedes:rev,1,1,precedes:rev,1,contains:fwd,0,0,precedes:fwd,precedes:rev,precedes:rev,0.0,0.0,13.0,"{""precedes:rev"": 0.9537899718648504, ""precedes:fwd"": 0.04621002813514998, ""maps:fwd"": 0.04621002813514998, ""contains:fwd"": 0.04621002813514998, ""supports:rev"": 0.04621002813514998}","[""precedes:rev"", ""precedes:fwd"", ""maps:fwd"", ""contains:fwd"", ""supports:rev""]","[0.9754517674446106, 0.008122635073959827, 0.005919424816966057, 0.002991731744259596, 0.0029240117873996496]"
6,0.0,s6_case73,<e2> trails <e1> usually,precedes:fwd,contains:rev,0,1,precedes:fwd,1,contains:rev,0,1,contains:rev,contains:rev,precedes:fwd,1.0,0.0,4.0,"{""contains:rev"": 0.04621002813514998, ""precedes:fwd"": 0.9537899718648504, ""precedes:rev"": 0.04621002813514998, ""maps:fwd"": 0.04621002813514998, ""supports:fwd"": 0.04621002813514998}","[""contains:rev"", ""precedes:fwd"", ""precedes:rev"", ""maps:fwd"", ""supports:fwd""]","[0.49104270339012146, 0.429065465927124, 0.045630309730768204, 0.017494088038802147, 0.0060668643563985825]"
6,0.0,s6_case74,<e2> is ahead of <e1>,precedes:rev,contains:fwd,0,0,contains:fwd,0,contains:fwd,0,0,,,,,,,,,
6,0.0,s6_case75,before <e2> comes <e1> for this case,precedes:fwd,precedes:rev,0,0,precedes:rev,0,precedes:rev,0,0,,,,,,,,,
6,0.0,s6_case76,before <e2> comes <e1> in context,precedes:fwd,precedes:rev,0,1,precedes:fwd,1,supports:rev,0,1,precedes:rev,precedes:rev,precedes:fwd,1.0,0.0,1.0,"{""precedes:rev"": 0.04621002813514998, ""precedes:fwd"": 0.9537899718648504, ""supports:rev"": 0.04621002813514998, ""maps:fwd"": 0.04621002813514998, ""supports:fwd"": 0.04621002813514998}","[""precedes:rev"", ""precedes:fwd"", ""supports:rev"", ""maps:fwd"", ""supports:fwd""]","[0.9660518765449524, 0.011080640368163586, 0.007706621661782265, 0.007691198959946632, 0.002653304021805525]"
6,0.0,s6_case77,<e2> is ahead of <e1> in context,precedes:rev,contains:fwd,0,0,contains:fwd,0,contains:fwd,0,0,,,,,,,,,
6,0.0,s6_case78,backing <e2> is <e1> directly,supports:fwd,maps:rev,0,1,supports:fwd,1,supports:fwd,1,1,maps:rev,maps:rev,supports:fwd,1.0,0.0,1.0,"{""maps:rev"": 0.04621002813514998, ""contains:rev"": 0.04621002813514998, ""contains:fwd"": 0.04621002813514998, ""supports:rev"": 0.04621002813514998, ""supports:fwd"": 0.9537899718648504}","[""maps:rev"", ""contains:rev"", ""contains:fwd"", ""supports:rev"", ""supports:fwd""]","[0.7473874688148499, 0.09406602382659912, 0.07642757147550583, 0.04454189911484718, 0.020298313349485397]"
6,0.0,s6_case79,the target of <e2> is <e1>,maps:rev,maps:rev,1,1,maps:rev,1,maps:rev,1,0,maps:fwd,maps:fwd,maps:rev,1.0,0.0,8.0,"{""maps:rev"": 0.9537899718648504, ""maps:fwd"": 0.04621002813514998, ""precedes:fwd"": 0.04621002813514998, ""supports:fwd"": 0.04621002813514998, ""supports:rev"": 0.04621002813514998}","[""maps:rev"", ""maps:fwd"", ""precedes:fwd"", ""supports:fwd"", ""supports:rev""]","[0.8086023330688477, 0.07820098847150803, 0.04633804038167, 0.03621906787157059, 0.022348657250404358]"
6,0.15,s6_case0,before <e1> comes <e2> usually,precedes:rev,precedes:rev,1,1,precedes:rev,1,precedes:fwd,0,0,precedes:fwd,precedes:rev,precedes:rev,0.0,0.0,11.0,"{""precedes:rev"": 0.7814493262243773, ""precedes:fwd"": 0.04621002813514998, ""contains:fwd"": 0.04621002813514998, ""maps:fwd"": 0.0709506737756229, ""supports:rev"": 0.19381002813515}","[""precedes:rev"", ""precedes:fwd"", ""contains:fwd"", ""maps:fwd"", ""supports:rev""]","[0.9473546147346497, 0.03512765094637871, 0.005080625414848328, 0.004878114443272352, 0.0027511699590831995]"
6,0.15,s6_case1,within <e1> sits <e2>,contains:fwd,supports:fwd,0,1,contains:fwd,1,supports:fwd,0,1,supports:fwd,supports:fwd,contains:fwd,1.0,0.0,1.0,"{""supports:fwd"": 0.04621002813514998, ""contains:fwd"": 0.9290493262243773, ""precedes:rev"": 0.0709506737756229, ""precedes:fwd"": 0.04621002813514998, ""supports:rev"": 0.04621002813514998}","[""supports:fwd"", ""contains:fwd"", ""precedes:rev"", ""precedes:fwd"", ""supports:rev""]","[0.9258545637130737, 0.03281445801258087, 0.031144458800554276, 0.004714748356491327, 0.002436403650790453]"
6,0.15,s6_case2,the target of <e1> is <e2> directly,maps:fwd,maps:rev,0,1,maps:rev,0,maps:rev,0,0,maps:rev,maps:rev,maps:rev,1.0,1.0,1.0,"{""maps:rev"": 0.11294319991115, ""supports:fwd"": 0.0910814128373324, ""precedes:fwd"": 0.04621002813514998, ""maps:fwd"": 0.82189808596148, ""supports:rev"": 0.0664973575603378}","[""maps:rev"", ""supports:fwd"", ""precedes:fwd"", ""maps:fwd"", ""supports:rev""]","[0.8257998824119568, 0.13843902945518494, 0.01453462429344654, 0.010944009758532047, 0.0048703961074352264]"
6,0.15,s6_case3,before <e2> comes <e1> for this case,precedes:fwd,precedes:rev,0,0,precedes:rev,0,precedes:rev,0,0,,,,,,,,,
6,0.15,s6_case4,<e1> is held up by <e2>,supports:rev,precedes:rev,0,1,supports:rev,1,maps:rev,0,1,precedes:rev,precedes:rev,supports:rev,1.0,0.0,1.0,"{""precedes:rev"": 0.04621002813514998, ""contains:rev"": 0.04621002813514998, ""maps:rev"": 0.04621002813514998, ""maps:fwd"": 0.04621002813514998, ""supports:rev"": 0.9537899718648504}","[""precedes:rev"", ""contains:rev"", ""maps:rev"", ""maps:fwd"", ""supports:rev""]","[0.6197279691696167, 0.25213682651519775, 0.04497069492936134, 0.04438208416104317, 0.024591263383626938]"
6,0.15,s6_case5,inside <e1> is <e2> in context,contains:fwd,contains:fwd,1,1,contains:fwd,1,contains:fwd,1,0,contains:rev,contains:rev,contains:fwd,1.0,0.0,8.0,"{""contains:fwd"": 0.8870568000888504, ""contains:rev"": 0.04621002813514998, ""precedes:rev"": 0.11294319991115, ""supports:fwd"": 0.04621002813514998, ""maps:rev"": 0.04621002813514998}","[""contains:fwd"", ""contains:rev"", ""precedes:rev"", ""supports:fwd"", ""maps:rev""]","[0.8497660160064697, 0.11094403266906738, 0.017528297379612923, 0.008689602836966515, 0.004766791593283415]"
6,0.15,s6_case6,support for <e2> comes from <e1>,supports:fwd,precedes:fwd,0,0,precedes:fwd,0,precedes:fwd,0,0,,,,,,,,,
6,0.15,s6_case7,from <e1> <e2> is mapped,maps:fwd,maps:rev,0,0,maps:rev,0,maps:rev,0,0,,,,,,,,,
6,0.15,s6_case8,the target of <e1> is <e2> in context,maps:fwd,maps:rev,0,1,maps:rev,0,maps:fwd,1,0,maps:rev,maps:rev,maps:rev,1.0,1.0,1.0,"{""maps:rev"": 0.0664973575603378, ""supports:fwd"": 0.04621002813514998, ""maps:fwd"": 0.8124706424396626, ""precedes:fwd"": 0.16724202813515002, ""supports:rev"": 0.04621002813514998}","[""maps:rev"", ""supports:fwd"", ""maps:fwd"", ""precedes:fwd"", ""supports:rev""]","[0.8672138452529907, 0.10411479324102402, 0.010417984798550606, 0.0099463677033782, 0.0033758117351680994]"
6,0.15,s6_case9,support for <e2> comes from <e1>,supports:fwd,precedes:fwd,0,0,precedes:fwd,0,precedes:fwd,0,0,,,,,,,,,
6,0.15,s6_case10,within <e2> sits <e1> usually,contains:rev,supports:fwd,0,0,supports:fwd,0,supports:fwd,0,0,,,,,,,,,
6,0.15,s6_case11,in context <e1> has <e2> inside,contains:fwd,contains:rev,0,1,contains:fwd,1,contains:fwd,1,1,contains:rev,contains:rev,contains:fwd,1.0,0.0,1.0,"{""contains:rev"": 0.0910814128373324, ""supports:rev"": 0.04621002813514998, ""precedes:rev"": 0.04621002813514998, ""precedes:fwd"": 0.15776346400889749, ""contains:fwd"": 0.7973651512889204}","[""contains:rev"", ""supports:rev"", ""precedes:rev"", ""precedes:fwd"", ""contains:fwd""]","[0.4699862003326416, 0.2659003436565399, 0.07411376386880875, 0.06209475174546242, 0.06122976168990135]"
6,0.15,s6_case12,<e2> trails <e1> usually,precedes:fwd,contains:rev,0,1,precedes:fwd,1,supports:fwd,0,1,contains:rev,contains:rev,precedes:fwd,1.0,0.0,4.0,"{""contains:rev"": 0.04621002813514998, ""precedes:fwd"": 0.8061899718648504, ""precedes:rev"": 0.04621002813514998, ""maps:fwd"": 0.04621002813514998, ""supports:fwd"": 0.19381002813515}","[""contains:rev"", ""precedes:fwd"", ""precedes:rev"", ""maps:fwd"", ""supports:fwd""]","[0.49104270339012146, 0.429065465927124, 0.045630309730768204, 0.017494088038802147, 0.0060668643563985825]"
6,0.15,s6_case13,backing <e1> is <e2> in context,supports:rev,contains:fwd,0,0,contains:fwd,0,contains:fwd,0,0,,,,,,,,,
6,0.15,s6_case14,<e2> is ahead of <e1> in context,precedes:rev,contains:fwd,0,0,contains:fwd,0,contains:fwd,0,0,,,,,,,,,
6,0.15,s6_case15,within <e1> sits <e2> usually,contains:fwd,supports:fwd,0,1,supports:fwd,0,supports:fwd,0,0,supports:fwd,supports:fwd,supports:fwd,1.0,1.0,1.0,"{""supports:fwd"": 0.19381002813515, ""contains:fwd"": 0.5859117318648501, ""precedes:fwd"": 0.14545626813515, ""supports:rev"": 0.04621002813514998, ""maps:rev"": 0.16724202813515002}","[""supports:fwd"", ""contains:fwd"", ""precedes:fwd"", ""supports:rev"", ""maps:rev""]","[0.9551106691360474, 0.019129913300275803, 0.012280839495360851, 0.005366035271435976, 0.005097519140690565]"
6,0.15,s6_case16,to <e2> <e1> points,maps:fwd,contains:fwd,0,1,maps:fwd,1,maps:fwd,1,1,contains:fwd,contains:fwd,maps:fwd,1.0,0.0,3.0,"{""contains:fwd"": 0.04621002813514998, ""maps:fwd"": 0.9537899718648504, ""precedes:rev"": 0.04621002813514998, ""supports:fwd"": 0.04621002813514998, ""maps:rev"": 0.04621002813514998}","[""contains:fwd"", ""maps:fwd"", ""precedes:rev"", ""supports:fwd"", ""maps:rev""]","[0.5839146375656128, 0.22280354797840118, 0.12312030792236328, 0.03683232143521309, 0.021777665242552757]"
6,0.15,s6_case17,the target of <e1> is <e2> in context,maps:fwd,maps:rev,0,1,maps:rev,0,maps:rev,0,0,maps:rev,maps:rev,maps:rev,1.0,1.0,1.0,"{""maps:rev"": 0.19381002813515, ""supports:fwd"": 0.16724202813515002, ""maps:fwd"": 0.6851579718648502, ""precedes:fwd"": 0.04621002813514998, ""supports:rev"": 0.04621002813514998}","[""maps:rev"", ""supports:fwd"", ""maps:fwd"", ""precedes:fwd"", ""supports:rev""]","[0.8672138452529907, 0.10411479324102402, 0.010417984798550606, 0.0099463677033782, 0.0033758117351680994]"
6,0.15,s6_case18,directly <e1> is ahead of <e2>,precedes:fwd,contains:rev,0,1,contains:rev,0,supports:rev,0,0,contains:rev,contains:rev,contains:rev,1.0,1.0,1.0,"{""contains:rev"": 0.16724202813515002, ""precedes:rev"": 0.04621002813514998, ""maps:rev"": 0.04621002813514998, ""supports:rev"": 0.04621002813514998, ""precedes:fwd"": 0.8327579718648501}","[""contains:rev"", ""precedes:rev"", ""maps:rev"", ""supports:rev"", ""precedes:fwd""]","[0.7480835318565369, 0.15768428146839142, 0.03645194321870804, 0.020543398335576057, 0.01990835927426815]"
6,0.15,s6_case19,within <e1> sits <e2> for this case,contains:fwd,supports:fwd,0,1,contains:fwd,1,supports:fwd,0,1,supports:fwd,supports:fwd,contains:fwd,1.0,0.0,1.0,"{""supports:fwd"": 0.11136874226252023, ""contains:fwd"": 0.5846443720970073, ""maps:rev"": 0.14545626813515, ""precedes:rev"": 0.04621002813514998, ""supports:rev"": 0.2509506737756229}","[""supports:fwd"", ""contains:fwd"", ""maps:rev"", ""precedes:rev"", ""supports:rev""]","[0.7988103032112122, 0.11882739514112473, 0.038240205496549606, 0.029970364645123482, 0.0068487003445625305]"
6,0.15,s6_case20,to <e2> <e1> points,maps:fwd,contains:fwd,0,1,maps:fwd,1,contains:fwd,0,1,contains:fwd,contains:fwd,maps:fwd,1.0,0.0,2.0,"{""contains:fwd"": 0.04621002813514998, ""maps:fwd"": 0.6987470680889202, ""precedes:rev"": 0.07638154720889745, ""supports:fwd"": 0.0910814128373324, ""maps:rev"": 0.22621002813514998}","[""contains:fwd"", ""maps:fwd"", ""precedes:rev"", ""supports:fwd"", ""maps:rev""]","[0.5839146375656128, 0.22280354797840118, 0.12312030792236328, 0.03683232143521309, 0.021777665242552757]"
6,0.15,s6_case21,<e2> has <e1> inside usually,contains:rev,contains:rev,1,1,contains:rev,1,supports:rev,0,0,supports:rev,supports:rev,contains:rev,1.0,0.0,6.0,"{""contains:rev"": 0.9537899718648504, ""supports:rev"": 0.04621002813514998, ""supports:fwd"": 0.04621002813514998, ""maps:rev"": 0.04621002813514998, ""contains:fwd"": 0.04621002813514998}","[""contains:rev"", ""supports:rev"", ""supports:fwd"", ""maps:rev"", ""contains:fwd""]","[0.7737870812416077, 0.19376668334007263, 0.013568500988185406, 0.006133737973868847, 0.005173962097615004]"
6,0.15,s6_case22,from <e1> <e2> is mapped usually,maps:fwd,maps:rev,0,0,maps:rev,0,maps:rev,0,0,,,,,,,,,
6,0.15,s6_case23,<e2> has <e1> inside in context,contains:rev,supports:fwd,0,1,contains:rev,1,supports:fwd,0,1,supports:fwd,supports:fwd,contains:rev,1.0,0.0,1.0,"{""supports:fwd"": 0.12759194493515, ""supports:rev"": 0.04621002813514998, ""contains:fwd"": 0.04621002813514998, ""contains:rev"": 0.8176868542085303, ""precedes:fwd"": 0.10093122899146997}","[""supports:fwd"", ""supports:rev"", ""contains:fwd"", ""contains:rev"", ""precedes:fwd""]","[0.6199424266815186, 0.1753385365009308, 0.09631204605102539, 0.09031694382429123, 0.012776479125022888]"
6,0.15,s6_case24,<e2> has <e1> inside for this case,contains:rev,contains:rev,1,1,contains:rev,1,contains:rev,1,0,supports:rev,supports:rev,contains:rev,1.0,0.0,6.0,"{""contains:rev"": 0.8688972519347828, ""supports:rev"": 0.04621002813514998, ""contains:fwd"": 0.04621002813514998, ""maps:rev"": 0.04621002813514998, ""supports:fwd"": 0.1311027480652175}","[""contains:rev"", ""supports:rev"", ""contains:fwd"", ""maps:rev"", ""supports:fwd""]","[0.8121570944786072, 0.1466325968503952, 0.014303448610007763, 0.010577589273452759, 0.007924428209662437]"
6,0.15,s6_case25,before <e1> comes <e2> directly,precedes:rev,precedes:rev,1,1,precedes:rev,1,precedes:rev,1,0,precedes:fwd,precedes:fwd,precedes:rev,1.0,0.0,12.0,"{""precedes:rev"": 0.7457374706636624, ""precedes:fwd"": 0.04621002813514998, ""maps:fwd"": 0.18752935756033778, ""contains:fwd"": 0.04621002813514998, ""supports:rev"": 0.11294319991115}","[""precedes:rev"", ""precedes:fwd"", ""maps:fwd"", ""contains:fwd"", ""supports:rev""]","[0.9754517674446106, 0.008122635073959827, 0.005919424816966057, 0.002991731744259596, 0.0029240117873996496]"
6,0.15,s6_case26,inside <e2> is <e1> usually,contains:rev,contains:rev,1,1,contains:rev,1,maps:rev,0,0,supports:rev,supports:rev,contains:rev,1.0,0.0,7.0,"{""contains:rev"": 0.8545437318648501, ""supports:rev"": 0.04621002813514998, ""contains:fwd"": 0.14545626813515, ""maps:rev"": 0.04621002813514998, ""supports:fwd"": 0.04621002813514998}","[""contains:rev"", ""supports:rev"", ""contains:fwd"", ""maps:rev"", ""supports:fwd""]","[0.7183868885040283, 0.10161350667476654, 0.08624560385942459, 0.05213581770658493, 0.028526335954666138]"
6,0.15,s6_case27,within <e1> sits <e2> for this case,contains:fwd,supports:fwd,0,1,contains:fwd,1,supports:fwd,0,1,supports:fwd,supports:fwd,contains:fwd,1.0,0.0,2.0,"{""supports:fwd"": 0.04621002813514998, ""contains:fwd"": 0.8721240517068785, ""maps:rev"": 0.0910814128373324, ""precedes:rev"": 0.08300456359093959, ""supports:rev"": 0.04621002813514998}","[""supports:fwd"", ""contains:fwd"", ""maps:rev"", ""precedes:rev"", ""supports:rev""]","[0.7988103032112122, 0.11882739514112473, 0.038240205496549606, 0.029970364645123482, 0.0068487003445625305]"
6,0.15,s6_case28,from <e2> <e1> is mapped in context,maps:rev,maps:rev,1,1,maps:rev,1,maps:rev,1,0,supports:fwd,maps:rev,maps:rev,0.0,0.0,13.0,"{""maps:rev"": 0.9537899718648504, ""supports:fwd"": 0.04621002813514998, ""precedes:fwd"": 0.04621002813514998, ""maps:fwd"": 0.04621002813514998, ""contains:rev"": 0.04621002813514998}","[""maps:rev"", ""supports:fwd"", ""precedes:fwd"", ""maps:fwd"", ""contains:rev""]","[0.9836066961288452, 0.004108676686882973, 0.003572701010853052, 0.002386966021731496, 0.0022920926567167044]"
6,0.15,s6_case29,usually <e1> trails <e2>,precedes:rev,contains:fwd,0,1,precedes:rev,1,precedes:rev,1,1,contains:fwd,contains:fwd,precedes:rev,1.0,0.0,2.0,"{""contains:fwd"": 0.07638154720889745, ""precedes:rev"": 0.8665365879101254, ""supports:fwd"": 0.04621002813514998, ""contains:rev"": 0.1032918930161274, ""maps:fwd"": 0.04621002813514998}","[""contains:fwd"", ""precedes:rev"", ""supports:fwd"", ""contains:rev"", ""maps:fwd""]","[0.8070231080055237, 0.1298593431711197, 0.03445086628198624, 0.008937093429267406, 0.008408013731241226]"
6,0.15,s6_case30,<e2> is held up by <e1> usually,supports:fwd,contains:rev,0,0,contains:rev,0,contains:rev,0,0,,,,,,,,,
6,0.15,s6_case31,before <e1> comes <e2> usually,precedes:rev,precedes:rev,1,1,precedes:rev,1,precedes:rev,1,0,precedes:fwd,precedes:rev,precedes:rev,0.0,0.0,13.0,"{""precedes:rev"": 0.9335026424396624, ""precedes:fwd"": 0.04621002813514998, ""contains:fwd"": 0.0664973575603378, ""maps:fwd"": 0.04621002813514998, ""supports:rev"": 0.04621002813514998}","[""precedes:rev"", ""precedes:fwd"", ""contains:fwd"", ""maps:fwd"", ""supports:rev""]","[0.9473546147346497, 0.03512765094637871, 0.005080625414848328, 0.004878114443272352, 0.0027511699590831995]"
6,0.15,s6_case32,support for <e1> comes from <e2> in context,supports:rev,precedes:fwd,0,1,supports:rev,1,precedes:fwd,0,1,precedes:fwd,precedes:fwd,supports:rev,1.0,0.0,1.0,"{""precedes:fwd"": 0.04621002813514998, ""precedes:rev"": 0.04621002813514998, ""supports:rev"": 0.7233311233659151, ""contains:rev"": 0.25638154720889744, ""maps:fwd"": 0.0664973575603378}","[""precedes:fwd"", ""precedes:rev"", ""supports:rev"", ""contains:rev"", ""maps:fwd""]","[0.8857570290565491, 0.05742541328072548, 0.038209401071071625, 0.012370315380394459, 0.0037958468310534954]"
6,0.15,s6_case33,<e2> has <e1> inside in context,contains:rev,supports:fwd,0,1,contains:rev,1,supports:rev,0,1,supports:fwd,supports:fwd,contains:rev,1.0,0.0,1.0,"{""supports:fwd"": 0.11582205847780534, ""supports:rev"": 0.04621002813514998, ""contains:fwd"": 0.04621002813514998, ""contains:rev"": 0.802796024722195, ""precedes:fwd"": 0.12759194493515}","[""supports:fwd"", ""supports:rev"", ""contains:fwd"", ""contains:rev"", ""precedes:fwd""]","[0.6199424266815186, 0.1753385365009308, 0.09631204605102539, 0.09031694382429123, 0.012776479125022888]"
6,0.15,s6_case34,from <e1> <e2> is mapped for this case,maps:fwd,contains:fwd,0,1,maps:fwd,1,contains:fwd,0,1,contains:fwd,contains:fwd,maps:fwd,1.0,0.0,1.0,"{""contains:fwd"": 0.04621002813514998, ""maps:fwd"": 0.9335026424396624, ""maps:rev"": 0.0664973575603378, ""contains:rev"": 0.04621002813514998, ""supports:rev"": 0.04621002813514998}","[""contains:fwd"", ""maps:fwd"", ""maps:rev"", ""contains:rev"", ""supports:rev""]","[0.9272112250328064, 0.03854906186461449, 0.015001874417066574, 0.012090305797755718, 0.0024900040589272976]"
6,0.15,s6_case35,before <e2> comes <e1>,precedes:fwd,precedes:rev,0,1,precedes:rev,0,precedes:rev,0,0,precedes:rev,precedes:rev,precedes:rev,1.0,1.0,1.0,"{""precedes:rev"": 0.12759194493515, ""maps:fwd"": 0.04621002813514998, ""precedes:fwd"": 0.7973995247833423, ""supports:rev"": 0.12121855841665782, ""supports:fwd"": 0.04621002813514998}","[""precedes:rev"", ""maps:fwd"", ""precedes:fwd"", ""supports:rev"", ""supports:fwd""]","[0.9737390279769897, 0.008829697966575623, 0.00515745161101222, 0.00340878963470459, 0.003344109049066901]"
6,0.15,s6_case36,<e2> is held up by <e1> directly,supports:fwd,contains:rev,0,0,contains:rev,0,contains:rev,0,0,,,,,,,,,
6,0.15,s6_case37,<e2> has <e1> inside directly,contains:rev,contains:rev,1,1,contains:rev,1,supports:fwd,0,0,supports:rev,supports:rev,contains:rev,1.0,0.0,6.0,"{""contains:rev"": 0.9537899718648504, ""supports:rev"": 0.04621002813514998, ""maps:rev"": 0.04621002813514998, ""supports:fwd"": 0.04621002813514998, ""contains:fwd"": 0.04621002813514998}","[""contains:rev"", ""supports:rev"", ""maps:rev"", ""supports:fwd"", ""contains:fwd""]","[0.7499843835830688, 0.21491239964962006, 0.011592904105782509, 0.01095773745328188, 0.005457152612507343]"
6,0.15,s6_case38,within <e1> sits <e2> usually,contains:fwd,supports:fwd,0,1,supports:fwd,0,supports:fwd,0,0,supports:fwd,supports:fwd,supports:fwd,1.0,1.0,1.0,"{""supports:fwd"": 0.12759194493515, ""contains:fwd"": 0.8724080550648503, ""precedes:fwd"": 0.04621002813514998, ""supports:rev"": 0.04621002813514998, ""maps:rev"": 0.04621002813514998}","[""supports:fwd"", ""contains:fwd"", ""precedes:fwd"", ""supports:rev"", ""maps:rev""]","[0.9551106691360474, 0.019129913300275803, 0.012280839495360851, 0.005366035271435976, 0.005097519140690565]"
6,0.15,s6_case39,support for <e2> comes from <e1> directly,supports:fwd,supports:fwd,1,1,supports:fwd,1,precedes:fwd,0,0,supports:rev,supports:rev,supports:fwd,1.0,0.0,7.0,"{""supports:fwd"": 0.8787814415833424, ""supports:rev"": 0.0664973575603378, ""precedes:fwd"": 0.10093122899146997, ""precedes:rev"": 0.04621002813514998, ""maps:fwd"": 0.04621002813514998}","[""supports:fwd"", ""supports:rev"", ""precedes:fwd"", ""precedes:rev"", ""maps:fwd""]","[0.428585946559906, 0.38129767775535583, 0.09132203459739685, 0.06786929070949554, 0.01266118511557579]"
6,0.15,s6_case40,to <e1> <e2> points directly,maps:rev,maps:rev,1,1,maps:rev,1,precedes:rev,0,0,contains:fwd,contains:fwd,maps:rev,1.0,0.0,5.0,"{""maps:rev"": 0.8327579718648501, ""contains:fwd"": 0.04621002813514998, ""precedes:fwd"": 0.04621002813514998, ""precedes:rev"": 0.04621002813514998, ""contains:rev"": 0.16724202813515002}","[""maps:rev"", ""contains:fwd"", ""precedes:fwd"", ""precedes:rev"", ""contains:rev""]","[0.6115384101867676, 0.20417854189872742, 0.10020089149475098, 0.05624452605843544, 0.011266672983765602]"
6,0.15,s6_case41,to <e1> <e2> points in context,maps:rev,maps:rev,1,1,maps:rev,1,maps:rev,1,0,maps:fwd,maps:fwd,maps:rev,1.0,0.0,4.0,"{""maps:rev"": 0.7369954364090608, ""maps:fwd"": 0.04621002813514998, ""contains:fwd"": 0.04621002813514998, ""precedes:rev"": 0.2630045635909396, ""precedes:fwd"": 0.04621002813514998}","[""maps:rev"", ""maps:fwd"", ""contains:fwd"", ""precedes:rev"", ""precedes:fwd""]","[0.49387305974960327, 0.22797557711601257, 0.2003103792667389, 0.04614768922328949, 0.015555054880678654]"
6,0.15,s6_case42,for this case <e1> has <e2> inside,contains:fwd,contains:rev,0,1,contains:fwd,1,supports:rev,0,1,contains:rev,contains:rev,contains:fwd,1.0,0.0,3.0,"{""contains:rev"": 0.04621002813514998, ""contains:fwd"": 0.8870568000888504, ""supports:rev"": 0.11294319991115, ""precedes:rev"": 0.04621002813514998, ""maps:rev"": 0.04621002813514998}","[""contains:rev"", ""contains:fwd"", ""supports:rev"", ""precedes:rev"", ""maps:rev""]","[0.5085192918777466, 0.31669700145721436, 0.08174514025449753, 0.0478132963180542, 0.027778426185250282]"
6,0.15,s6_case43,<e2> is ahead of <e1> for this case,precedes:rev,contains:fwd,0,0,contains:fwd,0,contains:fwd,0,0,,,,,,,,,
6,0.15,s6_case44,to <e2> <e1> points for this case,maps:fwd,maps:fwd,1,1,maps:fwd,1,precedes:rev,0,0,precedes:rev,precedes:rev,maps:fwd,1.0,0.0,4.0,"{""maps:fwd"": 0.8623161544483773, ""precedes:rev"": 0.11294319991115, ""contains:fwd"": 0.04621002813514998, ""contains:rev"": 0.04621002813514998, ""maps:rev"": 0.0709506737756229}","[""maps:fwd"", ""precedes:rev"", ""contains:fwd"", ""contains:rev"", ""maps:rev""]","[0.5781139731407166, 0.3083900213241577, 0.06473417580127716, 0.020148612558841705, 0.01771601475775242]"
6,0.15,s6_case45,<e2> has <e1> inside for this case,contains:rev,contains:rev,1,1,contains:rev,1,supports:rev,0,0,supports:rev,supports:rev,contains:rev,1.0,0.0,7.0,"{""contains:rev"": 0.6184248000888504, ""supports:rev"": 0.19381002813515, ""contains:fwd"": 0.11294319991115, ""maps:rev"": 0.16724202813515002, ""supports:fwd"": 0.04621002813514998}","[""contains:rev"", ""supports:rev"", ""contains:fwd"", ""maps:rev"", ""supports:fwd""]","[0.8121570944786072, 0.1466325968503952, 0.014303448610007763, 0.010577589273452759, 0.007924428209662437]"
6,0.15,s6_case46,within <e2> sits <e1> usually,contains:rev,supports:fwd,0,0,supports:fwd,0,supports:fwd,0,0,,,,,,,,,
6,0.15,s6_case47,backing <e2> is <e1> directly,supports:fwd,maps:rev,0,1,supports:fwd,1,contains:fwd,0,1,maps:rev,maps:rev,supports:fwd,1.0,0.0,1.0,"{""maps:rev"": 0.04621002813514998, ""contains:rev"": 0.04621002813514998, ""contains:fwd"": 0.04621002813514998, ""supports:rev"": 0.04621002813514998, ""supports:fwd"": 0.9537899718648504}","[""maps:rev"", ""contains:rev"", ""contains:fwd"", ""supports:rev"", ""supports:fwd""]","[0.7473874688148499, 0.09406602382659912, 0.07642757147550583, 0.04454189911484718, 0.020298313349485397]"
6,0.15,s6_case48,inside <e1> is <e2> directly,contains:fwd,contains:rev,0,1,contains:fwd,1,contains:fwd,1,1,contains:rev,contains:rev,contains:fwd,1.0,0.0,5.0,"{""contains:rev"": 0.04621002813514998, ""contains:fwd"": 0.9335026424396624, ""maps:rev"": 0.04621002813514998, ""supports:rev"": 0.04621002813514998, ""supports:fwd"": 0.0664973575603378}","[""contains:rev"", ""contains:fwd"", ""maps:rev"", ""supports:rev"", ""supports:fwd""]","[0.5193603038787842, 0.30738407373428345, 0.09331224858760834, 0.02934831939637661, 0.023621708154678345]"
6,0.15,s6_case49,before <e2> comes <e1> usually,precedes:fwd,precedes:rev,0,1,precedes:fwd,1,precedes:fwd,1,1,precedes:rev,precedes:rev,precedes:fwd,1.0,0.0,1.0,"{""precedes:rev"": 0.04621002813514998, ""precedes:fwd"": 0.7026622646330607, ""supports:rev"": 0.29733773536693964, ""maps:fwd"": 0.04621002813514998, ""contains:fwd"": 0.04621002813514998}","[""precedes:rev"", ""precedes:fwd"", ""supports:rev"", ""maps:fwd"", ""contains:fwd""]","[0.9257612824440002, 0.04235401377081871, 0.008913259953260422, 0.007808708120137453, 0.006663328967988491]"
6,0.15,s6_case50,before <e2> comes <e1> directly,precedes:fwd,precedes:rev,0,1,precedes:fwd,1,precedes:rev,0,1,precedes:rev,precedes:rev,precedes:fwd,1.0,0.0,1.0,"{""precedes:rev"": 0.04621002813514998, ""precedes:fwd"": 0.9236184527911029, ""maps:fwd"": 0.04621002813514998, ""supports:rev"": 0.04621002813514998, ""contains:fwd"": 0.07638154720889745}","[""precedes:rev"", ""precedes:fwd"", ""maps:fwd"", ""supports:rev"", ""contains:fwd""]","[0.9413621425628662, 0.0330786369740963, 0.009534387849271297, 0.006832852028310299, 0.002977223601192236]"
6,0.15,s6_case51,from <e2> <e1> is mapped in context,maps:rev,maps:rev,1,1,maps:rev,1,maps:rev,1,0,supports:fwd,maps:rev,maps:rev,0.0,0.0,13.0,"{""maps:rev"": 0.8080173262243773, ""supports:fwd"": 0.1919826737756229, ""precedes:fwd"": 0.04621002813514998, ""maps:fwd"": 0.04621002813514998, ""contains:rev"": 0.04621002813514998}","[""maps:rev"", ""supports:fwd"", ""precedes:fwd"", ""maps:fwd"", ""contains:rev""]","[0.9836066961288452, 0.004108676686882973, 0.003572701010853052, 0.002386966021731496, 0.0022920926567167044]"
6,0.15,s6_case52,the target of <e2> is <e1> in context,maps:rev,maps:rev,1,1,maps:rev,1,maps:fwd,0,0,maps:fwd,maps:fwd,maps:rev,1.0,0.0,5.0,"{""maps:rev"": 0.9537899718648504, ""maps:fwd"": 0.04621002813514998, ""precedes:fwd"": 0.04621002813514998, ""supports:fwd"": 0.04621002813514998, ""supports:rev"": 0.04621002813514998}","[""maps:rev"", ""maps:fwd"", ""precedes:fwd"", ""supports:fwd"", ""supports:rev""]","[0.6011809706687927, 0.23673968017101288, 0.06966804713010788, 0.046668361872434616, 0.0320022888481617]"
6,0.15,s6_case53,<e2> is held up by <e1> for this case,supports:fwd,maps:fwd,0,0,maps:fwd,0,maps:fwd,0,0,,,,,,,,,
6,0.15,s6_case54,from <e2> <e1> is mapped in context,maps:rev,maps:rev,1,1,maps:rev,1,precedes:fwd,0,0,supports:fwd,maps:rev,maps:rev,0.0,0.0,13.0,"{""maps:rev"": 0.9537899718648504, ""supports:fwd"": 0.04621002813514998, ""precedes:fwd"": 0.04621002813514998, ""maps:fwd"": 0.04621002813514998, ""contains:rev"": 0.04621002813514998}","[""maps:rev"", ""supports:fwd"", ""precedes:fwd"", ""maps:fwd"", ""contains:rev""]","[0.9836066961288452, 0.004108676686882973, 0.003572701010853052, 0.002386966021731496, 0.0022920926567167044]"
6,0.15,s6_case55,backing <e1> is <e2> usually,supports:rev,maps:rev,0,1,maps:rev,0,maps:rev,0,0,maps:rev,maps:rev,maps:rev,1.0,1.0,1.0,"{""maps:rev"": 0.0910814128373324, ""contains:rev"": 0.04621002813514998, ""contains:fwd"": 0.16724202813515002, ""supports:fwd"": 0.14545626813515, ""supports:rev"": 0.6886403471626679}","[""maps:rev"", ""contains:rev"", ""contains:fwd"", ""supports:fwd"", ""supports:rev""]","[0.6913774013519287, 0.1689876765012741, 0.08501638472080231, 0.02021210454404354, 0.015079976059496403]"
6,0.15,s6_case56,within <e1> sits <e2>,contains:fwd,supports:fwd,0,1,contains:fwd,1,supports:fwd,0,1,supports:fwd,supports:fwd,contains:fwd,1.0,0.0,1.0,"{""supports:fwd"": 0.04621002813514998, ""contains:fwd"": 0.6184248000888504, ""precedes:rev"": 0.04621002813514998, ""precedes:fwd"": 0.26054319991115, ""supports:rev"": 0.16724202813515002}","[""supports:fwd"", ""contains:fwd"", ""precedes:rev"", ""precedes:fwd"", ""supports:rev""]","[0.9258545637130737, 0.03281445801258087, 0.031144458800554276, 0.004714748356491327, 0.002436403650790453]"
6,0.15,s6_case57,<e1> is held up by <e2>,supports:rev,precedes:rev,0,1,supports:rev,1,maps:fwd,0,1,precedes:rev,precedes:rev,supports:rev,1.0,0.0,1.0,"{""precedes:rev"": 0.0664973575603378, ""contains:rev"": 0.04621002813514998, ""maps:rev"": 0.04621002813514998, ""maps:fwd"": 0.10093122899146997, ""supports:rev"": 0.8787814415833424}","[""precedes:rev"", ""contains:rev"", ""maps:rev"", ""maps:fwd"", ""supports:rev""]","[0.6197279691696167, 0.25213682651519775, 0.04497069492936134, 0.04438208416104317, 0.024591263383626938]"
6,0.15,s6_case58,backing <e2> is <e1> usually,supports:fwd,maps:rev,0,1,supports:fwd,1,supports:fwd,1,1,maps:rev,maps:rev,supports:fwd,1.0,0.0,1.0,"{""maps:rev"": 0.04621002813514998, ""contains:rev"": 0.04621002813514998, ""contains:fwd"": 0.0910814128373324, ""supports:rev"": 0.17019691377562293, ""supports:fwd"": 0.784931701522195}","[""maps:rev"", ""contains:rev"", ""contains:fwd"", ""supports:rev"", ""supports:fwd""]","[0.3743272125720978, 0.26901888847351074, 0.15894122421741486, 0.1366586834192276, 0.04622625932097435]"
6,0.15,s6_case59,for this case <e1> is held up by <e2>,supports:rev,maps:rev,0,0,maps:rev,0,maps:rev,0,0,,,,,,,,,
6,0.15,s6_case60,support for <e2> comes from <e1> usually,supports:fwd,precedes:rev,0,1,supports:fwd,1,maps:fwd,0,1,precedes:rev,precedes:rev,supports:fwd,1.0,0.0,3.0,"{""precedes:rev"": 0.04621002813514998, ""supports:fwd"": 0.8327579718648501, ""supports:rev"": 0.04621002813514998, ""precedes:fwd"": 0.04621002813514998, ""maps:fwd"": 0.16724202813515002}","[""precedes:rev"", ""supports:fwd"", ""supports:rev"", ""precedes:fwd"", ""maps:fwd""]","[0.40334686636924744, 0.318899929523468, 0.17419381439685822, 0.069160595536232, 0.021297266706824303]"
6,0.15,s6_case61,backing <e1> is <e2> for this case,supports:rev,maps:rev,0,0,maps:rev,0,maps:rev,0,0,,,,,,,,,
6,0.15,s6_case62,usually <e1> is held up by <e2>,supports:rev,contains:rev,0,1,supports:rev,1,precedes:rev,0,1,contains:rev,contains:rev,supports:rev,1.0,0.0,4.0,"{""contains:rev"": 0.15233259057562296, ""supports:rev"": 0.6676674094243772, ""precedes:rev"": 0.04621002813514998, ""maps:rev"": 0.04621002813514998, ""supports:fwd"": 0.22621002813514998}","[""contains:rev"", ""supports:rev"", ""precedes:rev"", ""maps:rev"", ""supports:fwd""]","[0.53293776512146, 0.25503841042518616, 0.11607209593057632, 0.06283688545227051, 0.015126479789614677]"
6,0.15,s6_case63,to <e1> <e2> points for this case,maps:rev,maps:fwd,0,1,maps:rev,1,contains:rev,0,1,maps:fwd,maps:fwd,maps:rev,1.0,0.0,1.0,"{""maps:fwd"": 0.04621002813514998, ""precedes:rev"": 0.04621002813514998, ""contains:fwd"": 0.04621002813514998, ""contains:rev"": 0.04621002813514998, ""maps:rev"": 0.9537899718648504}","[""maps:fwd"", ""precedes:rev"", ""contains:fwd"", ""contains:rev"", ""maps:rev""]","[0.600676953792572, 0.2607710361480713, 0.0918358862400055, 0.019485369324684143, 0.016065502539277077]"
6,0.15,s6_case64,<e2> has <e1> inside in context,contains:rev,supports:fwd,0,1,contains:rev,1,contains:fwd,0,1,supports:fwd,supports:fwd,contains:rev,1.0,0.0,1.0,"{""supports:fwd"": 0.04621002813514998, ""supports:rev"": 0.12759194493515, ""contains:fwd"": 0.04621002813514998, ""contains:rev"": 0.7513760550648503, ""precedes:fwd"": 0.16724202813515002}","[""supports:fwd"", ""supports:rev"", ""contains:fwd"", ""contains:rev"", ""precedes:fwd""]","[0.6199424266815186, 0.1753385365009308, 0.09631204605102539, 0.09031694382429123, 0.012776479125022888]"
6,0.15,s6_case65,<e2> trails <e1> in context,precedes:fwd,contains:rev,0,1,precedes:fwd,1,contains:rev,0,1,contains:rev,contains:rev,precedes:fwd,1.0,0.0,1.0,"{""contains:rev"": 0.04621002813514998, ""precedes:rev"": 0.34724202813515004, ""precedes:fwd"": 0.6527579718648502, ""maps:fwd"": 0.04621002813514998, ""supports:fwd"": 0.04621002813514998}","[""contains:rev"", ""precedes:rev"", ""precedes:fwd"", ""maps:fwd"", ""supports:fwd""]","[0.8554528951644897, 0.08068229258060455, 0.038306303322315216, 0.00743426289409399, 0.006213268265128136]"
6,0.15,s6_case66,before <e1> comes <e2> directly,precedes:rev,precedes:rev,1,1,precedes:rev,1,precedes:rev,1,0,precedes:fwd,precedes:rev,precedes:rev,0.0,0.0,13.0,"{""precedes:rev"": 0.8072493409374799, ""precedes:fwd"": 0.04621002813514998, ""maps:fwd"": 0.12759194493515, ""contains:fwd"": 0.11136874226252023, ""supports:rev"": 0.04621002813514998}","[""precedes:rev"", ""precedes:fwd"", ""maps:fwd"", ""contains:fwd"", ""supports:rev""]","[0.9754517674446106, 0.008122635073959827, 0.005919424816966057, 0.002991731744259596, 0.0029240117873996496]"
6,0.15,s6_case67,<e1> is held up by <e2>,supports:rev,precedes:rev,0,1,supports:rev,1,precedes:rev,0,1,precedes:rev,precedes:rev,supports:rev,1.0,0.0,1.0,"{""precedes:rev"": 0.04621002813514998, ""contains:rev"": 0.04621002813514998, ""maps:rev"": 0.04621002813514998, ""maps:fwd"": 0.2630045635909396, ""supports:rev"": 0.7369954364090608}","[""precedes:rev"", ""contains:rev"", ""maps:rev"", ""maps:fwd"", ""supports:rev""]","[0.6197279691696167, 0.25213682651519775, 0.04497069492936134, 0.04438208416104317, 0.024591263383626938]"
6,0.15,s6_case68,the target of <e1> is <e2>,maps:fwd,maps:rev,0,1,maps:fwd,1,maps:rev,0,1,maps:rev,maps:rev,maps:fwd,1.0,0.0,1.0,"{""maps:rev"": 0.04621002813514998, ""supports:fwd"": 0.04621002813514998, ""precedes:fwd"": 0.1311027480652175, ""maps:fwd"": 0.8486099225095951, ""supports:rev"": 0.0664973575603378}","[""maps:rev"", ""supports:fwd"", ""precedes:fwd"", ""maps:fwd"", ""supports:rev""]","[0.8707788586616516, 0.1020432561635971, 0.010043274611234665, 0.00929687637835741, 0.0032092274632304907]"
6,0.15,s6_case69,from <e2> <e1> is mapped in context,maps:rev,maps:rev,1,1,maps:rev,1,maps:rev,1,0,supports:fwd,maps:rev,maps:rev,0.0,0.0,13.0,"{""maps:rev"": 0.6261899718648504, ""supports:fwd"": 0.04621002813514998, ""precedes:fwd"": 0.22621002813514998, ""maps:fwd"": 0.04621002813514998, ""contains:rev"": 0.19381002813515}","[""maps:rev"", ""supports:fwd"", ""precedes:fwd"", ""maps:fwd"", ""contains:rev""]","[0.9836066961288452, 0.004108676686882973, 0.003572701010853052, 0.002386966021731496, 0.0022920926567167044]"
6,0.15,s6_case70,to <e1> <e2> points for this case,maps:rev,maps:fwd,0,1,maps:rev,1,contains:fwd,0,1,maps:fwd,maps:fwd,maps:rev,1.0,0.0,1.0,"{""maps:fwd"": 0.04621002813514998, ""precedes:rev"": 0.04621002813514998, ""contains:fwd"": 0.04621002813514998, ""contains:rev"": 0.04621002813514998, ""maps:rev"": 0.9537899718648504}","[""maps:fwd"", ""precedes:rev"", ""contains:fwd"", ""contains:rev"", ""maps:rev""]","[0.600676953792572, 0.2607710361480713, 0.0918358862400055, 0.019485369324684143, 0.016065502539277077]"
6,0.15,s6_case71,backing <e1> is <e2>,supports:rev,maps:rev,0,0,maps:rev,0,maps:rev,0,0,,,,,,,,,
6,0.15,s6_case72,before <e1> comes <e2> directly,precedes:rev,precedes:rev,1,1,precedes:rev,1,precedes:rev,1,0,precedes:fwd,precedes:rev,precedes:rev,0.0,0.0,13.0,"{""precedes:rev"": 0.7478652519347828, ""precedes:fwd"": 0.19741354720889745, ""maps:fwd"": 0.04621002813514998, ""contains:fwd"": 0.04621002813514998, ""supports:rev"": 0.10093122899146997}","[""precedes:rev"", ""precedes:fwd"", ""maps:fwd"", ""contains:fwd"", ""supports:rev""]","[0.9754517674446106, 0.008122635073959827, 0.005919424816966057, 0.002991731744259596, 0.0029240117873996496]"
6,0.15,s6_case73,<e2> trails <e1> usually,precedes:fwd,contains:rev,0,1,precedes:fwd,1,precedes:fwd,1,1,contains:rev,contains:rev,precedes:fwd,1.0,0.0,5.0,"{""contains:rev"": 0.11294319991115, ""precedes:fwd"": 0.8568852810151029, ""precedes:rev"": 0.07638154720889745, ""maps:fwd"": 0.04621002813514998, ""supports:fwd"": 0.04621002813514998}","[""contains:rev"", ""precedes:fwd"", ""precedes:rev"", ""maps:fwd"", ""supports:fwd""]","[0.49104270339012146, 0.429065465927124, 0.045630309730768204, 0.017494088038802147, 0.0060668643563985825]"
6,0.15,s6_case74,<e2> is ahead of <e1>,precedes:rev,contains:fwd,0,0,contains:fwd,0,contains:fwd,0,0,,,,,,,,,
6,0.15,s6_case75,before <e2> comes <e1> for this case,precedes:fwd,precedes:rev,0,0,precedes:rev,0,precedes:rev,0,0,,,,,,,,,
6,0.15,s6_case76,before <e2> comes <e1> in context,precedes:fwd,precedes:rev,0,1,precedes:fwd,1,precedes:rev,0,1,precedes:rev,precedes:rev,precedes:fwd,1.0,0.0,1.0,"{""precedes:rev"": 0.07638154720889745, ""precedes:fwd"": 0.8868239173353132, ""supports:rev"": 0.08300456359093959, ""maps:fwd"": 0.04621002813514998, ""supports:fwd"": 0.04621002813514998}","[""precedes:rev"", ""precedes:fwd"", ""supports:rev"", ""maps:fwd"", ""supports:fwd""]","[0.9660518765449524, 0.011080640368163586, 0.007706621661782265, 0.007691198959946632, 0.002653304021805525]"
6,0.15,s6_case77,<e2> is ahead of <e1> in context,precedes:rev,contains:fwd,0,0,contains:fwd,0,contains:fwd,0,0,,,,,,,,,
6,0.15,s6_case78,backing <e2> is <e1> directly,supports:fwd,maps:rev,0,1,supports:fwd,1,supports:rev,0,1,maps:rev,maps:rev,supports:fwd,1.0,0.0,1.0,"{""maps:rev"": 0.04621002813514998, ""contains:rev"": 0.04621002813514998, ""contains:fwd"": 0.04621002813514998, ""supports:rev"": 0.04621002813514998, ""supports:fwd"": 0.9537899718648504}","[""maps:rev"", ""contains:rev"", ""contains:fwd"", ""supports:rev"", ""supports:fwd""]","[0.7473874688148499, 0.09406602382659912, 0.07642757147550583, 0.04454189911484718, 0.020298313349485397]"
6,0.15,s6_case79,the target of <e2> is <e1>,maps:rev,maps:rev,1,1,maps:rev,1,precedes:fwd,0,0,maps:fwd,maps:fwd,maps:rev,1.0,0.0,7.0,"{""maps:rev"": 0.8724080550648503, ""maps:fwd"": 0.04621002813514998, ""precedes:fwd"": 0.04621002813514998, ""supports:fwd"": 0.12759194493515, ""supports:rev"": 0.04621002813514998}","[""maps:rev"", ""maps:fwd"", ""precedes:fwd"", ""supports:fwd"", ""supports:rev""]","[0.8086023330688477, 0.07820098847150803, 0.04633804038167, 0.03621906787157059, 0.022348657250404358]"
6,0.3,s6_case0,before <e1> comes <e2> usually,precedes:rev,precedes:rev,1,1,precedes:rev,1,precedes:rev,1,0,precedes:fwd,precedes:rev,precedes:rev,0.0,0.0,13.0,"{""precedes:rev"": 0.7514687710085302, ""precedes:fwd"": 0.10093122899146997, ""contains:fwd"": 0.04621002813514998, ""maps:fwd"": 0.19381002813515, ""supports:rev"": 0.04621002813514998}","[""precedes:rev"", ""precedes:fwd"", ""contains:fwd"", ""maps:fwd"", ""supports:rev""]","[0.9473546147346497, 0.03512765094637871, 0.005080625414848328, 0.004878114443272352, 0.0027511699590831995]"
6,0.3,s6_case1,within <e1> sits <e2>,contains:fwd,supports:fwd,0,1,supports:fwd,0,supports:fwd,0,0,supports:fwd,supports:fwd,supports:fwd,1.0,1.0,1.0,"{""supports:fwd"": 0.14545626813515, ""contains:fwd"": 0.5995352015833424, ""precedes:rev"": 0.04621002813514998, ""precedes:fwd"": 0.04621002813514998, ""supports:rev"": 0.3012185584166578}","[""supports:fwd"", ""contains:fwd"", ""precedes:rev"", ""precedes:fwd"", ""supports:rev""]","[0.9258545637130737, 0.03281445801258087, 0.031144458800554276, 0.004714748356491327, 0.002436403650790453]"
6,0.3,s6_case2,the target of <e1> is <e2> directly,maps:fwd,maps:rev,0,1,maps:rev,0,maps:rev,0,0,maps:rev,maps:rev,maps:rev,1.0,1.0,1.0,"{""maps:rev"": 0.1431147189848975, ""supports:fwd"": 0.04621002813514998, ""precedes:fwd"": 0.04621002813514998, ""maps:fwd"": 0.7092852810151029, ""supports:rev"": 0.19381002813515}","[""maps:rev"", ""supports:fwd"", ""precedes:fwd"", ""maps:fwd"", ""supports:rev""]","[0.8257998824119568, 0.13843902945518494, 0.01453462429344654, 0.010944009758532047, 0.0048703961074352264]"
6,0.3,s6_case3,before <e2> comes <e1> for this case,precedes:fwd,precedes:rev,0,0,precedes:rev,0,precedes:rev,0,0,,,,,,,,,
6,0.3,s6_case4,<e1> is held up by <e2>,supports:rev,precedes:rev,0,1,precedes:rev,0,precedes:rev,0,0,precedes:rev,precedes:rev,precedes:rev,1.0,1.0,1.0,"{""precedes:rev"": 0.20017746899147, ""contains:rev"": 0.0709506737756229, ""maps:rev"": 0.16724202813515002, ""maps:fwd"": 0.04621002813514998, ""supports:rev"": 0.6540498853680574}","[""precedes:rev"", ""contains:rev"", ""maps:rev"", ""maps:fwd"", ""supports:rev""]","[0.6197279691696167, 0.25213682651519775, 0.04497069492936134, 0.04438208416104317, 0.024591263383626938]"
6,0.3,s6_case5,inside <e1> is <e2> in context,contains:fwd,contains:fwd,1,1,contains:fwd,1,contains:rev,0,0,contains:rev,contains:rev,contains:fwd,1.0,0.0,12.0,"{""contains:fwd"": 0.8743281253680575, ""contains:rev"": 0.04621002813514998, ""precedes:rev"": 0.0709506737756229, ""supports:fwd"": 0.04621002813514998, ""maps:rev"": 0.10093122899146997}","[""contains:fwd"", ""contains:rev"", ""precedes:rev"", ""supports:fwd"", ""maps:rev""]","[0.8497660160064697, 0.11094403266906738, 0.017528297379612923, 0.008689602836966515, 0.004766791593283415]"
6,0.3,s6_case6,support for <e2> comes from <e1>,supports:fwd,precedes:fwd,0,0,precedes:fwd,0,precedes:fwd,0,0,,,,,,,,,
6,0.3,s6_case7,from <e1> <e2> is mapped,maps:fwd,maps:rev,0,0,maps:rev,0,maps:rev,0,0,,,,,,,,,
6,0.3,s6_case8,the target of <e1> is <e2> in context,maps:fwd,maps:rev,0,1,maps:rev,0,supports:fwd,0,0,maps:rev,maps:rev,maps:rev,1.0,1.0,1.0,"{""maps:rev"": 0.18225080359093962, ""supports:fwd"": 0.0709506737756229, ""maps:fwd"": 0.6130085507685878, ""precedes:fwd"": 0.22621002813514998, ""supports:rev"": 0.04621002813514998}","[""maps:rev"", ""supports:fwd"", ""maps:fwd"", ""precedes:fwd"", ""supports:rev""]","[0.8672138452529907, 0.10411479324102402, 0.010417984798550606, 0.0099463677033782, 0.0033758117351680994]"
6,0.3,s6_case9,support for <e2> comes from <e1>,supports:fwd,precedes:fwd,0,0,precedes:fwd,0,precedes:fwd,0,0,,,,,,,,,
6,0.3,s6_case10,within <e2> sits <e1> usually,contains:rev,supports:fwd,0,0,supports:fwd,0,supports:fwd,0,0,,,,,,,,,
6,0.3,s6_case11,in context <e1> has <e2> inside,contains:fwd,contains:rev,0,1,contains:fwd,1,precedes:fwd,0,1,contains:rev,contains:rev,contains:fwd,1.0,0.0,2.0,"{""contains:rev"": 0.0910814128373324, ""supports:rev"": 0.21855067377562293, ""precedes:rev"": 0.11294319991115, ""precedes:fwd"": 0.04621002813514998, ""contains:fwd"": 0.669844769746195}","[""contains:rev"", ""supports:rev"", ""precedes:rev"", ""precedes:fwd"", ""contains:fwd""]","[0.4699862003326416, 0.2659003436565399, 0.07411376386880875, 0.06209475174546242, 0.06122976168990135]"
6,0.3,s6_case12,<e2> trails <e1> usually,precedes:fwd,contains:rev,0,1,precedes:fwd,1,precedes:rev,0,1,contains:rev,contains:rev,precedes:fwd,1.0,0.0,4.0,"{""contains:rev"": 0.04621002813514998, ""precedes:fwd"": 0.704177941522195, ""precedes:rev"": 0.0709506737756229, ""maps:fwd"": 0.2710814128373324, ""supports:fwd"": 0.04621002813514998}","[""contains:rev"", ""precedes:fwd"", ""precedes:rev"", ""maps:fwd"", ""supports:fwd""]","[0.49104270339012146, 0.429065465927124, 0.045630309730768204, 0.017494088038802147, 0.0060668643563985825]"
6,0.3,s6_case13,backing <e1> is <e2> in context,supports:rev,contains:fwd,0,0,contains:fwd,0,contains:fwd,0,0,,,,,,,,,
6,0.3,s6_case14,<e2> is ahead of <e1> in context,precedes:rev,contains:fwd,0,0,contains:fwd,0,contains:fwd,0,0,,,,,,,,,
6,0.3,s6_case15,within <e1> sits <e2> usually,contains:fwd,supports:fwd,0,1,supports:fwd,0,supports:fwd,0,0,supports:fwd,supports:fwd,supports:fwd,1.0,1.0,1.0,"{""supports:fwd"": 0.26648826813515003, ""contains:fwd"": 0.663899701522195, ""precedes:fwd"": 0.04621002813514998, ""supports:rev"": 0.0910814128373324, ""maps:rev"": 0.0709506737756229}","[""supports:fwd"", ""contains:fwd"", ""precedes:fwd"", ""supports:rev"", ""maps:rev""]","[0.9551106691360474, 0.019129913300275803, 0.012280839495360851, 0.005366035271435976, 0.005097519140690565]"
6,0.3,s6_case16,to <e2> <e1> points,maps:fwd,contains:fwd,0,1,maps:fwd,1,supports:fwd,0,1,contains:fwd,contains:fwd,maps:fwd,1.0,0.0,3.0,"{""contains:fwd"": 0.04621002813514998, ""maps:fwd"": 0.9236184527911029, ""precedes:rev"": 0.07638154720889745, ""supports:fwd"": 0.04621002813514998, ""maps:rev"": 0.04621002813514998}","[""contains:fwd"", ""maps:fwd"", ""precedes:rev"", ""supports:fwd"", ""maps:rev""]","[0.5839146375656128, 0.22280354797840118, 0.12312030792236328, 0.03683232143521309, 0.021777665242552757]"
6,0.3,s6_case17,the target of <e1> is <e2> in context,maps:fwd,maps:rev,0,1,maps:rev,0,maps:rev,0,0,maps:rev,maps:rev,maps:rev,1.0,1.0,1.0,"{""maps:rev"": 0.19381002813515, ""supports:fwd"": 0.04621002813514998, ""maps:fwd"": 0.5132447507335949, ""precedes:fwd"": 0.1431147189848975, ""supports:rev"": 0.24225055841665785}","[""maps:rev"", ""supports:fwd"", ""maps:fwd"", ""precedes:fwd"", ""supports:rev""]","[0.8672138452529907, 0.10411479324102402, 0.010417984798550606, 0.0099463677033782, 0.0033758117351680994]"
6,0.3,s6_case18,directly <e1> is ahead of <e2>,precedes:fwd,contains:rev,0,1,precedes:fwd,1,maps:rev,0,1,contains:rev,contains:rev,precedes:fwd,1.0,0.0,1.0,"{""contains:rev"": 0.04621002813514998, ""precedes:rev"": 0.04621002813514998, ""maps:rev"": 0.04621002813514998, ""supports:rev"": 0.22196322899146997, ""precedes:fwd"": 0.7780367710085303}","[""contains:rev"", ""precedes:rev"", ""maps:rev"", ""supports:rev"", ""precedes:fwd""]","[0.7480835318565369, 0.15768428146839142, 0.03645194321870804, 0.020543398335576057, 0.01990835927426815]"
6,0.3,s6_case19,within <e1> sits <e2> for this case,contains:fwd,supports:fwd,0,1,contains:fwd,1,supports:fwd,0,1,supports:fwd,supports:fwd,contains:fwd,1.0,0.0,1.0,"{""supports:fwd"": 0.0664973575603378, ""contains:fwd"": 0.6311361096493704, ""maps:rev"": 0.16766440076747002, ""precedes:rev"": 0.22712218829312206, ""supports:rev"": 0.04621002813514998}","[""supports:fwd"", ""contains:fwd"", ""maps:rev"", ""precedes:rev"", ""supports:rev""]","[0.7988103032112122, 0.11882739514112473, 0.038240205496549606, 0.029970364645123482, 0.0068487003445625305]"
6,0.3,s6_case20,to <e2> <e1> points,maps:fwd,contains:fwd,0,1,maps:fwd,1,contains:fwd,0,1,contains:fwd,contains:fwd,maps:fwd,1.0,0.0,1.0,"{""contains:fwd"": 0.22621002813514998, ""maps:fwd"": 0.4549086952970071, ""precedes:rev"": 0.2837093879029932, ""supports:fwd"": 0.12759194493515, ""maps:rev"": 0.04621002813514998}","[""contains:fwd"", ""maps:fwd"", ""precedes:rev"", ""supports:fwd"", ""maps:rev""]","[0.5839146375656128, 0.22280354797840118, 0.12312030792236328, 0.03683232143521309, 0.021777665242552757]"
6,0.3,s6_case21,<e2> has <e1> inside usually,contains:rev,contains:rev,1,1,contains:rev,1,supports:rev,0,0,supports:rev,supports:rev,contains:rev,1.0,0.0,8.0,"{""contains:rev"": 0.8518367222816905, ""supports:rev"": 0.04621002813514998, ""supports:fwd"": 0.11136874226252023, ""maps:rev"": 0.04621002813514998, ""contains:fwd"": 0.08300456359093959}","[""contains:rev"", ""supports:rev"", ""supports:fwd"", ""maps:rev"", ""contains:fwd""]","[0.7737870812416077, 0.19376668334007263, 0.013568500988185406, 0.006133737973868847, 0.005173962097615004]"
6,0.3,s6_case22,from <e1> <e2> is mapped usually,maps:fwd,maps:rev,0,0,maps:rev,0,maps:rev,0,0,,,,,,,,,
6,0.3,s6_case23,<e2> has <e1> inside in context,contains:rev,supports:fwd,0,1,contains:rev,1,contains:fwd,0,1,supports:fwd,supports:fwd,contains:rev,1.0,0.0,2.0,"{""supports:fwd"": 0.04621002813514998, ""supports:rev"": 0.10093122899146997, ""contains:fwd"": 0.04621002813514998, ""contains:rev"": 0.7060822977303478, ""precedes:fwd"": 0.23919650141333243}","[""supports:fwd"", ""supports:rev"", ""contains:fwd"", ""contains:rev"", ""precedes:fwd""]","[0.6199424266815186, 0.1753385365009308, 0.09631204605102539, 0.09031694382429123, 0.012776479125022888]"
6,0.3,s6_case24,<e2> has <e1> inside for this case,contains:rev,contains:rev,1,1,contains:rev,1,supports:rev,0,0,supports:rev,supports:rev,contains:rev,1.0,0.0,12.0,"{""contains:rev"": 0.7859026424396625, ""supports:rev"": 0.04621002813514998, ""contains:fwd"": 0.04621002813514998, ""maps:rev"": 0.21409735756033782, ""supports:fwd"": 0.04621002813514998}","[""contains:rev"", ""supports:rev"", ""contains:fwd"", ""maps:rev"", ""supports:fwd""]","[0.8121570944786072, 0.1466325968503952, 0.014303448610007763, 0.010577589273452759, 0.007924428209662437]"
6,0.3,s6_case25,before <e1> comes <e2> directly,precedes:rev,precedes:rev,1,1,precedes:rev,1,precedes:rev,1,0,precedes:fwd,precedes:rev,precedes:rev,0.0,0.0,13.0,"{""precedes:rev"": 0.5351065378074125, ""precedes:fwd"": 0.16608994311884026, ""maps:fwd"": 0.16724202813515002, ""contains:fwd"": 0.22398154720889746, ""supports:rev"": 0.04621002813514998}","[""precedes:rev"", ""precedes:fwd"", ""maps:fwd"", ""contains:fwd"", ""supports:rev""]","[0.9754517674446106, 0.008122635073959827, 0.005919424816966057, 0.002991731744259596, 0.0029240117873996496]"
6,0.3,s6_case26,inside <e2> is <e1> usually,contains:rev,contains:rev,1,1,contains:rev,1,supports:rev,0,0,supports:rev,supports:rev,contains:rev,1.0,0.0,7.0,"{""contains:rev"": 0.7760184527911029, ""supports:rev"": 0.22398154720889746, ""contains:fwd"": 0.04621002813514998, ""maps:rev"": 0.04621002813514998, ""supports:fwd"": 0.04621002813514998}","[""contains:rev"", ""supports:rev"", ""contains:fwd"", ""maps:rev"", ""supports:fwd""]","[0.7183868885040283, 0.10161350667476654, 0.08624560385942459, 0.05213581770658493, 0.028526335954666138]"
6,0.3,s6_case27,within <e1> sits <e2> for this case,contains:fwd,supports:fwd,0,1,contains:fwd,1,supports:fwd,0,1,supports:fwd,supports:fwd,contains:fwd,1.0,0.0,1.0,"{""supports:fwd"": 0.04621002813514998, ""contains:fwd"": 0.6173651512889203, ""maps:rev"": 0.33776346400889745, ""precedes:rev"": 0.0910814128373324, ""supports:rev"": 0.04621002813514998}","[""supports:fwd"", ""contains:fwd"", ""maps:rev"", ""precedes:rev"", ""supports:rev""]","[0.7988103032112122, 0.11882739514112473, 0.038240205496549606, 0.029970364645123482, 0.0068487003445625305]"
6,0.3,s6_case28,from <e2> <e1> is mapped in context,maps:rev,maps:rev,1,1,maps:rev,1,maps:rev,1,0,supports:fwd,maps:rev,maps:rev,0.0,0.0,13.0,"{""maps:rev"": 0.7513760550648503, ""supports:fwd"": 0.16724202813515002, ""precedes:fwd"": 0.12759194493515, ""maps:fwd"": 0.04621002813514998, ""contains:rev"": 0.04621002813514998}","[""maps:rev"", ""supports:fwd"", ""precedes:fwd"", ""maps:fwd"", ""contains:rev""]","[0.9836066961288452, 0.004108676686882973, 0.003572701010853052, 0.002386966021731496, 0.0022920926567167044]"
6,0.3,s6_case29,usually <e1> trails <e2>,precedes:rev,contains:fwd,0,1,precedes:rev,1,precedes:rev,1,1,contains:fwd,contains:fwd,precedes:rev,1.0,0.0,1.0,"{""contains:fwd"": 0.04621002813514998, ""precedes:rev"": 0.7330893592325303, ""supports:fwd"": 0.04621002813514998, ""contains:rev"": 0.21218943991115002, ""maps:fwd"": 0.10093122899146997}","[""contains:fwd"", ""precedes:rev"", ""supports:fwd"", ""contains:rev"", ""maps:fwd""]","[0.8070231080055237, 0.1298593431711197, 0.03445086628198624, 0.008937093429267406, 0.008408013731241226]"
6,0.3,s6_case30,<e2> is held up by <e1> usually,supports:fwd,contains:rev,0,0,contains:rev,0,contains:rev,0,0,,,,,,,,,
6,0.3,s6_case31,before <e1> comes <e2> usually,precedes:rev,precedes:rev,1,1,precedes:rev,1,precedes:rev,1,0,precedes:fwd,precedes:fwd,precedes:rev,1.0,0.0,9.0,"{""precedes:rev"": 0.5381566108505583, ""precedes:fwd"": 0.22621002813514998, ""contains:fwd"": 0.0910814128373324, ""maps:fwd"": 0.13772576444725962, ""supports:rev"": 0.14545626813515}","[""precedes:rev"", ""precedes:fwd"", ""contains:fwd"", ""maps:fwd"", ""supports:rev""]","[0.9473546147346497, 0.03512765094637871, 0.005080625414848328, 0.004878114443272352, 0.0027511699590831995]"
6,0.3,s6_case32,support for <e1> comes from <e2> in context,supports:rev,precedes:fwd,0,1,precedes:fwd,0,precedes:fwd,0,0,precedes:fwd,precedes:fwd,precedes:fwd,1.0,1.0,1.0,"{""precedes:fwd"": 0.14545626813515, ""precedes:rev"": 0.04621002813514998, ""supports:rev"": 0.769651011934783, ""contains:rev"": 0.07638154720889745, ""maps:fwd"": 0.10093122899146997}","[""precedes:fwd"", ""precedes:rev"", ""supports:rev"", ""contains:rev"", ""maps:fwd""]","[0.8857570290565491, 0.05742541328072548, 0.038209401071071625, 0.012370315380394459, 0.0037958468310534954]"
6,0.3,s6_case33,<e2> has <e1> inside in context,contains:rev,supports:fwd,0,1,contains:rev,1,contains:fwd,0,1,supports:fwd,supports:fwd,contains:rev,1.0,0.0,2.0,"{""supports:fwd"": 0.04621002813514998, ""supports:rev"": 0.08300456359093959, ""contains:fwd"": 0.04621002813514998, ""contains:rev"": 0.8177491964090609, ""precedes:fwd"": 0.14545626813515}","[""supports:fwd"", ""supports:rev"", ""contains:fwd"", ""contains:rev"", ""precedes:fwd""]","[0.6199424266815186, 0.1753385365009308, 0.09631204605102539, 0.09031694382429123, 0.012776479125022888]"
6,0.3,s6_case34,from <e1> <e2> is mapped for this case,maps:fwd,contains:fwd,0,1,maps:fwd,1,contains:fwd,0,1,contains:fwd,contains:fwd,maps:fwd,1.0,0.0,2.0,"{""contains:fwd"": 0.04621002813514998, ""maps:fwd"": 0.7065973863063477, ""maps:rev"": 0.0910814128373324, ""contains:rev"": 0.24853122899146998, ""supports:rev"": 0.04621002813514998}","[""contains:fwd"", ""maps:fwd"", ""maps:rev"", ""contains:rev"", ""supports:rev""]","[0.9272112250328064, 0.03854906186461449, 0.015001874417066574, 0.012090305797755718, 0.0024900040589272976]"
6,0.3,s6_case35,before <e2> comes <e1>,precedes:fwd,precedes:rev,0,1,precedes:rev,0,precedes:rev,0,0,precedes:rev,precedes:rev,precedes:rev,1.0,1.0,1.0,"{""precedes:rev"": 0.12759194493515, ""maps:fwd"": 0.04621002813514998, ""precedes:fwd"": 0.8521207256396623, ""supports:rev"": 0.04621002813514998, ""supports:fwd"": 0.0664973575603378}","[""precedes:rev"", ""maps:fwd"", ""precedes:fwd"", ""supports:rev"", ""supports:fwd""]","[0.9737390279769897, 0.008829697966575623, 0.00515745161101222, 0.00340878963470459, 0.003344109049066901]"
6,0.3,s6_case36,<e2> is held up by <e1> directly,supports:fwd,contains:rev,0,0,contains:rev,0,contains:rev,0,0,,,,,,,,,
6,0.3,s6_case37,<e2> has <e1> inside directly,contains:rev,contains:rev,1,1,contains:rev,1,contains:rev,1,0,supports:rev,supports:rev,contains:rev,1.0,0.0,6.0,"{""contains:rev"": 0.8545437318648501, ""supports:rev"": 0.04621002813514998, ""maps:rev"": 0.14545626813515, ""supports:fwd"": 0.04621002813514998, ""contains:fwd"": 0.04621002813514998}","[""contains:rev"", ""supports:rev"", ""maps:rev"", ""supports:fwd"", ""contains:fwd""]","[0.7499843835830688, 0.21491239964962006, 0.011592904105782509, 0.01095773745328188, 0.005457152612507343]"
6,0.3,s6_case38,within <e1> sits <e2> usually,contains:fwd,supports:fwd,0,1,contains:fwd,1,supports:fwd,0,1,supports:fwd,supports:fwd,contains:fwd,1.0,0.0,1.0,"{""supports:fwd"": 0.04621002813514998, ""contains:fwd"": 0.7737899718648504, ""precedes:fwd"": 0.04621002813514998, ""supports:rev"": 0.04621002813514998, ""maps:rev"": 0.22621002813514998}","[""supports:fwd"", ""contains:fwd"", ""precedes:fwd"", ""supports:rev"", ""maps:rev""]","[0.9551106691360474, 0.019129913300275803, 0.012280839495360851, 0.005366035271435976, 0.005097519140690565]"
6,0.3,s6_case39,support for <e2> comes from <e1> directly,supports:fwd,supports:fwd,1,1,supports:fwd,1,maps:fwd,0,0,supports:rev,supports:rev,supports:fwd,1.0,0.0,4.0,"{""supports:fwd"": 0.9537899718648504, ""supports:rev"": 0.04621002813514998, ""precedes:fwd"": 0.04621002813514998, ""precedes:rev"": 0.04621002813514998, ""maps:fwd"": 0.04621002813514998}","[""supports:fwd"", ""supports:rev"", ""precedes:fwd"", ""precedes:rev"", ""maps:fwd""]","[0.428585946559906, 0.38129767775535583, 0.09132203459739685, 0.06786929070949554, 0.01266118511557579]"
6,0.3,s6_case40,to <e1> <e2> points directly,maps:rev,maps:rev,1,1,maps:rev,1,contains:fwd,0,0,contains:fwd,contains:fwd,maps:rev,1.0,0.0,5.0,"{""maps:rev"": 0.7974618669838729, ""contains:fwd"": 0.04621002813514998, ""precedes:fwd"": 0.0664973575603378, ""precedes:rev"": 0.14545626813515, ""contains:rev"": 0.08300456359093959}","[""maps:rev"", ""contains:fwd"", ""precedes:fwd"", ""precedes:rev"", ""contains:rev""]","[0.6115384101867676, 0.20417854189872742, 0.10020089149475098, 0.05624452605843544, 0.011266672983765602]"
6,0.3,s6_case41,to <e1> <e2> points in context,maps:rev,maps:rev,1,1,maps:rev,1,maps:rev,1,0,maps:fwd,maps:fwd,maps:rev,1.0,0.0,5.0,"{""maps:rev"": 0.5904548054816904, ""maps:fwd"": 0.16438648039093962, ""contains:fwd"": 0.0910814128373324, ""precedes:rev"": 0.0664973575603378, ""precedes:fwd"": 0.22621002813514998}","[""maps:rev"", ""maps:fwd"", ""contains:fwd"", ""precedes:rev"", ""precedes:fwd""]","[0.49387305974960327, 0.22797557711601257, 0.2003103792667389, 0.04614768922328949, 0.015555054880678654]"
6,0.3,s6_case42,for this case <e1> has <e2> inside,contains:fwd,contains:rev,0,1,contains:fwd,1,contains:rev,0,1,contains:rev,contains:rev,contains:fwd,1.0,0.0,2.0,"{""contains:rev"": 0.18231314579147, ""contains:fwd"": 0.7262130367920574, ""supports:rev"": 0.04621002813514998, ""precedes:rev"": 0.04621002813514998, ""maps:rev"": 0.13768384555162294}","[""contains:rev"", ""contains:fwd"", ""supports:rev"", ""precedes:rev"", ""maps:rev""]","[0.5085192918777466, 0.31669700145721436, 0.08174514025449753, 0.0478132963180542, 0.027778426185250282]"
6,0.3,s6_case43,<e2> is ahead of <e1> for this case,precedes:rev,contains:fwd,0,0,contains:fwd,0,contains:fwd,0,0,,,,,,,,,
6,0.3,s6_case44,to <e2> <e1> points for this case,maps:fwd,maps:fwd,1,1,maps:fwd,1,contains:fwd,0,0,precedes:rev,precedes:rev,maps:fwd,1.0,0.0,10.0,"{""maps:fwd"": 0.8327579718648501, ""precedes:rev"": 0.04621002813514998, ""contains:fwd"": 0.16724202813515002, ""contains:rev"": 0.04621002813514998, ""maps:rev"": 0.04621002813514998}","[""maps:fwd"", ""precedes:rev"", ""contains:fwd"", ""contains:rev"", ""maps:rev""]","[0.5781139731407166, 0.3083900213241577, 0.06473417580127716, 0.020148612558841705, 0.01771601475775242]"
6,0.3,s6_case45,<e2> has <e1> inside for this case,contains:rev,contains:rev,1,1,contains:rev,1,contains:rev,1,0,supports:rev,supports:rev,contains:rev,1.0,0.0,9.0,"{""contains:rev"": 0.7630279955527408, ""supports:rev"": 0.10093122899146997, ""contains:fwd"": 0.04621002813514998, ""maps:rev"": 0.08300456359093959, ""supports:fwd"": 0.14545626813515}","[""contains:rev"", ""supports:rev"", ""contains:fwd"", ""maps:rev"", ""supports:fwd""]","[0.8121570944786072, 0.1466325968503952, 0.014303448610007763, 0.010577589273452759, 0.007924428209662437]"
6,0.3,s6_case46,within <e2> sits <e1> usually,contains:rev,supports:fwd,0,0,supports:fwd,0,supports:fwd,0,0,,,,,,,,,
6,0.3,s6_case47,backing <e2> is <e1> directly,supports:fwd,maps:rev,0,1,maps:rev,0,maps:rev,0,0,maps:rev,maps:rev,maps:rev,1.0,1.0,1.0,"{""maps:rev"": 0.34000504640794305, ""contains:rev"": 0.07638154720889745, ""contains:fwd"": 0.04621002813514998, ""supports:rev"": 0.04621002813514998, ""supports:fwd"": 0.6298234345183099}","[""maps:rev"", ""contains:rev"", ""contains:fwd"", ""supports:rev"", ""supports:fwd""]","[0.7473874688148499, 0.09406602382659912, 0.07642757147550583, 0.04454189911484718, 0.020298313349485397]"
6,0.3,s6_case48,inside <e1> is <e2> directly,contains:fwd,contains:rev,0,1,contains:fwd,1,contains:rev,0,1,contains:rev,contains:rev,contains:fwd,1.0,0.0,1.0,"{""contains:rev"": 0.22621002813514998, ""contains:fwd"": 0.5086403471626678, ""maps:rev"": 0.04621002813514998, ""supports:rev"": 0.19032765283733247, ""supports:fwd"": 0.16724202813515002}","[""contains:rev"", ""contains:fwd"", ""maps:rev"", ""supports:rev"", ""supports:fwd""]","[0.5193603038787842, 0.30738407373428345, 0.09331224858760834, 0.02934831939637661, 0.023621708154678345]"
6,0.3,s6_case49,before <e2> comes <e1> usually,precedes:fwd,precedes:rev,0,1,precedes:fwd,1,precedes:rev,0,1,precedes:rev,precedes:rev,precedes:fwd,1.0,0.0,1.0,"{""precedes:rev"": 0.04621002813514998, ""precedes:fwd"": 0.7064064224484476, ""supports:rev"": 0.14599357755155282, ""maps:fwd"": 0.19381002813515, ""contains:fwd"": 0.04621002813514998}","[""precedes:rev"", ""precedes:fwd"", ""supports:rev"", ""maps:fwd"", ""contains:fwd""]","[0.9257612824440002, 0.04235401377081871, 0.008913259953260422, 0.007808708120137453, 0.006663328967988491]"
6,0.3,s6_case50,before <e2> comes <e1> directly,precedes:fwd,precedes:rev,0,1,precedes:fwd,1,precedes:rev,0,1,precedes:rev,precedes:rev,precedes:fwd,1.0,0.0,1.0,"{""precedes:rev"": 0.04621002813514998, ""precedes:fwd"": 0.615030852946195, ""maps:fwd"": 0.24862394493515, ""supports:rev"": 0.0910814128373324, ""contains:fwd"": 0.13768384555162294}","[""precedes:rev"", ""precedes:fwd"", ""maps:fwd"", ""supports:rev"", ""contains:fwd""]","[0.9413621425628662, 0.0330786369740963, 0.009534387849271297, 0.006832852028310299, 0.002977223601192236]"
6,0.3,s6_case51,from <e2> <e1> is mapped in context,maps:rev,maps:rev,1,1,maps:rev,1,maps:rev,1,0,supports:fwd,maps:rev,maps:rev,0.0,0.0,13.0,"{""maps:rev"": 0.7535026424396625, ""supports:fwd"": 0.04621002813514998, ""precedes:fwd"": 0.22621002813514998, ""maps:fwd"": 0.04621002813514998, ""contains:rev"": 0.0664973575603378}","[""maps:rev"", ""supports:fwd"", ""precedes:fwd"", ""maps:fwd"", ""contains:rev""]","[0.9836066961288452, 0.004108676686882973, 0.003572701010853052, 0.002386966021731496, 0.0022920926567167044]"
6,0.3,s6_case52,the target of <e2> is <e1> in context,maps:rev,maps:rev,1,1,maps:rev,1,supports:rev,0,0,maps:fwd,maps:fwd,maps:rev,1.0,0.0,6.0,"{""maps:rev"": 0.9290493262243773, ""maps:fwd"": 0.0709506737756229, ""precedes:fwd"": 0.04621002813514998, ""supports:fwd"": 0.04621002813514998, ""supports:rev"": 0.04621002813514998}","[""maps:rev"", ""maps:fwd"", ""precedes:fwd"", ""supports:fwd"", ""supports:rev""]","[0.6011809706687927, 0.23673968017101288, 0.06966804713010788, 0.046668361872434616, 0.0320022888481617]"
6,0.3,s6_case53,<e2> is held up by <e1> for this case,supports:fwd,maps:fwd,0,0,maps:fwd,0,maps:fwd,0,0,,,,,,,,,
6,0.3,s6_case54,from <e2> <e1> is mapped in context,maps:rev,maps:rev,1,1,maps:rev,1,maps:rev,1,0,supports:fwd,maps:rev,maps:rev,0.0,0.0,13.0,"{""maps:rev"": 0.8200907455593132, ""supports:fwd"": 0.1431147189848975, ""precedes:fwd"": 0.08300456359093959, ""maps:fwd"": 0.04621002813514998, ""contains:rev"": 0.04621002813514998}","[""maps:rev"", ""supports:fwd"", ""precedes:fwd"", ""maps:fwd"", ""contains:rev""]","[0.9836066961288452, 0.004108676686882973, 0.003572701010853052, 0.002386966021731496, 0.0022920926567167044]"
6,0.3,s6_case55,backing <e1> is <e2> usually,supports:rev,maps:rev,0,1,supports:rev,1,maps:rev,0,1,maps:rev,maps:rev,supports:rev,1.0,0.0,2.0,"{""maps:rev"": 0.04621002813514998, ""contains:rev"": 0.04621002813514998, ""contains:fwd"": 0.2306045635909396, ""supports:fwd"": 0.04621002813514998, ""supports:rev"": 0.7693954364090607}","[""maps:rev"", ""contains:rev"", ""contains:fwd"", ""supports:fwd"", ""supports:rev""]","[0.6913774013519287, 0.1689876765012741, 0.08501638472080231, 0.02021210454404354, 0.015079976059496403]"
6,0.3,s6_case56,within <e1> sits <e2>,contains:fwd,supports:fwd,0,1,supports:fwd,0,supports:fwd,0,0,supports:fwd,supports:fwd,supports:fwd,1.0,1.0,1.0,"{""supports:fwd"": 0.22621002813514998, ""contains:fwd"": 0.7070568000888503, ""precedes:rev"": 0.04621002813514998, ""precedes:fwd"": 0.11294319991115, ""supports:rev"": 0.04621002813514998}","[""supports:fwd"", ""contains:fwd"", ""precedes:rev"", ""precedes:fwd"", ""supports:rev""]","[0.9258545637130737, 0.03281445801258087, 0.031144458800554276, 0.004714748356491327, 0.002436403650790453]"
6,0.3,s6_case57,<e1> is held up by <e2>,supports:rev,precedes:rev,0,1,precedes:rev,0,precedes:rev,0,0,precedes:rev,precedes:rev,precedes:rev,1.0,1.0,1.0,"{""precedes:rev"": 0.0910814128373324, ""contains:rev"": 0.16724202813515002, ""maps:rev"": 0.19381002813515, ""maps:fwd"": 0.04621002813514998, ""supports:rev"": 0.6402865871626677}","[""precedes:rev"", ""contains:rev"", ""maps:rev"", ""maps:fwd"", ""supports:rev""]","[0.6197279691696167, 0.25213682651519775, 0.04497069492936134, 0.04438208416104317, 0.024591263383626938]"
6,0.3,s6_case58,backing <e2> is <e1> usually,supports:fwd,maps:rev,0,1,supports:fwd,1,contains:fwd,0,1,maps:rev,maps:rev,supports:fwd,1.0,0.0,1.0,"{""maps:rev"": 0.08300456359093959, ""contains:rev"": 0.19381002813515, ""contains:fwd"": 0.11294319991115, ""supports:rev"": 0.14545626813515, ""supports:fwd"": 0.6034160246330607}","[""maps:rev"", ""contains:rev"", ""contains:fwd"", ""supports:rev"", ""supports:fwd""]","[0.3743272125720978, 0.26901888847351074, 0.15894122421741486, 0.1366586834192276, 0.04622625932097435]"
6,0.3,s6_case59,for this case <e1> is held up by <e2>,supports:rev,maps:rev,0,0,maps:rev,0,maps:rev,0,0,,,,,,,,,
6,0.3,s6_case60,support for <e2> comes from <e1> usually,supports:fwd,precedes:rev,0,1,supports:fwd,1,supports:fwd,1,1,precedes:rev,precedes:rev,supports:fwd,1.0,0.0,3.0,"{""precedes:rev"": 0.22621002813514998, ""supports:fwd"": 0.7490493262243773, ""supports:rev"": 0.04621002813514998, ""precedes:fwd"": 0.0709506737756229, ""maps:fwd"": 0.04621002813514998}","[""precedes:rev"", ""supports:fwd"", ""supports:rev"", ""precedes:fwd"", ""maps:fwd""]","[0.40334686636924744, 0.318899929523468, 0.17419381439685822, 0.069160595536232, 0.021297266706824303]"
6,0.3,s6_case61,backing <e1> is <e2> for this case,supports:rev,maps:rev,0,0,maps:rev,0,maps:rev,0,0,,,,,,,,,
6,0.3,s6_case62,usually <e1> is held up by <e2>,supports:rev,contains:rev,0,1,supports:rev,1,precedes:rev,0,1,contains:rev,contains:rev,supports:rev,1.0,0.0,2.0,"{""contains:rev"": 0.12759194493515, ""supports:rev"": 0.7853875538636623, ""precedes:rev"": 0.11294319991115, ""maps:rev"": 0.04621002813514998, ""supports:fwd"": 0.0664973575603378}","[""contains:rev"", ""supports:rev"", ""precedes:rev"", ""maps:rev"", ""supports:fwd""]","[0.53293776512146, 0.25503841042518616, 0.11607209593057632, 0.06283688545227051, 0.015126479789614677]"
6,0.3,s6_case63,to <e1> <e2> points for this case,maps:rev,maps:fwd,0,1,precedes:rev,0,precedes:rev,0,0,maps:fwd,maps:fwd,precedes:rev,1.0,0.0,1.0,"{""maps:fwd"": 0.04621002813514998, ""precedes:rev"": 0.25706082461333246, ""contains:fwd"": 0.04621002813514998, ""contains:rev"": 0.07638154720889745, ""maps:rev"": 0.7127676563129204}","[""maps:fwd"", ""precedes:rev"", ""contains:fwd"", ""contains:rev"", ""maps:rev""]","[0.600676953792572, 0.2607710361480713, 0.0918358862400055, 0.019485369324684143, 0.016065502539277077]"
6,0.3,s6_case64,<e2> has <e1> inside in context,contains:rev,supports:fwd,0,1,contains:rev,1,contains:fwd,0,1,supports:fwd,supports:fwd,contains:rev,1.0,0.0,1.0,"{""supports:fwd"": 0.22683818493515, ""supports:rev"": 0.08300456359093959, ""contains:fwd"": 0.04621002813514998, ""contains:rev"": 0.7363672796090608, ""precedes:fwd"": 0.04621002813514998}","[""supports:fwd"", ""supports:rev"", ""contains:fwd"", ""contains:rev"", ""precedes:fwd""]","[0.6199424266815186, 0.1753385365009308, 0.09631204605102539, 0.09031694382429123, 0.012776479125022888]"
6,0.3,s6_case65,<e2> trails <e1> in context,precedes:fwd,contains:rev,0,1,precedes:fwd,1,maps:fwd,0,1,contains:rev,contains:rev,precedes:fwd,1.0,0.0,1.0,"{""contains:rev"": 0.1478792743603378, ""precedes:rev"": 0.04621002813514998, ""precedes:fwd"": 0.8521207256396623, ""maps:fwd"": 0.04621002813514998, ""supports:fwd"": 0.04621002813514998}","[""contains:rev"", ""precedes:rev"", ""precedes:fwd"", ""maps:fwd"", ""supports:fwd""]","[0.8554528951644897, 0.08068229258060455, 0.038306303322315216, 0.00743426289409399, 0.006213268265128136]"
6,0.3,s6_case66,before <e1> comes <e2> directly,precedes:rev,precedes:rev,1,1,precedes:rev,1,precedes:rev,1,0,precedes:fwd,precedes:fwd,precedes:rev,1.0,0.0,12.0,"{""precedes:rev"": 0.6009930184078728, ""precedes:fwd"": 0.27519194493515003, ""maps:fwd"": 0.04621002813514998, ""contains:fwd"": 0.0664973575603378, ""supports:rev"": 0.14973773536693963}","[""precedes:rev"", ""precedes:fwd"", ""maps:fwd"", ""contains:fwd"", ""supports:rev""]","[0.9754517674446106, 0.008122635073959827, 0.005919424816966057, 0.002991731744259596, 0.0029240117873996496]"
6,0.3,s6_case67,<e1> is held up by <e2>,supports:rev,precedes:rev,0,1,precedes:rev,0,precedes:rev,0,0,precedes:rev,precedes:rev,precedes:rev,1.0,1.0,1.0,"{""precedes:rev"": 0.23868141283733244, ""contains:rev"": 0.1657435975603378, ""maps:rev"": 0.40196322899146997, ""maps:fwd"": 0.04621002813514998, ""supports:rev"": 0.28603181688116}","[""precedes:rev"", ""contains:rev"", ""maps:rev"", ""maps:fwd"", ""supports:rev""]","[0.6197279691696167, 0.25213682651519775, 0.04497069492936134, 0.04438208416104317, 0.024591263383626938]"
6,0.3,s6_case68,the target of <e1> is <e2>,maps:fwd,maps:rev,0,1,maps:rev,0,maps:rev,0,0,maps:rev,maps:rev,maps:rev,1.0,1.0,1.0,"{""maps:rev"": 0.13772576444725962, ""supports:fwd"": 0.04621002813514998, ""precedes:fwd"": 0.12759194493515, ""maps:fwd"": 0.5038745596789932, ""supports:rev"": 0.3232277872088975}","[""maps:rev"", ""supports:fwd"", ""precedes:fwd"", ""maps:fwd"", ""supports:rev""]","[0.8707788586616516, 0.1020432561635971, 0.010043274611234665, 0.00929687637835741, 0.0032092274632304907]"
6,0.3,s6_case69,from <e2> <e1> is mapped in context,maps:rev,maps:rev,1,1,maps:rev,1,maps:rev,1,0,supports:fwd,maps:rev,maps:rev,0.0,0.0,13.0,"{""maps:rev"": 0.7287619967991895, ""supports:fwd"": 0.04621002813514998, ""precedes:fwd"": 0.0664973575603378, ""maps:fwd"": 0.2509506737756229, ""contains:rev"": 0.04621002813514998}","[""maps:rev"", ""supports:fwd"", ""precedes:fwd"", ""maps:fwd"", ""contains:rev""]","[0.9836066961288452, 0.004108676686882973, 0.003572701010853052, 0.002386966021731496, 0.0022920926567167044]"
6,0.3,s6_case70,to <e1> <e2> points for this case,maps:rev,maps:fwd,0,1,maps:fwd,0,precedes:rev,0,0,maps:fwd,maps:fwd,maps:fwd,1.0,1.0,1.0,"{""maps:fwd"": 0.25638154720889744, ""precedes:rev"": 0.21218943991115002, ""contains:fwd"": 0.04621002813514998, ""contains:rev"": 0.04621002813514998, ""maps:rev"": 0.5776390410151028}","[""maps:fwd"", ""precedes:rev"", ""contains:fwd"", ""contains:rev"", ""maps:rev""]","[0.600676953792572, 0.2607710361480713, 0.0918358862400055, 0.019485369324684143, 0.016065502539277077]"
6,0.3,s6_case71,backing <e1> is <e2>,supports:rev,maps:rev,0,0,maps:rev,0,maps:rev,0,0,,,,,,,,,
6,0.3,s6_case72,before <e1> comes <e2> directly,precedes:rev,precedes:rev,1,1,precedes:rev,1,precedes:rev,1,0,precedes:fwd,precedes:rev,precedes:rev,0.0,0.0,13.0,"{""precedes:rev"": 0.6478483478330606, ""precedes:fwd"": 0.04621002813514998, ""maps:fwd"": 0.12759194493515, ""contains:fwd"": 0.16724202813515002, ""supports:rev"": 0.14973773536693963}","[""precedes:rev"", ""precedes:fwd"", ""maps:fwd"", ""contains:fwd"", ""supports:rev""]","[0.9754517674446106, 0.008122635073959827, 0.005919424816966057, 0.002991731744259596, 0.0029240117873996496]"
6,0.3,s6_case73,<e2> trails <e1> usually,precedes:fwd,contains:rev,0,1,precedes:fwd,1,precedes:fwd,1,1,contains:rev,contains:rev,precedes:fwd,1.0,0.0,4.0,"{""contains:rev"": 0.04621002813514998, ""precedes:fwd"": 0.6009342376483774, ""precedes:rev"": 0.11294319991115, ""maps:fwd"": 0.2509506737756229, ""supports:fwd"": 0.12759194493515}","[""contains:rev"", ""precedes:fwd"", ""precedes:rev"", ""maps:fwd"", ""supports:fwd""]","[0.49104270339012146, 0.429065465927124, 0.045630309730768204, 0.017494088038802147, 0.0060668643563985825]"
6,0.3,s6_case74,<e2> is ahead of <e1>,precedes:rev,contains:fwd,0,0,contains:fwd,0,contains:fwd,0,0,,,,,,,,,
6,0.3,s6_case75,before <e2> comes <e1> for this case,precedes:fwd,precedes:rev,0,0,precedes:rev,0,precedes:rev,0,0,,,,,,,,,
6,0.3,s6_case76,before <e2> comes <e1> in context,precedes:fwd,precedes:rev,0,1,precedes:rev,0,precedes:rev,0,0,precedes:rev,precedes:rev,precedes:rev,1.0,1.0,1.0,"{""precedes:rev"": 0.26054319991115, ""precedes:fwd"": 0.5226622646330606, ""supports:rev"": 0.04621002813514998, ""maps:fwd"": 0.2630045635909396, ""supports:fwd"": 0.04621002813514998}","[""precedes:rev"", ""precedes:fwd"", ""supports:rev"", ""maps:fwd"", ""supports:fwd""]","[0.9660518765449524, 0.011080640368163586, 0.007706621661782265, 0.007691198959946632, 0.002653304021805525]"
6,0.3,s6_case77,<e2> is ahead of <e1> in context,precedes:rev,contains:fwd,0,0,contains:fwd,0,contains:fwd,0,0,,,,,,,,,
6,0.3,s6_case78,backing <e2> is <e1> directly,supports:fwd,maps:rev,0,1,maps:rev,0,maps:rev,0,0,maps:rev,maps:rev,maps:rev,1.0,1.0,1.0,"{""maps:rev"": 0.22621002813514998, ""contains:rev"": 0.10093122899146997, ""contains:fwd"": 0.1032918930161274, ""supports:rev"": 0.19381002813515, ""supports:fwd"": 0.5143869061275529}","[""maps:rev"", ""contains:rev"", ""contains:fwd"", ""supports:rev"", ""supports:fwd""]","[0.7473874688148499, 0.09406602382659912, 0.07642757147550583, 0.04454189911484718, 0.020298313349485397]"
6,0.3,s6_case79,the target of <e2> is <e1>,maps:rev,maps:rev,1,1,maps:rev,1,supports:fwd,0,0,maps:fwd,maps:fwd,maps:rev,1.0,0.0,9.0,"{""maps:rev"": 0.9089185871626677, ""maps:fwd"": 0.0910814128373324, ""precedes:fwd"": 0.04621002813514998, ""supports:fwd"": 0.04621002813514998, ""supports:rev"": 0.04621002813514998}","[""maps:rev"", ""maps:fwd"", ""precedes:fwd"", ""supports:fwd"", ""supports:rev""]","[0.8086023330688477, 0.07820098847150803, 0.04633804038167, 0.03621906787157059, 0.022348657250404358]"
7,0.0,s7_case0,to <e1> <e2> points usually,maps:rev,maps:fwd,0,1,maps:rev,1,contains:rev,0,1,maps:fwd,maps:fwd,maps:rev,1.0,0.0,2.0,"{""maps:fwd"": 0.04621002813514998, ""contains:fwd"": 0.04621002813514998, ""contains:rev"": 0.04621002813514998, ""maps:rev"": 0.9537899718648504, ""supports:rev"": 0.04621002813514998}","[""maps:fwd"", ""contains:fwd"", ""contains:rev"", ""maps:rev"", ""supports:rev""]","[0.5952267646789551, 0.1953195482492447, 0.11000943928956985, 0.08348327875137329, 0.008567375130951405]"
7,0.0,s7_case1,to <e2> <e1> points for this case,maps:fwd,contains:rev,0,1,maps:fwd,1,maps:rev,0,1,contains:rev,contains:rev,maps:fwd,1.0,0.0,1.0,"{""contains:rev"": 0.04621002813514998, ""contains:fwd"": 0.04621002813514998, ""maps:rev"": 0.04621002813514998, ""maps:fwd"": 0.9537899718648504, ""supports:rev"": 0.04621002813514998}","[""contains:rev"", ""contains:fwd"", ""maps:rev"", ""maps:fwd"", ""supports:rev""]","[0.7276162505149841, 0.13147947192192078, 0.07389707118272781, 0.045403189957141876, 0.018429161980748177]"
7,0.0,s7_case2,backing <e2> is <e1> for this case,supports:fwd,maps:rev,0,1,supports:fwd,1,supports:fwd,1,1,maps:rev,maps:rev,supports:fwd,1.0,0.0,1.0,"{""maps:rev"": 0.04621002813514998, ""contains:fwd"": 0.04621002813514998, ""contains:rev"": 0.04621002813514998, ""supports:fwd"": 0.9537899718648504, ""precedes:rev"": 0.04621002813514998}","[""maps:rev"", ""contains:fwd"", ""contains:rev"", ""supports:fwd"", ""precedes:rev""]","[0.6685301661491394, 0.21773511171340942, 0.06758679449558258, 0.03176308423280716, 0.004781037103384733]"
7,0.0,s7_case3,support for <e1> comes from <e2>,supports:rev,precedes:rev,0,1,supports:rev,1,supports:rev,1,1,precedes:rev,precedes:rev,supports:rev,1.0,0.0,3.0,"{""precedes:rev"": 0.04621002813514998, ""supports:rev"": 0.9537899718648504, ""precedes:fwd"": 0.04621002813514998, ""maps:rev"": 0.04621002813514998, ""supports:fwd"": 0.04621002813514998}","[""precedes:rev"", ""supports:rev"", ""precedes:fwd"", ""maps:rev"", ""supports:fwd""]","[0.5739322304725647, 0.229934960603714, 0.1844400316476822, 0.0042420001700520515, 0.0039038739632815123]"
7,0.0,s7_case4,<e2> is held up by <e1>,supports:fwd,contains:fwd,0,1,supports:fwd,1,contains:fwd,0,1,contains:fwd,contains:fwd,supports:fwd,1.0,0.0,1.0,"{""contains:fwd"": 0.04621002813514998, ""maps:fwd"": 0.04621002813514998, ""supports:rev"": 0.04621002813514998, ""precedes:rev"": 0.04621002813514998, ""supports:fwd"": 0.9537899718648504}","[""contains:fwd"", ""maps:fwd"", ""supports:rev"", ""precedes:rev"", ""supports:fwd""]","[0.48893555998802185, 0.2917441427707672, 0.14044052362442017, 0.024477016180753708, 0.021227972581982613]"
7,0.0,s7_case5,to <e2> <e1> points in context,maps:fwd,maps:fwd,1,1,maps:fwd,1,supports:fwd,0,0,maps:rev,maps:rev,maps:fwd,1.0,0.0,5.0,"{""maps:fwd"": 0.9537899718648504, ""maps:rev"": 0.04621002813514998, ""supports:fwd"": 0.04621002813514998, ""contains:fwd"": 0.04621002813514998, ""precedes:fwd"": 0.04621002813514998}","[""maps:fwd"", ""maps:rev"", ""supports:fwd"", ""contains:fwd"", ""precedes:fwd""]","[0.5917398929595947, 0.2772890031337738, 0.06875192373991013, 0.038001637905836105, 0.01091192476451397]"
7,0.0,s7_case6,within <e2> sits <e1> usually,contains:rev,contains:fwd,0,0,contains:fwd,0,contains:fwd,0,0,,,,,,,,,
7,0.0,s7_case7,backing <e1> is <e2>,supports:rev,contains:fwd,0,0,contains:fwd,0,contains:fwd,0,0,,,,,,,,,
7,0.0,s7_case8,support for <e1> comes from <e2> in context,supports:rev,precedes:fwd,0,1,supports:rev,1,supports:fwd,0,1,precedes:fwd,precedes:fwd,supports:rev,1.0,0.0,3.0,"{""precedes:fwd"": 0.04621002813514998, ""precedes:rev"": 0.04621002813514998, ""supports:rev"": 0.9537899718648504, ""maps:rev"": 0.04621002813514998, ""supports:fwd"": 0.04621002813514998}","[""precedes:fwd"", ""precedes:rev"", ""supports:rev"", ""maps:rev"", ""supports:fwd""]","[0.3882874548435211, 0.2969980537891388, 0.29395514726638794, 0.008937408216297626, 0.007117659319192171]"
7,0.0,s7_case9,before <e1> comes <e2> usually,precedes:rev,precedes:rev,1,1,precedes:rev,1,precedes:fwd,0,0,precedes:fwd,precedes:fwd,precedes:rev,1.0,0.0,7.0,"{""precedes:rev"": 0.9537899718648504, ""precedes:fwd"": 0.04621002813514998, ""supports:fwd"": 0.04621002813514998, ""supports:rev"": 0.04621002813514998, ""maps:rev"": 0.04621002813514998}","[""precedes:rev"", ""precedes:fwd"", ""supports:fwd"", ""supports:rev"", ""maps:rev""]","[0.85312819480896, 0.13719819486141205, 0.002679429017007351, 0.002064169617369771, 0.001878068083897233]"
7,0.0,s7_case10,<e2> is held up by <e1> directly,supports:fwd,maps:fwd,0,1,maps:fwd,0,maps:fwd,0,0,maps:fwd,maps:fwd,maps:fwd,1.0,1.0,1.0,"{""maps:fwd"": 0.04621002813514998, ""contains:fwd"": 0.04621002813514998, ""contains:rev"": 0.04621002813514998, ""supports:rev"": 0.04621002813514998, ""supports:fwd"": 0.9537899718648504}","[""maps:fwd"", ""contains:fwd"", ""contains:rev"", ""supports:rev"", ""supports:fwd""]","[0.9860737323760986, 0.00606982596218586, 0.0038646350149065256, 0.0013258811086416245, 0.000836257531773299]"
7,0.0,s7_case11,<e1> trails <e2>,precedes:rev,supports:fwd,0,1,precedes:rev,1,maps:fwd,0,1,supports:fwd,supports:fwd,precedes:rev,1.0,0.0,2.0,"{""supports:fwd"": 0.04621002813514998, ""precedes:rev"": 0.9537899718648504, ""supports:rev"": 0.04621002813514998, ""maps:fwd"": 0.04621002813514998, ""maps:rev"": 0.04621002813514998}","[""supports:fwd"", ""precedes:rev"", ""supports:rev"", ""maps:fwd"", ""maps:rev""]","[0.724387526512146, 0.20133057236671448, 0.02608509548008442, 0.018580937758088112, 0.017296364530920982]"
7,0.0,s7_case12,<e2> is ahead of <e1> for this case,precedes:rev,maps:fwd,0,0,maps:fwd,0,maps:fwd,0,0,,,,,,,,,
7,0.0,s7_case13,<e2> trails <e1>,precedes:fwd,precedes:fwd,1,1,precedes:fwd,1,maps:rev,0,0,maps:rev,maps:rev,precedes:fwd,1.0,0.0,5.0,"{""precedes:fwd"": 0.9537899718648504, ""maps:rev"": 0.04621002813514998, ""supports:rev"": 0.04621002813514998, ""supports:fwd"": 0.04621002813514998, ""contains:rev"": 0.04621002813514998}","[""precedes:fwd"", ""maps:rev"", ""supports:rev"", ""supports:fwd"", ""contains:rev""]","[0.6583799719810486, 0.19843076169490814, 0.10923446714878082, 0.021764451637864113, 0.005807254929095507]"
7,0.0,s7_case14,inside <e1> is <e2> usually,contains:fwd,contains:fwd,1,1,contains:fwd,1,contains:rev,0,0,maps:fwd,maps:fwd,contains:fwd,1.0,0.0,6.0,"{""contains:fwd"": 0.9537899718648504, ""maps:fwd"": 0.04621002813514998, ""contains:rev"": 0.04621002813514998, ""maps:rev"": 0.04621002813514998, ""supports:rev"": 0.04621002813514998}","[""contains:fwd"", ""maps:fwd"", ""contains:rev"", ""maps:rev"", ""supports:rev""]","[0.783487856388092, 0.16902662813663483, 0.032191064208745956, 0.008728076703846455, 0.0024594899732619524]"
7,0.0,s7_case15,backing <e2> is <e1> directly,supports:fwd,contains:rev,0,0,contains:rev,0,contains:rev,0,0,,,,,,,,,
7,0.0,s7_case16,the target of <e1> is <e2>,maps:fwd,maps:rev,0,1,maps:fwd,1,maps:fwd,1,1,maps:rev,maps:rev,maps:fwd,1.0,0.0,2.0,"{""maps:rev"": 0.04621002813514998, ""maps:fwd"": 0.9537899718648504, ""supports:fwd"": 0.04621002813514998, ""contains:rev"": 0.04621002813514998, ""contains:fwd"": 0.04621002813514998}","[""maps:rev"", ""maps:fwd"", ""supports:fwd"", ""contains:rev"", ""contains:fwd""]","[0.8591153621673584, 0.10121086239814758, 0.01844858191907406, 0.007840677164494991, 0.007076594512909651]"
7,0.0,s7_case17,<e2> is ahead of <e1> for this case,precedes:rev,maps:fwd,0,0,maps:fwd,0,maps:fwd,0,0,,,,,,,,,
7,0.0,s7_case18,to <e2> <e1> points in context,maps:fwd,maps:fwd,1,1,maps:fwd,1,contains:fwd,0,0,maps:rev,maps:rev,maps:fwd,1.0,0.0,5.0,"{""maps:fwd"": 0.9537899718648504, ""maps:rev"": 0.04621002813514998, ""supports:fwd"": 0.04621002813514998, ""contains:fwd"": 0.04621002813514998, ""precedes:fwd"": 0.04621002813514998}","[""maps:fwd"", ""maps:rev"", ""supports:fwd"", ""contains:fwd"", ""precedes:fwd""]","[0.5917398929595947, 0.2772890031337738, 0.06875192373991013, 0.038001637905836105, 0.01091192476451397]"
7,0.0,s7_case19,for this case <e1> is ahead of <e2>,precedes:fwd,maps:rev,0,0,maps:rev,0,maps:rev,0,0,,,,,,,,,
7,0.0,s7_case20,from <e2> <e1> is mapped for this case,maps:rev,contains:rev,0,1,maps:rev,1,supports:rev,0,1,contains:rev,contains:rev,maps:rev,1.0,0.0,1.0,"{""contains:rev"": 0.04621002813514998, ""supports:rev"": 0.04621002813514998, ""precedes:rev"": 0.04621002813514998, ""maps:rev"": 0.9537899718648504, ""maps:fwd"": 0.04621002813514998}","[""contains:rev"", ""supports:rev"", ""precedes:rev"", ""maps:rev"", ""maps:fwd""]","[0.6811662316322327, 0.10407749563455582, 0.10345969349145889, 0.04905754327774048, 0.047105055302381516]"
7,0.0,s7_case21,the target of <e2> is <e1> usually,maps:rev,maps:fwd,0,1,maps:fwd,0,contains:fwd,0,0,maps:fwd,maps:fwd,maps:fwd,1.0,1.0,1.0,"{""maps:fwd"": 0.04621002813514998, ""contains:fwd"": 0.04621002813514998, ""contains:rev"": 0.04621002813514998, ""maps:rev"": 0.9537899718648504, ""supports:fwd"": 0.04621002813514998}","[""maps:fwd"", ""contains:fwd"", ""contains:rev"", ""maps:rev"", ""supports:fwd""]","[0.9513764977455139, 0.03731955960392952, 0.005933117121458054, 0.001682369620539248, 0.0012171306880190969]"
7,0.0,s7_case22,backing <e2> is <e1> usually,supports:fwd,contains:rev,0,0,contains:rev,0,contains:rev,0,0,,,,,,,,,
7,0.0,s7_case23,<e2> trails <e1> in context,precedes:fwd,precedes:fwd,1,1,precedes:fwd,1,precedes:fwd,1,0,supports:rev,supports:rev,precedes:fwd,1.0,0.0,5.0,"{""precedes:fwd"": 0.9537899718648504, ""supports:rev"": 0.04621002813514998, ""supports:fwd"": 0.04621002813514998, ""maps:rev"": 0.04621002813514998, ""maps:fwd"": 0.04621002813514998}","[""precedes:fwd"", ""supports:rev"", ""supports:fwd"", ""maps:rev"", ""maps:fwd""]","[0.680503249168396, 0.2452087104320526, 0.026961347088217735, 0.024789851158857346, 0.01814253069460392]"
7,0.0,s7_case24,to <e1> <e2> points usually,maps:rev,maps:fwd,0,1,maps:rev,1,supports:rev,0,1,maps:fwd,maps:fwd,maps:rev,1.0,0.0,2.0,"{""maps:fwd"": 0.04621002813514998, ""contains:fwd"": 0.04621002813514998, ""contains:rev"": 0.04621002813514998, ""maps:rev"": 0.9537899718648504, ""supports:rev"": 0.04621002813514998}","[""maps:fwd"", ""contains:fwd"", ""contains:rev"", ""maps:rev"", ""supports:rev""]","[0.5952267646789551, 0.1953195482492447, 0.11000943928956985, 0.08348327875137329, 0.008567375130951405]"
7,0.0,s7_case25,<e2> has <e1> inside,contains:rev,contains:rev,1,1,contains:rev,1,supports:rev,0,0,supports:rev,contains:rev,contains:rev,0.0,0.0,13.0,"{""contains:rev"": 0.9537899718648504, ""supports:rev"": 0.04621002813514998, ""contains:fwd"": 0.04621002813514998, ""maps:rev"": 0.04621002813514998, ""precedes:rev"": 0.04621002813514998}","[""contains:rev"", ""supports:rev"", ""contains:fwd"", ""maps:rev"", ""precedes:rev""]","[0.979608952999115, 0.007787731941789389, 0.007089907769113779, 0.0029314174316823483, 0.0015429271152243018]"
7,0.0,s7_case26,the target of <e1> is <e2> in context,maps:fwd,maps:fwd,1,1,maps:fwd,1,supports:fwd,0,0,maps:rev,maps:rev,maps:fwd,1.0,0.0,5.0,"{""maps:fwd"": 0.9537899718648504, ""maps:rev"": 0.04621002813514998, ""supports:fwd"": 0.04621002813514998, ""contains:rev"": 0.04621002813514998, ""contains:fwd"": 0.04621002813514998}","[""maps:fwd"", ""maps:rev"", ""supports:fwd"", ""contains:rev"", ""contains:fwd""]","[0.7456654906272888, 0.2316085398197174, 0.007898282259702682, 0.0070306989364326, 0.004203121643513441]"
7,0.0,s7_case27,in context <e1> has <e2> inside,contains:fwd,contains:rev,0,1,contains:fwd,1,precedes:rev,0,1,contains:rev,contains:rev,contains:fwd,1.0,0.0,1.0,"{""contains:rev"": 0.04621002813514998, ""supports:rev"": 0.04621002813514998, ""maps:rev"": 0.04621002813514998, ""precedes:rev"": 0.04621002813514998, ""contains:fwd"": 0.9537899718648504}","[""contains:rev"", ""supports:rev"", ""maps:rev"", ""precedes:rev"", ""contains:fwd""]","[0.9694814682006836, 0.01614021323621273, 0.007337281946092844, 0.002987832296639681, 0.002402625512331724]"
7,0.0,s7_case28,before <e2> comes <e1> for this case,precedes:fwd,precedes:fwd,1,1,precedes:fwd,1,supports:rev,0,0,precedes:rev,precedes:rev,precedes:fwd,1.0,0.0,11.0,"{""precedes:fwd"": 0.9537899718648504, ""precedes:rev"": 0.04621002813514998, ""contains:fwd"": 0.04621002813514998, ""maps:fwd"": 0.04621002813514998, ""supports:rev"": 0.04621002813514998}","[""precedes:fwd"", ""precedes:rev"", ""contains:fwd"", ""maps:fwd"", ""supports:rev""]","[0.965366005897522, 0.01901702582836151, 0.005760767497122288, 0.0032573877833783627, 0.0028379028663039207]"
7,0.0,s7_case29,<e1> is ahead of <e2>,precedes:fwd,maps:rev,0,0,maps:rev,0,maps:rev,0,0,,,,,,,,,
7,0.0,s7_case30,<e2> trails <e1>,precedes:fwd,precedes:fwd,1,1,precedes:fwd,1,maps:rev,0,0,maps:rev,maps:rev,precedes:fwd,1.0,0.0,5.0,"{""precedes:fwd"": 0.9537899718648504, ""maps:rev"": 0.04621002813514998, ""supports:rev"": 0.04621002813514998, ""supports:fwd"": 0.04621002813514998, ""contains:rev"": 0.04621002813514998}","[""precedes:fwd"", ""maps:rev"", ""supports:rev"", ""supports:fwd"", ""contains:rev""]","[0.6583799719810486, 0.19843076169490814, 0.10923446714878082, 0.021764451637864113, 0.005807254929095507]"
7,0.0,s7_case31,<e2> has <e1> inside for this case,contains:rev,contains:rev,1,1,contains:rev,1,supports:rev,0,0,contains:fwd,contains:fwd,contains:rev,1.0,0.0,11.0,"{""contains:rev"": 0.9537899718648504, ""contains:fwd"": 0.04621002813514998, ""supports:rev"": 0.04621002813514998, ""maps:rev"": 0.04621002813514998, ""precedes:rev"": 0.04621002813514998}","[""contains:rev"", ""contains:fwd"", ""supports:rev"", ""maps:rev"", ""precedes:rev""]","[0.9637793302536011, 0.016705486923456192, 0.012974405661225319, 0.002947828732430935, 0.0019641818944364786]"
7,0.0,s7_case32,within <e2> sits <e1>,contains:rev,contains:fwd,0,1,contains:rev,1,contains:fwd,0,1,contains:fwd,contains:fwd,contains:rev,1.0,0.0,1.0,"{""contains:fwd"": 0.04621002813514998, ""precedes:rev"": 0.04621002813514998, ""supports:fwd"": 0.04621002813514998, ""contains:rev"": 0.9537899718648504, ""maps:rev"": 0.04621002813514998}","[""contains:fwd"", ""precedes:rev"", ""supports:fwd"", ""contains:rev"", ""maps:rev""]","[0.8401132225990295, 0.114095538854599, 0.031485944986343384, 0.004582480993121862, 0.003945349715650082]"
7,0.0,s7_case33,within <e2> sits <e1> in context,contains:rev,supports:fwd,0,0,supports:fwd,0,supports:fwd,0,0,,,,,,,,,
7,0.0,s7_case34,inside <e2> is <e1> usually,contains:rev,maps:fwd,0,1,contains:rev,1,supports:rev,0,1,maps:fwd,maps:fwd,contains:rev,1.0,0.0,2.0,"{""maps:fwd"": 0.04621002813514998, ""contains:fwd"": 0.04621002813514998, ""contains:rev"": 0.9537899718648504, ""maps:rev"": 0.04621002813514998, ""supports:rev"": 0.04621002813514998}","[""maps:fwd"", ""contains:fwd"", ""contains:rev"", ""maps:rev"", ""supports:rev""]","[0.6122872829437256, 0.25820204615592957, 0.09800595045089722, 0.02381143905222416, 0.0038145289290696383]"
7,0.0,s7_case35,in context <e1> trails <e2>,precedes:rev,supports:fwd,0,1,precedes:rev,1,supports:fwd,0,1,supports:fwd,supports:fwd,precedes:rev,1.0,0.0,1.0,"{""supports:fwd"": 0.04621002813514998, ""precedes:rev"": 0.9537899718648504, ""supports:rev"": 0.04621002813514998, ""contains:rev"": 0.04621002813514998, ""contains:fwd"": 0.04621002813514998}","[""supports:fwd"", ""precedes:rev"", ""supports:rev"", ""contains:rev"", ""contains:fwd""]","[0.9149951934814453, 0.051527440547943115, 0.012605161406099796, 0.011148898862302303, 0.004197340924292803]"
7,0.0,s7_case36,directly <e1> has <e2> inside,contains:fwd,contains:rev,0,1,contains:fwd,1,maps:fwd,0,1,contains:rev,contains:rev,contains:fwd,1.0,0.0,3.0,"{""contains:rev"": 0.04621002813514998, ""contains:fwd"": 0.9537899718648504, ""maps:fwd"": 0.04621002813514998, ""precedes:fwd"": 0.04621002813514998, ""maps:rev"": 0.04621002813514998}","[""contains:rev"", ""contains:fwd"", ""maps:fwd"", ""precedes:fwd"", ""maps:rev""]","[0.5810399055480957, 0.29024577140808105, 0.08464274555444717, 0.016684604808688164, 0.013214843347668648]"
7,0.0,s7_case37,within <e1> sits <e2> for this case,contains:fwd,contains:fwd,1,1,contains:fwd,1,supports:fwd,0,0,maps:fwd,maps:fwd,contains:fwd,1.0,0.0,9.0,"{""contains:fwd"": 0.9537899718648504, ""maps:fwd"": 0.04621002813514998, ""precedes:rev"": 0.04621002813514998, ""maps:rev"": 0.04621002813514998, ""supports:fwd"": 0.04621002813514998}","[""contains:fwd"", ""maps:fwd"", ""precedes:rev"", ""maps:rev"", ""supports:fwd""]","[0.8834705948829651, 0.04950612783432007, 0.044078800827264786, 0.013719719834625721, 0.003813778515905142]"
7,0.0,s7_case38,to <e1> <e2> points in context,maps:rev,maps:fwd,0,1,maps:rev,1,maps:fwd,0,1,maps:fwd,maps:fwd,maps:rev,1.0,0.0,1.0,"{""maps:fwd"": 0.04621002813514998, ""maps:rev"": 0.9537899718648504, ""contains:fwd"": 0.04621002813514998, ""supports:fwd"": 0.04621002813514998, ""precedes:fwd"": 0.04621002813514998}","[""maps:fwd"", ""maps:rev"", ""contains:fwd"", ""supports:fwd"", ""precedes:fwd""]","[0.9321936964988708, 0.024579469114542007, 0.023606248199939728, 0.014461000449955463, 0.002152336062863469]"
7,0.0,s7_case39,from <e2> <e1> is mapped usually,maps:rev,maps:rev,1,1,maps:rev,1,contains:rev,0,0,maps:fwd,maps:fwd,maps:rev,1.0,0.0,5.0,"{""maps:rev"": 0.9537899718648504, ""maps:fwd"": 0.04621002813514998, ""supports:rev"": 0.04621002813514998, ""precedes:rev"": 0.04621002813514998, ""contains:rev"": 0.04621002813514998}","[""maps:rev"", ""maps:fwd"", ""supports:rev"", ""precedes:rev"", ""contains:rev""]","[0.6212095618247986, 0.26572802662849426, 0.038658611476421356, 0.03319883346557617, 0.017125122249126434]"
7,0.0,s7_case40,the target of <e2> is <e1> in context,maps:rev,maps:fwd,0,1,maps:rev,1,contains:rev,0,1,maps:fwd,maps:fwd,maps:rev,1.0,0.0,1.0,"{""maps:fwd"": 0.04621002813514998, ""contains:fwd"": 0.04621002813514998, ""supports:fwd"": 0.04621002813514998, ""contains:rev"": 0.04621002813514998, ""maps:rev"": 0.9537899718648504}","[""maps:fwd"", ""contains:fwd"", ""supports:fwd"", ""contains:rev"", ""maps:rev""]","[0.9534693360328674, 0.021950989961624146, 0.01532058510929346, 0.00454852357506752, 0.0023269737139344215]"
7,0.0,s7_case41,inside <e1> is <e2>,contains:fwd,contains:fwd,1,1,contains:fwd,1,maps:fwd,0,0,maps:fwd,maps:fwd,contains:fwd,1.0,0.0,5.0,"{""contains:fwd"": 0.9537899718648504, ""maps:fwd"": 0.04621002813514998, ""contains:rev"": 0.04621002813514998, ""maps:rev"": 0.04621002813514998, ""supports:fwd"": 0.04621002813514998}","[""contains:fwd"", ""maps:fwd"", ""contains:rev"", ""maps:rev"", ""supports:fwd""]","[0.6236856579780579, 0.320655882358551, 0.034839436411857605, 0.010825537145137787, 0.005306266713887453]"
7,0.0,s7_case42,inside <e1> is <e2> usually,contains:fwd,contains:fwd,1,1,contains:fwd,1,contains:fwd,1,0,maps:fwd,maps:fwd,contains:fwd,1.0,0.0,6.0,"{""contains:fwd"": 0.9537899718648504, ""maps:fwd"": 0.04621002813514998, ""contains:rev"": 0.04621002813514998, ""maps:rev"": 0.04621002813514998, ""supports:rev"": 0.04621002813514998}","[""contains:fwd"", ""maps:fwd"", ""contains:rev"", ""maps:rev"", ""supports:rev""]","[0.783487856388092, 0.16902662813663483, 0.032191064208745956, 0.008728076703846455, 0.0024594899732619524]"
7,0.0,s7_case43,support for <e2> comes from <e1> in context,supports:fwd,precedes:fwd,0,1,supports:fwd,1,precedes:rev,0,1,precedes:fwd,precedes:fwd,supports:fwd,1.0,0.0,1.0,"{""precedes:fwd"": 0.04621002813514998, ""supports:rev"": 0.04621002813514998, ""precedes:rev"": 0.04621002813514998, ""supports:fwd"": 0.9537899718648504, ""maps:rev"": 0.04621002813514998}","[""precedes:fwd"", ""supports:rev"", ""precedes:rev"", ""supports:fwd"", ""maps:rev""]","[0.7606358528137207, 0.15027379989624023, 0.06589941680431366, 0.011120683513581753, 0.00876662414520979]"
7,0.0,s7_case44,for this case <e1> trails <e2>,precedes:rev,contains:fwd,0,1,precedes:rev,1,precedes:rev,1,1,contains:fwd,contains:fwd,precedes:rev,1.0,0.0,1.0,"{""contains:fwd"": 0.04621002813514998, ""supports:fwd"": 0.04621002813514998, ""precedes:rev"": 0.9537899718648504, ""maps:rev"": 0.04621002813514998, ""precedes:fwd"": 0.04621002813514998}","[""contains:fwd"", ""supports:fwd"", ""precedes:rev"", ""maps:rev"", ""precedes:fwd""]","[0.6115891933441162, 0.3049312233924866, 0.03991962596774101, 0.026756377890706062, 0.005923577584326267]"
7,0.0,s7_case45,to <e2> <e1> points in context,maps:fwd,maps:fwd,1,1,maps:fwd,1,maps:rev,0,0,maps:rev,maps:rev,maps:fwd,1.0,0.0,5.0,"{""maps:fwd"": 0.9537899718648504, ""maps:rev"": 0.04621002813514998, ""supports:fwd"": 0.04621002813514998, ""contains:fwd"": 0.04621002813514998, ""precedes:fwd"": 0.04621002813514998}","[""maps:fwd"", ""maps:rev"", ""supports:fwd"", ""contains:fwd"", ""precedes:fwd""]","[0.5917398929595947, 0.2772890031337738, 0.06875192373991013, 0.038001637905836105, 0.01091192476451397]"
7,0.0,s7_case46,backing <e1> is <e2> usually,supports:rev,contains:fwd,0,1,supports:rev,1,supports:rev,1,1,contains:fwd,contains:fwd,supports:rev,1.0,0.0,1.0,"{""contains:fwd"": 0.04621002813514998, ""contains:rev"": 0.04621002813514998, ""maps:fwd"": 0.04621002813514998, ""supports:rev"": 0.9537899718648504, ""precedes:fwd"": 0.04621002813514998}","[""contains:fwd"", ""contains:rev"", ""maps:fwd"", ""supports:rev"", ""precedes:fwd""]","[0.8972121477127075, 0.0788128599524498, 0.012798800133168697, 0.003936792723834515, 0.003431818215176463]"
7,0.0,s7_case47,<e2> trails <e1> usually,precedes:fwd,supports:rev,0,1,precedes:fwd,1,supports:rev,0,1,supports:rev,supports:rev,precedes:fwd,1.0,0.0,1.0,"{""supports:rev"": 0.04621002813514998, ""contains:rev"": 0.04621002813514998, ""precedes:fwd"": 0.9537899718648504, ""maps:rev"": 0.04621002813514998, ""supports:fwd"": 0.04621002813514998}","[""supports:rev"", ""contains:rev"", ""precedes:fwd"", ""maps:rev"", ""supports:fwd""]","[0.8456889986991882, 0.06339060515165329, 0.04872597008943558, 0.03193981572985649, 0.004900163039565086]"
7,0.0,s7_case48,<e2> trails <e1>,precedes:fwd,precedes:fwd,1,1,precedes:fwd,1,supports:rev,0,0,maps:rev,maps:rev,precedes:fwd,1.0,0.0,5.0,"{""precedes:fwd"": 0.9537899718648504, ""maps:rev"": 0.04621002813514998, ""supports:rev"": 0.04621002813514998, ""supports:fwd"": 0.04621002813514998, ""contains:rev"": 0.04621002813514998}","[""precedes:fwd"", ""maps:rev"", ""supports:rev"", ""supports:fwd"", ""contains:rev""]","[0.6583799719810486, 0.19843076169490814, 0.10923446714878082, 0.021764451637864113, 0.005807254929095507]"
7,0.0,s7_case49,to <e2> <e1> points usually,maps:fwd,contains:rev,0,1,maps:fwd,1,contains:rev,0,1,contains:rev,contains:rev,maps:fwd,1.0,0.0,2.0,"{""contains:rev"": 0.04621002813514998, ""maps:fwd"": 0.9537899718648504, ""contains:fwd"": 0.04621002813514998, ""supports:rev"": 0.04621002813514998, ""maps:rev"": 0.04621002813514998}","[""contains:rev"", ""maps:fwd"", ""contains:fwd"", ""supports:rev"", ""maps:rev""]","[0.6119595170021057, 0.174948051571846, 0.138285294175148, 0.04722089692950249, 0.02251056768000126]"
7,0.0,s7_case50,the target of <e1> is <e2> directly,maps:fwd,maps:fwd,1,1,maps:fwd,1,maps:fwd,1,0,contains:rev,maps:fwd,maps:fwd,0.0,0.0,13.0,"{""maps:fwd"": 0.9537899718648504, ""contains:rev"": 0.04621002813514998, ""contains:fwd"": 0.04621002813514998, ""maps:rev"": 0.04621002813514998, ""supports:fwd"": 0.04621002813514998}","[""maps:fwd"", ""contains:rev"", ""contains:fwd"", ""maps:rev"", ""supports:fwd""]","[0.9834786653518677, 0.005984900519251823, 0.003983223345130682, 0.003974899183958769, 0.0009583080536685884]"
7,0.0,s7_case51,within <e1> sits <e2> directly,contains:fwd,contains:fwd,1,1,contains:fwd,1,contains:fwd,1,0,precedes:rev,precedes:rev,contains:fwd,1.0,0.0,7.0,"{""contains:fwd"": 0.9537899718648504, ""precedes:rev"": 0.04621002813514998, ""supports:fwd"": 0.04621002813514998, ""maps:rev"": 0.04621002813514998, ""precedes:fwd"": 0.04621002813514998}","[""contains:fwd"", ""precedes:rev"", ""supports:fwd"", ""maps:rev"", ""precedes:fwd""]","[0.8122602701187134, 0.08400625735521317, 0.07184765487909317, 0.017387811094522476, 0.00794261135160923]"
7,0.0,s7_case52,<e2> trails <e1> directly,precedes:fwd,supports:rev,0,1,precedes:fwd,1,maps:rev,0,1,supports:rev,supports:rev,precedes:fwd,1.0,0.0,3.0,"{""supports:rev"": 0.04621002813514998, ""precedes:fwd"": 0.9537899718648504, ""maps:rev"": 0.04621002813514998, ""contains:rev"": 0.04621002813514998, ""supports:fwd"": 0.04621002813514998}","[""supports:rev"", ""precedes:fwd"", ""maps:rev"", ""contains:rev"", ""supports:fwd""]","[0.6076529622077942, 0.24976502358913422, 0.06364896893501282, 0.0617418996989727, 0.010992574505507946]"
7,0.0,s7_case53,before <e1> comes <e2> usually,precedes:rev,precedes:rev,1,1,precedes:rev,1,precedes:rev,1,0,precedes:fwd,precedes:fwd,precedes:rev,1.0,0.0,7.0,"{""precedes:rev"": 0.9537899718648504, ""precedes:fwd"": 0.04621002813514998, ""supports:fwd"": 0.04621002813514998, ""supports:rev"": 0.04621002813514998, ""maps:rev"": 0.04621002813514998}","[""precedes:rev"", ""precedes:fwd"", ""supports:fwd"", ""supports:rev"", ""maps:rev""]","[0.85312819480896, 0.13719819486141205, 0.002679429017007351, 0.002064169617369771, 0.001878068083897233]"
7,0.0,s7_case54,inside <e2> is <e1> for this case,contains:rev,maps:rev,0,1,contains:rev,1,supports:fwd,0,1,maps:rev,maps:rev,contains:rev,1.0,0.0,1.0,"{""maps:rev"": 0.04621002813514998, ""contains:fwd"": 0.04621002813514998, ""contains:rev"": 0.9537899718648504, ""supports:fwd"": 0.04621002813514998, ""maps:fwd"": 0.04621002813514998}","[""maps:rev"", ""contains:fwd"", ""contains:rev"", ""supports:fwd"", ""maps:fwd""]","[0.7127225995063782, 0.19441643357276917, 0.051964983344078064, 0.02774646505713463, 0.0036160398740321398]"
7,0.0,s7_case55,inside <e1> is <e2>,contains:fwd,contains:fwd,1,1,contains:fwd,1,contains:fwd,1,0,maps:fwd,maps:fwd,contains:fwd,1.0,0.0,5.0,"{""contains:fwd"": 0.9537899718648504, ""maps:fwd"": 0.04621002813514998, ""contains:rev"": 0.04621002813514998, ""maps:rev"": 0.04621002813514998, ""supports:fwd"": 0.04621002813514998}","[""contains:fwd"", ""maps:fwd"", ""contains:rev"", ""maps:rev"", ""supports:fwd""]","[0.6236856579780579, 0.320655882358551, 0.034839436411857605, 0.010825537145137787, 0.005306266713887453]"
7,0.0,s7_case56,within <e2> sits <e1> usually,contains:rev,contains:fwd,0,0,contains:fwd,0,contains:fwd,0,0,,,,,,,,,
7,0.0,s7_case57,inside <e1> is <e2> for this case,contains:fwd,maps:rev,0,1,contains:fwd,1,supports:fwd,0,1,maps:rev,maps:rev,contains:fwd,1.0,0.0,2.0,"{""maps:rev"": 0.04621002813514998, ""contains:fwd"": 0.9537899718648504, ""supports:fwd"": 0.04621002813514998, ""contains:rev"": 0.04621002813514998, ""precedes:rev"": 0.04621002813514998}","[""maps:rev"", ""contains:fwd"", ""supports:fwd"", ""contains:rev"", ""precedes:rev""]","[0.8318294882774353, 0.09653332084417343, 0.032284174114465714, 0.014386395923793316, 0.010248610749840736]"
7,0.0,s7_case58,<e2> is ahead of <e1> directly,precedes:rev,supports:fwd,0,0,supports:fwd,0,supports:fwd,0,0,,,,,,,,,
7,0.0,s7_case59,<e2> is held up by <e1> for this case,supports:fwd,contains:fwd,0,0,contains:fwd,0,contains:fwd,0,0,,,,,,,,,
7,0.0,s7_case60,the target of <e2> is <e1>,maps:rev,maps:fwd,0,1,maps:rev,1,maps:rev,1,1,maps:fwd,maps:fwd,maps:rev,1.0,0.0,1.0,"{""maps:fwd"": 0.04621002813514998, ""supports:fwd"": 0.04621002813514998, ""contains:fwd"": 0.04621002813514998, ""contains:rev"": 0.04621002813514998, ""maps:rev"": 0.9537899718648504}","[""maps:fwd"", ""supports:fwd"", ""contains:fwd"", ""contains:rev"", ""maps:rev""]","[0.7395718097686768, 0.1897554248571396, 0.05518125742673874, 0.006569662131369114, 0.004659474827349186]"
7,0.0,s7_case61,usually <e1> trails <e2>,precedes:rev,supports:fwd,0,1,precedes:rev,1,precedes:rev,1,1,supports:fwd,supports:fwd,precedes:rev,1.0,0.0,1.0,"{""supports:fwd"": 0.04621002813514998, ""contains:fwd"": 0.04621002813514998, ""contains:rev"": 0.04621002813514998, ""precedes:rev"": 0.9537899718648504, ""supports:rev"": 0.04621002813514998}","[""supports:fwd"", ""contains:fwd"", ""contains:rev"", ""precedes:rev"", ""supports:rev""]","[0.9093495011329651, 0.046322960406541824, 0.02121567167341709, 0.011975422501564026, 0.005130614619702101]"
7,0.0,s7_case62,usually <e1> is held up by <e2>,supports:rev,maps:rev,0,1,supports:rev,1,precedes:fwd,0,1,maps:rev,maps:rev,supports:rev,1.0,0.0,2.0,"{""maps:rev"": 0.04621002813514998, ""contains:rev"": 0.04621002813514998, ""supports:rev"": 0.9537899718648504, ""precedes:fwd"": 0.04621002813514998, ""precedes:rev"": 0.04621002813514998}","[""maps:rev"", ""contains:rev"", ""supports:rev"", ""precedes:fwd"", ""precedes:rev""]","[0.620394766330719, 0.23920664191246033, 0.09814877063035965, 0.021577754989266396, 0.008984537795186043]"
7,0.0,s7_case63,to <e1> <e2> points,maps:rev,maps:fwd,0,1,maps:rev,1,supports:rev,0,1,maps:fwd,maps:fwd,maps:rev,1.0,0.0,1.0,"{""maps:fwd"": 0.04621002813514998, ""contains:rev"": 0.04621002813514998, ""contains:fwd"": 0.04621002813514998, ""maps:rev"": 0.9537899718648504, ""supports:rev"": 0.04621002813514998}","[""maps:fwd"", ""contains:rev"", ""contains:fwd"", ""maps:rev"", ""supports:rev""]","[0.6362839341163635, 0.1593894064426422, 0.1176896020770073, 0.04462922737002373, 0.034797608852386475]"
7,0.0,s7_case64,within <e2> sits <e1> in context,contains:rev,supports:fwd,0,0,supports:fwd,0,supports:fwd,0,0,,,,,,,,,
7,0.0,s7_case65,inside <e1> is <e2> in context,contains:fwd,maps:fwd,0,1,contains:fwd,1,contains:rev,0,1,maps:fwd,maps:fwd,contains:fwd,1.0,0.0,2.0,"{""maps:fwd"": 0.04621002813514998, ""contains:fwd"": 0.9537899718648504, ""supports:fwd"": 0.04621002813514998, ""maps:rev"": 0.04621002813514998, ""contains:rev"": 0.04621002813514998}","[""maps:fwd"", ""contains:fwd"", ""supports:fwd"", ""maps:rev"", ""contains:rev""]","[0.8393287062644958, 0.06654349714517593, 0.06047213822603226, 0.026292892172932625, 0.003992727492004633]"
7,0.0,s7_case66,<e1> is held up by <e2>,supports:rev,maps:rev,0,1,supports:rev,1,supports:rev,1,1,maps:rev,maps:rev,supports:rev,1.0,0.0,1.0,"{""maps:rev"": 0.04621002813514998, ""contains:rev"": 0.04621002813514998, ""supports:rev"": 0.9537899718648504, ""precedes:rev"": 0.04621002813514998, ""maps:fwd"": 0.04621002813514998}","[""maps:rev"", ""contains:rev"", ""supports:rev"", ""precedes:rev"", ""maps:fwd""]","[0.7934589385986328, 0.15371045470237732, 0.032694656401872635, 0.011745902709662914, 0.003014088375493884]"
7,0.0,s7_case67,inside <e2> is <e1>,contains:rev,contains:rev,1,1,contains:rev,1,maps:fwd,0,0,maps:fwd,maps:fwd,contains:rev,1.0,0.0,5.0,"{""contains:rev"": 0.9537899718648504, ""maps:fwd"": 0.04621002813514998, ""maps:rev"": 0.04621002813514998, ""contains:fwd"": 0.04621002813514998, ""supports:rev"": 0.04621002813514998}","[""contains:rev"", ""maps:fwd"", ""maps:rev"", ""contains:fwd"", ""supports:rev""]","[0.6797693371772766, 0.2533455193042755, 0.03294762223958969, 0.02449052222073078, 0.00645563704892993]"
7,0.0,s7_case68,to <e2> <e1> points usually,maps:fwd,contains:rev,0,1,maps:fwd,1,contains:fwd,0,1,contains:rev,contains:rev,maps:fwd,1.0,0.0,2.0,"{""contains:rev"": 0.04621002813514998, ""maps:fwd"": 0.9537899718648504, ""contains:fwd"": 0.04621002813514998, ""supports:rev"": 0.04621002813514998, ""maps:rev"": 0.04621002813514998}","[""contains:rev"", ""maps:fwd"", ""contains:fwd"", ""supports:rev"", ""maps:rev""]","[0.6119595170021057, 0.174948051571846, 0.138285294175148, 0.04722089692950249, 0.02251056768000126]"
7,0.0,s7_case69,support for <e1> comes from <e2> for this case,supports:rev,precedes:fwd,0,1,supports:rev,1,maps:rev,0,1,precedes:fwd,precedes:fwd,supports:rev,1.0,0.0,2.0,"{""precedes:fwd"": 0.04621002813514998, ""precedes:rev"": 0.04621002813514998, ""supports:rev"": 0.9537899718648504, ""maps:rev"": 0.04621002813514998, ""contains:rev"": 0.04621002813514998}","[""precedes:fwd"", ""precedes:rev"", ""supports:rev"", ""maps:rev"", ""contains:rev""]","[0.5439450144767761, 0.3344530165195465, 0.10732327401638031, 0.00658286502584815, 0.0034471536055207253]"
7,0.0,s7_case70,support for <e1> comes from <e2> directly,supports:rev,precedes:fwd,0,1,supports:rev,1,maps:rev,0,1,precedes:fwd,precedes:fwd,supports:rev,1.0,0.0,3.0,"{""precedes:fwd"": 0.04621002813514998, ""precedes:rev"": 0.04621002813514998, ""supports:rev"": 0.9537899718648504, ""maps:rev"": 0.04621002813514998, ""supports:fwd"": 0.04621002813514998}","[""precedes:fwd"", ""precedes:rev"", ""supports:rev"", ""maps:rev"", ""supports:fwd""]","[0.4208725094795227, 0.39483609795570374, 0.16362205147743225, 0.009117797948420048, 0.005902474746108055]"
7,0.0,s7_case71,<e2> trails <e1> in context,precedes:fwd,precedes:fwd,1,1,precedes:fwd,1,supports:fwd,0,0,supports:rev,supports:rev,precedes:fwd,1.0,0.0,5.0,"{""precedes:fwd"": 0.9537899718648504, ""supports:rev"": 0.04621002813514998, ""supports:fwd"": 0.04621002813514998, ""maps:rev"": 0.04621002813514998, ""maps:fwd"": 0.04621002813514998}","[""precedes:fwd"", ""supports:rev"", ""supports:fwd"", ""maps:rev"", ""maps:fwd""]","[0.680503249168396, 0.2452087104320526, 0.026961347088217735, 0.024789851158857346, 0.01814253069460392]"
7,0.0,s7_case72,the target of <e1> is <e2> in context,maps:fwd,maps:fwd,1,1,maps:fwd,1,contains:rev,0,0,maps:rev,maps:rev,maps:fwd,1.0,0.0,5.0,"{""maps:fwd"": 0.9537899718648504, ""maps:rev"": 0.04621002813514998, ""supports:fwd"": 0.04621002813514998, ""contains:rev"": 0.04621002813514998, ""contains:fwd"": 0.04621002813514998}","[""maps:fwd"", ""maps:rev"", ""supports:fwd"", ""contains:rev"", ""contains:fwd""]","[0.7456654906272888, 0.2316085398197174, 0.007898282259702682, 0.0070306989364326, 0.004203121643513441]"
7,0.0,s7_case73,backing <e2> is <e1>,supports:fwd,contains:rev,0,0,contains:rev,0,contains:rev,0,0,,,,,,,,,
7,0.0,s7_case74,backing <e1> is <e2> for this case,supports:rev,contains:fwd,0,0,contains:fwd,0,contains:fwd,0,0,,,,,,,,,
7,0.0,s7_case75,before <e1> comes <e2> directly,precedes:rev,precedes:rev,1,1,precedes:rev,1,supports:rev,0,0,precedes:fwd,precedes:fwd,precedes:rev,1.0,0.0,5.0,"{""precedes:rev"": 0.9537899718648504, ""precedes:fwd"": 0.04621002813514998, ""supports:fwd"": 0.04621002813514998, ""supports:rev"": 0.04621002813514998, ""contains:fwd"": 0.04621002813514998}","[""precedes:rev"", ""precedes:fwd"", ""supports:fwd"", ""supports:rev"", ""contains:fwd""]","[0.7271032333374023, 0.25880709290504456, 0.005839185323566198, 0.0023212358355522156, 0.0021492585074156523]"
7,0.0,s7_case76,<e2> is held up by <e1> in context,supports:fwd,maps:fwd,0,1,maps:fwd,0,maps:fwd,0,0,maps:fwd,maps:fwd,maps:fwd,1.0,1.0,1.0,"{""maps:fwd"": 0.04621002813514998, ""contains:fwd"": 0.04621002813514998, ""contains:rev"": 0.04621002813514998, ""maps:rev"": 0.04621002813514998, ""supports:fwd"": 0.9537899718648504}","[""maps:fwd"", ""contains:fwd"", ""contains:rev"", ""maps:rev"", ""supports:fwd""]","[0.9806178212165833, 0.00979061983525753, 0.004025709815323353, 0.0019419314339756966, 0.0015629616100341082]"
7,0.0,s7_case77,from <e2> <e1> is mapped in context,maps:rev,maps:fwd,0,1,maps:fwd,0,maps:fwd,0,0,maps:fwd,maps:fwd,maps:fwd,1.0,1.0,1.0,"{""maps:fwd"": 0.04621002813514998, ""contains:rev"": 0.04621002813514998, ""precedes:fwd"": 0.04621002813514998, ""supports:rev"": 0.04621002813514998, ""maps:rev"": 0.9537899718648504}","[""maps:fwd"", ""contains:rev"", ""precedes:fwd"", ""supports:rev"", ""maps:rev""]","[0.9629022479057312, 0.02482699789106846, 0.004302668385207653, 0.003238090081140399, 0.0019514051964506507]"
7,0.0,s7_case78,support for <e1> comes from <e2>,supports:rev,precedes:rev,0,1,supports:rev,1,supports:fwd,0,1,precedes:rev,precedes:rev,supports:rev,1.0,0.0,3.0,"{""precedes:rev"": 0.04621002813514998, ""supports:rev"": 0.9537899718648504, ""precedes:fwd"": 0.04621002813514998, ""maps:rev"": 0.04621002813514998, ""supports:fwd"": 0.04621002813514998}","[""precedes:rev"", ""supports:rev"", ""precedes:fwd"", ""maps:rev"", ""supports:fwd""]","[0.5739322304725647, 0.229934960603714, 0.1844400316476822, 0.0042420001700520515, 0.0039038739632815123]"
7,0.0,s7_case79,backing <e2> is <e1> for this case,supports:fwd,maps:rev,0,1,supports:fwd,1,supports:fwd,1,1,maps:rev,maps:rev,supports:fwd,1.0,0.0,1.0,"{""maps:rev"": 0.04621002813514998, ""contains:fwd"": 0.04621002813514998, ""contains:rev"": 0.04621002813514998, ""supports:fwd"": 0.9537899718648504, ""precedes:rev"": 0.04621002813514998}","[""maps:rev"", ""contains:fwd"", ""contains:rev"", ""supports:fwd"", ""precedes:rev""]","[0.6685301661491394, 0.21773511171340942, 0.06758679449558258, 0.03176308423280716, 0.004781037103384733]"
7,0.15,s7_case0,to <e1> <e2> points usually,maps:rev,maps:fwd,0,1,maps:rev,1,contains:rev,0,1,maps:fwd,maps:fwd,maps:rev,1.0,0.0,2.0,"{""maps:fwd"": 0.07638154720889745, ""contains:fwd"": 0.04621002813514998, ""contains:rev"": 0.11294319991115, ""maps:rev"": 0.8568852810151029, ""supports:rev"": 0.04621002813514998}","[""maps:fwd"", ""contains:fwd"", ""contains:rev"", ""maps:rev"", ""supports:rev""]","[0.5952267646789551, 0.1953195482492447, 0.11000943928956985, 0.08348327875137329, 0.008567375130951405]"
7,0.15,s7_case1,to <e2> <e1> points for this case,maps:fwd,contains:rev,0,1,maps:fwd,1,contains:fwd,0,1,contains:rev,contains:rev,maps:fwd,1.0,0.0,1.0,"{""contains:rev"": 0.0709506737756229, ""contains:fwd"": 0.04621002813514998, ""maps:rev"": 0.11294319991115, ""maps:fwd"": 0.8623161544483773, ""supports:rev"": 0.04621002813514998}","[""contains:rev"", ""contains:fwd"", ""maps:rev"", ""maps:fwd"", ""supports:rev""]","[0.7276162505149841, 0.13147947192192078, 0.07389707118272781, 0.045403189957141876, 0.018429161980748177]"
7,0.15,s7_case2,backing <e2> is <e1> for this case,supports:fwd,maps:rev,0,1,maps:rev,0,maps:rev,0,0,maps:rev,maps:rev,maps:rev,1.0,1.0,1.0,"{""maps:rev"": 0.22621002813514998, ""contains:fwd"": 0.11294319991115, ""contains:rev"": 0.17019691377562293, ""supports:fwd"": 0.5830699144483774, ""precedes:rev"": 0.04621002813514998}","[""maps:rev"", ""contains:fwd"", ""contains:rev"", ""supports:fwd"", ""precedes:rev""]","[0.6685301661491394, 0.21773511171340942, 0.06758679449558258, 0.03176308423280716, 0.004781037103384733]"
7,0.15,s7_case3,support for <e1> comes from <e2>,supports:rev,precedes:rev,0,1,supports:rev,1,precedes:rev,0,1,precedes:rev,precedes:rev,supports:rev,1.0,0.0,3.0,"{""precedes:rev"": 0.1657435975603378, ""supports:rev"": 0.8342564024396624, ""precedes:fwd"": 0.04621002813514998, ""maps:rev"": 0.04621002813514998, ""supports:fwd"": 0.04621002813514998}","[""precedes:rev"", ""supports:rev"", ""precedes:fwd"", ""maps:rev"", ""supports:fwd""]","[0.5739322304725647, 0.229934960603714, 0.1844400316476822, 0.0042420001700520515, 0.0039038739632815123]"
7,0.15,s7_case4,<e2> is held up by <e1>,supports:fwd,contains:fwd,0,1,supports:fwd,1,supports:rev,0,1,contains:fwd,contains:fwd,supports:fwd,1.0,0.0,1.0,"{""contains:fwd"": 0.0709506737756229, ""maps:fwd"": 0.04621002813514998, ""supports:rev"": 0.04621002813514998, ""precedes:rev"": 0.11294319991115, ""supports:fwd"": 0.8623161544483773}","[""contains:fwd"", ""maps:fwd"", ""supports:rev"", ""precedes:rev"", ""supports:fwd""]","[0.48893555998802185, 0.2917441427707672, 0.14044052362442017, 0.024477016180753708, 0.021227972581982613]"
7,0.15,s7_case5,to <e2> <e1> points in context,maps:fwd,maps:fwd,1,1,maps:fwd,1,maps:fwd,1,0,maps:rev,maps:rev,maps:fwd,1.0,0.0,6.0,"{""maps:fwd"": 0.5776390410151028, ""maps:rev"": 0.04621002813514998, ""supports:fwd"": 0.21218943991115002, ""contains:fwd"": 0.04621002813514998, ""precedes:fwd"": 0.25638154720889744}","[""maps:fwd"", ""maps:rev"", ""supports:fwd"", ""contains:fwd"", ""precedes:fwd""]","[0.5917398929595947, 0.2772890031337738, 0.06875192373991013, 0.038001637905836105, 0.01091192476451397]"
7,0.15,s7_case6,within <e2> sits <e1> usually,contains:rev,contains:fwd,0,0,contains:fwd,0,contains:fwd,0,0,,,,,,,,,
7,0.15,s7_case7,backing <e1> is <e2>,supports:rev,contains:fwd,0,0,contains:fwd,0,contains:fwd,0,0,,,,,,,,,
7,0.15,s7_case8,support for <e1> comes from <e2> in context,supports:rev,precedes:fwd,0,1,supports:rev,1,precedes:rev,0,1,precedes:fwd,precedes:fwd,supports:rev,1.0,0.0,3.0,"{""precedes:fwd"": 0.04621002813514998, ""precedes:rev"": 0.04621002813514998, ""supports:rev"": 0.9537899718648504, ""maps:rev"": 0.04621002813514998, ""supports:fwd"": 0.04621002813514998}","[""precedes:fwd"", ""precedes:rev"", ""supports:rev"", ""maps:rev"", ""supports:fwd""]","[0.3882874548435211, 0.2969980537891388, 0.29395514726638794, 0.008937408216297626, 0.007117659319192171]"
7,0.15,s7_case9,before <e1> comes <e2> usually,precedes:rev,precedes:rev,1,1,precedes:rev,1,precedes:rev,1,0,precedes:fwd,precedes:fwd,precedes:rev,1.0,0.0,8.0,"{""precedes:rev"": 0.9537899718648504, ""precedes:fwd"": 0.04621002813514998, ""supports:fwd"": 0.04621002813514998, ""supports:rev"": 0.04621002813514998, ""maps:rev"": 0.04621002813514998}","[""precedes:rev"", ""precedes:fwd"", ""supports:fwd"", ""supports:rev"", ""maps:rev""]","[0.85312819480896, 0.13719819486141205, 0.002679429017007351, 0.002064169617369771, 0.001878068083897233]"
7,0.15,s7_case10,<e2> is held up by <e1> directly,supports:fwd,maps:fwd,0,1,maps:fwd,0,contains:fwd,0,0,maps:fwd,maps:fwd,maps:fwd,1.0,1.0,1.0,"{""maps:fwd"": 0.08300456359093959, ""contains:fwd"": 0.04621002813514998, ""contains:rev"": 0.04621002813514998, ""supports:rev"": 0.04621002813514998, ""supports:fwd"": 0.9169954364090609}","[""maps:fwd"", ""contains:fwd"", ""contains:rev"", ""supports:rev"", ""supports:fwd""]","[0.9860737323760986, 0.00606982596218586, 0.0038646350149065256, 0.0013258811086416245, 0.000836257531773299]"
7,0.15,s7_case11,<e1> trails <e2>,precedes:rev,supports:fwd,0,1,precedes:rev,1,precedes:rev,1,1,supports:fwd,supports:fwd,precedes:rev,1.0,0.0,2.0,"{""supports:fwd"": 0.0709506737756229, ""precedes:rev"": 0.8988778071506298, ""supports:rev"": 0.07638154720889745, ""maps:fwd"": 0.04621002813514998, ""maps:rev"": 0.04621002813514998}","[""supports:fwd"", ""precedes:rev"", ""supports:rev"", ""maps:fwd"", ""maps:rev""]","[0.724387526512146, 0.20133057236671448, 0.02608509548008442, 0.018580937758088112, 0.017296364530920982]"
7,0.15,s7_case12,<e2> is ahead of <e1> for this case,precedes:rev,maps:fwd,0,0,maps:fwd,0,maps:fwd,0,0,,,,,,,,,
7,0.15,s7_case13,<e2> trails <e1>,precedes:fwd,precedes:fwd,1,1,precedes:fwd,1,supports:fwd,0,0,maps:rev,maps:rev,precedes:fwd,1.0,0.0,6.0,"{""precedes:fwd"": 0.8990687710085301, ""maps:rev"": 0.04621002813514998, ""supports:rev"": 0.10093122899146997, ""supports:fwd"": 0.04621002813514998, ""contains:rev"": 0.04621002813514998}","[""precedes:fwd"", ""maps:rev"", ""supports:rev"", ""supports:fwd"", ""contains:rev""]","[0.6583799719810486, 0.19843076169490814, 0.10923446714878082, 0.021764451637864113, 0.005807254929095507]"
7,0.15,s7_case14,inside <e1> is <e2> usually,contains:fwd,contains:fwd,1,1,contains:fwd,1,contains:fwd,1,0,maps:fwd,maps:fwd,contains:fwd,1.0,0.0,6.0,"{""contains:fwd"": 0.7731618150648503, ""maps:fwd"": 0.04621002813514998, ""contains:rev"": 0.04621002813514998, ""maps:rev"": 0.14545626813515, ""supports:rev"": 0.12759194493515}","[""contains:fwd"", ""maps:fwd"", ""contains:rev"", ""maps:rev"", ""supports:rev""]","[0.783487856388092, 0.16902662813663483, 0.032191064208745956, 0.008728076703846455, 0.0024594899732619524]"
7,0.15,s7_case15,backing <e2> is <e1> directly,supports:fwd,contains:rev,0,0,contains:rev,0,contains:rev,0,0,,,,,,,,,
7,0.15,s7_case16,the target of <e1> is <e2>,maps:fwd,maps:rev,0,1,maps:rev,0,maps:rev,0,0,maps:rev,maps:rev,maps:rev,1.0,1.0,1.0,"{""maps:rev"": 0.29294319991115, ""maps:fwd"": 0.5492302646330606, ""supports:fwd"": 0.04621002813514998, ""contains:rev"": 0.04621002813514998, ""contains:fwd"": 0.2040365635909396}","[""maps:rev"", ""maps:fwd"", ""supports:fwd"", ""contains:rev"", ""contains:fwd""]","[0.8591153621673584, 0.10121086239814758, 0.01844858191907406, 0.007840677164494991, 0.007076594512909651]"
7,0.15,s7_case17,<e2> is ahead of <e1> for this case,precedes:rev,maps:fwd,0,0,maps:fwd,0,maps:fwd,0,0,,,,,,,,,
7,0.15,s7_case18,to <e2> <e1> points in context,maps:fwd,maps:fwd,1,1,maps:fwd,1,maps:rev,0,0,maps:rev,maps:rev,maps:fwd,1.0,0.0,4.0,"{""maps:fwd"": 0.7859026424396625, ""maps:rev"": 0.04621002813514998, ""supports:fwd"": 0.04621002813514998, ""contains:fwd"": 0.0664973575603378, ""precedes:fwd"": 0.19381002813515}","[""maps:fwd"", ""maps:rev"", ""supports:fwd"", ""contains:fwd"", ""precedes:fwd""]","[0.5917398929595947, 0.2772890031337738, 0.06875192373991013, 0.038001637905836105, 0.01091192476451397]"
7,0.15,s7_case19,for this case <e1> is ahead of <e2>,precedes:fwd,maps:rev,0,0,maps:rev,0,maps:rev,0,0,,,,,,,,,
7,0.15,s7_case20,from <e2> <e1> is mapped for this case,maps:rev,contains:rev,0,1,maps:rev,1,maps:rev,1,1,contains:rev,contains:rev,maps:rev,1.0,0.0,1.0,"{""contains:rev"": 0.1415402613362677, ""supports:rev"": 0.04621002813514998, ""precedes:rev"": 0.04621002813514998, ""maps:rev"": 0.8584597386637327, ""maps:fwd"": 0.04621002813514998}","[""contains:rev"", ""supports:rev"", ""precedes:rev"", ""maps:rev"", ""maps:fwd""]","[0.6811662316322327, 0.10407749563455582, 0.10345969349145889, 0.04905754327774048, 0.047105055302381516]"
7,0.15,s7_case21,the target of <e2> is <e1> usually,maps:rev,maps:fwd,0,1,maps:fwd,0,maps:fwd,0,0,maps:fwd,maps:fwd,maps:fwd,1.0,1.0,1.0,"{""maps:fwd"": 0.12759194493515, ""contains:fwd"": 0.12787594829312202, ""contains:rev"": 0.04621002813514998, ""maps:rev"": 0.7907421349068784, ""supports:fwd"": 0.04621002813514998}","[""maps:fwd"", ""contains:fwd"", ""contains:rev"", ""maps:rev"", ""supports:fwd""]","[0.9513764977455139, 0.03731955960392952, 0.005933117121458054, 0.001682369620539248, 0.0012171306880190969]"
7,0.15,s7_case22,backing <e2> is <e1> usually,supports:fwd,contains:rev,0,0,contains:rev,0,contains:rev,0,0,,,,,,,,,
7,0.15,s7_case23,<e2> trails <e1> in context,precedes:fwd,precedes:fwd,1,1,precedes:fwd,1,supports:rev,0,0,supports:rev,supports:rev,precedes:fwd,1.0,0.0,5.0,"{""precedes:fwd"": 0.8061899718648504, ""supports:rev"": 0.04621002813514998, ""supports:fwd"": 0.19381002813515, ""maps:rev"": 0.04621002813514998, ""maps:fwd"": 0.04621002813514998}","[""precedes:fwd"", ""supports:rev"", ""supports:fwd"", ""maps:rev"", ""maps:fwd""]","[0.680503249168396, 0.2452087104320526, 0.026961347088217735, 0.024789851158857346, 0.01814253069460392]"
7,0.15,s7_case24,to <e1> <e2> points usually,maps:rev,maps:fwd,0,1,maps:rev,1,maps:fwd,0,1,maps:fwd,maps:fwd,maps:rev,1.0,0.0,1.0,"{""maps:fwd"": 0.0664973575603378, ""contains:fwd"": 0.11294319991115, ""contains:rev"": 0.04621002813514998, ""maps:rev"": 0.64189808596148, ""supports:rev"": 0.2710814128373324}","[""maps:fwd"", ""contains:fwd"", ""contains:rev"", ""maps:rev"", ""supports:rev""]","[0.5952267646789551, 0.1953195482492447, 0.11000943928956985, 0.08348327875137329, 0.008567375130951405]"
7,0.15,s7_case25,<e2> has <e1> inside,contains:rev,contains:rev,1,1,contains:rev,1,contains:rev,1,0,supports:rev,contains:rev,contains:rev,0.0,0.0,13.0,"{""contains:rev"": 0.6256748832888503, ""supports:rev"": 0.22621002813514998, ""contains:fwd"": 0.04621002813514998, ""maps:rev"": 0.11294319991115, ""precedes:rev"": 0.12759194493515}","[""contains:rev"", ""supports:rev"", ""contains:fwd"", ""maps:rev"", ""precedes:rev""]","[0.979608952999115, 0.007787731941789389, 0.007089907769113779, 0.0029314174316823483, 0.0015429271152243018]"
7,0.15,s7_case26,the target of <e1> is <e2> in context,maps:fwd,maps:fwd,1,1,maps:fwd,1,maps:fwd,1,0,maps:rev,maps:rev,maps:fwd,1.0,0.0,4.0,"{""maps:fwd"": 0.7490493262243773, ""maps:rev"": 0.22621002813514998, ""supports:fwd"": 0.0709506737756229, ""contains:rev"": 0.04621002813514998, ""contains:fwd"": 0.04621002813514998}","[""maps:fwd"", ""maps:rev"", ""supports:fwd"", ""contains:rev"", ""contains:fwd""]","[0.7456654906272888, 0.2316085398197174, 0.007898282259702682, 0.0070306989364326, 0.004203121643513441]"
7,0.15,s7_case27,in context <e1> has <e2> inside,contains:fwd,contains:rev,0,1,contains:rev,0,contains:rev,0,0,contains:rev,contains:rev,contains:rev,1.0,1.0,1.0,"{""contains:rev"": 0.10093122899146997, ""supports:rev"": 0.04621002813514998, ""maps:rev"": 0.04621002813514998, ""precedes:rev"": 0.0910814128373324, ""contains:fwd"": 0.8541973863063477}","[""contains:rev"", ""supports:rev"", ""maps:rev"", ""precedes:rev"", ""contains:fwd""]","[0.9694814682006836, 0.01614021323621273, 0.007337281946092844, 0.002987832296639681, 0.002402625512331724]"
7,0.15,s7_case28,before <e2> comes <e1> for this case,precedes:fwd,precedes:fwd,1,1,precedes:fwd,1,precedes:fwd,1,0,precedes:rev,precedes:fwd,precedes:fwd,0.0,0.0,13.0,"{""precedes:fwd"": 0.8061899718648504, ""precedes:rev"": 0.04621002813514998, ""contains:fwd"": 0.04621002813514998, ""maps:fwd"": 0.19381002813515, ""supports:rev"": 0.04621002813514998}","[""precedes:fwd"", ""precedes:rev"", ""contains:fwd"", ""maps:fwd"", ""supports:rev""]","[0.965366005897522, 0.01901702582836151, 0.005760767497122288, 0.0032573877833783627, 0.0028379028663039207]"
7,0.15,s7_case29,<e1> is ahead of <e2>,precedes:fwd,maps:rev,0,0,maps:rev,0,maps:rev,0,0,,,,,,,,,
7,0.15,s7_case30,<e2> trails <e1>,precedes:fwd,precedes:fwd,1,1,precedes:fwd,1,supports:fwd,0,0,maps:rev,maps:rev,precedes:fwd,1.0,0.0,5.0,"{""precedes:fwd"": 0.7289185871626678, ""maps:rev"": 0.04621002813514998, ""supports:rev"": 0.04621002813514998, ""supports:fwd"": 0.04621002813514998, ""contains:rev"": 0.2710814128373324}","[""precedes:fwd"", ""maps:rev"", ""supports:rev"", ""supports:fwd"", ""contains:rev""]","[0.6583799719810486, 0.19843076169490814, 0.10923446714878082, 0.021764451637864113, 0.005807254929095507]"
7,0.15,s7_case31,<e2> has <e1> inside for this case,contains:rev,contains:rev,1,1,contains:rev,1,contains:rev,1,0,contains:fwd,contains:fwd,contains:rev,1.0,0.0,12.0,"{""contains:rev"": 0.8375335899122678, ""contains:fwd"": 0.08300456359093959, ""supports:rev"": 0.04621002813514998, ""maps:rev"": 0.04621002813514998, ""precedes:rev"": 0.12567187463194293}","[""contains:rev"", ""contains:fwd"", ""supports:rev"", ""maps:rev"", ""precedes:rev""]","[0.9637793302536011, 0.016705486923456192, 0.012974405661225319, 0.002947828732430935, 0.0019641818944364786]"
7,0.15,s7_case32,within <e2> sits <e1>,contains:rev,contains:fwd,0,1,contains:rev,1,contains:fwd,0,1,contains:fwd,contains:fwd,contains:rev,1.0,0.0,1.0,"{""contains:fwd"": 0.04621002813514998, ""precedes:rev"": 0.04621002813514998, ""supports:fwd"": 0.04621002813514998, ""contains:rev"": 0.9537899718648504, ""maps:rev"": 0.04621002813514998}","[""contains:fwd"", ""precedes:rev"", ""supports:fwd"", ""contains:rev"", ""maps:rev""]","[0.8401132225990295, 0.114095538854599, 0.031485944986343384, 0.004582480993121862, 0.003945349715650082]"
7,0.15,s7_case33,within <e2> sits <e1> in context,contains:rev,supports:fwd,0,0,supports:fwd,0,supports:fwd,0,0,,,,,,,,,
7,0.15,s7_case34,inside <e2> is <e1> usually,contains:rev,maps:fwd,0,1,contains:rev,1,contains:rev,1,1,maps:fwd,maps:fwd,contains:rev,1.0,0.0,2.0,"{""maps:fwd"": 0.0709506737756229, ""contains:fwd"": 0.04621002813514998, ""contains:rev"": 0.9290493262243773, ""maps:rev"": 0.04621002813514998, ""supports:rev"": 0.04621002813514998}","[""maps:fwd"", ""contains:fwd"", ""contains:rev"", ""maps:rev"", ""supports:rev""]","[0.6122872829437256, 0.25820204615592957, 0.09800595045089722, 0.02381143905222416, 0.0038145289290696383]"
7,0.15,s7_case35,in context <e1> trails <e2>,precedes:rev,supports:fwd,0,1,precedes:rev,1,contains:rev,0,1,supports:fwd,supports:fwd,precedes:rev,1.0,0.0,1.0,"{""supports:fwd"": 0.04621002813514998, ""precedes:rev"": 0.9089185871626677, ""supports:rev"": 0.0910814128373324, ""contains:rev"": 0.04621002813514998, ""contains:fwd"": 0.04621002813514998}","[""supports:fwd"", ""precedes:rev"", ""supports:rev"", ""contains:rev"", ""contains:fwd""]","[0.9149951934814453, 0.051527440547943115, 0.012605161406099796, 0.011148898862302303, 0.004197340924292803]"
7,0.15,s7_case36,directly <e1> has <e2> inside,contains:fwd,contains:rev,0,1,contains:fwd,1,maps:fwd,0,1,contains:rev,contains:rev,contains:fwd,1.0,0.0,3.0,"{""contains:rev"": 0.0664973575603378, ""contains:fwd"": 0.8719674613434001, ""maps:fwd"": 0.04621002813514998, ""precedes:fwd"": 0.08300456359093959, ""maps:rev"": 0.0709506737756229}","[""contains:rev"", ""contains:fwd"", ""maps:fwd"", ""precedes:fwd"", ""maps:rev""]","[0.5810399055480957, 0.29024577140808105, 0.08464274555444717, 0.016684604808688164, 0.013214843347668648]"
7,0.15,s7_case37,within <e1> sits <e2> for this case,contains:fwd,contains:fwd,1,1,contains:fwd,1,contains:fwd,1,0,maps:fwd,maps:fwd,contains:fwd,1.0,0.0,10.0,"{""contains:fwd"": 0.6575335899122678, ""maps:fwd"": 0.10093122899146997, ""precedes:rev"": 0.04621002813514998, ""maps:rev"": 0.2509506737756229, ""supports:fwd"": 0.08300456359093959}","[""contains:fwd"", ""maps:fwd"", ""precedes:rev"", ""maps:rev"", ""supports:fwd""]","[0.8834705948829651, 0.04950612783432007, 0.044078800827264786, 0.013719719834625721, 0.003813778515905142]"
7,0.15,s7_case38,to <e1> <e2> points in context,maps:rev,maps:fwd,0,1,maps:rev,1,maps:rev,1,1,maps:fwd,maps:fwd,maps:rev,1.0,0.0,1.0,"{""maps:fwd"": 0.04621002813514998, ""maps:rev"": 0.9537899718648504, ""contains:fwd"": 0.04621002813514998, ""supports:fwd"": 0.04621002813514998, ""precedes:fwd"": 0.04621002813514998}","[""maps:fwd"", ""maps:rev"", ""contains:fwd"", ""supports:fwd"", ""precedes:fwd""]","[0.9321936964988708, 0.024579469114542007, 0.023606248199939728, 0.014461000449955463, 0.002152336062863469]"
7,0.15,s7_case39,from <e2> <e1> is mapped usually,maps:rev,maps:rev,1,1,maps:rev,1,maps:fwd,0,0,maps:fwd,maps:fwd,maps:rev,1.0,0.0,5.0,"{""maps:rev"": 0.9537899718648504, ""maps:fwd"": 0.04621002813514998, ""supports:rev"": 0.04621002813514998, ""precedes:rev"": 0.04621002813514998, ""contains:rev"": 0.04621002813514998}","[""maps:rev"", ""maps:fwd"", ""supports:rev"", ""precedes:rev"", ""contains:rev""]","[0.6212095618247986, 0.26572802662849426, 0.038658611476421356, 0.03319883346557617, 0.017125122249126434]"
7,0.15,s7_case40,the target of <e2> is <e1> in context,maps:rev,maps:fwd,0,1,maps:fwd,0,maps:fwd,0,0,maps:fwd,maps:fwd,maps:fwd,1.0,1.0,1.0,"{""maps:fwd"": 0.08300456359093959, ""contains:fwd"": 0.04621002813514998, ""supports:fwd"": 0.14545626813515, ""contains:rev"": 0.04621002813514998, ""maps:rev"": 0.8177491964090609}","[""maps:fwd"", ""contains:fwd"", ""supports:fwd"", ""contains:rev"", ""maps:rev""]","[0.9534693360328674, 0.021950989961624146, 0.01532058510929346, 0.00454852357506752, 0.0023269737139344215]"
7,0.15,s7_case41,inside <e1> is <e2>,contains:fwd,contains:fwd,1,1,contains:fwd,1,supports:fwd,0,0,maps:fwd,maps:fwd,contains:fwd,1.0,0.0,7.0,"{""contains:fwd"": 0.9537899718648504, ""maps:fwd"": 0.04621002813514998, ""contains:rev"": 0.04621002813514998, ""maps:rev"": 0.04621002813514998, ""supports:fwd"": 0.04621002813514998}","[""contains:fwd"", ""maps:fwd"", ""contains:rev"", ""maps:rev"", ""supports:fwd""]","[0.6236856579780579, 0.320655882358551, 0.034839436411857605, 0.010825537145137787, 0.005306266713887453]"
7,0.15,s7_case42,inside <e1> is <e2> usually,contains:fwd,contains:fwd,1,1,contains:fwd,1,contains:fwd,1,0,maps:fwd,maps:fwd,contains:fwd,1.0,0.0,8.0,"{""contains:fwd"": 0.8422365359911028, ""maps:fwd"": 0.04621002813514998, ""contains:rev"": 0.12759194493515, ""maps:rev"": 0.07638154720889745, ""supports:rev"": 0.04621002813514998}","[""contains:fwd"", ""maps:fwd"", ""contains:rev"", ""maps:rev"", ""supports:rev""]","[0.783487856388092, 0.16902662813663483, 0.032191064208745956, 0.008728076703846455, 0.0024594899732619524]"
7,0.15,s7_case43,support for <e2> comes from <e1> in context,supports:fwd,precedes:fwd,0,1,supports:fwd,1,precedes:fwd,0,1,precedes:fwd,precedes:fwd,supports:fwd,1.0,0.0,1.0,"{""precedes:fwd"": 0.04621002813514998, ""supports:rev"": 0.04621002813514998, ""precedes:rev"": 0.04621002813514998, ""supports:fwd"": 0.9537899718648504, ""maps:rev"": 0.04621002813514998}","[""precedes:fwd"", ""supports:rev"", ""precedes:rev"", ""supports:fwd"", ""maps:rev""]","[0.7606358528137207, 0.15027379989624023, 0.06589941680431366, 0.011120683513581753, 0.00876662414520979]"
7,0.15,s7_case44,for this case <e1> trails <e2>,precedes:rev,contains:fwd,0,1,precedes:rev,1,contains:fwd,0,1,contains:fwd,contains:fwd,precedes:rev,1.0,0.0,2.0,"{""contains:fwd"": 0.04621002813514998, ""supports:fwd"": 0.2630045635909396, ""precedes:rev"": 0.7369954364090608, ""maps:rev"": 0.04621002813514998, ""precedes:fwd"": 0.04621002813514998}","[""contains:fwd"", ""supports:fwd"", ""precedes:rev"", ""maps:rev"", ""precedes:fwd""]","[0.6115891933441162, 0.3049312233924866, 0.03991962596774101, 0.026756377890706062, 0.005923577584326267]"
7,0.15,s7_case45,to <e2> <e1> points in context,maps:fwd,maps:fwd,1,1,maps:fwd,1,maps:rev,0,0,maps:rev,maps:rev,maps:fwd,1.0,0.0,5.0,"{""maps:fwd"": 0.8990687710085301, ""maps:rev"": 0.04621002813514998, ""supports:fwd"": 0.04621002813514998, ""contains:fwd"": 0.04621002813514998, ""precedes:fwd"": 0.10093122899146997}","[""maps:fwd"", ""maps:rev"", ""supports:fwd"", ""contains:fwd"", ""precedes:fwd""]","[0.5917398929595947, 0.2772890031337738, 0.06875192373991013, 0.038001637905836105, 0.01091192476451397]"
7,0.15,s7_case46,backing <e1> is <e2> usually,supports:rev,contains:fwd,0,1,contains:fwd,0,contains:fwd,0,0,contains:fwd,contains:fwd,contains:fwd,1.0,1.0,1.0,"{""contains:fwd"": 0.19381002813515, ""contains:rev"": 0.04621002813514998, ""maps:fwd"": 0.04621002813514998, ""supports:rev"": 0.8061899718648504, ""precedes:fwd"": 0.04621002813514998}","[""contains:fwd"", ""contains:rev"", ""maps:fwd"", ""supports:rev"", ""precedes:fwd""]","[0.8972121477127075, 0.0788128599524498, 0.012798800133168697, 0.003936792723834515, 0.003431818215176463]"
7,0.15,s7_case47,<e2> trails <e1> usually,precedes:fwd,supports:rev,0,1,precedes:fwd,1,precedes:fwd,1,1,supports:rev,supports:rev,precedes:fwd,1.0,0.0,1.0,"{""supports:rev"": 0.04621002813514998, ""contains:rev"": 0.04621002813514998, ""precedes:fwd"": 0.8870568000888504, ""maps:rev"": 0.04621002813514998, ""supports:fwd"": 0.11294319991115}","[""supports:rev"", ""contains:rev"", ""precedes:fwd"", ""maps:rev"", ""supports:fwd""]","[0.8456889986991882, 0.06339060515165329, 0.04872597008943558, 0.03193981572985649, 0.004900163039565086]"
7,0.15,s7_case48,<e2> trails <e1>,precedes:fwd,precedes:fwd,1,1,precedes:fwd,1,maps:rev,0,0,maps:rev,maps:rev,precedes:fwd,1.0,0.0,5.0,"{""precedes:fwd"": 0.8061899718648504, ""maps:rev"": 0.04621002813514998, ""supports:rev"": 0.04621002813514998, ""supports:fwd"": 0.04621002813514998, ""contains:rev"": 0.19381002813515}","[""precedes:fwd"", ""maps:rev"", ""supports:rev"", ""supports:fwd"", ""contains:rev""]","[0.6583799719810486, 0.19843076169490814, 0.10923446714878082, 0.021764451637864113, 0.005807254929095507]"
7,0.15,s7_case49,to <e2> <e1> points usually,maps:fwd,contains:rev,0,1,maps:fwd,1,contains:rev,0,1,contains:rev,contains:rev,maps:fwd,1.0,0.0,2.0,"{""contains:rev"": 0.04621002813514998, ""maps:fwd"": 0.7068239173353132, ""contains:fwd"": 0.11317608266468705, ""supports:rev"": 0.04621002813514998, ""maps:rev"": 0.22621002813514998}","[""contains:rev"", ""maps:fwd"", ""contains:fwd"", ""supports:rev"", ""maps:rev""]","[0.6119595170021057, 0.174948051571846, 0.138285294175148, 0.04722089692950249, 0.02251056768000126]"
7,0.15,s7_case50,the target of <e1> is <e2> directly,maps:fwd,maps:fwd,1,1,maps:fwd,1,maps:fwd,1,0,contains:rev,maps:fwd,maps:fwd,0.0,0.0,13.0,"{""maps:fwd"": 0.6255618150648503, ""contains:rev"": 0.04621002813514998, ""contains:fwd"": 0.14545626813515, ""maps:rev"": 0.27519194493515003, ""supports:fwd"": 0.04621002813514998}","[""maps:fwd"", ""contains:rev"", ""contains:fwd"", ""maps:rev"", ""supports:fwd""]","[0.9834786653518677, 0.005984900519251823, 0.003983223345130682, 0.003974899183958769, 0.0009583080536685884]"
7,0.15,s7_case51,within <e1> sits <e2> directly,contains:fwd,contains:fwd,1,1,contains:fwd,1,precedes:rev,0,0,precedes:rev,precedes:rev,contains:fwd,1.0,0.0,10.0,"{""contains:fwd"": 0.8298030862243775, ""precedes:rev"": 0.04621002813514998, ""supports:fwd"": 0.0709506737756229, ""maps:rev"": 0.14545626813515, ""precedes:fwd"": 0.04621002813514998}","[""contains:fwd"", ""precedes:rev"", ""supports:fwd"", ""maps:rev"", ""precedes:fwd""]","[0.8122602701187134, 0.08400625735521317, 0.07184765487909317, 0.017387811094522476, 0.00794261135160923]"
7,0.15,s7_case52,<e2> trails <e1> directly,precedes:fwd,supports:rev,0,1,precedes:fwd,1,supports:fwd,0,1,supports:rev,supports:rev,precedes:fwd,1.0,0.0,3.0,"{""supports:rev"": 0.04621002813514998, ""precedes:fwd"": 0.9537899718648504, ""maps:rev"": 0.04621002813514998, ""contains:rev"": 0.04621002813514998, ""supports:fwd"": 0.04621002813514998}","[""supports:rev"", ""precedes:fwd"", ""maps:rev"", ""contains:rev"", ""supports:fwd""]","[0.6076529622077942, 0.24976502358913422, 0.06364896893501282, 0.0617418996989727, 0.010992574505507946]"
7,0.15,s7_case53,before <e1> comes <e2> usually,precedes:rev,precedes:rev,1,1,precedes:rev,1,precedes:rev,1,0,precedes:fwd,precedes:fwd,precedes:rev,1.0,0.0,7.0,"{""precedes:rev"": 0.9089185871626677, ""precedes:fwd"": 0.0910814128373324, ""supports:fwd"": 0.04621002813514998, ""supports:rev"": 0.04621002813514998, ""maps:rev"": 0.04621002813514998}","[""precedes:rev"", ""precedes:fwd"", ""supports:fwd"", ""supports:rev"", ""maps:rev""]","[0.85312819480896, 0.13719819486141205, 0.002679429017007351, 0.002064169617369771, 0.001878068083897233]"
7,0.15,s7_case54,inside <e2> is <e1> for this case,contains:rev,maps:rev,0,1,contains:rev,1,maps:rev,0,1,maps:rev,maps:rev,contains:rev,1.0,0.0,1.0,"{""maps:rev"": 0.0910814128373324, ""contains:fwd"": 0.04621002813514998, ""contains:rev"": 0.8421854153866679, ""supports:fwd"": 0.11294319991115, ""maps:fwd"": 0.04621002813514998}","[""maps:rev"", ""contains:fwd"", ""contains:rev"", ""supports:fwd"", ""maps:fwd""]","[0.7127225995063782, 0.19441643357276917, 0.051964983344078064, 0.02774646505713463, 0.0036160398740321398]"
7,0.15,s7_case55,inside <e1> is <e2>,contains:fwd,contains:fwd,1,1,contains:fwd,1,contains:fwd,1,0,maps:fwd,maps:fwd,contains:fwd,1.0,0.0,4.0,"{""contains:fwd"": 0.7657919173353132, ""maps:fwd"": 0.16724202813515002, ""contains:rev"": 0.07638154720889745, ""maps:rev"": 0.08300456359093959, ""supports:fwd"": 0.04621002813514998}","[""contains:fwd"", ""maps:fwd"", ""contains:rev"", ""maps:rev"", ""supports:fwd""]","[0.6236856579780579, 0.320655882358551, 0.034839436411857605, 0.010825537145137787, 0.005306266713887453]"
7,0.15,s7_case56,within <e2> sits <e1> usually,contains:rev,contains:fwd,0,0,contains:fwd,0,contains:fwd,0,0,,,,,,,,,
7,0.15,s7_case57,inside <e1> is <e2> for this case,contains:fwd,maps:rev,0,1,contains:fwd,1,maps:rev,0,1,maps:rev,maps:rev,contains:fwd,1.0,0.0,2.0,"{""maps:rev"": 0.04621002813514998, ""contains:fwd"": 0.9335026424396624, ""supports:fwd"": 0.0664973575603378, ""contains:rev"": 0.04621002813514998, ""precedes:rev"": 0.04621002813514998}","[""maps:rev"", ""contains:fwd"", ""supports:fwd"", ""contains:rev"", ""precedes:rev""]","[0.8318294882774353, 0.09653332084417343, 0.032284174114465714, 0.014386395923793316, 0.010248610749840736]"
7,0.15,s7_case58,<e2> is ahead of <e1> directly,precedes:rev,supports:fwd,0,0,supports:fwd,0,supports:fwd,0,0,,,,,,,,,
7,0.15,s7_case59,<e2> is held up by <e1> for this case,supports:fwd,contains:fwd,0,0,contains:fwd,0,contains:fwd,0,0,,,,,,,,,
7,0.15,s7_case60,the target of <e2> is <e1>,maps:rev,maps:fwd,0,1,maps:rev,1,contains:rev,0,1,maps:fwd,maps:fwd,maps:rev,1.0,0.0,1.0,"{""maps:fwd"": 0.04621002813514998, ""supports:fwd"": 0.04621002813514998, ""contains:fwd"": 0.04621002813514998, ""contains:rev"": 0.04621002813514998, ""maps:rev"": 0.9537899718648504}","[""maps:fwd"", ""supports:fwd"", ""contains:fwd"", ""contains:rev"", ""maps:rev""]","[0.7395718097686768, 0.1897554248571396, 0.05518125742673874, 0.006569662131369114, 0.004659474827349186]"
7,0.15,s7_case61,usually <e1> trails <e2>,precedes:rev,supports:fwd,0,1,supports:fwd,0,contains:fwd,0,0,supports:fwd,supports:fwd,supports:fwd,1.0,1.0,1.0,"{""supports:fwd"": 0.13791672830515997, ""contains:fwd"": 0.04621002813514998, ""contains:rev"": 0.04621002813514998, ""precedes:rev"": 0.8620832716948403, ""supports:rev"": 0.04621002813514998}","[""supports:fwd"", ""contains:fwd"", ""contains:rev"", ""precedes:rev"", ""supports:rev""]","[0.9093495011329651, 0.046322960406541824, 0.02121567167341709, 0.011975422501564026, 0.005130614619702101]"
7,0.15,s7_case62,usually <e1> is held up by <e2>,supports:rev,maps:rev,0,1,supports:rev,1,precedes:rev,0,1,maps:rev,maps:rev,supports:rev,1.0,0.0,3.0,"{""maps:rev"": 0.04621002813514998, ""contains:rev"": 0.04621002813514998, ""supports:rev"": 0.9169954364090609, ""precedes:fwd"": 0.08300456359093959, ""precedes:rev"": 0.04621002813514998}","[""maps:rev"", ""contains:rev"", ""supports:rev"", ""precedes:fwd"", ""precedes:rev""]","[0.620394766330719, 0.23920664191246033, 0.09814877063035965, 0.021577754989266396, 0.008984537795186043]"
7,0.15,s7_case63,to <e1> <e2> points,maps:rev,maps:fwd,0,1,maps:rev,1,contains:rev,0,1,maps:fwd,maps:fwd,maps:rev,1.0,0.0,1.0,"{""maps:fwd"": 0.04621002813514998, ""contains:rev"": 0.04621002813514998, ""contains:fwd"": 0.04621002813514998, ""maps:rev"": 0.7737899718648504, ""supports:rev"": 0.22621002813514998}","[""maps:fwd"", ""contains:rev"", ""contains:fwd"", ""maps:rev"", ""supports:rev""]","[0.6362839341163635, 0.1593894064426422, 0.1176896020770073, 0.04462922737002373, 0.034797608852386475]"
7,0.15,s7_case64,within <e2> sits <e1> in context,contains:rev,supports:fwd,0,0,supports:fwd,0,supports:fwd,0,0,,,,,,,,,
7,0.15,s7_case65,inside <e1> is <e2> in context,contains:fwd,maps:fwd,0,1,contains:fwd,1,maps:fwd,0,1,maps:fwd,maps:fwd,contains:fwd,1.0,0.0,1.0,"{""maps:fwd"": 0.04621002813514998, ""contains:fwd"": 0.7814493262243773, ""supports:fwd"": 0.04621002813514998, ""maps:rev"": 0.21855067377562293, ""contains:rev"": 0.04621002813514998}","[""maps:fwd"", ""contains:fwd"", ""supports:fwd"", ""maps:rev"", ""contains:rev""]","[0.8393287062644958, 0.06654349714517593, 0.06047213822603226, 0.026292892172932625, 0.003992727492004633]"
7,0.15,s7_case66,<e1> is held up by <e2>,supports:rev,maps:rev,0,1,supports:rev,1,maps:rev,0,1,maps:rev,maps:rev,supports:rev,1.0,0.0,1.0,"{""maps:rev"": 0.04621002813514998, ""contains:rev"": 0.0709506737756229, ""supports:rev"": 0.7446547907685879, ""precedes:rev"": 0.04621002813514998, ""maps:fwd"": 0.2306045635909396}","[""maps:rev"", ""contains:rev"", ""supports:rev"", ""precedes:rev"", ""maps:fwd""]","[0.7934589385986328, 0.15371045470237732, 0.032694656401872635, 0.011745902709662914, 0.003014088375493884]"
7,0.15,s7_case67,inside <e2> is <e1>,contains:rev,contains:rev,1,1,contains:rev,1,maps:fwd,0,0,maps:fwd,maps:fwd,contains:rev,1.0,0.0,7.0,"{""contains:rev"": 0.9335026424396624, ""maps:fwd"": 0.04621002813514998, ""maps:rev"": 0.04621002813514998, ""contains:fwd"": 0.0664973575603378, ""supports:rev"": 0.04621002813514998}","[""contains:rev"", ""maps:fwd"", ""maps:rev"", ""contains:fwd"", ""supports:rev""]","[0.6797693371772766, 0.2533455193042755, 0.03294762223958969, 0.02449052222073078, 0.00645563704892993]"
7,0.15,s7_case68,to <e2> <e1> points usually,maps:fwd,contains:rev,0,1,maps:fwd,1,supports:rev,0,1,contains:rev,contains:rev,maps:fwd,1.0,0.0,2.0,"{""contains:rev"": 0.04621002813514998, ""maps:fwd"": 0.8342564024396624, ""contains:fwd"": 0.14545626813515, ""supports:rev"": 0.04621002813514998, ""maps:rev"": 0.0664973575603378}","[""contains:rev"", ""maps:fwd"", ""contains:fwd"", ""supports:rev"", ""maps:rev""]","[0.6119595170021057, 0.174948051571846, 0.138285294175148, 0.04722089692950249, 0.02251056768000126]"
7,0.15,s7_case69,support for <e1> comes from <e2> for this case,supports:rev,precedes:fwd,0,1,supports:rev,1,precedes:rev,0,1,precedes:fwd,precedes:fwd,supports:rev,1.0,0.0,1.0,"{""precedes:fwd"": 0.04621002813514998, ""precedes:rev"": 0.04621002813514998, ""supports:rev"": 0.6851579718648502, ""maps:rev"": 0.19381002813515, ""contains:rev"": 0.16724202813515002}","[""precedes:fwd"", ""precedes:rev"", ""supports:rev"", ""maps:rev"", ""contains:rev""]","[0.5439450144767761, 0.3344530165195465, 0.10732327401638031, 0.00658286502584815, 0.0034471536055207253]"
7,0.15,s7_case70,support for <e1> comes from <e2> directly,supports:rev,precedes:fwd,0,1,supports:rev,1,precedes:fwd,0,1,precedes:fwd,precedes:fwd,supports:rev,1.0,0.0,3.0,"{""precedes:fwd"": 0.08300456359093959, ""precedes:rev"": 0.04621002813514998, ""supports:rev"": 0.9169954364090609, ""maps:rev"": 0.04621002813514998, ""supports:fwd"": 0.04621002813514998}","[""precedes:fwd"", ""precedes:rev"", ""supports:rev"", ""maps:rev"", ""supports:fwd""]","[0.4208725094795227, 0.39483609795570374, 0.16362205147743225, 0.009117797948420048, 0.005902474746108055]"
7,0.15,s7_case71,<e2> trails <e1> in context,precedes:fwd,precedes:fwd,1,1,precedes:fwd,1,precedes:fwd,1,0,supports:rev,supports:rev,precedes:fwd,1.0,0.0,5.0,"{""precedes:fwd"": 0.7693954364090607, ""supports:rev"": 0.08300456359093959, ""supports:fwd"": 0.04621002813514998, ""maps:rev"": 0.04621002813514998, ""maps:fwd"": 0.19381002813515}","[""precedes:fwd"", ""supports:rev"", ""supports:fwd"", ""maps:rev"", ""maps:fwd""]","[0.680503249168396, 0.2452087104320526, 0.026961347088217735, 0.024789851158857346, 0.01814253069460392]"
7,0.15,s7_case72,the target of <e1> is <e2> in context,maps:fwd,maps:fwd,1,1,maps:fwd,1,supports:fwd,0,0,maps:rev,maps:rev,maps:fwd,1.0,0.0,5.0,"{""maps:fwd"": 0.9537899718648504, ""maps:rev"": 0.04621002813514998, ""supports:fwd"": 0.04621002813514998, ""contains:rev"": 0.04621002813514998, ""contains:fwd"": 0.04621002813514998}","[""maps:fwd"", ""maps:rev"", ""supports:fwd"", ""contains:rev"", ""contains:fwd""]","[0.7456654906272888, 0.2316085398197174, 0.007898282259702682, 0.0070306989364326, 0.004203121643513441]"
7,0.15,s7_case73,backing <e2> is <e1>,supports:fwd,contains:rev,0,0,contains:rev,0,contains:rev,0,0,,,,,,,,,
7,0.15,s7_case74,backing <e1> is <e2> for this case,supports:rev,contains:fwd,0,0,contains:fwd,0,contains:fwd,0,0,,,,,,,,,
7,0.15,s7_case75,before <e1> comes <e2> directly,precedes:rev,precedes:rev,1,1,precedes:rev,1,precedes:rev,1,0,precedes:fwd,precedes:fwd,precedes:rev,1.0,0.0,7.0,"{""precedes:rev"": 0.8327579718648501, ""precedes:fwd"": 0.04621002813514998, ""supports:fwd"": 0.04621002813514998, ""supports:rev"": 0.04621002813514998, ""contains:fwd"": 0.16724202813515002}","[""precedes:rev"", ""precedes:fwd"", ""supports:fwd"", ""supports:rev"", ""contains:fwd""]","[0.7271032333374023, 0.25880709290504456, 0.005839185323566198, 0.0023212358355522156, 0.0021492585074156523]"
7,0.15,s7_case76,<e2> is held up by <e1> in context,supports:fwd,maps:fwd,0,1,maps:fwd,0,maps:fwd,0,0,maps:fwd,maps:fwd,maps:fwd,1.0,1.0,1.0,"{""maps:fwd"": 0.04621002813514998, ""contains:fwd"": 0.19432511671115005, ""contains:rev"": 0.04621002813514998, ""maps:rev"": 0.04621002813514998, ""supports:fwd"": 0.8056748832888503}","[""maps:fwd"", ""contains:fwd"", ""contains:rev"", ""maps:rev"", ""supports:fwd""]","[0.9806178212165833, 0.00979061983525753, 0.004025709815323353, 0.0019419314339756966, 0.0015629616100341082]"
7,0.15,s7_case77,from <e2> <e1> is mapped in context,maps:rev,maps:fwd,0,1,maps:fwd,0,maps:fwd,0,0,maps:fwd,maps:fwd,maps:fwd,1.0,1.0,1.0,"{""maps:fwd"": 0.04621002813514998, ""contains:rev"": 0.04621002813514998, ""precedes:fwd"": 0.10093122899146997, ""supports:rev"": 0.04621002813514998, ""maps:rev"": 0.8990687710085301}","[""maps:fwd"", ""contains:rev"", ""precedes:fwd"", ""supports:rev"", ""maps:rev""]","[0.9629022479057312, 0.02482699789106846, 0.004302668385207653, 0.003238090081140399, 0.0019514051964506507]"
7,0.15,s7_case78,support for <e1> comes from <e2>,supports:rev,precedes:rev,0,1,supports:rev,1,precedes:fwd,0,1,precedes:rev,precedes:rev,supports:rev,1.0,0.0,3.0,"{""precedes:rev"": 0.04621002813514998, ""supports:rev"": 0.8724080550648503, ""precedes:fwd"": 0.12759194493515, ""maps:rev"": 0.04621002813514998, ""supports:fwd"": 0.04621002813514998}","[""precedes:rev"", ""supports:rev"", ""precedes:fwd"", ""maps:rev"", ""supports:fwd""]","[0.5739322304725647, 0.229934960603714, 0.1844400316476822, 0.0042420001700520515, 0.0039038739632815123]"
7,0.15,s7_case79,backing <e2> is <e1> for this case,supports:fwd,maps:rev,0,1,maps:rev,0,maps:rev,0,0,maps:rev,maps:rev,maps:rev,1.0,1.0,1.0,"{""maps:rev"": 0.23397519991115, ""contains:fwd"": 0.04621002813514998, ""contains:rev"": 0.04621002813514998, ""supports:fwd"": 0.7113035992325303, ""precedes:rev"": 0.10093122899146997}","[""maps:rev"", ""contains:fwd"", ""contains:rev"", ""supports:fwd"", ""precedes:rev""]","[0.6685301661491394, 0.21773511171340942, 0.06758679449558258, 0.03176308423280716, 0.004781037103384733]"
7,0.3,s7_case0,to <e1> <e2> points usually,maps:rev,maps:fwd,0,1,maps:fwd,0,maps:fwd,0,0,maps:fwd,maps:fwd,maps:fwd,1.0,1.0,1.0,"{""maps:fwd"": 0.25896874226252026, ""contains:fwd"": 0.14545626813515, ""contains:rev"": 0.04621002813514998, ""maps:rev"": 0.64178501773748, ""supports:rev"": 0.04621002813514998}","[""maps:fwd"", ""contains:fwd"", ""contains:rev"", ""maps:rev"", ""supports:rev""]","[0.5952267646789551, 0.1953195482492447, 0.11000943928956985, 0.08348327875137329, 0.008567375130951405]"
7,0.3,s7_case1,to <e2> <e1> points for this case,maps:fwd,contains:rev,0,1,maps:fwd,1,maps:rev,0,1,contains:rev,contains:rev,maps:fwd,1.0,0.0,2.0,"{""contains:rev"": 0.04621002813514998, ""contains:fwd"": 0.08300456359093959, ""maps:rev"": 0.19741354720889745, ""maps:fwd"": 0.7657919173353132, ""supports:rev"": 0.04621002813514998}","[""contains:rev"", ""contains:fwd"", ""maps:rev"", ""maps:fwd"", ""supports:rev""]","[0.7276162505149841, 0.13147947192192078, 0.07389707118272781, 0.045403189957141876, 0.018429161980748177]"
7,0.3,s7_case2,backing <e2> is <e1> for this case,supports:fwd,maps:rev,0,1,supports:fwd,1,supports:fwd,1,1,maps:rev,maps:rev,supports:fwd,1.0,0.0,1.0,"{""maps:rev"": 0.04621002813514998, ""contains:fwd"": 0.04621002813514998, ""contains:rev"": 0.08300456359093959, ""supports:fwd"": 0.9169954364090609, ""precedes:rev"": 0.04621002813514998}","[""maps:rev"", ""contains:fwd"", ""contains:rev"", ""supports:fwd"", ""precedes:rev""]","[0.6685301661491394, 0.21773511171340942, 0.06758679449558258, 0.03176308423280716, 0.004781037103384733]"
7,0.3,s7_case3,support for <e1> comes from <e2>,supports:rev,precedes:rev,0,1,supports:rev,1,precedes:rev,0,1,precedes:rev,precedes:rev,supports:rev,1.0,0.0,2.0,"{""precedes:rev"": 0.04621002813514998, ""supports:rev"": 0.5869711009374801, ""precedes:fwd"": 0.16724202813515002, ""maps:rev"": 0.0910814128373324, ""supports:fwd"": 0.24712551436033783}","[""precedes:rev"", ""supports:rev"", ""precedes:fwd"", ""maps:rev"", ""supports:fwd""]","[0.5739322304725647, 0.229934960603714, 0.1844400316476822, 0.0042420001700520515, 0.0039038739632815123]"
7,0.3,s7_case4,<e2> is held up by <e1>,supports:fwd,contains:fwd,0,1,supports:fwd,1,maps:fwd,0,1,contains:fwd,contains:fwd,supports:fwd,1.0,0.0,1.0,"{""contains:fwd"": 0.04621002813514998, ""maps:fwd"": 0.08300456359093959, ""supports:rev"": 0.12759194493515, ""precedes:rev"": 0.15781458461333242, ""supports:fwd"": 0.7240089631308781}","[""contains:fwd"", ""maps:fwd"", ""supports:rev"", ""precedes:rev"", ""supports:fwd""]","[0.48893555998802185, 0.2917441427707672, 0.14044052362442017, 0.024477016180753708, 0.021227972581982613]"
7,0.3,s7_case5,to <e2> <e1> points in context,maps:fwd,maps:fwd,1,1,maps:fwd,1,maps:rev,0,0,maps:rev,maps:rev,maps:fwd,1.0,0.0,4.0,"{""maps:fwd"": 0.7512778071506299, ""maps:rev"": 0.22398154720889746, ""supports:fwd"": 0.04621002813514998, ""contains:fwd"": 0.0709506737756229, ""precedes:fwd"": 0.04621002813514998}","[""maps:fwd"", ""maps:rev"", ""supports:fwd"", ""contains:fwd"", ""precedes:fwd""]","[0.5917398929595947, 0.2772890031337738, 0.06875192373991013, 0.038001637905836105, 0.01091192476451397]"
7,0.3,s7_case6,within <e2> sits <e1> usually,contains:rev,contains:fwd,0,0,contains:fwd,0,contains:fwd,0,0,,,,,,,,,
7,0.3,s7_case7,backing <e1> is <e2>,supports:rev,contains:fwd,0,0,contains:fwd,0,contains:fwd,0,0,,,,,,,,,
7,0.3,s7_case8,support for <e1> comes from <e2> in context,supports:rev,precedes:fwd,0,1,supports:rev,1,supports:rev,1,1,precedes:fwd,precedes:fwd,supports:rev,1.0,0.0,1.0,"{""precedes:fwd"": 0.3119864803909396, ""precedes:rev"": 0.04621002813514998, ""supports:rev"": 0.5887672796090607, ""maps:rev"": 0.14545626813515, ""supports:fwd"": 0.04621002813514998}","[""precedes:fwd"", ""precedes:rev"", ""supports:rev"", ""maps:rev"", ""supports:fwd""]","[0.3882874548435211, 0.2969980537891388, 0.29395514726638794, 0.008937408216297626, 0.007117659319192171]"
7,0.3,s7_case9,before <e1> comes <e2> usually,precedes:rev,precedes:rev,1,1,precedes:rev,1,precedes:rev,1,0,precedes:fwd,precedes:fwd,precedes:rev,1.0,0.0,6.0,"{""precedes:rev"": 0.5855653863063477, ""precedes:fwd"": 0.10093122899146997, ""supports:fwd"": 0.31484202813515, ""supports:rev"": 0.04621002813514998, ""maps:rev"": 0.0910814128373324}","[""precedes:rev"", ""precedes:fwd"", ""supports:fwd"", ""supports:rev"", ""maps:rev""]","[0.85312819480896, 0.13719819486141205, 0.002679429017007351, 0.002064169617369771, 0.001878068083897233]"
7,0.3,s7_case10,<e2> is held up by <e1> directly,supports:fwd,maps:fwd,0,1,maps:fwd,0,maps:fwd,0,0,maps:fwd,maps:fwd,maps:fwd,1.0,1.0,1.0,"{""maps:fwd"": 0.16724202813515002, ""contains:fwd"": 0.10093122899146997, ""contains:rev"": 0.19032765283733247, ""supports:rev"": 0.12759194493515, ""supports:fwd"": 0.5525372295063478}","[""maps:fwd"", ""contains:fwd"", ""contains:rev"", ""supports:rev"", ""supports:fwd""]","[0.9860737323760986, 0.00606982596218586, 0.0038646350149065256, 0.0013258811086416245, 0.000836257531773299]"
7,0.3,s7_case11,<e1> trails <e2>,precedes:rev,supports:fwd,0,1,precedes:rev,1,precedes:rev,1,1,supports:fwd,supports:fwd,precedes:rev,1.0,0.0,2.0,"{""supports:fwd"": 0.04621002813514998, ""precedes:rev"": 0.6320482698073424, ""supports:rev"": 0.0664973575603378, ""maps:fwd"": 0.22621002813514998, ""maps:rev"": 0.16766440076747002}","[""supports:fwd"", ""precedes:rev"", ""supports:rev"", ""maps:fwd"", ""maps:rev""]","[0.724387526512146, 0.20133057236671448, 0.02608509548008442, 0.018580937758088112, 0.017296364530920982]"
7,0.3,s7_case12,<e2> is ahead of <e1> for this case,precedes:rev,maps:fwd,0,0,maps:fwd,0,maps:fwd,0,0,,,,,,,,,
7,0.3,s7_case13,<e2> trails <e1>,precedes:fwd,precedes:fwd,1,1,precedes:fwd,1,precedes:fwd,1,0,maps:rev,maps:rev,precedes:fwd,1.0,0.0,8.0,"{""precedes:fwd"": 0.8841779415221951, ""maps:rev"": 0.0910814128373324, ""supports:rev"": 0.04621002813514998, ""supports:fwd"": 0.04621002813514998, ""contains:rev"": 0.0709506737756229}","[""precedes:fwd"", ""maps:rev"", ""supports:rev"", ""supports:fwd"", ""contains:rev""]","[0.6583799719810486, 0.19843076169490814, 0.10923446714878082, 0.021764451637864113, 0.005807254929095507]"
7,0.3,s7_case14,inside <e1> is <e2> usually,contains:fwd,contains:fwd,1,1,contains:fwd,1,contains:fwd,1,0,maps:fwd,contains:fwd,contains:fwd,0.0,0.0,6.0,"{""contains:fwd"": 0.5558532810151028, ""maps:fwd"": 0.07638154720889745, ""contains:rev"": 0.11294319991115, ""maps:rev"": 0.22621002813514998, ""supports:rev"": 0.16724202813515002}","[""contains:fwd"", ""maps:fwd"", ""contains:rev"", ""maps:rev"", ""supports:rev""]","[0.783487856388092, 0.16902662813663483, 0.032191064208745956, 0.008728076703846455, 0.0024594899732619524]"
7,0.3,s7_case15,backing <e2> is <e1> directly,supports:fwd,contains:rev,0,0,contains:rev,0,contains:rev,0,0,,,,,,,,,
7,0.3,s7_case16,the target of <e1> is <e2>,maps:fwd,maps:rev,0,1,maps:fwd,1,maps:rev,0,1,maps:rev,maps:rev,maps:fwd,1.0,0.0,2.0,"{""maps:rev"": 0.04621002813514998, ""maps:fwd"": 0.5059084311101254, ""supports:fwd"": 0.1032918930161274, ""contains:rev"": 0.2570097040088975, ""contains:fwd"": 0.22621002813514998}","[""maps:rev"", ""maps:fwd"", ""supports:fwd"", ""contains:rev"", ""contains:fwd""]","[0.8591153621673584, 0.10121086239814758, 0.01844858191907406, 0.007840677164494991, 0.007076594512909651]"
7,0.3,s7_case17,<e2> is ahead of <e1> for this case,precedes:rev,maps:fwd,0,0,maps:fwd,0,maps:fwd,0,0,,,,,,,,,
7,0.3,s7_case18,to <e2> <e1> points in context,maps:fwd,maps:fwd,1,1,maps:fwd,1,maps:rev,0,0,maps:rev,maps:rev,maps:fwd,1.0,0.0,4.0,"{""maps:fwd"": 0.5328780568811601, ""maps:rev"": 0.04621002813514998, ""supports:fwd"": 0.11136874226252023, ""contains:fwd"": 0.04621002813514998, ""precedes:fwd"": 0.40196322899146997}","[""maps:fwd"", ""maps:rev"", ""supports:fwd"", ""contains:fwd"", ""precedes:fwd""]","[0.5917398929595947, 0.2772890031337738, 0.06875192373991013, 0.038001637905836105, 0.01091192476451397]"
7,0.3,s7_case19,for this case <e1> is ahead of <e2>,precedes:fwd,maps:rev,0,0,maps:rev,0,maps:rev,0,0,,,,,,,,,
7,0.3,s7_case20,from <e2> <e1> is mapped for this case,maps:rev,contains:rev,0,1,maps:rev,1,contains:rev,0,1,contains:rev,contains:rev,maps:rev,1.0,0.0,1.0,"{""contains:rev"": 0.10093122899146997, ""supports:rev"": 0.2630045635909396, ""precedes:rev"": 0.0910814128373324, ""maps:rev"": 0.6374028508505584, ""maps:fwd"": 0.04621002813514998}","[""contains:rev"", ""supports:rev"", ""precedes:rev"", ""maps:rev"", ""maps:fwd""]","[0.6811662316322327, 0.10407749563455582, 0.10345969349145889, 0.04905754327774048, 0.047105055302381516]"
7,0.3,s7_case21,the target of <e2> is <e1> usually,maps:rev,maps:fwd,0,1,maps:fwd,0,maps:fwd,0,0,maps:fwd,maps:fwd,maps:fwd,1.0,1.0,1.0,"{""maps:fwd"": 0.04621002813514998, ""contains:fwd"": 0.0664973575603378, ""contains:rev"": 0.10093122899146997, ""maps:rev"": 0.8787814415833424, ""supports:fwd"": 0.04621002813514998}","[""maps:fwd"", ""contains:fwd"", ""contains:rev"", ""maps:rev"", ""supports:fwd""]","[0.9513764977455139, 0.03731955960392952, 0.005933117121458054, 0.001682369620539248, 0.0012171306880190969]"
7,0.3,s7_case22,backing <e2> is <e1> usually,supports:fwd,contains:rev,0,0,contains:rev,0,contains:rev,0,0,,,,,,,,,
7,0.3,s7_case23,<e2> trails <e1> in context,precedes:fwd,precedes:fwd,1,1,precedes:fwd,1,supports:rev,0,0,supports:rev,supports:rev,precedes:fwd,1.0,0.0,3.0,"{""precedes:fwd"": 0.535452883365915, ""supports:rev"": 0.21409735756033782, ""supports:fwd"": 0.04621002813514998, ""maps:rev"": 0.17562778720889746, ""maps:fwd"": 0.16724202813515002}","[""precedes:fwd"", ""supports:rev"", ""supports:fwd"", ""maps:rev"", ""maps:fwd""]","[0.680503249168396, 0.2452087104320526, 0.026961347088217735, 0.024789851158857346, 0.01814253069460392]"
7,0.3,s7_case24,to <e1> <e2> points usually,maps:rev,maps:fwd,0,1,maps:rev,1,contains:rev,0,1,maps:fwd,maps:fwd,maps:rev,1.0,0.0,1.0,"{""maps:fwd"": 0.07638154720889745, ""contains:fwd"": 0.10093122899146997, ""contains:rev"": 0.04621002813514998, ""maps:rev"": 0.8441566062943098, ""supports:rev"": 0.0709506737756229}","[""maps:fwd"", ""contains:fwd"", ""contains:rev"", ""maps:rev"", ""supports:rev""]","[0.5952267646789551, 0.1953195482492447, 0.11000943928956985, 0.08348327875137329, 0.008567375130951405]"
7,0.3,s7_case25,<e2> has <e1> inside,contains:rev,contains:rev,1,1,contains:rev,1,contains:rev,1,0,supports:rev,contains:rev,contains:rev,0.0,0.0,13.0,"{""contains:rev"": 0.8096723471626677, ""supports:rev"": 0.04621002813514998, ""contains:fwd"": 0.14545626813515, ""maps:rev"": 0.04621002813514998, ""precedes:rev"": 0.0910814128373324}","[""contains:rev"", ""supports:rev"", ""contains:fwd"", ""maps:rev"", ""precedes:rev""]","[0.979608952999115, 0.007787731941789389, 0.007089907769113779, 0.0029314174316823483, 0.0015429271152243018]"
7,0.3,s7_case26,the target of <e1> is <e2> in context,maps:fwd,maps:fwd,1,1,maps:fwd,1,maps:fwd,1,0,maps:rev,maps:rev,maps:fwd,1.0,0.0,5.0,"{""maps:fwd"": 0.8841779415221951, ""maps:rev"": 0.0910814128373324, ""supports:fwd"": 0.04621002813514998, ""contains:rev"": 0.0709506737756229, ""contains:fwd"": 0.04621002813514998}","[""maps:fwd"", ""maps:rev"", ""supports:fwd"", ""contains:rev"", ""contains:fwd""]","[0.7456654906272888, 0.2316085398197174, 0.007898282259702682, 0.0070306989364326, 0.004203121643513441]"
7,0.3,s7_case27,in context <e1> has <e2> inside,contains:fwd,contains:rev,0,1,contains:rev,0,contains:rev,0,0,contains:rev,contains:rev,contains:rev,1.0,1.0,1.0,"{""contains:rev"": 0.04621002813514998, ""supports:rev"": 0.37432511671115004, ""maps:rev"": 0.11317608266468705, ""precedes:rev"": 0.0910814128373324, ""contains:fwd"": 0.5138374440571307}","[""contains:rev"", ""supports:rev"", ""maps:rev"", ""precedes:rev"", ""contains:fwd""]","[0.9694814682006836, 0.01614021323621273, 0.007337281946092844, 0.002987832296639681, 0.002402625512331724]"
7,0.3,s7_case28,before <e2> comes <e1> for this case,precedes:fwd,precedes:fwd,1,1,precedes:fwd,1,precedes:rev,0,0,precedes:rev,precedes:fwd,precedes:fwd,0.0,0.0,13.0,"{""precedes:fwd"": 0.8096723471626677, ""precedes:rev"": 0.04621002813514998, ""contains:fwd"": 0.0910814128373324, ""maps:fwd"": 0.14545626813515, ""supports:rev"": 0.04621002813514998}","[""precedes:fwd"", ""precedes:rev"", ""contains:fwd"", ""maps:fwd"", ""supports:rev""]","[0.965366005897522, 0.01901702582836151, 0.005760767497122288, 0.0032573877833783627, 0.0028379028663039207]"
7,0.3,s7_case29,<e1> is ahead of <e2>,precedes:fwd,maps:rev,0,0,maps:rev,0,maps:rev,0,0,,,,,,,,,
7,0.3,s7_case30,<e2> trails <e1>,precedes:fwd,precedes:fwd,1,1,precedes:fwd,1,supports:rev,0,0,maps:rev,maps:rev,precedes:fwd,1.0,0.0,5.0,"{""precedes:fwd"": 0.8323355992325303, ""maps:rev"": 0.10093122899146997, ""supports:rev"": 0.04621002813514998, ""supports:fwd"": 0.04621002813514998, ""contains:rev"": 0.11294319991115}","[""precedes:fwd"", ""maps:rev"", ""supports:rev"", ""supports:fwd"", ""contains:rev""]","[0.6583799719810486, 0.19843076169490814, 0.10923446714878082, 0.021764451637864113, 0.005807254929095507]"
7,0.3,s7_case31,<e2> has <e1> inside for this case,contains:rev,contains:rev,1,1,contains:rev,1,contains:rev,1,0,contains:fwd,contains:rev,contains:rev,0.0,0.0,13.0,"{""contains:rev"": 0.5385413138636624, ""contains:fwd"": 0.0664973575603378, ""supports:rev"": 0.04621002813514998, ""maps:rev"": 0.37443818493515, ""precedes:rev"": 0.11294319991115}","[""contains:rev"", ""contains:fwd"", ""supports:rev"", ""maps:rev"", ""precedes:rev""]","[0.9637793302536011, 0.016705486923456192, 0.012974405661225319, 0.002947828732430935, 0.0019641818944364786]"
7,0.3,s7_case32,within <e2> sits <e1>,contains:rev,contains:fwd,0,1,contains:fwd,0,contains:fwd,0,0,contains:fwd,contains:fwd,contains:fwd,1.0,1.0,1.0,"{""contains:fwd"": 0.2306045635909396, ""precedes:rev"": 0.11294319991115, ""supports:fwd"": 0.22621002813514998, ""contains:rev"": 0.5226622646330606, ""maps:rev"": 0.04621002813514998}","[""contains:fwd"", ""precedes:rev"", ""supports:fwd"", ""contains:rev"", ""maps:rev""]","[0.8401132225990295, 0.114095538854599, 0.031485944986343384, 0.004582480993121862, 0.003945349715650082]"
7,0.3,s7_case33,within <e2> sits <e1> in context,contains:rev,supports:fwd,0,0,supports:fwd,0,supports:fwd,0,0,,,,,,,,,
7,0.3,s7_case34,inside <e2> is <e1> usually,contains:rev,maps:fwd,0,1,contains:fwd,0,contains:fwd,0,0,maps:fwd,maps:fwd,contains:fwd,1.0,0.0,1.0,"{""maps:fwd"": 0.11294319991115, ""contains:fwd"": 0.4186814128373324, ""contains:rev"": 0.5145854153866678, ""maps:rev"": 0.04621002813514998, ""supports:rev"": 0.04621002813514998}","[""maps:fwd"", ""contains:fwd"", ""contains:rev"", ""maps:rev"", ""supports:rev""]","[0.6122872829437256, 0.25820204615592957, 0.09800595045089722, 0.02381143905222416, 0.0038145289290696383]"
7,0.3,s7_case35,in context <e1> trails <e2>,precedes:rev,supports:fwd,0,1,supports:fwd,0,supports:fwd,0,0,supports:fwd,supports:fwd,supports:fwd,1.0,1.0,1.0,"{""supports:fwd"": 0.12759194493515, ""precedes:rev"": 0.4349889340505582, ""supports:rev"": 0.04621002813514998, ""contains:rev"": 0.2710814128373324, ""contains:fwd"": 0.2587577644472596}","[""supports:fwd"", ""precedes:rev"", ""supports:rev"", ""contains:rev"", ""contains:fwd""]","[0.9149951934814453, 0.051527440547943115, 0.012605161406099796, 0.011148898862302303, 0.004197340924292803]"
7,0.3,s7_case36,directly <e1> has <e2> inside,contains:fwd,contains:rev,0,1,contains:fwd,1,contains:rev,0,1,contains:rev,contains:rev,contains:fwd,1.0,0.0,1.0,"{""contains:rev"": 0.2509506737756229, ""contains:fwd"": 0.5466354094243773, ""maps:fwd"": 0.04621002813514998, ""precedes:fwd"": 0.24862394493515, ""maps:rev"": 0.04621002813514998}","[""contains:rev"", ""contains:fwd"", ""maps:fwd"", ""precedes:fwd"", ""maps:rev""]","[0.5810399055480957, 0.29024577140808105, 0.08464274555444717, 0.016684604808688164, 0.013214843347668648]"
7,0.3,s7_case37,within <e1> sits <e2> for this case,contains:fwd,contains:fwd,1,1,contains:fwd,1,contains:fwd,1,0,maps:fwd,contains:fwd,contains:fwd,0.0,0.0,13.0,"{""contains:fwd"": 0.5680748238658749, ""maps:fwd"": 0.04621002813514998, ""precedes:rev"": 0.15233259057562296, ""maps:rev"": 0.04621002813514998, ""supports:fwd"": 0.32580261369365243}","[""contains:fwd"", ""maps:fwd"", ""precedes:rev"", ""maps:rev"", ""supports:fwd""]","[0.8834705948829651, 0.04950612783432007, 0.044078800827264786, 0.013719719834625721, 0.003813778515905142]"
7,0.3,s7_case38,to <e1> <e2> points in context,maps:rev,maps:fwd,0,1,maps:fwd,0,maps:fwd,0,0,maps:fwd,maps:fwd,maps:fwd,1.0,1.0,1.0,"{""maps:fwd"": 0.07638154720889745, ""maps:rev"": 0.5303446500877326, ""contains:fwd"": 0.12759194493515, ""supports:fwd"": 0.2464973575603378, ""precedes:fwd"": 0.15781458461333242}","[""maps:fwd"", ""maps:rev"", ""contains:fwd"", ""supports:fwd"", ""precedes:fwd""]","[0.9321936964988708, 0.024579469114542007, 0.023606248199939728, 0.014461000449955463, 0.002152336062863469]"
7,0.3,s7_case39,from <e2> <e1> is mapped usually,maps:rev,maps:rev,1,1,maps:rev,1,maps:rev,1,0,maps:fwd,maps:fwd,maps:rev,1.0,0.0,5.0,"{""maps:rev"": 0.42923728142537043, ""maps:fwd"": 0.04621002813514998, ""supports:rev"": 0.3898505584166579, ""precedes:rev"": 0.08300456359093959, ""contains:rev"": 0.19032765283733247}","[""maps:rev"", ""maps:fwd"", ""supports:rev"", ""precedes:rev"", ""contains:rev""]","[0.6212095618247986, 0.26572802662849426, 0.038658611476421356, 0.03319883346557617, 0.017125122249126434]"
7,0.3,s7_case40,the target of <e2> is <e1> in context,maps:rev,maps:fwd,0,1,maps:fwd,0,maps:fwd,0,0,maps:fwd,maps:fwd,maps:fwd,1.0,1.0,1.0,"{""maps:fwd"": 0.04621002813514998, ""contains:fwd"": 0.04621002813514998, ""supports:fwd"": 0.08300456359093959, ""contains:rev"": 0.04621002813514998, ""maps:rev"": 0.9169954364090609}","[""maps:fwd"", ""contains:fwd"", ""supports:fwd"", ""contains:rev"", ""maps:rev""]","[0.9534693360328674, 0.021950989961624146, 0.01532058510929346, 0.00454852357506752, 0.0023269737139344215]"
7,0.3,s7_case41,inside <e1> is <e2>,contains:fwd,contains:fwd,1,1,contains:fwd,1,contains:fwd,1,0,maps:fwd,maps:fwd,contains:fwd,1.0,0.0,4.0,"{""contains:fwd"": 0.708424740665875, ""maps:fwd"": 0.16724202813515002, ""contains:rev"": 0.10093122899146997, ""maps:rev"": 0.11582205847780534, ""supports:fwd"": 0.04621002813514998}","[""contains:fwd"", ""maps:fwd"", ""contains:rev"", ""maps:rev"", ""supports:fwd""]","[0.6236856579780579, 0.320655882358551, 0.034839436411857605, 0.010825537145137787, 0.005306266713887453]"
7,0.3,s7_case42,inside <e1> is <e2> usually,contains:fwd,contains:fwd,1,1,contains:fwd,1,contains:fwd,1,0,maps:fwd,maps:fwd,contains:fwd,1.0,0.0,7.0,"{""contains:fwd"": 0.8502622646330606, ""maps:fwd"": 0.04621002813514998, ""contains:rev"": 0.11294319991115, ""maps:rev"": 0.04621002813514998, ""supports:rev"": 0.08300456359093959}","[""contains:fwd"", ""maps:fwd"", ""contains:rev"", ""maps:rev"", ""supports:rev""]","[0.783487856388092, 0.16902662813663483, 0.032191064208745956, 0.008728076703846455, 0.0024594899732619524]"
7,0.3,s7_case43,support for <e2> comes from <e1> in context,supports:fwd,precedes:fwd,0,1,precedes:fwd,0,maps:rev,0,0,precedes:fwd,precedes:fwd,precedes:fwd,1.0,1.0,1.0,"{""precedes:fwd"": 0.07638154720889745, ""supports:rev"": 0.04621002813514998, ""precedes:rev"": 0.04621002813514998, ""supports:fwd"": 0.8243722127911028, ""maps:rev"": 0.14545626813515}","[""precedes:fwd"", ""supports:rev"", ""precedes:rev"", ""supports:fwd"", ""maps:rev""]","[0.7606358528137207, 0.15027379989624023, 0.06589941680431366, 0.011120683513581753, 0.00876662414520979]"
7,0.3,s7_case44,for this case <e1> trails <e2>,precedes:rev,contains:fwd,0,1,contains:fwd,0,supports:fwd,0,0,contains:fwd,contains:fwd,contains:fwd,1.0,1.0,1.0,"{""contains:fwd"": 0.19381002813515, ""supports:fwd"": 0.04621002813514998, ""precedes:rev"": 0.7512778071506299, ""maps:rev"": 0.04621002813514998, ""precedes:fwd"": 0.1011221928493704}","[""contains:fwd"", ""supports:fwd"", ""precedes:rev"", ""maps:rev"", ""precedes:fwd""]","[0.6115891933441162, 0.3049312233924866, 0.03991962596774101, 0.026756377890706062, 0.005923577584326267]"
7,0.3,s7_case45,to <e2> <e1> points in context,maps:fwd,maps:fwd,1,1,maps:fwd,1,supports:fwd,0,0,maps:rev,maps:rev,maps:fwd,1.0,0.0,5.0,"{""maps:fwd"": 0.7731618150648503, ""maps:rev"": 0.04621002813514998, ""supports:fwd"": 0.04621002813514998, ""contains:fwd"": 0.22683818493515, ""precedes:fwd"": 0.04621002813514998}","[""maps:fwd"", ""maps:rev"", ""supports:fwd"", ""contains:fwd"", ""precedes:fwd""]","[0.5917398929595947, 0.2772890031337738, 0.06875192373991013, 0.038001637905836105, 0.01091192476451397]"
7,0.3,s7_case46,backing <e1> is <e2> usually,supports:rev,contains:fwd,0,1,contains:fwd,0,contains:fwd,0,0,contains:fwd,contains:fwd,contains:fwd,1.0,1.0,1.0,"{""contains:fwd"": 0.04621002813514998, ""contains:rev"": 0.04621002813514998, ""maps:fwd"": 0.24904631756747003, ""supports:rev"": 0.5997501633587827, ""precedes:fwd"": 0.19741354720889745}","[""contains:fwd"", ""contains:rev"", ""maps:fwd"", ""supports:rev"", ""precedes:fwd""]","[0.8972121477127075, 0.0788128599524498, 0.012798800133168697, 0.003936792723834515, 0.003431818215176463]"
7,0.3,s7_case47,<e2> trails <e1> usually,precedes:fwd,supports:rev,0,1,precedes:fwd,1,precedes:fwd,1,1,supports:rev,supports:rev,precedes:fwd,1.0,0.0,2.0,"{""supports:rev"": 0.12759194493515, ""contains:rev"": 0.04621002813514998, ""precedes:fwd"": 0.8724080550648503, ""maps:rev"": 0.04621002813514998, ""supports:fwd"": 0.04621002813514998}","[""supports:rev"", ""contains:rev"", ""precedes:fwd"", ""maps:rev"", ""supports:fwd""]","[0.8456889986991882, 0.06339060515165329, 0.04872597008943558, 0.03193981572985649, 0.004900163039565086]"
7,0.3,s7_case48,<e2> trails <e1>,precedes:fwd,precedes:fwd,1,1,precedes:fwd,1,precedes:fwd,1,0,maps:rev,maps:rev,precedes:fwd,1.0,0.0,4.0,"{""precedes:fwd"": 0.7087710862243772, ""maps:rev"": 0.14545626813515, ""supports:rev"": 0.04621002813514998, ""supports:fwd"": 0.0709506737756229, ""contains:rev"": 0.16724202813515002}","[""precedes:fwd"", ""maps:rev"", ""supports:rev"", ""supports:fwd"", ""contains:rev""]","[0.6583799719810486, 0.19843076169490814, 0.10923446714878082, 0.021764451637864113, 0.005807254929095507]"
7,0.3,s7_case49,to <e2> <e1> points usually,maps:fwd,contains:rev,0,1,maps:fwd,1,contains:fwd,0,1,contains:rev,contains:rev,maps:fwd,1.0,0.0,2.0,"{""contains:rev"": 0.04621002813514998, ""maps:fwd"": 0.6698028508505582, ""contains:fwd"": 0.12787594829312202, ""supports:rev"": 0.24853122899146998, ""maps:rev"": 0.04621002813514998}","[""contains:rev"", ""maps:fwd"", ""contains:fwd"", ""supports:rev"", ""maps:rev""]","[0.6119595170021057, 0.174948051571846, 0.138285294175148, 0.04722089692950249, 0.02251056768000126]"
7,0.3,s7_case50,the target of <e1> is <e2> directly,maps:fwd,maps:fwd,1,1,maps:fwd,1,maps:fwd,1,0,contains:rev,maps:fwd,maps:fwd,0.0,0.0,13.0,"{""maps:fwd"": 0.9169954364090609, ""contains:rev"": 0.04621002813514998, ""contains:fwd"": 0.04621002813514998, ""maps:rev"": 0.04621002813514998, ""supports:fwd"": 0.08300456359093959}","[""maps:fwd"", ""contains:rev"", ""contains:fwd"", ""maps:rev"", ""supports:fwd""]","[0.9834786653518677, 0.005984900519251823, 0.003983223345130682, 0.003974899183958769, 0.0009583080536685884]"
7,0.3,s7_case51,within <e1> sits <e2> directly,contains:fwd,contains:fwd,1,1,contains:fwd,1,contains:fwd,1,0,precedes:rev,contains:fwd,contains:fwd,0.0,0.0,13.0,"{""contains:fwd"": 0.7878865871626677, ""precedes:rev"": 0.16724202813515002, ""supports:fwd"": 0.04621002813514998, ""maps:rev"": 0.0910814128373324, ""precedes:fwd"": 0.04621002813514998}","[""contains:fwd"", ""precedes:rev"", ""supports:fwd"", ""maps:rev"", ""precedes:fwd""]","[0.8122602701187134, 0.08400625735521317, 0.07184765487909317, 0.017387811094522476, 0.00794261135160923]"
7,0.3,s7_case52,<e2> trails <e1> directly,precedes:fwd,supports:rev,0,1,precedes:fwd,1,supports:rev,0,1,supports:rev,supports:rev,precedes:fwd,1.0,0.0,3.0,"{""supports:rev"": 0.04621002813514998, ""precedes:fwd"": 0.9290493262243773, ""maps:rev"": 0.0709506737756229, ""contains:rev"": 0.04621002813514998, ""supports:fwd"": 0.04621002813514998}","[""supports:rev"", ""precedes:fwd"", ""maps:rev"", ""contains:rev"", ""supports:fwd""]","[0.6076529622077942, 0.24976502358913422, 0.06364896893501282, 0.0617418996989727, 0.010992574505507946]"
7,0.3,s7_case53,before <e1> comes <e2> usually,precedes:rev,precedes:rev,1,1,precedes:rev,1,precedes:rev,1,0,precedes:fwd,precedes:fwd,precedes:rev,1.0,0.0,11.0,"{""precedes:rev"": 0.6295157567991895, ""precedes:fwd"": 0.04621002813514998, ""supports:fwd"": 0.04621002813514998, ""supports:rev"": 0.2464973575603378, ""maps:rev"": 0.17019691377562293}","[""precedes:rev"", ""precedes:fwd"", ""supports:fwd"", ""supports:rev"", ""maps:rev""]","[0.85312819480896, 0.13719819486141205, 0.002679429017007351, 0.002064169617369771, 0.001878068083897233]"
7,0.3,s7_case54,inside <e2> is <e1> for this case,contains:rev,maps:rev,0,1,contains:rev,1,contains:fwd,0,1,maps:rev,maps:rev,contains:rev,1.0,0.0,1.0,"{""maps:rev"": 0.04621002813514998, ""contains:fwd"": 0.16766440076747002, ""contains:rev"": 0.5570053660314126, ""supports:fwd"": 0.29136874226252024, ""maps:fwd"": 0.07638154720889745}","[""maps:rev"", ""contains:fwd"", ""contains:rev"", ""supports:fwd"", ""maps:fwd""]","[0.7127225995063782, 0.19441643357276917, 0.051964983344078064, 0.02774646505713463, 0.0036160398740321398]"
7,0.3,s7_case55,inside <e1> is <e2>,contains:fwd,contains:fwd,1,1,contains:fwd,1,maps:fwd,0,0,maps:fwd,maps:fwd,contains:fwd,1.0,0.0,3.0,"{""contains:fwd"": 0.6256748832888503, ""maps:fwd"": 0.12759194493515, ""contains:rev"": 0.29294319991115, ""maps:rev"": 0.04621002813514998, ""supports:fwd"": 0.04621002813514998}","[""contains:fwd"", ""maps:fwd"", ""contains:rev"", ""maps:rev"", ""supports:fwd""]","[0.6236856579780579, 0.320655882358551, 0.034839436411857605, 0.010825537145137787, 0.005306266713887453]"
7,0.3,s7_case56,within <e2> sits <e1> usually,contains:rev,contains:fwd,0,0,contains:fwd,0,contains:fwd,0,0,,,,,,,,,
7,0.3,s7_case57,inside <e1> is <e2> for this case,contains:fwd,maps:rev,0,1,maps:rev,0,maps:rev,0,0,maps:rev,maps:rev,maps:rev,1.0,1.0,1.0,"{""maps:rev"": 0.16724202813515002, ""contains:fwd"": 0.4749864527911028, ""supports:fwd"": 0.07638154720889745, ""contains:rev"": 0.22621002813514998, ""precedes:rev"": 0.19381002813515}","[""maps:rev"", ""contains:fwd"", ""supports:fwd"", ""contains:rev"", ""precedes:rev""]","[0.8318294882774353, 0.09653332084417343, 0.032284174114465714, 0.014386395923793316, 0.010248610749840736]"
7,0.3,s7_case58,<e2> is ahead of <e1> directly,precedes:rev,supports:fwd,0,0,supports:fwd,0,supports:fwd,0,0,,,,,,,,,
7,0.3,s7_case59,<e2> is held up by <e1> for this case,supports:fwd,contains:fwd,0,0,contains:fwd,0,contains:fwd,0,0,,,,,,,,,
7,0.3,s7_case60,the target of <e2> is <e1>,maps:rev,maps:fwd,0,1,supports:fwd,0,supports:fwd,0,0,maps:fwd,maps:fwd,supports:fwd,1.0,0.0,1.0,"{""maps:fwd"": 0.0910814128373324, ""supports:fwd"": 0.46083052933633784, ""contains:fwd"": 0.12567187463194293, ""contains:rev"": 0.11317608266468705, ""maps:rev"": 0.3478701849351501}","[""maps:fwd"", ""supports:fwd"", ""contains:fwd"", ""contains:rev"", ""maps:rev""]","[0.7395718097686768, 0.1897554248571396, 0.05518125742673874, 0.006569662131369114, 0.004659474827349186]"
7,0.3,s7_case61,usually <e1> trails <e2>,precedes:rev,supports:fwd,0,1,supports:fwd,0,supports:fwd,0,0,supports:fwd,supports:fwd,supports:fwd,1.0,1.0,1.0,"{""supports:fwd"": 0.2040365635909396, ""contains:fwd"": 0.04621002813514998, ""contains:rev"": 0.14545626813515, ""precedes:rev"": 0.46199599555274057, ""supports:rev"": 0.28093122899146994}","[""supports:fwd"", ""contains:fwd"", ""contains:rev"", ""precedes:rev"", ""supports:rev""]","[0.9093495011329651, 0.046322960406541824, 0.02121567167341709, 0.011975422501564026, 0.005130614619702101]"
7,0.3,s7_case62,usually <e1> is held up by <e2>,supports:rev,maps:rev,0,1,supports:rev,1,precedes:rev,0,1,maps:rev,maps:rev,supports:rev,1.0,0.0,2.0,"{""maps:rev"": 0.0664973575603378, ""contains:rev"": 0.14545626813515, ""supports:rev"": 0.8342564024396624, ""precedes:fwd"": 0.04621002813514998, ""precedes:rev"": 0.04621002813514998}","[""maps:rev"", ""contains:rev"", ""supports:rev"", ""precedes:fwd"", ""precedes:rev""]","[0.620394766330719, 0.23920664191246033, 0.09814877063035965, 0.021577754989266396, 0.008984537795186043]"
7,0.3,s7_case63,to <e1> <e2> points,maps:rev,maps:fwd,0,1,maps:rev,1,contains:rev,0,1,maps:fwd,maps:fwd,maps:rev,1.0,0.0,2.0,"{""maps:fwd"": 0.04621002813514998, ""contains:rev"": 0.18225080359093962, ""contains:fwd"": 0.11294319991115, ""maps:rev"": 0.7510160246330606, ""supports:rev"": 0.04621002813514998}","[""maps:fwd"", ""contains:rev"", ""contains:fwd"", ""maps:rev"", ""supports:rev""]","[0.6362839341163635, 0.1593894064426422, 0.1176896020770073, 0.04462922737002373, 0.034797608852386475]"
7,0.3,s7_case64,within <e2> sits <e1> in context,contains:rev,supports:fwd,0,0,supports:fwd,0,supports:fwd,0,0,,,,,,,,,
7,0.3,s7_case65,inside <e1> is <e2> in context,contains:fwd,maps:fwd,0,1,maps:fwd,0,maps:fwd,0,0,maps:fwd,maps:fwd,maps:fwd,1.0,1.0,1.0,"{""maps:fwd"": 0.24670387463194296, ""contains:fwd"": 0.2597167135920573, ""supports:fwd"": 0.11294319991115, ""maps:rev"": 0.22621002813514998, ""contains:rev"": 0.29305626813515}","[""maps:fwd"", ""contains:fwd"", ""supports:fwd"", ""maps:rev"", ""contains:rev""]","[0.8393287062644958, 0.06654349714517593, 0.06047213822603226, 0.026292892172932625, 0.003992727492004633]"
7,0.3,s7_case66,<e1> is held up by <e2>,supports:rev,maps:rev,0,1,supports:rev,1,maps:rev,0,1,maps:rev,maps:rev,supports:rev,1.0,0.0,1.0,"{""maps:rev"": 0.07638154720889745, ""contains:rev"": 0.04621002813514998, ""supports:rev"": 0.8422365359911028, ""precedes:rev"": 0.04621002813514998, ""maps:fwd"": 0.12759194493515}","[""maps:rev"", ""contains:rev"", ""supports:rev"", ""precedes:rev"", ""maps:fwd""]","[0.7934589385986328, 0.15371045470237732, 0.032694656401872635, 0.011745902709662914, 0.003014088375493884]"
7,0.3,s7_case67,inside <e2> is <e1>,contains:rev,contains:rev,1,1,contains:rev,1,contains:rev,1,0,maps:fwd,maps:fwd,contains:rev,1.0,0.0,6.0,"{""contains:rev"": 0.7335117318648503, ""maps:fwd"": 0.14545626813515, ""maps:rev"": 0.04621002813514998, ""contains:fwd"": 0.04621002813514998, ""supports:rev"": 0.16724202813515002}","[""contains:rev"", ""maps:fwd"", ""maps:rev"", ""contains:fwd"", ""supports:rev""]","[0.6797693371772766, 0.2533455193042755, 0.03294762223958969, 0.02449052222073078, 0.00645563704892993]"
7,0.3,s7_case68,to <e2> <e1> points usually,maps:fwd,contains:rev,0,1,maps:fwd,1,supports:rev,0,1,contains:rev,contains:rev,maps:fwd,1.0,0.0,2.0,"{""contains:rev"": 0.04621002813514998, ""maps:fwd"": 0.9537899718648504, ""contains:fwd"": 0.04621002813514998, ""supports:rev"": 0.04621002813514998, ""maps:rev"": 0.04621002813514998}","[""contains:rev"", ""maps:fwd"", ""contains:fwd"", ""supports:rev"", ""maps:rev""]","[0.6119595170021057, 0.174948051571846, 0.138285294175148, 0.04722089692950249, 0.02251056768000126]"
7,0.3,s7_case69,support for <e1> comes from <e2> for this case,supports:rev,precedes:fwd,0,1,supports:rev,1,precedes:rev,0,1,precedes:fwd,precedes:fwd,supports:rev,1.0,0.0,3.0,"{""precedes:fwd"": 0.04621002813514998, ""precedes:rev"": 0.04621002813514998, ""supports:rev"": 0.9335026424396624, ""maps:rev"": 0.04621002813514998, ""contains:rev"": 0.0664973575603378}","[""precedes:fwd"", ""precedes:rev"", ""supports:rev"", ""maps:rev"", ""contains:rev""]","[0.5439450144767761, 0.3344530165195465, 0.10732327401638031, 0.00658286502584815, 0.0034471536055207253]"
7,0.3,s7_case70,support for <e1> comes from <e2> directly,supports:rev,precedes:fwd,0,1,supports:rev,1,supports:rev,1,1,precedes:fwd,precedes:fwd,supports:rev,1.0,0.0,2.0,"{""precedes:fwd"": 0.04621002813514998, ""precedes:rev"": 0.21409735756033782, ""supports:rev"": 0.6130469082231895, ""maps:rev"": 0.11294319991115, ""supports:fwd"": 0.15233259057562296}","[""precedes:fwd"", ""precedes:rev"", ""supports:rev"", ""maps:rev"", ""supports:fwd""]","[0.4208725094795227, 0.39483609795570374, 0.16362205147743225, 0.009117797948420048, 0.005902474746108055]"
7,0.3,s7_case71,<e2> trails <e1> in context,precedes:fwd,precedes:fwd,1,1,precedes:fwd,1,supports:rev,0,0,supports:rev,precedes:fwd,precedes:fwd,0.0,0.0,13.0,"{""precedes:fwd"": 0.587228005709595, ""supports:rev"": 0.22621002813514998, ""supports:fwd"": 0.15776346400889749, ""maps:rev"": 0.12121855841665782, ""maps:fwd"": 0.04621002813514998}","[""precedes:fwd"", ""supports:rev"", ""supports:fwd"", ""maps:rev"", ""maps:fwd""]","[0.680503249168396, 0.2452087104320526, 0.026961347088217735, 0.024789851158857346, 0.01814253069460392]"
7,0.3,s7_case72,the target of <e1> is <e2> in context,maps:fwd,maps:fwd,1,1,maps:fwd,1,maps:fwd,1,0,maps:rev,maps:rev,maps:fwd,1.0,0.0,5.0,"{""maps:fwd"": 0.7184406142085302, ""maps:rev"": 0.04621002813514998, ""supports:fwd"": 0.04621002813514998, ""contains:rev"": 0.20017746899147, ""contains:fwd"": 0.12759194493515}","[""maps:fwd"", ""maps:rev"", ""supports:fwd"", ""contains:rev"", ""contains:fwd""]","[0.7456654906272888, 0.2316085398197174, 0.007898282259702682, 0.0070306989364326, 0.004203121643513441]"
7,0.3,s7_case73,backing <e2> is <e1>,supports:fwd,contains:rev,0,0,contains:rev,0,contains:rev,0,0,,,,,,,,,
7,0.3,s7_case74,backing <e1> is <e2> for this case,supports:rev,contains:fwd,0,0,contains:fwd,0,contains:fwd,0,0,,,,,,,,,
7,0.3,s7_case75,before <e1> comes <e2> directly,precedes:rev,precedes:rev,1,1,precedes:rev,1,precedes:rev,1,0,precedes:fwd,precedes:fwd,precedes:rev,1.0,0.0,7.0,"{""precedes:rev"": 0.5870638168811599, ""precedes:fwd"": 0.04621002813514998, ""supports:fwd"": 0.23868141283733244, ""supports:rev"": 0.1657435975603378, ""contains:fwd"": 0.10093122899146997}","[""precedes:rev"", ""precedes:fwd"", ""supports:fwd"", ""supports:rev"", ""contains:fwd""]","[0.7271032333374023, 0.25880709290504456, 0.005839185323566198, 0.0023212358355522156, 0.0021492585074156523]"
7,0.3,s7_case76,<e2> is held up by <e1> in context,supports:fwd,maps:fwd,0,1,maps:fwd,0,contains:fwd,0,0,maps:fwd,maps:fwd,maps:fwd,1.0,1.0,1.0,"{""maps:fwd"": 0.04621002813514998, ""contains:fwd"": 0.04621002813514998, ""contains:rev"": 0.17019691377562293, ""maps:rev"": 0.04621002813514998, ""supports:fwd"": 0.8298030862243775}","[""maps:fwd"", ""contains:fwd"", ""contains:rev"", ""maps:rev"", ""supports:fwd""]","[0.9806178212165833, 0.00979061983525753, 0.004025709815323353, 0.0019419314339756966, 0.0015629616100341082]"
7,0.3,s7_case77,from <e2> <e1> is mapped in context,maps:rev,maps:fwd,0,1,maps:fwd,0,maps:fwd,0,0,maps:fwd,maps:fwd,maps:fwd,1.0,1.0,1.0,"{""maps:fwd"": 0.10093122899146997, ""contains:rev"": 0.04621002813514998, ""precedes:fwd"": 0.12759194493515, ""supports:rev"": 0.0910814128373324, ""maps:rev"": 0.7728154695063478}","[""maps:fwd"", ""contains:rev"", ""precedes:fwd"", ""supports:rev"", ""maps:rev""]","[0.9629022479057312, 0.02482699789106846, 0.004302668385207653, 0.003238090081140399, 0.0019514051964506507]"
7,0.3,s7_case78,support for <e1> comes from <e2>,supports:rev,precedes:rev,0,1,supports:rev,1,precedes:rev,0,1,precedes:rev,precedes:rev,supports:rev,1.0,0.0,3.0,"{""precedes:rev"": 0.16724202813515002, ""supports:rev"": 0.8080173262243773, ""precedes:fwd"": 0.04621002813514998, ""maps:rev"": 0.0709506737756229, ""supports:fwd"": 0.04621002813514998}","[""precedes:rev"", ""supports:rev"", ""precedes:fwd"", ""maps:rev"", ""supports:fwd""]","[0.5739322304725647, 0.229934960603714, 0.1844400316476822, 0.0042420001700520515, 0.0039038739632815123]"
7,0.3,s7_case79,backing <e2> is <e1> for this case,supports:fwd,maps:rev,0,1,maps:rev,0,contains:fwd,0,0,maps:rev,maps:rev,maps:rev,1.0,1.0,1.0,"{""maps:rev"": 0.11294319991115, ""contains:fwd"": 0.04621002813514998, ""contains:rev"": 0.22621002813514998, ""supports:fwd"": 0.7070568000888503, ""precedes:rev"": 0.04621002813514998}","[""maps:rev"", ""contains:fwd"", ""contains:rev"", ""supports:fwd"", ""precedes:rev""]","[0.6685301661491394, 0.21773511171340942, 0.06758679449558258, 0.03176308423280716, 0.004781037103384733]"
