text,label,label_id,top1_label,top1_prob,true_prob,topk_labels,topk_probs,top1_correct,topk_contains_true,seed
before <e1> comes <e2> directly,precedes:rev,5,precedes:fwd,0.9670285582542419,0.013684932142496109,"['precedes:fwd', 'precedes:rev', 'supports:fwd', 'contains:rev', 'contains:fwd']","[0.9670285582542419, 0.013684932142496109, 0.006531639490276575, 0.005310775246471167, 0.003893456421792507]",0,1,0
support for <e1> comes from <e2> directly,supports:rev,3,precedes:fwd,0.8783217668533325,0.03419126570224762,"['precedes:fwd', 'maps:fwd', 'supports:rev', 'contains:rev', 'contains:fwd']","[0.8783217668533325, 0.039653580635786057, 0.03419126570224762, 0.02474154718220234, 0.012706856243312359]",0,1,0
<e2> is held up by <e1> for this case,supports:fwd,2,supports:fwd,0.7126652002334595,0.7126652002334595,"['supports:fwd', 'contains:fwd', 'maps:fwd', 'supports:rev', 'precedes:fwd']","[0.7126652002334595, 0.14712956547737122, 0.1146116703748703, 0.010787391103804111, 0.007070355117321014]",1,1,0
support for <e2> comes from <e1> for this case,supports:fwd,2,supports:fwd,0.475405216217041,0.475405216217041,"['supports:fwd', 'contains:fwd', 'maps:fwd', 'maps:rev', 'precedes:fwd']","[0.475405216217041, 0.1677665114402771, 0.1258815973997116, 0.11198528110980988, 0.09756863117218018]",1,1,0
from <e2> <e1> is mapped for this case,maps:rev,7,maps:rev,0.9858080148696899,0.9858080148696899,"['maps:rev', 'maps:fwd', 'supports:fwd', 'precedes:rev', 'supports:rev']","[0.9858080148696899, 0.0071639143861830235, 0.003162635723128915, 0.0018230074783787131, 0.0008148050401359797]",1,1,0
usually <e1> has <e2> inside,contains:fwd,0,contains:fwd,0.8186179399490356,0.8186179399490356,"['contains:fwd', 'supports:fwd', 'contains:rev', 'maps:fwd', 'maps:rev']","[0.8186179399490356, 0.14437313377857208, 0.02966986410319805, 0.0028412225656211376, 0.0019299843115732074]",1,1,0
backing <e2> is <e1> usually,supports:fwd,2,supports:fwd,0.7504311203956604,0.7504311203956604,"['supports:fwd', 'precedes:rev', 'contains:rev', 'maps:rev', 'contains:fwd']","[0.7504311203956604, 0.07988300919532776, 0.06716103106737137, 0.04817808046936989, 0.03487090766429901]",1,1,0
<e2> is held up by <e1> for this case,supports:fwd,2,supports:fwd,0.7126652002334595,0.7126652002334595,"['supports:fwd', 'contains:fwd', 'maps:fwd', 'supports:rev', 'precedes:fwd']","[0.7126652002334595, 0.14712956547737122, 0.1146116703748703, 0.010787391103804111, 0.007070355117321014]",1,1,0
<e2> trails <e1>,precedes:fwd,4,supports:rev,0.44568973779678345,0.003144477726891637,"['supports:rev', 'contains:rev', 'precedes:rev', 'maps:rev', 'maps:fwd']","[0.44568973779678345, 0.43021154403686523, 0.08016610145568848, 0.02421221137046814, 0.00815784651786089]",0,0,0
<e2> is held up by <e1> in context,supports:fwd,2,supports:fwd,0.8267437815666199,0.8267437815666199,"['supports:fwd', 'contains:fwd', 'maps:fwd', 'maps:rev', 'precedes:fwd']","[0.8267437815666199, 0.14693771302700043, 0.015758251771330833, 0.0029885689727962017, 0.0024330108426511288]",1,1,0
within <e1> sits <e2>,contains:fwd,0,contains:fwd,0.7340478897094727,0.7340478897094727,"['contains:fwd', 'supports:fwd', 'maps:rev', 'precedes:rev', 'maps:fwd']","[0.7340478897094727, 0.14045026898384094, 0.09375354647636414, 0.016989227384328842, 0.010949235409498215]",1,1,0
the target of <e2> is <e1>,maps:rev,7,maps:fwd,0.5385628342628479,0.3803333640098572,"['maps:fwd', 'maps:rev', 'supports:fwd', 'supports:rev', 'precedes:rev']","[0.5385628342628479, 0.3803333640098572, 0.055849455296993256, 0.01088450662791729, 0.008952217176556587]",0,1,0
from <e2> <e1> is mapped in context,maps:rev,7,maps:rev,0.9842140674591064,0.9842140674591064,"['maps:rev', 'maps:fwd', 'supports:fwd', 'precedes:rev', 'contains:fwd']","[0.9842140674591064, 0.008727301843464375, 0.0033519279677420855, 0.001651821075938642, 0.0007787462673150003]",1,1,0
in context <e1> is ahead of <e2>,precedes:fwd,4,maps:rev,0.8741998076438904,0.0009373791399411857,"['maps:rev', 'supports:rev', 'maps:fwd', 'supports:fwd', 'precedes:rev']","[0.8741998076438904, 0.09428688138723373, 0.02111729606986046, 0.004072449170053005, 0.0038290556985884905]",0,0,0
usually <e1> is ahead of <e2>,precedes:fwd,4,supports:rev,0.9180103540420532,0.0007178994128480554,"['supports:rev', 'contains:rev', 'maps:rev', 'maps:fwd', 'precedes:rev']","[0.9180103540420532, 0.04314074665307999, 0.01139737106859684, 0.009252086281776428, 0.008352745324373245]",0,0,0
inside <e2> is <e1>,contains:rev,1,contains:rev,0.9087101817131042,0.9087101817131042,"['contains:rev', 'supports:rev', 'supports:fwd', 'maps:rev', 'contains:fwd']","[0.9087101817131042, 0.036828164011240005, 0.020997507497668266, 0.013087035156786442, 0.009873851202428341]",1,1,0
backing <e2> is <e1> for this case,supports:fwd,2,contains:rev,0.7758662104606628,0.07286559045314789,"['contains:rev', 'supports:fwd', 'maps:rev', 'precedes:rev', 'contains:fwd']","[0.7758662104606628, 0.07286559045314789, 0.062754325568676, 0.03287710249423981, 0.029156729578971863]",0,1,0
within <e1> sits <e2> directly,contains:fwd,0,contains:fwd,0.6399730443954468,0.6399730443954468,"['contains:fwd', 'supports:fwd', 'maps:rev', 'precedes:rev', 'maps:fwd']","[0.6399730443954468, 0.31191885471343994, 0.028492838144302368, 0.011066138744354248, 0.005162508226931095]",1,1,0
in context <e1> is ahead of <e2>,precedes:fwd,4,maps:rev,0.8741998076438904,0.0009373791399411857,"['maps:rev', 'supports:rev', 'maps:fwd', 'supports:fwd', 'precedes:rev']","[0.8741998076438904, 0.09428688138723373, 0.02111729606986046, 0.004072449170053005, 0.0038290556985884905]",0,0,0
usually <e1> trails <e2>,precedes:rev,5,supports:fwd,0.5305022597312927,0.16083987057209015,"['supports:fwd', 'contains:fwd', 'precedes:rev', 'maps:rev', 'supports:rev']","[0.5305022597312927, 0.23856312036514282, 0.16083987057209015, 0.05522169545292854, 0.006517719943076372]",0,1,0
<e2> is held up by <e1>,supports:fwd,2,supports:fwd,0.9004346132278442,0.9004346132278442,"['supports:fwd', 'contains:fwd', 'maps:fwd', 'maps:rev', 'precedes:rev']","[0.9004346132278442, 0.08343246579170227, 0.007386298384517431, 0.00299586053006351, 0.0018108750227838755]",1,1,0
to <e2> <e1> points in context,maps:fwd,6,maps:rev,0.9653952717781067,0.014706725254654884,"['maps:rev', 'maps:fwd', 'supports:fwd', 'contains:fwd', 'supports:rev']","[0.9653952717781067, 0.014706725254654884, 0.008562786504626274, 0.004240050911903381, 0.003594954963773489]",0,1,0
within <e1> sits <e2>,contains:fwd,0,contains:fwd,0.7340478897094727,0.7340478897094727,"['contains:fwd', 'supports:fwd', 'maps:rev', 'precedes:rev', 'maps:fwd']","[0.7340478897094727, 0.14045026898384094, 0.09375354647636414, 0.016989227384328842, 0.010949235409498215]",1,1,0
to <e1> <e2> points,maps:rev,7,maps:fwd,0.6953626275062561,0.04075680673122406,"['maps:fwd', 'contains:fwd', 'supports:fwd', 'maps:rev', 'precedes:fwd']","[0.6953626275062561, 0.20401306450366974, 0.046856608241796494, 0.04075680673122406, 0.0064432937651872635]",0,1,0
the target of <e1> is <e2> directly,maps:fwd,6,maps:rev,0.9356886744499207,0.002454482251778245,"['maps:rev', 'precedes:rev', 'supports:fwd', 'maps:fwd', 'supports:rev']","[0.9356886744499207, 0.04683053120970726, 0.01132284291088581, 0.002454482251778245, 0.0016294632805511355]",0,1,0
<e2> trails <e1> in context,precedes:fwd,4,precedes:rev,0.8040071129798889,0.0017053803894668818,"['precedes:rev', 'maps:rev', 'supports:rev', 'supports:fwd', 'contains:rev']","[0.8040071129798889, 0.11071808636188507, 0.04287443682551384, 0.020438849925994873, 0.017125042155385017]",0,0,0
<e1> trails <e2>,precedes:rev,5,contains:fwd,0.7794952988624573,0.028168005868792534,"['contains:fwd', 'precedes:fwd', 'supports:fwd', 'maps:rev', 'precedes:rev']","[0.7794952988624573, 0.07987011224031448, 0.05390939489006996, 0.02915319986641407, 0.028168005868792534]",0,1,0
<e2> trails <e1>,precedes:fwd,4,supports:rev,0.44568973779678345,0.003144477726891637,"['supports:rev', 'contains:rev', 'precedes:rev', 'maps:rev', 'maps:fwd']","[0.44568973779678345, 0.43021154403686523, 0.08016610145568848, 0.02421221137046814, 0.00815784651786089]",0,0,0
usually <e1> trails <e2>,precedes:rev,5,supports:fwd,0.5305022597312927,0.16083987057209015,"['supports:fwd', 'contains:fwd', 'precedes:rev', 'maps:rev', 'supports:rev']","[0.5305022597312927, 0.23856312036514282, 0.16083987057209015, 0.05522169545292854, 0.006517719943076372]",0,1,0
<e2> is held up by <e1> for this case,supports:fwd,2,supports:fwd,0.7126652002334595,0.7126652002334595,"['supports:fwd', 'contains:fwd', 'maps:fwd', 'supports:rev', 'precedes:fwd']","[0.7126652002334595, 0.14712956547737122, 0.1146116703748703, 0.010787391103804111, 0.007070355117321014]",1,1,0
within <e1> sits <e2>,contains:fwd,0,contains:fwd,0.7340478897094727,0.7340478897094727,"['contains:fwd', 'supports:fwd', 'maps:rev', 'precedes:rev', 'maps:fwd']","[0.7340478897094727, 0.14045026898384094, 0.09375354647636414, 0.016989227384328842, 0.010949235409498215]",1,1,0
<e1> is held up by <e2>,supports:rev,3,supports:fwd,0.8604028820991516,0.0015696454793214798,"['supports:fwd', 'contains:fwd', 'precedes:rev', 'maps:rev', 'maps:fwd']","[0.8604028820991516, 0.10716721415519714, 0.014182066544890404, 0.010445164516568184, 0.004500784445554018]",0,0,0
the target of <e2> is <e1> for this case,maps:rev,7,maps:rev,0.9298487305641174,0.9298487305641174,"['maps:rev', 'maps:fwd', 'supports:fwd', 'precedes:rev', 'supports:rev']","[0.9298487305641174, 0.049662329256534576, 0.012219413183629513, 0.003483033971861005, 0.002846780698746443]",1,1,0
within <e1> sits <e2> for this case,contains:fwd,0,contains:fwd,0.6544574499130249,0.6544574499130249,"['contains:fwd', 'supports:fwd', 'maps:rev', 'precedes:rev', 'maps:fwd']","[0.6544574499130249, 0.1848612278699875, 0.10178404301404953, 0.04843480512499809, 0.00586733827367425]",1,1,0
<e1> is ahead of <e2>,precedes:fwd,4,supports:fwd,0.391061931848526,0.07901587337255478,"['supports:fwd', 'contains:fwd', 'maps:rev', 'precedes:fwd', 'maps:fwd']","[0.391061931848526, 0.23774951696395874, 0.20515406131744385, 0.07901587337255478, 0.05865572765469551]",0,1,0
the target of <e2> is <e1> usually,maps:rev,7,maps:rev,0.8481475710868835,0.8481475710868835,"['maps:rev', 'supports:fwd', 'maps:fwd', 'precedes:rev', 'supports:rev']","[0.8481475710868835, 0.0676301121711731, 0.06749654561281204, 0.010279237292706966, 0.0033278518822044134]",1,1,0
within <e1> sits <e2> directly,contains:fwd,0,contains:fwd,0.6399730443954468,0.6399730443954468,"['contains:fwd', 'supports:fwd', 'maps:rev', 'precedes:rev', 'maps:fwd']","[0.6399730443954468, 0.31191885471343994, 0.028492838144302368, 0.011066138744354248, 0.005162508226931095]",1,1,0
from <e1> <e2> is mapped,maps:fwd,6,maps:rev,0.9833364486694336,0.006479201372712851,"['maps:rev', 'maps:fwd', 'supports:fwd', 'precedes:rev', 'contains:fwd']","[0.9833364486694336, 0.006479201372712851, 0.005623515695333481, 0.001967052696272731, 0.0012909130891785026]",0,1,0
in context <e1> has <e2> inside,contains:fwd,0,contains:rev,0.9168787598609924,0.06647235155105591,"['contains:rev', 'contains:fwd', 'supports:fwd', 'maps:fwd', 'precedes:rev']","[0.9168787598609924, 0.06647235155105591, 0.009612559340894222, 0.0026972228661179543, 0.001818494638428092]",0,1,0
before <e1> comes <e2> usually,precedes:rev,5,precedes:fwd,0.7080203890800476,0.250213086605072,"['precedes:fwd', 'precedes:rev', 'supports:fwd', 'contains:fwd', 'contains:rev']","[0.7080203890800476, 0.250213086605072, 0.025206757709383965, 0.00757799856364727, 0.00391674367710948]",0,1,0
inside <e2> is <e1> usually,contains:rev,1,supports:fwd,0.8114697933197021,0.06945540010929108,"['supports:fwd', 'contains:rev', 'precedes:rev', 'maps:rev', 'contains:fwd']","[0.8114697933197021, 0.06945540010929108, 0.03990286588668823, 0.03359657898545265, 0.026244254782795906]",0,1,0
directly <e1> trails <e2>,precedes:rev,5,contains:fwd,0.5715993642807007,0.04445432871580124,"['contains:fwd', 'supports:fwd', 'precedes:rev', 'maps:rev', 'maps:fwd']","[0.5715993642807007, 0.33447933197021484, 0.04445432871580124, 0.03286139667034149, 0.009925620630383492]",0,1,0
within <e2> sits <e1> in context,contains:rev,1,maps:rev,0.8270127773284912,0.0009376793168485165,"['maps:rev', 'supports:fwd', 'contains:fwd', 'precedes:rev', 'supports:rev']","[0.8270127773284912, 0.06645148247480392, 0.058774542063474655, 0.025155946612358093, 0.01493595726788044]",0,0,0
support for <e2> comes from <e1> for this case,supports:fwd,2,supports:fwd,0.475405216217041,0.475405216217041,"['supports:fwd', 'contains:fwd', 'maps:fwd', 'maps:rev', 'precedes:fwd']","[0.475405216217041, 0.1677665114402771, 0.1258815973997116, 0.11198528110980988, 0.09756863117218018]",1,1,0
within <e2> sits <e1> usually,contains:rev,1,contains:fwd,0.3936525285243988,0.0008985197637230158,"['contains:fwd', 'supports:fwd', 'maps:rev', 'precedes:rev', 'precedes:fwd']","[0.3936525285243988, 0.27289479970932007, 0.24846407771110535, 0.05024462193250656, 0.022713763639330864]",0,0,0
<e1> is held up by <e2>,supports:rev,3,supports:fwd,0.8604028820991516,0.0015696454793214798,"['supports:fwd', 'contains:fwd', 'precedes:rev', 'maps:rev', 'maps:fwd']","[0.8604028820991516, 0.10716721415519714, 0.014182066544890404, 0.010445164516568184, 0.004500784445554018]",0,0,0
to <e1> <e2> points,maps:rev,7,maps:fwd,0.6953626275062561,0.04075680673122406,"['maps:fwd', 'contains:fwd', 'supports:fwd', 'maps:rev', 'precedes:fwd']","[0.6953626275062561, 0.20401306450366974, 0.046856608241796494, 0.04075680673122406, 0.0064432937651872635]",0,1,0
<e2> is ahead of <e1> for this case,precedes:rev,5,supports:rev,0.7836419343948364,0.04553287476301193,"['supports:rev', 'supports:fwd', 'precedes:rev', 'contains:rev', 'maps:rev']","[0.7836419343948364, 0.10604396462440491, 0.04553287476301193, 0.027499211952090263, 0.026597775518894196]",0,1,0
usually <e1> trails <e2>,precedes:rev,5,supports:fwd,0.5305022597312927,0.16083987057209015,"['supports:fwd', 'contains:fwd', 'precedes:rev', 'maps:rev', 'supports:rev']","[0.5305022597312927, 0.23856312036514282, 0.16083987057209015, 0.05522169545292854, 0.006517719943076372]",0,1,0
for this case <e1> is held up by <e2>,supports:rev,3,maps:fwd,0.8812834024429321,0.04341171681880951,"['maps:fwd', 'supports:rev', 'precedes:fwd', 'supports:fwd', 'contains:rev']","[0.8812834024429321, 0.04341171681880951, 0.03895450383424759, 0.015101170167326927, 0.008191250264644623]",0,1,0
before <e1> comes <e2>,precedes:rev,5,precedes:fwd,0.9701848030090332,0.021566463634371758,"['precedes:fwd', 'precedes:rev', 'maps:fwd', 'maps:rev', 'supports:fwd']","[0.9701848030090332, 0.021566463634371758, 0.0017458038637414575, 0.0017331845592707396, 0.0016041295602917671]",0,1,0
within <e2> sits <e1> in context,contains:rev,1,maps:rev,0.8270127773284912,0.0009376793168485165,"['maps:rev', 'supports:fwd', 'contains:fwd', 'precedes:rev', 'supports:rev']","[0.8270127773284912, 0.06645148247480392, 0.058774542063474655, 0.025155946612358093, 0.01493595726788044]",0,0,0
the target of <e2> is <e1> directly,maps:rev,7,maps:fwd,0.6917348504066467,0.24150902032852173,"['maps:fwd', 'maps:rev', 'supports:fwd', 'supports:rev', 'precedes:rev']","[0.6917348504066467, 0.24150902032852173, 0.042564403265714645, 0.00973513163626194, 0.008514286950230598]",0,1,0
the target of <e1> is <e2> for this case,maps:fwd,6,maps:rev,0.9715335965156555,0.004789575003087521,"['maps:rev', 'precedes:rev', 'maps:fwd', 'supports:fwd', 'supports:rev']","[0.9715335965156555, 0.016835154965519905, 0.004789575003087521, 0.004173215012997389, 0.0014811799628660083]",0,1,0
from <e1> <e2> is mapped,maps:fwd,6,maps:rev,0.9833364486694336,0.006479201372712851,"['maps:rev', 'maps:fwd', 'supports:fwd', 'precedes:rev', 'contains:fwd']","[0.9833364486694336, 0.006479201372712851, 0.005623515695333481, 0.001967052696272731, 0.0012909130891785026]",0,1,0
in context <e1> is ahead of <e2>,precedes:fwd,4,maps:rev,0.8741998076438904,0.0009373791399411857,"['maps:rev', 'supports:rev', 'maps:fwd', 'supports:fwd', 'precedes:rev']","[0.8741998076438904, 0.09428688138723373, 0.02111729606986046, 0.004072449170053005, 0.0038290556985884905]",0,0,0
usually <e1> is held up by <e2>,supports:rev,3,contains:rev,0.9866442084312439,0.004449333995580673,"['contains:rev', 'supports:rev', 'maps:rev', 'maps:fwd', 'precedes:rev']","[0.9866442084312439, 0.004449333995580673, 0.0024505038745701313, 0.0019018453313037753, 0.001602100906893611]",0,1,0
backing <e1> is <e2> usually,supports:rev,3,contains:rev,0.9885990619659424,0.001200215076096356,"['contains:rev', 'contains:fwd', 'precedes:fwd', 'supports:fwd', 'supports:rev']","[0.9885990619659424, 0.003693499369546771, 0.0034162721130996943, 0.0012142083141952753, 0.001200215076096356]",0,1,0
within <e1> sits <e2>,contains:fwd,0,contains:fwd,0.7340478897094727,0.7340478897094727,"['contains:fwd', 'supports:fwd', 'maps:rev', 'precedes:rev', 'maps:fwd']","[0.7340478897094727, 0.14045026898384094, 0.09375354647636414, 0.016989227384328842, 0.010949235409498215]",1,1,0
support for <e2> comes from <e1> in context,supports:fwd,2,contains:fwd,0.2909649908542633,0.2183460295200348,"['contains:fwd', 'supports:fwd', 'precedes:fwd', 'maps:rev', 'maps:fwd']","[0.2909649908542633, 0.2183460295200348, 0.18801574409008026, 0.16787166893482208, 0.11693454533815384]",0,1,0
within <e2> sits <e1> directly,contains:rev,1,contains:fwd,0.6356601715087891,0.0008685258217155933,"['contains:fwd', 'supports:fwd', 'maps:rev', 'maps:fwd', 'precedes:rev']","[0.6356601715087891, 0.33301860094070435, 0.016294274479150772, 0.006410080939531326, 0.004791949409991503]",0,0,0
<e2> has <e1> inside for this case,contains:rev,1,contains:rev,0.9369392991065979,0.9369392991065979,"['contains:rev', 'contains:fwd', 'supports:fwd', 'maps:fwd', 'maps:rev']","[0.9369392991065979, 0.05362671613693237, 0.0036616367287933826, 0.0018270727014169097, 0.0015169993275776505]",1,1,0
backing <e1> is <e2> for this case,supports:rev,3,contains:rev,0.9820250272750854,0.0032003442756831646,"['contains:rev', 'contains:fwd', 'supports:rev', 'maps:rev', 'maps:fwd']","[0.9820250272750854, 0.00914430059492588, 0.0032003442756831646, 0.0018636580789461732, 0.001503433333709836]",0,1,0
<e2> trails <e1> in context,precedes:fwd,4,precedes:rev,0.8040071129798889,0.0017053803894668818,"['precedes:rev', 'maps:rev', 'supports:rev', 'supports:fwd', 'contains:rev']","[0.8040071129798889, 0.11071808636188507, 0.04287443682551384, 0.020438849925994873, 0.017125042155385017]",0,0,0
to <e2> <e1> points,maps:fwd,6,maps:fwd,0.7678072452545166,0.7678072452545166,"['maps:fwd', 'maps:rev', 'contains:fwd', 'supports:rev', 'supports:fwd']","[0.7678072452545166, 0.09291931986808777, 0.08385169506072998, 0.02477155067026615, 0.019246211275458336]",1,1,0
from <e1> <e2> is mapped directly,maps:fwd,6,maps:rev,0.9831640124320984,0.006724821403622627,"['maps:rev', 'maps:fwd', 'supports:fwd', 'precedes:rev', 'contains:fwd']","[0.9831640124320984, 0.006724821403622627, 0.005575572606176138, 0.0019656613003462553, 0.001295433728955686]",0,1,0
before <e1> comes <e2> in context,precedes:rev,5,precedes:fwd,0.8228558301925659,0.16186115145683289,"['precedes:fwd', 'precedes:rev', 'supports:fwd', 'contains:rev', 'maps:rev']","[0.8228558301925659, 0.16186115145683289, 0.0053876060992479324, 0.003150408389046788, 0.0028329186607152224]",0,1,0
<e2> has <e1> inside,contains:rev,1,contains:rev,0.9559245705604553,0.9559245705604553,"['contains:rev', 'contains:fwd', 'precedes:fwd', 'supports:rev', 'maps:fwd']","[0.9559245705604553, 0.031641773879528046, 0.003123657777905464, 0.002984260208904743, 0.002318563172593713]",1,1,0
the target of <e2> is <e1>,maps:rev,7,maps:fwd,0.5385628342628479,0.3803333640098572,"['maps:fwd', 'maps:rev', 'supports:fwd', 'supports:rev', 'precedes:rev']","[0.5385628342628479, 0.3803333640098572, 0.055849455296993256, 0.01088450662791729, 0.008952217176556587]",0,1,0
to <e2> <e1> points for this case,maps:fwd,6,maps:rev,0.8255780935287476,0.01973624899983406,"['maps:rev', 'supports:fwd', 'contains:fwd', 'maps:fwd', 'contains:rev']","[0.8255780935287476, 0.08473799377679825, 0.0595674030482769, 0.01973624899983406, 0.005110335536301136]",0,1,0
<e1> is held up by <e2>,supports:rev,3,supports:fwd,0.8604028820991516,0.0015696454793214798,"['supports:fwd', 'contains:fwd', 'precedes:rev', 'maps:rev', 'maps:fwd']","[0.8604028820991516, 0.10716721415519714, 0.014182066544890404, 0.010445164516568184, 0.004500784445554018]",0,0,0
to <e2> <e1> points usually,maps:fwd,6,maps:rev,0.8499501943588257,0.028319744393229485,"['maps:rev', 'supports:fwd', 'contains:fwd', 'maps:fwd', 'supports:rev']","[0.8499501943588257, 0.08386179059743881, 0.02865048125386238, 0.028319744393229485, 0.004035973455756903]",0,1,0
within <e1> sits <e2> usually,contains:fwd,0,supports:fwd,0.5785393118858337,0.31080198287963867,"['supports:fwd', 'contains:fwd', 'maps:rev', 'precedes:rev', 'maps:fwd']","[0.5785393118858337, 0.31080198287963867, 0.050907716155052185, 0.05078266188502312, 0.0033723553642630577]",0,1,0
backing <e1> is <e2>,supports:rev,3,contains:rev,0.9779039621353149,0.00846293568611145,"['contains:rev', 'supports:rev', 'precedes:fwd', 'precedes:rev', 'contains:fwd']","[0.9779039621353149, 0.00846293568611145, 0.005762042477726936, 0.0034868253860622644, 0.001408126438036561]",0,1,0
<e2> has <e1> inside usually,contains:rev,1,contains:rev,0.5890939235687256,0.5890939235687256,"['contains:rev', 'contains:fwd', 'supports:fwd', 'precedes:fwd', 'maps:fwd']","[0.5890939235687256, 0.3806841969490051, 0.019421981647610664, 0.004759534727782011, 0.002758575603365898]",1,1,0
backing <e1> is <e2>,supports:rev,3,contains:rev,0.9779039621353149,0.00846293568611145,"['contains:rev', 'supports:rev', 'precedes:fwd', 'precedes:rev', 'contains:fwd']","[0.9779039621353149, 0.00846293568611145, 0.005762042477726936, 0.0034868253860622644, 0.001408126438036561]",0,1,0
to <e2> <e1> points,maps:fwd,6,maps:fwd,0.7678072452545166,0.7678072452545166,"['maps:fwd', 'maps:rev', 'contains:fwd', 'supports:rev', 'supports:fwd']","[0.7678072452545166, 0.09291931986808777, 0.08385169506072998, 0.02477155067026615, 0.019246211275458336]",1,1,0
inside <e2> is <e1> directly,contains:rev,1,contains:rev,0.9566512703895569,0.9566512703895569,"['contains:rev', 'supports:fwd', 'contains:fwd', 'maps:fwd', 'supports:rev']","[0.9566512703895569, 0.02208295650780201, 0.014218299649655819, 0.0018949111690744758, 0.0017572223441675305]",1,1,0
before <e2> comes <e1> directly,precedes:fwd,4,supports:fwd,0.9748287200927734,0.002833011792972684,"['supports:fwd', 'contains:fwd', 'precedes:rev', 'precedes:fwd', 'contains:rev']","[0.9748287200927734, 0.012150655500590801, 0.00435898220166564, 0.002833011792972684, 0.0022455104626715183]",0,1,0
to <e1> <e2> points in context,maps:rev,7,maps:rev,0.8990553617477417,0.8990553617477417,"['maps:rev', 'maps:fwd', 'supports:fwd', 'contains:fwd', 'precedes:fwd']","[0.8990553617477417, 0.06379043310880661, 0.017886359244585037, 0.010345951654016972, 0.004997431766241789]",1,1,0
<e1> is held up by <e2>,supports:rev,3,supports:fwd,0.4567325711250305,0.3409270644187927,"['supports:fwd', 'supports:rev', 'contains:fwd', 'precedes:rev', 'maps:fwd']","[0.4567325711250305, 0.3409270644187927, 0.12479916960000992, 0.0664370208978653, 0.005004447419196367]",0,1,1
within <e1> sits <e2> in context,contains:fwd,0,precedes:rev,0.6625563502311707,0.010265396907925606,"['precedes:rev', 'maps:fwd', 'supports:rev', 'supports:fwd', 'contains:fwd']","[0.6625563502311707, 0.25871410965919495, 0.03611641749739647, 0.01103810966014862, 0.010265396907925606]",0,1,1
before <e1> comes <e2> for this case,precedes:rev,5,precedes:fwd,0.9377213716506958,0.005829199682921171,"['precedes:fwd', 'supports:fwd', 'maps:fwd', 'precedes:rev', 'contains:fwd']","[0.9377213716506958, 0.0449843592941761, 0.0059952810406684875, 0.005829199682921171, 0.0022526923567056656]",0,1,1
backing <e2> is <e1>,supports:fwd,2,maps:rev,0.6735946536064148,0.0026554164942353964,"['maps:rev', 'precedes:rev', 'contains:rev', 'contains:fwd', 'supports:rev']","[0.6735946536064148, 0.25205758213996887, 0.053400538861751556, 0.007296013180166483, 0.004978175275027752]",0,0,1
to <e2> <e1> points usually,maps:fwd,6,maps:fwd,0.8697267174720764,0.8697267174720764,"['maps:fwd', 'precedes:fwd', 'supports:fwd', 'precedes:rev', 'contains:fwd']","[0.8697267174720764, 0.0788271501660347, 0.03274831920862198, 0.007569269742816687, 0.004519696347415447]",1,1,1
support for <e2> comes from <e1>,supports:fwd,2,maps:rev,0.911470353603363,0.0030677032191306353,"['maps:rev', 'maps:fwd', 'supports:fwd', 'contains:fwd', 'precedes:rev']","[0.911470353603363, 0.07933805137872696, 0.0030677032191306353, 0.002563543152064085, 0.002269057324156165]",0,1,1
before <e2> comes <e1> directly,precedes:fwd,4,precedes:fwd,0.9384812116622925,0.9384812116622925,"['precedes:fwd', 'supports:fwd', 'maps:fwd', 'contains:fwd', 'precedes:rev']","[0.9384812116622925, 0.045241523534059525, 0.006800766568630934, 0.0027353428304195404, 0.0023590903729200363]",1,1,1
within <e1> sits <e2> in context,contains:fwd,0,precedes:rev,0.6625563502311707,0.010265396907925606,"['precedes:rev', 'maps:fwd', 'supports:rev', 'supports:fwd', 'contains:fwd']","[0.6625563502311707, 0.25871410965919495, 0.03611641749739647, 0.01103810966014862, 0.010265396907925606]",0,1,1
support for <e2> comes from <e1> directly,supports:fwd,2,maps:rev,0.9299275875091553,0.0031098020263016224,"['maps:rev', 'maps:fwd', 'supports:fwd', 'contains:fwd', 'precedes:rev']","[0.9299275875091553, 0.06142306327819824, 0.0031098020263016224, 0.0023924424313008785, 0.0019643036648631096]",0,1,1
for this case <e1> is held up by <e2>,supports:rev,3,maps:rev,0.954415500164032,0.0009159661713056266,"['maps:rev', 'contains:rev', 'contains:fwd', 'precedes:rev', 'maps:fwd']","[0.954415500164032, 0.027205444872379303, 0.007817053236067295, 0.00460477452725172, 0.0023124171420931816]",0,0,1
the target of <e2> is <e1> in context,maps:rev,7,maps:rev,0.9922569990158081,0.9922569990158081,"['maps:rev', 'precedes:rev', 'maps:fwd', 'contains:fwd', 'supports:rev']","[0.9922569990158081, 0.002621452556923032, 0.001493054791353643, 0.000951998052187264, 0.0009168421966023743]",1,1,1
support for <e2> comes from <e1> directly,supports:fwd,2,maps:rev,0.9299275875091553,0.0031098020263016224,"['maps:rev', 'maps:fwd', 'supports:fwd', 'contains:fwd', 'precedes:rev']","[0.9299275875091553, 0.06142306327819824, 0.0031098020263016224, 0.0023924424313008785, 0.0019643036648631096]",0,1,1
from <e2> <e1> is mapped directly,maps:rev,7,maps:rev,0.9808891415596008,0.9808891415596008,"['maps:rev', 'maps:fwd', 'precedes:rev', 'contains:rev', 'contains:fwd']","[0.9808891415596008, 0.006675928831100464, 0.004198492504656315, 0.002795642940327525, 0.0019216573564335704]",1,1,1
from <e1> <e2> is mapped,maps:fwd,6,maps:rev,0.802274763584137,0.17048025131225586,"['maps:rev', 'maps:fwd', 'contains:rev', 'precedes:rev', 'precedes:fwd']","[0.802274763584137, 0.17048025131225586, 0.0096873315051198, 0.006993108429014683, 0.0034905069041997194]",0,1,1
<e2> trails <e1> directly,precedes:fwd,4,precedes:fwd,0.6848167181015015,0.6848167181015015,"['precedes:fwd', 'precedes:rev', 'maps:fwd', 'supports:rev', 'contains:rev']","[0.6848167181015015, 0.16402088105678558, 0.10230207443237305, 0.02483506314456463, 0.01524544321000576]",1,1,1
within <e1> sits <e2> for this case,contains:fwd,0,precedes:rev,0.8327946662902832,0.03315403684973717,"['precedes:rev', 'maps:rev', 'contains:rev', 'contains:fwd', 'supports:rev']","[0.8327946662902832, 0.0535801500082016, 0.03406645730137825, 0.03315403684973717, 0.031448520720005035]",0,1,1
from <e1> <e2> is mapped for this case,maps:fwd,6,maps:rev,0.9624100923538208,0.01928057335317135,"['maps:rev', 'maps:fwd', 'contains:fwd', 'supports:fwd', 'precedes:fwd']","[0.9624100923538208, 0.01928057335317135, 0.006894876714795828, 0.005516350734978914, 0.00293136783875525]",0,1,1
<e2> is ahead of <e1> directly,precedes:rev,5,maps:fwd,0.9496205449104309,0.0026131754275411367,"['maps:fwd', 'contains:rev', 'maps:rev', 'contains:fwd', 'supports:fwd']","[0.9496205449104309, 0.018577516078948975, 0.017896540462970734, 0.005651369690895081, 0.003577678231522441]",0,0,1
before <e2> comes <e1> directly,precedes:fwd,4,precedes:fwd,0.9384812116622925,0.9384812116622925,"['precedes:fwd', 'supports:fwd', 'maps:fwd', 'contains:fwd', 'precedes:rev']","[0.9384812116622925, 0.045241523534059525, 0.006800766568630934, 0.0027353428304195404, 0.0023590903729200363]",1,1,1
from <e1> <e2> is mapped in context,maps:fwd,6,maps:rev,0.931482195854187,0.026638474315404892,"['maps:rev', 'maps:fwd', 'contains:fwd', 'precedes:rev', 'supports:fwd']","[0.931482195854187, 0.026638474315404892, 0.016994543373584747, 0.01146305538713932, 0.010467184707522392]",0,1,1
from <e2> <e1> is mapped for this case,maps:rev,7,maps:rev,0.9706246256828308,0.9706246256828308,"['maps:rev', 'maps:fwd', 'contains:fwd', 'supports:fwd', 'precedes:fwd']","[0.9706246256828308, 0.01586736924946308, 0.004673366900533438, 0.0027522596064954996, 0.0026845538523048162]",1,1,1
inside <e2> is <e1> directly,contains:rev,1,contains:rev,0.8217257857322693,0.8217257857322693,"['contains:rev', 'precedes:fwd', 'contains:fwd', 'maps:rev', 'maps:fwd']","[0.8217257857322693, 0.12517745792865753, 0.02610757388174534, 0.009522576816380024, 0.009214567951858044]",1,1,1
<e2> trails <e1> in context,precedes:fwd,4,precedes:rev,0.8334131836891174,0.09289412200450897,"['precedes:rev', 'precedes:fwd', 'maps:fwd', 'contains:rev', 'supports:rev']","[0.8334131836891174, 0.09289412200450897, 0.04316641017794609, 0.01516855787485838, 0.011498923413455486]",0,1,1
usually <e1> has <e2> inside,contains:fwd,0,maps:fwd,0.4345918893814087,0.02825661189854145,"['maps:fwd', 'precedes:fwd', 'contains:rev', 'contains:fwd', 'precedes:rev']","[0.4345918893814087, 0.2868150770664215, 0.23062090575695038, 0.02825661189854145, 0.01145501434803009]",0,1,1
from <e2> <e1> is mapped directly,maps:rev,7,maps:rev,0.9808891415596008,0.9808891415596008,"['maps:rev', 'maps:fwd', 'precedes:rev', 'contains:rev', 'contains:fwd']","[0.9808891415596008, 0.006675928831100464, 0.004198492504656315, 0.002795642940327525, 0.0019216573564335704]",1,1,1
to <e2> <e1> points in context,maps:fwd,6,maps:fwd,0.9381284117698669,0.9381284117698669,"['maps:fwd', 'precedes:fwd', 'supports:fwd', 'precedes:rev', 'maps:rev']","[0.9381284117698669, 0.0310237817466259, 0.013569897040724754, 0.007886957377195358, 0.0049010333605110645]",1,1,1
from <e2> <e1> is mapped for this case,maps:rev,7,maps:rev,0.9706246256828308,0.9706246256828308,"['maps:rev', 'maps:fwd', 'contains:fwd', 'supports:fwd', 'precedes:fwd']","[0.9706246256828308, 0.01586736924946308, 0.004673366900533438, 0.0027522596064954996, 0.0026845538523048162]",1,1,1
backing <e1> is <e2>,supports:rev,3,precedes:rev,0.4899873435497284,0.008769461885094643,"['precedes:rev', 'maps:rev', 'contains:rev', 'supports:rev', 'maps:fwd']","[0.4899873435497284, 0.29398271441459656, 0.19049325585365295, 0.008769461885094643, 0.00621263450011611]",0,1,1
before <e1> comes <e2> directly,precedes:rev,5,precedes:fwd,0.9125537276268005,0.0026320498436689377,"['precedes:fwd', 'supports:fwd', 'maps:fwd', 'contains:fwd', 'precedes:rev']","[0.9125537276268005, 0.05890768766403198, 0.01865365542471409, 0.003180705476552248, 0.0026320498436689377]",0,1,1
within <e2> sits <e1>,contains:rev,1,precedes:rev,0.6421526074409485,0.0024665631353855133,"['precedes:rev', 'maps:rev', 'supports:rev', 'supports:fwd', 'contains:fwd']","[0.6421526074409485, 0.23619727790355682, 0.10430566221475601, 0.0051929401233792305, 0.005082558840513229]",0,0,1
from <e1> <e2> is mapped,maps:fwd,6,maps:rev,0.802274763584137,0.17048025131225586,"['maps:rev', 'maps:fwd', 'contains:rev', 'precedes:rev', 'precedes:fwd']","[0.802274763584137, 0.17048025131225586, 0.0096873315051198, 0.006993108429014683, 0.0034905069041997194]",0,1,1
to <e1> <e2> points,maps:rev,7,maps:fwd,0.9141789078712463,0.005764633882790804,"['maps:fwd', 'precedes:fwd', 'precedes:rev', 'supports:fwd', 'maps:rev']","[0.9141789078712463, 0.05670642852783203, 0.009710913524031639, 0.009357133880257607, 0.005764633882790804]",0,1,1
before <e2> comes <e1> directly,precedes:fwd,4,precedes:fwd,0.9384812116622925,0.9384812116622925,"['precedes:fwd', 'supports:fwd', 'maps:fwd', 'contains:fwd', 'precedes:rev']","[0.9384812116622925, 0.045241523534059525, 0.006800766568630934, 0.0027353428304195404, 0.0023590903729200363]",1,1,1
<e2> has <e1> inside usually,contains:rev,1,contains:rev,0.9415345788002014,0.9415345788002014,"['contains:rev', 'precedes:fwd', 'contains:fwd', 'supports:rev', 'precedes:rev']","[0.9415345788002014, 0.029374899342656136, 0.010010241530835629, 0.009062856435775757, 0.004947934299707413]",1,1,1
within <e1> sits <e2> in context,contains:fwd,0,precedes:rev,0.6625563502311707,0.010265396907925606,"['precedes:rev', 'maps:fwd', 'supports:rev', 'supports:fwd', 'contains:fwd']","[0.6625563502311707, 0.25871410965919495, 0.03611641749739647, 0.01103810966014862, 0.010265396907925606]",0,1,1
before <e1> comes <e2> for this case,precedes:rev,5,precedes:fwd,0.9377213716506958,0.005829199682921171,"['precedes:fwd', 'supports:fwd', 'maps:fwd', 'precedes:rev', 'contains:fwd']","[0.9377213716506958, 0.0449843592941761, 0.0059952810406684875, 0.005829199682921171, 0.0022526923567056656]",0,1,1
the target of <e1> is <e2>,maps:fwd,6,maps:rev,0.9905143976211548,0.0011359313502907753,"['maps:rev', 'precedes:rev', 'supports:rev', 'maps:fwd', 'supports:fwd']","[0.9905143976211548, 0.003478863276541233, 0.0015681033255532384, 0.0011359313502907753, 0.0011318179313093424]",0,1,1
support for <e2> comes from <e1> usually,supports:fwd,2,maps:rev,0.5064222812652588,0.0069411019794642925,"['maps:rev', 'maps:fwd', 'supports:fwd', 'contains:fwd', 'precedes:rev']","[0.5064222812652588, 0.47526469826698303, 0.0069411019794642925, 0.00646927859634161, 0.0024305498227477074]",0,1,1
inside <e1> is <e2> directly,contains:fwd,0,contains:rev,0.8257666230201721,0.0231219120323658,"['contains:rev', 'precedes:fwd', 'contains:fwd', 'maps:fwd', 'maps:rev']","[0.8257666230201721, 0.1156051978468895, 0.0231219120323658, 0.022142691537737846, 0.0058721257373690605]",0,1,1
<e2> is ahead of <e1>,precedes:rev,5,maps:fwd,0.9528936743736267,0.003540511941537261,"['maps:fwd', 'contains:rev', 'maps:rev', 'contains:fwd', 'precedes:rev']","[0.9528936743736267, 0.0162250567227602, 0.015190225094556808, 0.008589761331677437, 0.003540511941537261]",0,1,1
usually <e1> is ahead of <e2>,precedes:fwd,4,maps:rev,0.9875549674034119,0.0002885974245145917,"['maps:rev', 'contains:rev', 'maps:fwd', 'contains:fwd', 'supports:rev']","[0.9875549674034119, 0.0037295762449502945, 0.003108386415988207, 0.0020103626884520054, 0.0012204151134938002]",0,0,1
directly <e1> is ahead of <e2>,precedes:fwd,4,maps:rev,0.9910802245140076,0.0003030308289453387,"['maps:rev', 'contains:fwd', 'contains:rev', 'maps:fwd', 'precedes:rev']","[0.9910802245140076, 0.0019190111197531223, 0.0015554362908005714, 0.0014907651348039508, 0.0014406912960112095]",0,0,1
within <e2> sits <e1>,contains:rev,1,precedes:rev,0.6421526074409485,0.0024665631353855133,"['precedes:rev', 'maps:rev', 'supports:rev', 'supports:fwd', 'contains:fwd']","[0.6421526074409485, 0.23619727790355682, 0.10430566221475601, 0.0051929401233792305, 0.005082558840513229]",0,0,1
within <e1> sits <e2> usually,contains:fwd,0,maps:fwd,0.58458411693573,0.04235311597585678,"['maps:fwd', 'supports:fwd', 'supports:rev', 'contains:fwd', 'precedes:fwd']","[0.58458411693573, 0.20122359693050385, 0.09925992041826248, 0.04235311597585678, 0.037967827171087265]",0,1,1
<e2> is held up by <e1> usually,supports:fwd,2,supports:fwd,0.5732473134994507,0.5732473134994507,"['supports:fwd', 'contains:fwd', 'maps:fwd', 'supports:rev', 'precedes:fwd']","[0.5732473134994507, 0.24794265627861023, 0.14860258996486664, 0.012830875813961029, 0.006517572794109583]",1,1,1
from <e1> <e2> is mapped usually,maps:fwd,6,maps:rev,0.6969643235206604,0.2750137150287628,"['maps:rev', 'maps:fwd', 'supports:fwd', 'contains:fwd', 'precedes:rev']","[0.6969643235206604, 0.2750137150287628, 0.008213765919208527, 0.00732045155018568, 0.006952465511858463]",0,1,1
usually <e1> has <e2> inside,contains:fwd,0,maps:fwd,0.4345918893814087,0.02825661189854145,"['maps:fwd', 'precedes:fwd', 'contains:rev', 'contains:fwd', 'precedes:rev']","[0.4345918893814087, 0.2868150770664215, 0.23062090575695038, 0.02825661189854145, 0.01145501434803009]",0,1,1
support for <e1> comes from <e2>,supports:rev,3,maps:rev,0.9569190740585327,0.00047185231233015656,"['maps:rev', 'maps:fwd', 'contains:fwd', 'supports:fwd', 'precedes:rev']","[0.9569190740585327, 0.03432965651154518, 0.004352526273578405, 0.0019495842279866338, 0.001246154773980379]",0,0,1
before <e1> comes <e2> usually,precedes:rev,5,precedes:fwd,0.711921215057373,0.006413966882973909,"['precedes:fwd', 'supports:fwd', 'maps:fwd', 'precedes:rev', 'contains:fwd']","[0.711921215057373, 0.25452423095703125, 0.01665700413286686, 0.006413966882973909, 0.004472463857382536]",0,1,1
<e1> trails <e2>,precedes:rev,5,supports:fwd,0.8537589907646179,0.0651518702507019,"['supports:fwd', 'precedes:rev', 'precedes:fwd', 'supports:rev', 'maps:fwd']","[0.8537589907646179, 0.0651518702507019, 0.04021504521369934, 0.019071251153945923, 0.011358835734426975]",0,1,1
<e2> has <e1> inside in context,contains:rev,1,contains:rev,0.9738538861274719,0.9738538861274719,"['contains:rev', 'precedes:fwd', 'precedes:rev', 'supports:rev', 'contains:fwd']","[0.9738538861274719, 0.009511108510196209, 0.006089407950639725, 0.004644893575459719, 0.003207315457984805]",1,1,1
<e2> trails <e1> in context,precedes:fwd,4,precedes:rev,0.8334131836891174,0.09289412200450897,"['precedes:rev', 'precedes:fwd', 'maps:fwd', 'contains:rev', 'supports:rev']","[0.8334131836891174, 0.09289412200450897, 0.04316641017794609, 0.01516855787485838, 0.011498923413455486]",0,1,1
the target of <e2> is <e1> directly,maps:rev,7,maps:rev,0.992637038230896,0.992637038230896,"['maps:rev', 'precedes:rev', 'maps:fwd', 'supports:rev', 'supports:fwd']","[0.992637038230896, 0.0018796517979353666, 0.0013553318567574024, 0.001258509000763297, 0.0010672915959730744]",1,1,1
inside <e2> is <e1> usually,contains:rev,1,contains:fwd,0.6127710342407227,0.022222045809030533,"['contains:fwd', 'precedes:fwd', 'supports:fwd', 'supports:rev', 'contains:rev']","[0.6127710342407227, 0.18751667439937592, 0.13092568516731262, 0.031820669770240784, 0.022222045809030533]",0,1,1
support for <e1> comes from <e2> for this case,supports:rev,3,maps:rev,0.9687440991401672,0.0002609333023428917,"['maps:rev', 'maps:fwd', 'contains:fwd', 'supports:fwd', 'precedes:rev']","[0.9687440991401672, 0.024265151470899582, 0.003762726904824376, 0.0013822497567161918, 0.0007935511530376971]",0,0,1
<e2> is ahead of <e1> for this case,precedes:rev,5,maps:fwd,0.9784829616546631,0.0025831800885498524,"['maps:fwd', 'contains:fwd', 'maps:rev', 'supports:fwd', 'precedes:rev']","[0.9784829616546631, 0.007198955398052931, 0.004263979382812977, 0.0028053647838532925, 0.0025831800885498524]",0,1,1
within <e2> sits <e1> directly,contains:rev,1,maps:fwd,0.8266581892967224,0.0013390029780566692,"['maps:fwd', 'precedes:fwd', 'supports:fwd', 'precedes:rev', 'maps:rev']","[0.8266581892967224, 0.0871119350194931, 0.04587014764547348, 0.01651381142437458, 0.014019480906426907]",0,0,1
in context <e1> is held up by <e2>,supports:rev,3,supports:rev,0.6929459571838379,0.6929459571838379,"['supports:rev', 'contains:rev', 'precedes:rev', 'maps:rev', 'contains:fwd']","[0.6929459571838379, 0.13219474256038666, 0.12806746363639832, 0.027283838018774986, 0.015304145403206348]",1,1,1
<e1> trails <e2>,precedes:rev,5,supports:fwd,0.8537589907646179,0.0651518702507019,"['supports:fwd', 'precedes:rev', 'precedes:fwd', 'supports:rev', 'maps:fwd']","[0.8537589907646179, 0.0651518702507019, 0.04021504521369934, 0.019071251153945923, 0.011358835734426975]",0,1,1
support for <e1> comes from <e2> in context,supports:rev,3,maps:rev,0.9387803673744202,0.0004907433758489788,"['maps:rev', 'maps:fwd', 'contains:fwd', 'supports:fwd', 'precedes:rev']","[0.9387803673744202, 0.05089910328388214, 0.005866453517228365, 0.0020571784116327763, 0.0011353021254763007]",0,0,1
backing <e1> is <e2> usually,supports:rev,3,supports:rev,0.43922385573387146,0.43922385573387146,"['supports:rev', 'contains:fwd', 'supports:fwd', 'contains:rev', 'precedes:fwd']","[0.43922385573387146, 0.4297724664211273, 0.04593442380428314, 0.029997987672686577, 0.02577332779765129]",1,1,1
support for <e1> comes from <e2>,supports:rev,3,maps:rev,0.9569190740585327,0.00047185231233015656,"['maps:rev', 'maps:fwd', 'contains:fwd', 'supports:fwd', 'precedes:rev']","[0.9569190740585327, 0.03432965651154518, 0.004352526273578405, 0.0019495842279866338, 0.001246154773980379]",0,0,1
from <e1> <e2> is mapped,maps:fwd,6,maps:rev,0.802274763584137,0.17048025131225586,"['maps:rev', 'maps:fwd', 'contains:rev', 'precedes:rev', 'precedes:fwd']","[0.802274763584137, 0.17048025131225586, 0.0096873315051198, 0.006993108429014683, 0.0034905069041997194]",0,1,1
directly <e1> has <e2> inside,contains:fwd,0,contains:rev,0.6960480809211731,0.03266153857111931,"['contains:rev', 'precedes:fwd', 'maps:fwd', 'contains:fwd', 'precedes:rev']","[0.6960480809211731, 0.1410563439130783, 0.11573192477226257, 0.03266153857111931, 0.008482147939503193]",0,1,1
<e2> is held up by <e1> in context,supports:fwd,2,maps:fwd,0.6706510782241821,0.097981296479702,"['maps:fwd', 'contains:fwd', 'supports:fwd', 'precedes:rev', 'supports:rev']","[0.6706510782241821, 0.124479740858078, 0.097981296479702, 0.07965967059135437, 0.011285324580967426]",0,1,1
<e1> trails <e2>,precedes:rev,5,supports:fwd,0.8537589907646179,0.0651518702507019,"['supports:fwd', 'precedes:rev', 'precedes:fwd', 'supports:rev', 'maps:fwd']","[0.8537589907646179, 0.0651518702507019, 0.04021504521369934, 0.019071251153945923, 0.011358835734426975]",0,1,1
to <e1> <e2> points usually,maps:rev,7,maps:fwd,0.9197864532470703,0.004874898586422205,"['maps:fwd', 'precedes:fwd', 'supports:fwd', 'precedes:rev', 'maps:rev']","[0.9197864532470703, 0.04026037082076073, 0.019442865625023842, 0.010386035777628422, 0.004874898586422205]",0,1,1
usually <e1> is ahead of <e2>,precedes:fwd,4,maps:rev,0.9875549674034119,0.0002885974245145917,"['maps:rev', 'contains:rev', 'maps:fwd', 'contains:fwd', 'supports:rev']","[0.9875549674034119, 0.0037295762449502945, 0.003108386415988207, 0.0020103626884520054, 0.0012204151134938002]",0,0,1
from <e2> <e1> is mapped in context,maps:rev,7,maps:rev,0.9582874774932861,0.9582874774932861,"['maps:rev', 'maps:fwd', 'precedes:rev', 'contains:fwd', 'supports:fwd']","[0.9582874774932861, 0.01814979873597622, 0.009128007106482983, 0.007825999520719051, 0.004271439276635647]",1,1,1
from <e1> <e2> is mapped in context,maps:fwd,6,maps:rev,0.931482195854187,0.026638474315404892,"['maps:rev', 'maps:fwd', 'contains:fwd', 'precedes:rev', 'supports:fwd']","[0.931482195854187, 0.026638474315404892, 0.016994543373584747, 0.01146305538713932, 0.010467184707522392]",0,1,1
in context <e1> is held up by <e2>,supports:rev,3,supports:rev,0.6929459571838379,0.6929459571838379,"['supports:rev', 'contains:rev', 'precedes:rev', 'maps:rev', 'contains:fwd']","[0.6929459571838379, 0.13219474256038666, 0.12806746363639832, 0.027283838018774986, 0.015304145403206348]",1,1,1
from <e2> <e1> is mapped for this case,maps:rev,7,maps:rev,0.9706246256828308,0.9706246256828308,"['maps:rev', 'maps:fwd', 'contains:fwd', 'supports:fwd', 'precedes:fwd']","[0.9706246256828308, 0.01586736924946308, 0.004673366900533438, 0.0027522596064954996, 0.0026845538523048162]",1,1,1
<e2> is held up by <e1> usually,supports:fwd,2,supports:fwd,0.5732473134994507,0.5732473134994507,"['supports:fwd', 'contains:fwd', 'maps:fwd', 'supports:rev', 'precedes:fwd']","[0.5732473134994507, 0.24794265627861023, 0.14860258996486664, 0.012830875813961029, 0.006517572794109583]",1,1,1
inside <e2> is <e1> usually,contains:rev,1,contains:fwd,0.6127710342407227,0.022222045809030533,"['contains:fwd', 'precedes:fwd', 'supports:fwd', 'supports:rev', 'contains:rev']","[0.6127710342407227, 0.18751667439937592, 0.13092568516731262, 0.031820669770240784, 0.022222045809030533]",0,1,1
<e2> is held up by <e1> directly,supports:fwd,2,maps:fwd,0.8289154767990112,0.09859196096658707,"['maps:fwd', 'supports:fwd', 'contains:fwd', 'precedes:rev', 'maps:rev']","[0.8289154767990112, 0.09859196096658707, 0.04732929542660713, 0.008018088527023792, 0.005729924887418747]",0,1,1
inside <e2> is <e1> directly,contains:rev,1,contains:rev,0.8217257857322693,0.8217257857322693,"['contains:rev', 'precedes:fwd', 'contains:fwd', 'maps:rev', 'maps:fwd']","[0.8217257857322693, 0.12517745792865753, 0.02610757388174534, 0.009522576816380024, 0.009214567951858044]",1,1,1
support for <e2> comes from <e1> for this case,supports:fwd,2,maps:rev,0.9463993906974792,0.0021893910598009825,"['maps:rev', 'maps:fwd', 'contains:fwd', 'supports:fwd', 'precedes:rev']","[0.9463993906974792, 0.04620037600398064, 0.002814157633110881, 0.0021893910598009825, 0.0013356765266507864]",0,1,1
before <e2> comes <e1> usually,precedes:fwd,4,precedes:fwd,0.7663508057594299,0.7663508057594299,"['precedes:fwd', 'supports:fwd', 'maps:fwd', 'contains:fwd', 'precedes:rev']","[0.7663508057594299, 0.20589354634284973, 0.010915052145719528, 0.005210263188928366, 0.004793805070221424]",1,1,1
inside <e2> is <e1> in context,contains:rev,1,precedes:rev,0.34027642011642456,0.21269305050373077,"['precedes:rev', 'contains:rev', 'maps:rev', 'contains:fwd', 'precedes:fwd']","[0.34027642011642456, 0.21269305050373077, 0.19791457056999207, 0.12070242315530777, 0.11763598024845123]",0,1,1
inside <e1> is <e2> in context,contains:fwd,0,contains:rev,0.4538499116897583,0.0741872638463974,"['contains:rev', 'precedes:rev', 'contains:fwd', 'precedes:fwd', 'maps:rev']","[0.4538499116897583, 0.36669668555259705, 0.0741872638463974, 0.06935738027095795, 0.02952122874557972]",0,1,1
<e2> is held up by <e1> directly,supports:fwd,2,maps:fwd,0.6232362389564514,0.026845522224903107,"['maps:fwd', 'contains:fwd', 'supports:fwd', 'maps:rev', 'contains:rev']","[0.6232362389564514, 0.31806376576423645, 0.026845522224903107, 0.016336241737008095, 0.008282792754471302]",0,1,2
within <e1> sits <e2>,contains:fwd,0,contains:fwd,0.7993860840797424,0.7993860840797424,"['contains:fwd', 'contains:rev', 'precedes:rev', 'maps:rev', 'supports:fwd']","[0.7993860840797424, 0.17349041998386383, 0.015546287409961224, 0.0037188732530921698, 0.0035383275244385004]",1,1,2
usually <e1> trails <e2>,precedes:rev,5,supports:fwd,0.8694313764572144,0.00024711215519346297,"['supports:fwd', 'contains:fwd', 'maps:fwd', 'precedes:fwd', 'maps:rev']","[0.8694313764572144, 0.10407576709985733, 0.015104626305401325, 0.0052370126359164715, 0.0035198270343244076]",0,0,2
before <e2> comes <e1> in context,precedes:fwd,4,precedes:rev,0.9721451997756958,0.02106781303882599,"['precedes:rev', 'precedes:fwd', 'maps:rev', 'supports:rev', 'contains:fwd']","[0.9721451997756958, 0.02106781303882599, 0.003698869841173291, 0.0010752822272479534, 0.0007970247534103692]",0,1,2
inside <e1> is <e2> in context,contains:fwd,0,contains:fwd,0.8517381548881531,0.8517381548881531,"['contains:fwd', 'contains:rev', 'precedes:rev', 'supports:fwd', 'maps:rev']","[0.8517381548881531, 0.08444421738386154, 0.027709245681762695, 0.016893096268177032, 0.014070200733840466]",1,1,2
from <e2> <e1> is mapped,maps:rev,7,maps:rev,0.9878052473068237,0.9878052473068237,"['maps:rev', 'contains:rev', 'precedes:rev', 'supports:rev', 'precedes:fwd']","[0.9878052473068237, 0.0053337691351771355, 0.0029986288864165545, 0.0011554727097973228, 0.001010292791761458]",1,1,2
before <e2> comes <e1> in context,precedes:fwd,4,precedes:rev,0.9721451997756958,0.02106781303882599,"['precedes:rev', 'precedes:fwd', 'maps:rev', 'supports:rev', 'contains:fwd']","[0.9721451997756958, 0.02106781303882599, 0.003698869841173291, 0.0010752822272479534, 0.0007970247534103692]",0,1,2
backing <e1> is <e2>,supports:rev,3,maps:rev,0.4592874050140381,0.0027502146549522877,"['maps:rev', 'contains:fwd', 'precedes:rev', 'contains:rev', 'supports:fwd']","[0.4592874050140381, 0.22013399004936218, 0.14148032665252686, 0.08875840157270432, 0.08119319379329681]",0,0,2
backing <e2> is <e1> in context,supports:fwd,2,contains:fwd,0.9402729868888855,0.03378061205148697,"['contains:fwd', 'supports:fwd', 'precedes:rev', 'maps:rev', 'contains:rev']","[0.9402729868888855, 0.03378061205148697, 0.009312729351222515, 0.008097395300865173, 0.003971286583691835]",0,1,2
support for <e1> comes from <e2> usually,supports:rev,3,maps:rev,0.9851216077804565,0.000653473602142185,"['maps:rev', 'maps:fwd', 'precedes:fwd', 'supports:fwd', 'precedes:rev']","[0.9851216077804565, 0.00556533969938755, 0.00492102513089776, 0.0023303842172026634, 0.0010098727652803063]",0,0,2
the target of <e2> is <e1> in context,maps:rev,7,maps:rev,0.9682679772377014,0.9682679772377014,"['maps:rev', 'precedes:rev', 'contains:rev', 'supports:fwd', 'precedes:fwd']","[0.9682679772377014, 0.015012044459581375, 0.006294474471360445, 0.004584914539009333, 0.0021824000868946314]",1,1,2
in context <e1> is ahead of <e2>,precedes:fwd,4,maps:rev,0.988723635673523,0.0011919403914362192,"['maps:rev', 'precedes:rev', 'contains:rev', 'maps:fwd', 'precedes:fwd']","[0.988723635673523, 0.0050057522021234035, 0.0024129829835146666, 0.0014575476525351405, 0.0011919403914362192]",0,1,2
to <e1> <e2> points,maps:rev,7,maps:fwd,0.9658170938491821,0.014879829250276089,"['maps:fwd', 'maps:rev', 'precedes:fwd', 'contains:rev', 'supports:fwd']","[0.9658170938491821, 0.014879829250276089, 0.009232230484485626, 0.0041248369961977005, 0.004037369042634964]",0,1,2
inside <e1> is <e2> in context,contains:fwd,0,contains:fwd,0.8517381548881531,0.8517381548881531,"['contains:fwd', 'contains:rev', 'precedes:rev', 'supports:fwd', 'maps:rev']","[0.8517381548881531, 0.08444421738386154, 0.027709245681762695, 0.016893096268177032, 0.014070200733840466]",1,1,2
to <e2> <e1> points usually,maps:fwd,6,maps:fwd,0.854878842830658,0.854878842830658,"['maps:fwd', 'maps:rev', 'precedes:fwd', 'supports:fwd', 'contains:fwd']","[0.854878842830658, 0.11416477710008621, 0.01385908480733633, 0.010544289834797382, 0.0031155890319496393]",1,1,2
the target of <e2> is <e1> in context,maps:rev,7,maps:rev,0.9682679772377014,0.9682679772377014,"['maps:rev', 'precedes:rev', 'contains:rev', 'supports:fwd', 'precedes:fwd']","[0.9682679772377014, 0.015012044459581375, 0.006294474471360445, 0.004584914539009333, 0.0021824000868946314]",1,1,2
<e2> trails <e1>,precedes:fwd,4,contains:rev,0.46985122561454773,0.0010641943663358688,"['contains:rev', 'maps:rev', 'supports:rev', 'precedes:rev', 'maps:fwd']","[0.46985122561454773, 0.2726565897464752, 0.1686098873615265, 0.08134075254201889, 0.003307492006570101]",0,0,2
<e2> trails <e1>,precedes:fwd,4,contains:rev,0.46985122561454773,0.0010641943663358688,"['contains:rev', 'maps:rev', 'supports:rev', 'precedes:rev', 'maps:fwd']","[0.46985122561454773, 0.2726565897464752, 0.1686098873615265, 0.08134075254201889, 0.003307492006570101]",0,0,2
in context <e1> is held up by <e2>,supports:rev,3,maps:rev,0.8273241519927979,0.0004911943688057363,"['maps:rev', 'contains:fwd', 'supports:fwd', 'maps:fwd', 'contains:rev']","[0.8273241519927979, 0.0757249966263771, 0.05671403557062149, 0.029445437714457512, 0.004088021814823151]",0,0,2
backing <e2> is <e1> in context,supports:fwd,2,contains:fwd,0.9402729868888855,0.03378061205148697,"['contains:fwd', 'supports:fwd', 'precedes:rev', 'maps:rev', 'contains:rev']","[0.9402729868888855, 0.03378061205148697, 0.009312729351222515, 0.008097395300865173, 0.003971286583691835]",0,1,2
in context <e1> is held up by <e2>,supports:rev,3,maps:rev,0.8273241519927979,0.0004911943688057363,"['maps:rev', 'contains:fwd', 'supports:fwd', 'maps:fwd', 'contains:rev']","[0.8273241519927979, 0.0757249966263771, 0.05671403557062149, 0.029445437714457512, 0.004088021814823151]",0,0,2
the target of <e1> is <e2> for this case,maps:fwd,6,maps:rev,0.9829415678977966,0.0036335643380880356,"['maps:rev', 'precedes:fwd', 'maps:fwd', 'contains:fwd', 'supports:fwd']","[0.9829415678977966, 0.005611273925751448, 0.0036335643380880356, 0.0033983029425144196, 0.002183697884902358]",0,1,2
support for <e2> comes from <e1>,supports:fwd,2,precedes:fwd,0.6220375895500183,0.16423429548740387,"['precedes:fwd', 'maps:rev', 'supports:fwd', 'maps:fwd', 'precedes:rev']","[0.6220375895500183, 0.18177196383476257, 0.16423429548740387, 0.017953360453248024, 0.009004039689898491]",0,1,2
<e2> has <e1> inside for this case,contains:rev,1,contains:rev,0.9171068668365479,0.9171068668365479,"['contains:rev', 'precedes:rev', 'maps:rev', 'maps:fwd', 'contains:fwd']","[0.9171068668365479, 0.06195396929979324, 0.016733139753341675, 0.0011475194478407502, 0.00103184359613806]",1,1,2
the target of <e1> is <e2> directly,maps:fwd,6,maps:rev,0.9879629015922546,0.006196106784045696,"['maps:rev', 'maps:fwd', 'precedes:fwd', 'supports:fwd', 'supports:rev']","[0.9879629015922546, 0.006196106784045696, 0.0035082721151411533, 0.0006643998203799129, 0.0006362736457958817]",0,1,2
<e2> has <e1> inside,contains:rev,1,contains:rev,0.6881951093673706,0.6881951093673706,"['contains:rev', 'precedes:rev', 'maps:rev', 'supports:rev', 'precedes:fwd']","[0.6881951093673706, 0.2598215937614441, 0.041751690208911896, 0.0048763141967356205, 0.002688785083591938]",1,1,2
the target of <e1> is <e2> usually,maps:fwd,6,maps:rev,0.9837117791175842,0.007700658868998289,"['maps:rev', 'maps:fwd', 'supports:fwd', 'contains:fwd', 'precedes:fwd']","[0.9837117791175842, 0.007700658868998289, 0.0030161705799400806, 0.00266876514069736, 0.001485235639847815]",0,1,2
within <e2> sits <e1> directly,contains:rev,1,contains:fwd,0.5099841356277466,0.17133036255836487,"['contains:fwd', 'precedes:rev', 'contains:rev', 'maps:rev', 'supports:fwd']","[0.5099841356277466, 0.27796924114227295, 0.17133036255836487, 0.020232368260622025, 0.015769654884934425]",0,1,2
to <e1> <e2> points usually,maps:rev,7,contains:fwd,0.48714280128479004,0.04078344255685806,"['contains:fwd', 'supports:fwd', 'maps:fwd', 'maps:rev', 'precedes:fwd']","[0.48714280128479004, 0.2675033211708069, 0.19232816994190216, 0.04078344255685806, 0.007761273067444563]",0,1,2
<e2> has <e1> inside usually,contains:rev,1,contains:rev,0.9187759160995483,0.9187759160995483,"['contains:rev', 'precedes:rev', 'maps:rev', 'contains:fwd', 'maps:fwd']","[0.9187759160995483, 0.06984733790159225, 0.006599788554012775, 0.002076513599604368, 0.0010050393175333738]",1,1,2
within <e2> sits <e1>,contains:rev,1,precedes:rev,0.7378067374229431,0.17278441786766052,"['precedes:rev', 'contains:rev', 'contains:fwd', 'maps:rev', 'supports:fwd']","[0.7378067374229431, 0.17278441786766052, 0.051348403096199036, 0.031460635364055634, 0.0030345451086759567]",0,1,2
the target of <e1> is <e2> usually,maps:fwd,6,maps:rev,0.9837117791175842,0.007700658868998289,"['maps:rev', 'maps:fwd', 'supports:fwd', 'contains:fwd', 'precedes:fwd']","[0.9837117791175842, 0.007700658868998289, 0.0030161705799400806, 0.00266876514069736, 0.001485235639847815]",0,1,2
inside <e2> is <e1>,contains:rev,1,contains:rev,0.6240243911743164,0.6240243911743164,"['contains:rev', 'maps:rev', 'contains:fwd', 'maps:fwd', 'supports:fwd']","[0.6240243911743164, 0.20627737045288086, 0.12472786009311676, 0.02909310720860958, 0.009061023592948914]",1,1,2
the target of <e1> is <e2> directly,maps:fwd,6,maps:rev,0.9879629015922546,0.006196106784045696,"['maps:rev', 'maps:fwd', 'precedes:fwd', 'supports:fwd', 'supports:rev']","[0.9879629015922546, 0.006196106784045696, 0.0035082721151411533, 0.0006643998203799129, 0.0006362736457958817]",0,1,2
support for <e1> comes from <e2> for this case,supports:rev,3,precedes:fwd,0.9464284777641296,0.004834946244955063,"['precedes:fwd', 'precedes:rev', 'maps:rev', 'supports:fwd', 'maps:fwd']","[0.9464284777641296, 0.018610764294862747, 0.014552973210811615, 0.008172151632606983, 0.005819388199597597]",0,0,2
from <e2> <e1> is mapped usually,maps:rev,7,maps:rev,0.993874728679657,0.993874728679657,"['maps:rev', 'maps:fwd', 'contains:rev', 'supports:fwd', 'precedes:fwd']","[0.993874728679657, 0.0019812171813100576, 0.0015224049566313624, 0.0008578175329603255, 0.0007253275834955275]",1,1,2
<e2> is held up by <e1> usually,supports:fwd,2,contains:fwd,0.7271460294723511,0.05253607779741287,"['contains:fwd', 'maps:fwd', 'supports:fwd', 'precedes:fwd', 'maps:rev']","[0.7271460294723511, 0.17750495672225952, 0.05253607779741287, 0.02244381047785282, 0.018226031213998795]",0,1,2
backing <e1> is <e2> in context,supports:rev,3,contains:fwd,0.861828625202179,0.0002882237604353577,"['contains:fwd', 'precedes:rev', 'contains:rev', 'supports:fwd', 'maps:rev']","[0.861828625202179, 0.04899565503001213, 0.04299493134021759, 0.02207406423985958, 0.018260572105646133]",0,0,2
to <e1> <e2> points for this case,maps:rev,7,maps:fwd,0.8472597002983093,0.005494964774698019,"['maps:fwd', 'supports:fwd', 'contains:fwd', 'contains:rev', 'maps:rev']","[0.8472597002983093, 0.07756231725215912, 0.05592358857393265, 0.009008115157485008, 0.005494964774698019]",0,1,2
backing <e2> is <e1>,supports:fwd,2,maps:rev,0.8822931051254272,0.030469883233308792,"['maps:rev', 'precedes:rev', 'contains:fwd', 'supports:fwd', 'contains:rev']","[0.8822931051254272, 0.033240966498851776, 0.030847202986478806, 0.030469883233308792, 0.017575247213244438]",0,1,2
<e2> trails <e1> usually,precedes:fwd,4,contains:rev,0.709898054599762,0.0005894610658288002,"['contains:rev', 'maps:rev', 'precedes:rev', 'supports:rev', 'supports:fwd']","[0.709898054599762, 0.16883568465709686, 0.09942767024040222, 0.015174631029367447, 0.004171950276941061]",0,0,2
backing <e2> is <e1> for this case,supports:fwd,2,contains:fwd,0.8081261515617371,0.08038602769374847,"['contains:fwd', 'supports:fwd', 'precedes:rev', 'maps:rev', 'contains:rev']","[0.8081261515617371, 0.08038602769374847, 0.04950001835823059, 0.03751133382320404, 0.020656030625104904]",0,1,2
before <e2> comes <e1> usually,precedes:fwd,4,precedes:rev,0.821392834186554,0.12217583507299423,"['precedes:rev', 'precedes:fwd', 'maps:rev', 'supports:rev', 'supports:fwd']","[0.821392834186554, 0.12217583507299423, 0.05155830830335617, 0.002067257883027196, 0.0010998533107340336]",0,1,2
before <e1> comes <e2>,precedes:rev,5,precedes:fwd,0.9018410444259644,0.084666408598423,"['precedes:fwd', 'precedes:rev', 'maps:rev', 'supports:rev', 'supports:fwd']","[0.9018410444259644, 0.084666408598423, 0.00955415703356266, 0.0018272994784638286, 0.0009976121364161372]",0,1,2
inside <e1> is <e2> directly,contains:fwd,0,contains:rev,0.6738311052322388,0.2709340751171112,"['contains:rev', 'contains:fwd', 'supports:fwd', 'maps:rev', 'precedes:rev']","[0.6738311052322388, 0.2709340751171112, 0.016392141580581665, 0.015816031023859978, 0.014159241691231728]",0,1,2
in context <e1> is held up by <e2>,supports:rev,3,maps:rev,0.8273241519927979,0.0004911943688057363,"['maps:rev', 'contains:fwd', 'supports:fwd', 'maps:fwd', 'contains:rev']","[0.8273241519927979, 0.0757249966263771, 0.05671403557062149, 0.029445437714457512, 0.004088021814823151]",0,0,2
<e2> is ahead of <e1> usually,precedes:rev,5,contains:fwd,0.9673303961753845,0.0009436114341951907,"['contains:fwd', 'supports:fwd', 'maps:fwd', 'contains:rev', 'maps:rev']","[0.9673303961753845, 0.013760348781943321, 0.01049791369587183, 0.0050389692187309265, 0.0019079105695709586]",0,0,2
<e1> trails <e2>,precedes:rev,5,precedes:fwd,0.5424233675003052,0.00021289879805408418,"['precedes:fwd', 'maps:fwd', 'supports:fwd', 'supports:rev', 'maps:rev']","[0.5424233675003052, 0.19486463069915771, 0.1410616636276245, 0.06883025914430618, 0.04218507558107376]",0,0,2
backing <e2> is <e1> for this case,supports:fwd,2,contains:fwd,0.8081261515617371,0.08038602769374847,"['contains:fwd', 'supports:fwd', 'precedes:rev', 'maps:rev', 'contains:rev']","[0.8081261515617371, 0.08038602769374847, 0.04950001835823059, 0.03751133382320404, 0.020656030625104904]",0,1,2
<e2> trails <e1>,precedes:fwd,4,contains:rev,0.46985122561454773,0.0010641943663358688,"['contains:rev', 'maps:rev', 'supports:rev', 'precedes:rev', 'maps:fwd']","[0.46985122561454773, 0.2726565897464752, 0.1686098873615265, 0.08134075254201889, 0.003307492006570101]",0,0,2
within <e2> sits <e1>,contains:rev,1,precedes:rev,0.7378067374229431,0.17278441786766052,"['precedes:rev', 'contains:rev', 'contains:fwd', 'maps:rev', 'supports:fwd']","[0.7378067374229431, 0.17278441786766052, 0.051348403096199036, 0.031460635364055634, 0.0030345451086759567]",0,1,2
usually <e1> trails <e2>,precedes:rev,5,supports:fwd,0.8694313764572144,0.00024711215519346297,"['supports:fwd', 'contains:fwd', 'maps:fwd', 'precedes:fwd', 'maps:rev']","[0.8694313764572144, 0.10407576709985733, 0.015104626305401325, 0.0052370126359164715, 0.0035198270343244076]",0,0,2
usually <e1> has <e2> inside,contains:fwd,0,contains:fwd,0.9627501964569092,0.9627501964569092,"['contains:fwd', 'contains:rev', 'supports:fwd', 'precedes:rev', 'maps:rev']","[0.9627501964569092, 0.01919548027217388, 0.006133810617029667, 0.005513552576303482, 0.0035278492141515017]",1,1,2
for this case <e1> has <e2> inside,contains:fwd,0,precedes:fwd,0.9603202939033508,0.02577068842947483,"['precedes:fwd', 'contains:fwd', 'maps:fwd', 'supports:fwd', 'precedes:rev']","[0.9603202939033508, 0.02577068842947483, 0.007749128621071577, 0.002639319747686386, 0.001736912177875638]",0,1,2
within <e1> sits <e2> usually,contains:fwd,0,contains:fwd,0.7768137454986572,0.7768137454986572,"['contains:fwd', 'contains:rev', 'supports:fwd', 'precedes:rev', 'maps:rev']","[0.7768137454986572, 0.1940259486436844, 0.009628263302147388, 0.008353310637176037, 0.006509753875434399]",1,1,2
for this case <e1> is held up by <e2>,supports:rev,3,maps:fwd,0.4774223566055298,0.0007188488962128758,"['maps:fwd', 'contains:fwd', 'precedes:fwd', 'maps:rev', 'contains:rev']","[0.4774223566055298, 0.37371206283569336, 0.08003078401088715, 0.05788104608654976, 0.0065137045457959175]",0,0,2
to <e2> <e1> points for this case,maps:fwd,6,maps:fwd,0.9792759418487549,0.9792759418487549,"['maps:fwd', 'contains:rev', 'contains:fwd', 'supports:fwd', 'maps:rev']","[0.9792759418487549, 0.007541602477431297, 0.0044075376354157925, 0.004271720536053181, 0.0023612785153090954]",1,1,2
inside <e1> is <e2> for this case,contains:fwd,0,contains:rev,0.48215535283088684,0.4434535801410675,"['contains:rev', 'contains:fwd', 'precedes:rev', 'supports:fwd', 'maps:rev']","[0.48215535283088684, 0.4434535801410675, 0.03159824758768082, 0.020367980003356934, 0.016892988234758377]",0,1,2
from <e2> <e1> is mapped directly,maps:rev,7,maps:rev,0.9902835488319397,0.9902835488319397,"['maps:rev', 'contains:rev', 'precedes:rev', 'maps:fwd', 'supports:fwd']","[0.9902835488319397, 0.004671735689043999, 0.0017617139965295792, 0.0009601337951608002, 0.0008084651199169457]",1,1,2
backing <e2> is <e1> usually,supports:fwd,2,contains:fwd,0.9215970635414124,0.038413647562265396,"['contains:fwd', 'supports:fwd', 'maps:rev', 'maps:fwd', 'contains:rev']","[0.9215970635414124, 0.038413647562265396, 0.026066195219755173, 0.005187905393540859, 0.004185090307146311]",0,1,2
inside <e2> is <e1> in context,contains:rev,1,contains:fwd,0.9450474381446838,0.016777368262410164,"['contains:fwd', 'contains:rev', 'maps:rev', 'supports:fwd', 'precedes:rev']","[0.9450474381446838, 0.016777368262410164, 0.012176357209682465, 0.010733446106314659, 0.008682374842464924]",0,1,2
inside <e2> is <e1> directly,contains:rev,1,contains:fwd,0.671109139919281,0.2067999541759491,"['contains:fwd', 'contains:rev', 'maps:rev', 'precedes:rev', 'supports:fwd']","[0.671109139919281, 0.2067999541759491, 0.06355806440114975, 0.02506011538207531, 0.01842513121664524]",0,1,2
the target of <e1> is <e2> directly,maps:fwd,6,maps:rev,0.9879629015922546,0.006196106784045696,"['maps:rev', 'maps:fwd', 'precedes:fwd', 'supports:fwd', 'supports:rev']","[0.9879629015922546, 0.006196106784045696, 0.0035082721151411533, 0.0006643998203799129, 0.0006362736457958817]",0,1,2
backing <e1> is <e2>,supports:rev,3,maps:rev,0.4592874050140381,0.0027502146549522877,"['maps:rev', 'contains:fwd', 'precedes:rev', 'contains:rev', 'supports:fwd']","[0.4592874050140381, 0.22013399004936218, 0.14148032665252686, 0.08875840157270432, 0.08119319379329681]",0,0,2
<e1> is held up by <e2>,supports:rev,3,maps:fwd,0.924217164516449,0.001797769800759852,"['maps:fwd', 'supports:fwd', 'contains:fwd', 'precedes:fwd', 'maps:rev']","[0.924217164516449, 0.02704174816608429, 0.025305600836873055, 0.014888196252286434, 0.0038560384418815374]",0,0,2
<e1> trails <e2>,precedes:rev,5,precedes:fwd,0.5424233675003052,0.00021289879805408418,"['precedes:fwd', 'maps:fwd', 'supports:fwd', 'supports:rev', 'maps:rev']","[0.5424233675003052, 0.19486463069915771, 0.1410616636276245, 0.06883025914430618, 0.04218507558107376]",0,0,2
inside <e1> is <e2>,contains:fwd,0,contains:rev,0.960167407989502,0.021999072283506393,"['contains:rev', 'contains:fwd', 'maps:rev', 'maps:fwd', 'precedes:rev']","[0.960167407989502, 0.021999072283506393, 0.007149962242692709, 0.006394851952791214, 0.0019895166624337435]",0,1,2
to <e1> <e2> points usually,maps:rev,7,contains:fwd,0.48714280128479004,0.04078344255685806,"['contains:fwd', 'supports:fwd', 'maps:fwd', 'maps:rev', 'precedes:fwd']","[0.48714280128479004, 0.2675033211708069, 0.19232816994190216, 0.04078344255685806, 0.007761273067444563]",0,1,2
before <e1> comes <e2> for this case,precedes:rev,5,precedes:rev,0.9728057384490967,0.9728057384490967,"['precedes:rev', 'precedes:fwd', 'maps:rev', 'supports:fwd', 'contains:fwd']","[0.9728057384490967, 0.012597411870956421, 0.005252711940556765, 0.004506084136664867, 0.003380570560693741]",1,1,2
<e2> is held up by <e1> directly,supports:fwd,2,maps:fwd,0.6232362389564514,0.026845522224903107,"['maps:fwd', 'contains:fwd', 'supports:fwd', 'maps:rev', 'contains:rev']","[0.6232362389564514, 0.31806376576423645, 0.026845522224903107, 0.016336241737008095, 0.008282792754471302]",0,1,2
to <e2> <e1> points for this case,maps:fwd,6,maps:fwd,0.9792759418487549,0.9792759418487549,"['maps:fwd', 'contains:rev', 'contains:fwd', 'supports:fwd', 'maps:rev']","[0.9792759418487549, 0.007541602477431297, 0.0044075376354157925, 0.004271720536053181, 0.0023612785153090954]",1,1,2
within <e1> sits <e2> directly,contains:fwd,0,contains:fwd,0.7201204895973206,0.7201204895973206,"['contains:fwd', 'contains:rev', 'precedes:rev', 'supports:fwd', 'maps:rev']","[0.7201204895973206, 0.24460585415363312, 0.015091964974999428, 0.00995474960654974, 0.0046759918332099915]",1,1,2
the target of <e1> is <e2> in context,maps:fwd,6,maps:rev,0.9773014187812805,0.008917039260268211,"['maps:rev', 'precedes:fwd', 'maps:fwd', 'supports:fwd', 'contains:fwd']","[0.9773014187812805, 0.009904335252940655, 0.008917039260268211, 0.001793581759557128, 0.0008753444999456406]",0,1,2
<e2> has <e1> inside in context,contains:rev,1,precedes:rev,0.9570301175117493,0.0319441556930542,"['precedes:rev', 'contains:rev', 'contains:fwd', 'precedes:fwd', 'maps:rev']","[0.9570301175117493, 0.0319441556930542, 0.005574478302150965, 0.0022231845650821924, 0.00204300694167614]",0,1,2
<e2> trails <e1> directly,precedes:fwd,4,contains:rev,0.7242184281349182,0.000527365948073566,"['contains:rev', 'maps:rev', 'supports:rev', 'precedes:rev', 'maps:fwd']","[0.7242184281349182, 0.13234403729438782, 0.11965875327587128, 0.017886744812130928, 0.0030146311037242413]",0,0,2
<e2> is ahead of <e1> usually,precedes:rev,5,contains:fwd,0.9673303961753845,0.0009436114341951907,"['contains:fwd', 'supports:fwd', 'maps:fwd', 'contains:rev', 'maps:rev']","[0.9673303961753845, 0.013760348781943321, 0.01049791369587183, 0.0050389692187309265, 0.0019079105695709586]",0,0,2
before <e1> comes <e2> directly,precedes:rev,5,precedes:rev,0.8105250597000122,0.8105250597000122,"['precedes:rev', 'precedes:fwd', 'maps:rev', 'supports:fwd', 'supports:rev']","[0.8105250597000122, 0.15732091665267944, 0.026067737489938736, 0.003032365348190069, 0.0012522657634690404]",1,1,2
the target of <e2> is <e1> for this case,maps:rev,7,maps:rev,0.7522186040878296,0.7522186040878296,"['maps:rev', 'contains:rev', 'contains:fwd', 'precedes:rev', 'supports:fwd']","[0.7522186040878296, 0.15732958912849426, 0.03735772520303726, 0.03126443549990654, 0.013926024548709393]",1,1,2
<e2> is ahead of <e1> in context,precedes:rev,5,contains:fwd,0.969997227191925,0.0008619676809757948,"['contains:fwd', 'supports:fwd', 'maps:fwd', 'contains:rev', 'maps:rev']","[0.969997227191925, 0.014495319686830044, 0.009917422197759151, 0.002141783246770501, 0.0019107963889837265]",0,0,2
<e2> trails <e1> usually,precedes:fwd,4,contains:rev,0.709898054599762,0.0005894610658288002,"['contains:rev', 'maps:rev', 'precedes:rev', 'supports:rev', 'supports:fwd']","[0.709898054599762, 0.16883568465709686, 0.09942767024040222, 0.015174631029367447, 0.004171950276941061]",0,0,2
backing <e1> is <e2>,supports:rev,3,contains:rev,0.5513442158699036,0.010527453385293484,"['contains:rev', 'precedes:fwd', 'maps:fwd', 'precedes:rev', 'supports:fwd']","[0.5513442158699036, 0.32959258556365967, 0.04391321912407875, 0.025966327637434006, 0.024670664221048355]",0,0,3
for this case <e1> has <e2> inside,contains:fwd,0,contains:fwd,0.9371960163116455,0.9371960163116455,"['contains:fwd', 'precedes:fwd', 'contains:rev', 'supports:fwd', 'maps:rev']","[0.9371960163116455, 0.032528478652238846, 0.019551318138837814, 0.005657059606164694, 0.0026260996237397194]",1,1,3
backing <e1> is <e2> for this case,supports:rev,3,contains:rev,0.8667198419570923,0.005557355470955372,"['contains:rev', 'precedes:fwd', 'contains:fwd', 'supports:fwd', 'maps:fwd']","[0.8667198419570923, 0.05621339753270149, 0.04387969896197319, 0.014395937323570251, 0.009831834584474564]",0,0,3
to <e1> <e2> points for this case,maps:rev,7,maps:fwd,0.4565869867801666,0.004664931911975145,"['maps:fwd', 'contains:rev', 'precedes:fwd', 'precedes:rev', 'contains:fwd']","[0.4565869867801666, 0.2818969190120697, 0.14595401287078857, 0.0819985494017601, 0.02041669562458992]",0,0,3
support for <e2> comes from <e1> for this case,supports:fwd,2,precedes:rev,0.8896117210388184,0.004150960128754377,"['precedes:rev', 'precedes:fwd', 'maps:fwd', 'maps:rev', 'contains:rev']","[0.8896117210388184, 0.06799635291099548, 0.01368704903870821, 0.010793830268085003, 0.008066154085099697]",0,0,3
<e2> trails <e1> in context,precedes:fwd,4,contains:rev,0.8611515164375305,0.09497098624706268,"['contains:rev', 'precedes:fwd', 'maps:fwd', 'contains:fwd', 'supports:fwd']","[0.8611515164375305, 0.09497098624706268, 0.014047417789697647, 0.009492525830864906, 0.009405292570590973]",0,1,3
from <e2> <e1> is mapped for this case,maps:rev,7,precedes:rev,0.8525786995887756,0.008317729458212852,"['precedes:rev', 'precedes:fwd', 'maps:fwd', 'contains:rev', 'supports:rev']","[0.8525786995887756, 0.04451216384768486, 0.033118460327386856, 0.03195812925696373, 0.02043353021144867]",0,0,3
support for <e1> comes from <e2>,supports:rev,3,precedes:rev,0.48945352435112,0.015777522698044777,"['precedes:rev', 'contains:rev', 'precedes:fwd', 'maps:rev', 'supports:fwd']","[0.48945352435112, 0.2702641487121582, 0.1676553189754486, 0.03326546773314476, 0.016568297520279884]",0,0,3
inside <e1> is <e2> usually,contains:fwd,0,contains:rev,0.8714582324028015,0.03915351256728172,"['contains:rev', 'precedes:fwd', 'contains:fwd', 'supports:fwd', 'maps:fwd']","[0.8714582324028015, 0.05686810612678528, 0.03915351256728172, 0.015748415142297745, 0.009932002983987331]",0,1,3
<e2> has <e1> inside usually,contains:rev,1,contains:rev,0.9568446278572083,0.9568446278572083,"['contains:rev', 'precedes:fwd', 'maps:fwd', 'supports:fwd', 'precedes:rev']","[0.9568446278572083, 0.015407523140311241, 0.009211788885295391, 0.005613373126834631, 0.0052412706427276134]",1,1,3
in context <e1> is held up by <e2>,supports:rev,3,contains:fwd,0.7630821466445923,0.004363356623798609,"['contains:fwd', 'maps:fwd', 'contains:rev', 'precedes:fwd', 'supports:fwd']","[0.7630821466445923, 0.07535935938358307, 0.06584864854812622, 0.047949790954589844, 0.022886771708726883]",0,0,3
<e2> trails <e1> for this case,precedes:fwd,4,contains:rev,0.5577846169471741,0.37293142080307007,"['contains:rev', 'precedes:fwd', 'maps:fwd', 'supports:fwd', 'contains:fwd']","[0.5577846169471741, 0.37293142080307007, 0.024929862469434738, 0.015170575119554996, 0.014368779957294464]",0,1,3
backing <e1> is <e2> in context,supports:rev,3,contains:rev,0.8097265958786011,0.012718345038592815,"['contains:rev', 'precedes:fwd', 'maps:fwd', 'precedes:rev', 'supports:rev']","[0.8097265958786011, 0.11314726620912552, 0.02858949825167656, 0.022559482604265213, 0.012718345038592815]",0,1,3
to <e1> <e2> points in context,maps:rev,7,precedes:rev,0.3971204459667206,0.0061903223395347595,"['precedes:rev', 'maps:fwd', 'contains:rev', 'precedes:fwd', 'supports:fwd']","[0.3971204459667206, 0.3830026686191559, 0.12154100835323334, 0.07371301203966141, 0.008684623055160046]",0,0,3
the target of <e2> is <e1> for this case,maps:rev,7,maps:fwd,0.9730193614959717,0.006964732892811298,"['maps:fwd', 'precedes:fwd', 'maps:rev', 'precedes:rev', 'supports:fwd']","[0.9730193614959717, 0.009318416938185692, 0.006964732892811298, 0.004246282856911421, 0.003140336601063609]",0,1,3
<e2> trails <e1> in context,precedes:fwd,4,contains:rev,0.8611515164375305,0.09497098624706268,"['contains:rev', 'precedes:fwd', 'maps:fwd', 'contains:fwd', 'supports:fwd']","[0.8611515164375305, 0.09497098624706268, 0.014047417789697647, 0.009492525830864906, 0.009405292570590973]",0,1,3
for this case <e1> is held up by <e2>,supports:rev,3,contains:rev,0.9274162650108337,0.00676149595528841,"['contains:rev', 'contains:fwd', 'precedes:rev', 'maps:rev', 'supports:rev']","[0.9274162650108337, 0.03413724899291992, 0.017167165875434875, 0.007372713647782803, 0.00676149595528841]",0,1,3
<e1> has <e2> inside,contains:fwd,0,contains:rev,0.9656416177749634,0.0012440442806109786,"['contains:rev', 'maps:fwd', 'precedes:rev', 'precedes:fwd', 'supports:rev']","[0.9656416177749634, 0.012760717421770096, 0.005444811191409826, 0.004283946007490158, 0.0042461613193154335]",0,0,3
the target of <e1> is <e2> usually,maps:fwd,6,maps:rev,0.9717860817909241,0.002003039000555873,"['maps:rev', 'contains:fwd', 'supports:fwd', 'precedes:rev', 'supports:rev']","[0.9717860817909241, 0.011241384781897068, 0.004891216289252043, 0.004436373710632324, 0.0029256674461066723]",0,0,3
<e2> is ahead of <e1> in context,precedes:rev,5,maps:fwd,0.7661880254745483,0.011174468323588371,"['maps:fwd', 'contains:fwd', 'contains:rev', 'maps:rev', 'precedes:rev']","[0.7661880254745483, 0.11191491037607193, 0.07970700412988663, 0.016012145206332207, 0.011174468323588371]",0,1,3
<e2> is held up by <e1> usually,supports:fwd,2,contains:fwd,0.6590582132339478,0.0033926733303815126,"['contains:fwd', 'maps:fwd', 'contains:rev', 'precedes:rev', 'precedes:fwd']","[0.6590582132339478, 0.25580427050590515, 0.04926849529147148, 0.01653291843831539, 0.00724865822121501]",0,0,3
<e2> trails <e1>,precedes:fwd,4,contains:rev,0.9189802408218384,0.03539769724011421,"['contains:rev', 'precedes:fwd', 'maps:rev', 'contains:fwd', 'supports:fwd']","[0.9189802408218384, 0.03539769724011421, 0.01766887679696083, 0.011569235473871231, 0.007889782078564167]",0,1,3
to <e1> <e2> points usually,maps:rev,7,maps:fwd,0.5810266733169556,0.006874928716570139,"['maps:fwd', 'precedes:rev', 'contains:rev', 'precedes:fwd', 'supports:rev']","[0.5810266733169556, 0.17184993624687195, 0.16532179713249207, 0.05528574436903, 0.009239060804247856]",0,0,3
within <e2> sits <e1> usually,contains:rev,1,contains:fwd,0.5325185060501099,0.35092994570732117,"['contains:fwd', 'contains:rev', 'supports:fwd', 'precedes:rev', 'maps:rev']","[0.5325185060501099, 0.35092994570732117, 0.03788423538208008, 0.02897370606660843, 0.01758361980319023]",0,1,3
<e2> has <e1> inside,contains:rev,1,contains:rev,0.9178439378738403,0.9178439378738403,"['contains:rev', 'precedes:fwd', 'maps:fwd', 'precedes:rev', 'supports:fwd']","[0.9178439378738403, 0.040608346462249756, 0.015614279545843601, 0.008271675556898117, 0.00786795187741518]",1,1,3
from <e1> <e2> is mapped directly,maps:fwd,6,precedes:rev,0.8045768737792969,0.02027084119617939,"['precedes:rev', 'maps:rev', 'maps:fwd', 'contains:rev', 'contains:fwd']","[0.8045768737792969, 0.13444803655147552, 0.02027084119617939, 0.014699053950607777, 0.01435852237045765]",0,1,3
inside <e1> is <e2>,contains:fwd,0,contains:rev,0.7988594174385071,0.019363226369023323,"['contains:rev', 'precedes:fwd', 'contains:fwd', 'maps:fwd', 'supports:fwd']","[0.7988594174385071, 0.14348289370536804, 0.019363226369023323, 0.014658160507678986, 0.012379195541143417]",0,1,3
the target of <e1> is <e2>,maps:fwd,6,maps:rev,0.9775461554527283,0.0022508122492581606,"['maps:rev', 'contains:fwd', 'supports:fwd', 'precedes:rev', 'maps:fwd']","[0.9775461554527283, 0.007945476099848747, 0.004559227731078863, 0.003206083085387945, 0.0022508122492581606]",0,1,3
support for <e2> comes from <e1> in context,supports:fwd,2,precedes:rev,0.908656120300293,0.002947575645521283,"['precedes:rev', 'precedes:fwd', 'maps:rev', 'contains:rev', 'supports:rev']","[0.908656120300293, 0.05982338637113571, 0.012115911580622196, 0.007041935808956623, 0.004727423191070557]",0,0,3
<e2> has <e1> inside usually,contains:rev,1,contains:rev,0.9568446278572083,0.9568446278572083,"['contains:rev', 'precedes:fwd', 'maps:fwd', 'supports:fwd', 'precedes:rev']","[0.9568446278572083, 0.015407523140311241, 0.009211788885295391, 0.005613373126834631, 0.0052412706427276134]",1,1,3
backing <e1> is <e2> for this case,supports:rev,3,contains:rev,0.8667198419570923,0.005557355470955372,"['contains:rev', 'precedes:fwd', 'contains:fwd', 'supports:fwd', 'maps:fwd']","[0.8667198419570923, 0.05621339753270149, 0.04387969896197319, 0.014395937323570251, 0.009831834584474564]",0,0,3
the target of <e1> is <e2> for this case,maps:fwd,6,maps:rev,0.9571275115013123,0.009036816656589508,"['maps:rev', 'contains:fwd', 'maps:fwd', 'supports:fwd', 'precedes:fwd']","[0.9571275115013123, 0.013769404962658882, 0.009036816656589508, 0.008276882581412792, 0.004759380128234625]",0,1,3
from <e1> <e2> is mapped directly,maps:fwd,6,precedes:rev,0.8045768737792969,0.02027084119617939,"['precedes:rev', 'maps:rev', 'maps:fwd', 'contains:rev', 'contains:fwd']","[0.8045768737792969, 0.13444803655147552, 0.02027084119617939, 0.014699053950607777, 0.01435852237045765]",0,1,3
inside <e1> is <e2> in context,contains:fwd,0,contains:rev,0.9138851165771484,0.004030456300824881,"['contains:rev', 'precedes:fwd', 'maps:fwd', 'precedes:rev', 'supports:fwd']","[0.9138851165771484, 0.04532354697585106, 0.01514433789998293, 0.007897092029452324, 0.006221527699381113]",0,0,3
<e2> is held up by <e1> usually,supports:fwd,2,contains:fwd,0.6590582132339478,0.0033926733303815126,"['contains:fwd', 'maps:fwd', 'contains:rev', 'precedes:rev', 'precedes:fwd']","[0.6590582132339478, 0.25580427050590515, 0.04926849529147148, 0.01653291843831539, 0.00724865822121501]",0,0,3
before <e1> comes <e2>,precedes:rev,5,precedes:fwd,0.9574390649795532,0.022179855033755302,"['precedes:fwd', 'precedes:rev', 'contains:fwd', 'contains:rev', 'supports:fwd']","[0.9574390649795532, 0.022179855033755302, 0.008303030394017696, 0.0063371905125677586, 0.0027154276613146067]",0,1,3
within <e1> sits <e2> usually,contains:fwd,0,contains:rev,0.8484758138656616,0.040886830538511276,"['contains:rev', 'precedes:fwd', 'maps:rev', 'contains:fwd', 'supports:fwd']","[0.8484758138656616, 0.047954291105270386, 0.04168885946273804, 0.040886830538511276, 0.008407961577177048]",0,1,3
from <e1> <e2> is mapped,maps:fwd,6,contains:rev,0.7493923306465149,0.07131947576999664,"['contains:rev', 'precedes:rev', 'maps:fwd', 'maps:rev', 'precedes:fwd']","[0.7493923306465149, 0.09370321035385132, 0.07131947576999664, 0.043722495436668396, 0.025854479521512985]",0,1,3
<e2> has <e1> inside,contains:rev,1,contains:rev,0.9178439378738403,0.9178439378738403,"['contains:rev', 'precedes:fwd', 'maps:fwd', 'precedes:rev', 'supports:fwd']","[0.9178439378738403, 0.040608346462249756, 0.015614279545843601, 0.008271675556898117, 0.00786795187741518]",1,1,3
to <e2> <e1> points in context,maps:fwd,6,contains:rev,0.40077707171440125,0.2609676420688629,"['contains:rev', 'maps:fwd', 'precedes:fwd', 'precedes:rev', 'supports:fwd']","[0.40077707171440125, 0.2609676420688629, 0.19292381405830383, 0.10049911588430405, 0.017106490209698677]",0,1,3
inside <e1> is <e2>,contains:fwd,0,contains:rev,0.7988594174385071,0.019363226369023323,"['contains:rev', 'precedes:fwd', 'contains:fwd', 'maps:fwd', 'supports:fwd']","[0.7988594174385071, 0.14348289370536804, 0.019363226369023323, 0.014658160507678986, 0.012379195541143417]",0,1,3
directly <e1> trails <e2>,precedes:rev,5,maps:fwd,0.4594830274581909,0.4569600522518158,"['maps:fwd', 'precedes:rev', 'maps:rev', 'precedes:fwd', 'contains:rev']","[0.4594830274581909, 0.4569600522518158, 0.034111231565475464, 0.033366575837135315, 0.010079672560095787]",0,1,3
support for <e2> comes from <e1> usually,supports:fwd,2,precedes:rev,0.8969447016716003,0.0029497304931282997,"['precedes:rev', 'precedes:fwd', 'maps:rev', 'contains:rev', 'supports:rev']","[0.8969447016716003, 0.07045851647853851, 0.014847701415419579, 0.005922446493059397, 0.004707689862698317]",0,0,3
from <e1> <e2> is mapped directly,maps:fwd,6,precedes:rev,0.8045768737792969,0.02027084119617939,"['precedes:rev', 'maps:rev', 'maps:fwd', 'contains:rev', 'contains:fwd']","[0.8045768737792969, 0.13444803655147552, 0.02027084119617939, 0.014699053950607777, 0.01435852237045765]",0,1,3
<e2> trails <e1> for this case,precedes:fwd,4,contains:rev,0.5577846169471741,0.37293142080307007,"['contains:rev', 'precedes:fwd', 'maps:fwd', 'supports:fwd', 'contains:fwd']","[0.5577846169471741, 0.37293142080307007, 0.024929862469434738, 0.015170575119554996, 0.014368779957294464]",0,1,3
<e2> trails <e1> in context,precedes:fwd,4,contains:rev,0.8611515164375305,0.09497098624706268,"['contains:rev', 'precedes:fwd', 'maps:fwd', 'contains:fwd', 'supports:fwd']","[0.8611515164375305, 0.09497098624706268, 0.014047417789697647, 0.009492525830864906, 0.009405292570590973]",0,1,3
<e2> has <e1> inside,contains:rev,1,contains:rev,0.9178439378738403,0.9178439378738403,"['contains:rev', 'precedes:fwd', 'maps:fwd', 'precedes:rev', 'supports:fwd']","[0.9178439378738403, 0.040608346462249756, 0.015614279545843601, 0.008271675556898117, 0.00786795187741518]",1,1,3
before <e2> comes <e1>,precedes:fwd,4,precedes:fwd,0.6185937523841858,0.6185937523841858,"['precedes:fwd', 'precedes:rev', 'contains:fwd', 'supports:fwd', 'contains:rev']","[0.6185937523841858, 0.3149803578853607, 0.031227799132466316, 0.019618932157754898, 0.009050075896084309]",1,1,3
support for <e2> comes from <e1>,supports:fwd,2,precedes:rev,0.8914070129394531,0.0031517234165221453,"['precedes:rev', 'precedes:fwd', 'maps:rev', 'contains:rev', 'supports:rev']","[0.8914070129394531, 0.06964213401079178, 0.019915686920285225, 0.006403337698429823, 0.004767095670104027]",0,0,3
<e2> is ahead of <e1> directly,precedes:rev,5,maps:fwd,0.8587840795516968,0.01349305734038353,"['maps:fwd', 'contains:fwd', 'contains:rev', 'precedes:rev', 'precedes:fwd']","[0.8587840795516968, 0.05762670561671257, 0.054830651730298996, 0.01349305734038353, 0.006719636730849743]",0,1,3
the target of <e1> is <e2> usually,maps:fwd,6,maps:rev,0.9717860817909241,0.002003039000555873,"['maps:rev', 'contains:fwd', 'supports:fwd', 'precedes:rev', 'supports:rev']","[0.9717860817909241, 0.011241384781897068, 0.004891216289252043, 0.004436373710632324, 0.0029256674461066723]",0,0,3
within <e2> sits <e1> usually,contains:rev,1,contains:fwd,0.5325185060501099,0.35092994570732117,"['contains:fwd', 'contains:rev', 'supports:fwd', 'precedes:rev', 'maps:rev']","[0.5325185060501099, 0.35092994570732117, 0.03788423538208008, 0.02897370606660843, 0.01758361980319023]",0,1,3
the target of <e1> is <e2>,maps:fwd,6,maps:rev,0.9775461554527283,0.0022508122492581606,"['maps:rev', 'contains:fwd', 'supports:fwd', 'precedes:rev', 'maps:fwd']","[0.9775461554527283, 0.007945476099848747, 0.004559227731078863, 0.003206083085387945, 0.0022508122492581606]",0,1,3
within <e1> sits <e2> in context,contains:fwd,0,contains:rev,0.2806221842765808,0.03688398376107216,"['contains:rev', 'maps:rev', 'precedes:fwd', 'precedes:rev', 'contains:fwd']","[0.2806221842765808, 0.2592027187347412, 0.23495854437351227, 0.14411427080631256, 0.03688398376107216]",0,1,3
<e2> is ahead of <e1> for this case,precedes:rev,5,maps:fwd,0.8584728837013245,0.03471515700221062,"['maps:fwd', 'contains:fwd', 'contains:rev', 'precedes:rev', 'precedes:fwd']","[0.8584728837013245, 0.04539516568183899, 0.03767849877476692, 0.03471515700221062, 0.013158492743968964]",0,1,3
for this case <e1> trails <e2>,precedes:rev,5,maps:fwd,0.7130943536758423,0.013289840891957283,"['maps:fwd', 'precedes:fwd', 'contains:fwd', 'maps:rev', 'contains:rev']","[0.7130943536758423, 0.09704247117042542, 0.0901808887720108, 0.0542159304022789, 0.02308782935142517]",0,0,3
support for <e2> comes from <e1> in context,supports:fwd,2,precedes:rev,0.908656120300293,0.002947575645521283,"['precedes:rev', 'precedes:fwd', 'maps:rev', 'contains:rev', 'supports:rev']","[0.908656120300293, 0.05982338637113571, 0.012115911580622196, 0.007041935808956623, 0.004727423191070557]",0,0,3
from <e2> <e1> is mapped directly,maps:rev,7,maps:rev,0.4279889762401581,0.4279889762401581,"['maps:rev', 'precedes:rev', 'contains:rev', 'precedes:fwd', 'supports:rev']","[0.4279889762401581, 0.33912408351898193, 0.16267870366573334, 0.03209611028432846, 0.016479969024658203]",1,1,3
within <e2> sits <e1> directly,contains:rev,1,contains:fwd,0.6884585618972778,0.19500786066055298,"['contains:fwd', 'contains:rev', 'maps:rev', 'precedes:rev', 'supports:fwd']","[0.6884585618972778, 0.19500786066055298, 0.06902217119932175, 0.015630993992090225, 0.01477504801005125]",0,1,3
<e2> is held up by <e1> for this case,supports:fwd,2,contains:fwd,0.7267884612083435,0.0034505315124988556,"['contains:fwd', 'maps:fwd', 'contains:rev', 'precedes:rev', 'precedes:fwd']","[0.7267884612083435, 0.18728935718536377, 0.05735056474804878, 0.010143609717488289, 0.008267966099083424]",0,0,3
within <e1> sits <e2>,contains:fwd,0,precedes:fwd,0.5971558690071106,0.05258012190461159,"['precedes:fwd', 'contains:rev', 'precedes:rev', 'contains:fwd', 'maps:fwd']","[0.5971558690071106, 0.17103151977062225, 0.10362645983695984, 0.05258012190461159, 0.03300247713923454]",0,1,3
<e2> has <e1> inside for this case,contains:rev,1,contains:rev,0.9361944198608398,0.9361944198608398,"['contains:rev', 'precedes:fwd', 'maps:fwd', 'precedes:rev', 'supports:fwd']","[0.9361944198608398, 0.027999676764011383, 0.01196008175611496, 0.00998663529753685, 0.0055141206830739975]",1,1,3
the target of <e2> is <e1> in context,maps:rev,7,maps:fwd,0.877869725227356,0.09401403367519379,"['maps:fwd', 'maps:rev', 'precedes:fwd', 'precedes:rev', 'supports:fwd']","[0.877869725227356, 0.09401403367519379, 0.008684033527970314, 0.007084359880536795, 0.004817876499146223]",0,1,3
<e2> is held up by <e1> usually,supports:fwd,2,contains:fwd,0.6590582132339478,0.0033926733303815126,"['contains:fwd', 'maps:fwd', 'contains:rev', 'precedes:rev', 'precedes:fwd']","[0.6590582132339478, 0.25580427050590515, 0.04926849529147148, 0.01653291843831539, 0.00724865822121501]",0,0,3
to <e1> <e2> points usually,maps:rev,7,maps:fwd,0.5810266733169556,0.006874928716570139,"['maps:fwd', 'precedes:rev', 'contains:rev', 'precedes:fwd', 'supports:rev']","[0.5810266733169556, 0.17184993624687195, 0.16532179713249207, 0.05528574436903, 0.009239060804247856]",0,0,3
before <e1> comes <e2> for this case,precedes:rev,5,precedes:fwd,0.9485105276107788,0.013314485549926758,"['precedes:fwd', 'contains:fwd', 'precedes:rev', 'supports:fwd', 'contains:rev']","[0.9485105276107788, 0.01906627230346203, 0.013314485549926758, 0.009228692390024662, 0.006174845155328512]",0,1,3
<e1> trails <e2>,precedes:rev,5,precedes:rev,0.8835182189941406,0.8835182189941406,"['precedes:rev', 'maps:fwd', 'contains:rev', 'precedes:fwd', 'maps:rev']","[0.8835182189941406, 0.07606489211320877, 0.018896445631980896, 0.010944283567368984, 0.005764765664935112]",1,1,3
<e1> trails <e2>,precedes:rev,5,precedes:rev,0.8835182189941406,0.8835182189941406,"['precedes:rev', 'maps:fwd', 'contains:rev', 'precedes:fwd', 'maps:rev']","[0.8835182189941406, 0.07606489211320877, 0.018896445631980896, 0.010944283567368984, 0.005764765664935112]",1,1,3
<e2> is held up by <e1> in context,supports:fwd,2,contains:fwd,0.6805436611175537,0.0033536702394485474,"['contains:fwd', 'maps:fwd', 'contains:rev', 'precedes:rev', 'precedes:fwd']","[0.6805436611175537, 0.22196118533611298, 0.05996851250529289, 0.01898210495710373, 0.005326463375240564]",0,0,3
support for <e1> comes from <e2>,supports:rev,3,precedes:rev,0.48945352435112,0.015777522698044777,"['precedes:rev', 'contains:rev', 'precedes:fwd', 'maps:rev', 'supports:fwd']","[0.48945352435112, 0.2702641487121582, 0.1676553189754486, 0.03326546773314476, 0.016568297520279884]",0,0,3
<e1> trails <e2>,precedes:rev,5,precedes:rev,0.8835182189941406,0.8835182189941406,"['precedes:rev', 'maps:fwd', 'contains:rev', 'precedes:fwd', 'maps:rev']","[0.8835182189941406, 0.07606489211320877, 0.018896445631980896, 0.010944283567368984, 0.005764765664935112]",1,1,3
to <e1> <e2> points,maps:rev,7,precedes:rev,0.4158967435359955,0.004214238841086626,"['precedes:rev', 'maps:fwd', 'precedes:fwd', 'contains:rev', 'supports:fwd']","[0.4158967435359955, 0.3964444100856781, 0.08850834518671036, 0.07562621682882309, 0.00966594461351633]",0,0,3
<e2> trails <e1> for this case,precedes:fwd,4,contains:rev,0.5577846169471741,0.37293142080307007,"['contains:rev', 'precedes:fwd', 'maps:fwd', 'supports:fwd', 'contains:fwd']","[0.5577846169471741, 0.37293142080307007, 0.024929862469434738, 0.015170575119554996, 0.014368779957294464]",0,1,3
before <e2> comes <e1> for this case,precedes:fwd,4,precedes:fwd,0.6767299771308899,0.6767299771308899,"['precedes:fwd', 'precedes:rev', 'contains:fwd', 'supports:fwd', 'contains:rev']","[0.6767299771308899, 0.19111546874046326, 0.06788817048072815, 0.04528052732348442, 0.012099671177566051]",1,1,3
inside <e2> is <e1> directly,contains:rev,1,contains:rev,0.8156959414482117,0.8156959414482117,"['contains:rev', 'contains:fwd', 'precedes:fwd', 'supports:fwd', 'supports:rev']","[0.8156959414482117, 0.16094930469989777, 0.00675942562520504, 0.0063030291348695755, 0.00520801916718483]",1,1,3
to <e1> <e2> points for this case,maps:rev,7,maps:fwd,0.4565869867801666,0.004664931911975145,"['maps:fwd', 'contains:rev', 'precedes:fwd', 'precedes:rev', 'contains:fwd']","[0.4565869867801666, 0.2818969190120697, 0.14595401287078857, 0.0819985494017601, 0.02041669562458992]",0,0,3
inside <e1> is <e2> directly,contains:fwd,0,contains:rev,0.8160138130187988,0.07731800526380539,"['contains:rev', 'precedes:fwd', 'contains:fwd', 'supports:fwd', 'maps:fwd']","[0.8160138130187988, 0.07978658378124237, 0.07731800526380539, 0.010987992398440838, 0.007031251676380634]",0,1,3
in context <e1> is ahead of <e2>,precedes:fwd,4,maps:rev,0.9043511748313904,0.0059297229163348675,"['maps:rev', 'supports:rev', 'contains:fwd', 'maps:fwd', 'precedes:fwd']","[0.9043511748313904, 0.05001651495695114, 0.022066814824938774, 0.011337955482304096, 0.0059297229163348675]",0,1,3
backing <e1> is <e2> for this case,supports:rev,3,contains:rev,0.8667198419570923,0.005557355470955372,"['contains:rev', 'precedes:fwd', 'contains:fwd', 'supports:fwd', 'maps:fwd']","[0.8667198419570923, 0.05621339753270149, 0.04387969896197319, 0.014395937323570251, 0.009831834584474564]",0,0,3
<e1> is held up by <e2>,supports:rev,3,contains:fwd,0.504189670085907,0.02934413217008114,"['contains:fwd', 'contains:rev', 'maps:rev', 'supports:rev', 'precedes:rev']","[0.504189670085907, 0.2497488409280777, 0.18268565833568573, 0.02934413217008114, 0.012339254841208458]",0,1,3
support for <e1> comes from <e2> in context,supports:rev,3,maps:rev,0.7734956741333008,0.0010295938700437546,"['maps:rev', 'maps:fwd', 'precedes:fwd', 'contains:rev', 'precedes:rev']","[0.7734956741333008, 0.17263230681419373, 0.045184969902038574, 0.002836440224200487, 0.0018646952230483294]",0,0,4
to <e1> <e2> points for this case,maps:rev,7,maps:rev,0.7087090611457825,0.7087090611457825,"['maps:rev', 'maps:fwd', 'contains:fwd', 'supports:fwd', 'precedes:fwd']","[0.7087090611457825, 0.20683372020721436, 0.043642472475767136, 0.027704838663339615, 0.009330309927463531]",1,1,4
before <e1> comes <e2> usually,precedes:rev,5,precedes:fwd,0.9596462845802307,0.027815276756882668,"['precedes:fwd', 'precedes:rev', 'maps:fwd', 'contains:rev', 'maps:rev']","[0.9596462845802307, 0.027815276756882668, 0.004303662572056055, 0.0033207654487341642, 0.0021141350734978914]",0,1,4
<e2> is held up by <e1> in context,supports:fwd,2,maps:fwd,0.9702420234680176,0.0009697895729914308,"['maps:fwd', 'precedes:fwd', 'contains:fwd', 'contains:rev', 'supports:rev']","[0.9702420234680176, 0.011280293576419353, 0.005851857829838991, 0.003868015017360449, 0.0029945652931928635]",0,0,4
within <e2> sits <e1> in context,contains:rev,1,contains:fwd,0.6905549168586731,0.006947646848857403,"['contains:fwd', 'precedes:rev', 'supports:fwd', 'precedes:fwd', 'maps:rev']","[0.6905549168586731, 0.20117218792438507, 0.05096745491027832, 0.04113693907856941, 0.007974511943757534]",0,0,4
inside <e2> is <e1> directly,contains:rev,1,maps:rev,0.5861344933509827,0.2313598096370697,"['maps:rev', 'contains:rev', 'contains:fwd', 'precedes:fwd', 'supports:fwd']","[0.5861344933509827, 0.2313598096370697, 0.12809008359909058, 0.03647994622588158, 0.006072792690247297]",0,1,4
to <e1> <e2> points,maps:rev,7,maps:fwd,0.8072847723960876,0.17612425982952118,"['maps:fwd', 'maps:rev', 'precedes:fwd', 'contains:fwd', 'supports:fwd']","[0.8072847723960876, 0.17612425982952118, 0.006031292490661144, 0.004383713472634554, 0.003228253684937954]",0,1,4
usually <e1> trails <e2>,precedes:rev,5,precedes:fwd,0.9634585380554199,0.002360428450629115,"['precedes:fwd', 'maps:fwd', 'maps:rev', 'contains:rev', 'supports:fwd']","[0.9634585380554199, 0.013254928402602673, 0.009153728373348713, 0.005444581154733896, 0.0036259687040001154]",0,0,4
inside <e2> is <e1> in context,contains:rev,1,maps:rev,0.5360198020935059,0.10045070946216583,"['maps:rev', 'precedes:fwd', 'contains:rev', 'contains:fwd', 'supports:rev']","[0.5360198020935059, 0.24855148792266846, 0.10045070946216583, 0.07086776196956635, 0.01775345578789711]",0,1,4
inside <e1> is <e2> usually,contains:fwd,0,contains:rev,0.9496526122093201,0.01649855263531208,"['contains:rev', 'maps:fwd', 'contains:fwd', 'precedes:fwd', 'precedes:rev']","[0.9496526122093201, 0.01922106370329857, 0.01649855263531208, 0.005693610291928053, 0.0051957000978291035]",0,1,4
to <e1> <e2> points in context,maps:rev,7,maps:fwd,0.43569010496139526,0.18899057805538177,"['maps:fwd', 'contains:fwd', 'maps:rev', 'supports:fwd', 'precedes:rev']","[0.43569010496139526, 0.19899921119213104, 0.18899057805538177, 0.11952453851699829, 0.026672828942537308]",0,1,4
<e2> is held up by <e1> in context,supports:fwd,2,maps:fwd,0.9702420234680176,0.0009697895729914308,"['maps:fwd', 'precedes:fwd', 'contains:fwd', 'contains:rev', 'supports:rev']","[0.9702420234680176, 0.011280293576419353, 0.005851857829838991, 0.003868015017360449, 0.0029945652931928635]",0,0,4
support for <e1> comes from <e2> for this case,supports:rev,3,maps:rev,0.7028318643569946,0.0004301528970245272,"['maps:rev', 'precedes:rev', 'precedes:fwd', 'supports:fwd', 'contains:fwd']","[0.7028318643569946, 0.1991409957408905, 0.04765962436795235, 0.023805586621165276, 0.016296055167913437]",0,0,4
in context <e1> is ahead of <e2>,precedes:fwd,4,maps:rev,0.86073237657547,0.048033565282821655,"['maps:rev', 'precedes:fwd', 'supports:rev', 'contains:rev', 'maps:fwd']","[0.86073237657547, 0.048033565282821655, 0.04227534309029579, 0.02741241455078125, 0.011314031668007374]",0,1,4
backing <e2> is <e1> usually,supports:fwd,2,maps:rev,0.9145308136940002,0.0015555816935375333,"['maps:rev', 'precedes:fwd', 'contains:rev', 'contains:fwd', 'precedes:rev']","[0.9145308136940002, 0.05418751388788223, 0.014170974493026733, 0.011374108493328094, 0.002032982651144266]",0,0,4
<e2> is ahead of <e1> usually,precedes:rev,5,maps:fwd,0.41039028763771057,0.2416275292634964,"['maps:fwd', 'contains:fwd', 'precedes:rev', 'precedes:fwd', 'contains:rev']","[0.41039028763771057, 0.27875226736068726, 0.2416275292634964, 0.03875648230314255, 0.012882874347269535]",0,1,4
<e2> has <e1> inside,contains:rev,1,contains:rev,0.9636278748512268,0.9636278748512268,"['contains:rev', 'precedes:fwd', 'contains:fwd', 'maps:rev', 'precedes:rev']","[0.9636278748512268, 0.01757294125854969, 0.010416816920042038, 0.003203348256647587, 0.002577315317466855]",1,1,4
usually <e1> has <e2> inside,contains:fwd,0,precedes:fwd,0.573695182800293,0.25086331367492676,"['precedes:fwd', 'contains:fwd', 'precedes:rev', 'contains:rev', 'maps:rev']","[0.573695182800293, 0.25086331367492676, 0.09747537970542908, 0.06485334038734436, 0.006886942312121391]",0,1,4
backing <e2> is <e1> in context,supports:fwd,2,maps:rev,0.6737381219863892,0.008573684841394424,"['maps:rev', 'precedes:fwd', 'contains:fwd', 'supports:fwd', 'contains:rev']","[0.6737381219863892, 0.28907352685928345, 0.011992343701422215, 0.008573684841394424, 0.008446520194411278]",0,1,4
from <e1> <e2> is mapped in context,maps:fwd,6,maps:fwd,0.9311681389808655,0.9311681389808655,"['maps:fwd', 'maps:rev', 'precedes:fwd', 'supports:rev', 'contains:fwd']","[0.9311681389808655, 0.055695660412311554, 0.007571440190076828, 0.0013476309832185507, 0.0012624518712982535]",1,1,4
before <e2> comes <e1> in context,precedes:fwd,4,precedes:rev,0.8109793066978455,0.1472446620464325,"['precedes:rev', 'precedes:fwd', 'contains:fwd', 'maps:rev', 'contains:rev']","[0.8109793066978455, 0.1472446620464325, 0.02724047191441059, 0.008054631762206554, 0.002735840156674385]",0,1,4
directly <e1> trails <e2>,precedes:rev,5,precedes:fwd,0.955426812171936,0.0024328934960067272,"['precedes:fwd', 'maps:rev', 'maps:fwd', 'supports:fwd', 'contains:rev']","[0.955426812171936, 0.015555276535451412, 0.013577183708548546, 0.005579398013651371, 0.004193791188299656]",0,0,4
from <e2> <e1> is mapped for this case,maps:rev,7,maps:fwd,0.801142692565918,0.1819036602973938,"['maps:fwd', 'maps:rev', 'precedes:fwd', 'contains:rev', 'supports:rev']","[0.801142692565918, 0.1819036602973938, 0.00929123256355524, 0.0040211305022239685, 0.0014380994252860546]",0,1,4
from <e1> <e2> is mapped in context,maps:fwd,6,maps:fwd,0.9311681389808655,0.9311681389808655,"['maps:fwd', 'maps:rev', 'precedes:fwd', 'supports:rev', 'contains:fwd']","[0.9311681389808655, 0.055695660412311554, 0.007571440190076828, 0.0013476309832185507, 0.0012624518712982535]",1,1,4
support for <e1> comes from <e2>,supports:rev,3,precedes:fwd,0.9205920696258545,0.0006191963329911232,"['precedes:fwd', 'maps:rev', 'precedes:rev', 'maps:fwd', 'contains:rev']","[0.9205920696258545, 0.028830120339989662, 0.026873376220464706, 0.017069987952709198, 0.002786649391055107]",0,0,4
before <e2> comes <e1> directly,precedes:fwd,4,precedes:rev,0.9279811382293701,0.045782431960105896,"['precedes:rev', 'precedes:fwd', 'contains:fwd', 'maps:rev', 'contains:rev']","[0.9279811382293701, 0.045782431960105896, 0.015205149538815022, 0.0051359194330871105, 0.004263171926140785]",0,1,4
before <e1> comes <e2> directly,precedes:rev,5,precedes:fwd,0.6343196630477905,0.32745784521102905,"['precedes:fwd', 'precedes:rev', 'contains:rev', 'maps:fwd', 'contains:fwd']","[0.6343196630477905, 0.32745784521102905, 0.01987871527671814, 0.012564195320010185, 0.002450407249853015]",0,1,4
before <e2> comes <e1> in context,precedes:fwd,4,precedes:rev,0.8109793066978455,0.1472446620464325,"['precedes:rev', 'precedes:fwd', 'contains:fwd', 'maps:rev', 'contains:rev']","[0.8109793066978455, 0.1472446620464325, 0.02724047191441059, 0.008054631762206554, 0.002735840156674385]",0,1,4
support for <e1> comes from <e2>,supports:rev,3,precedes:fwd,0.9205920696258545,0.0006191963329911232,"['precedes:fwd', 'maps:rev', 'precedes:rev', 'maps:fwd', 'contains:rev']","[0.9205920696258545, 0.028830120339989662, 0.026873376220464706, 0.017069987952709198, 0.002786649391055107]",0,0,4
inside <e2> is <e1> directly,contains:rev,1,maps:rev,0.5861344933509827,0.2313598096370697,"['maps:rev', 'contains:rev', 'contains:fwd', 'precedes:fwd', 'supports:fwd']","[0.5861344933509827, 0.2313598096370697, 0.12809008359909058, 0.03647994622588158, 0.006072792690247297]",0,1,4
<e2> has <e1> inside in context,contains:rev,1,contains:rev,0.73399418592453,0.73399418592453,"['contains:rev', 'contains:fwd', 'precedes:fwd', 'supports:rev', 'maps:rev']","[0.73399418592453, 0.18589679896831512, 0.051477182656526566, 0.013307785615324974, 0.007031273562461138]",1,1,4
within <e1> sits <e2> directly,contains:fwd,0,precedes:rev,0.9401321411132812,0.036498188972473145,"['precedes:rev', 'contains:fwd', 'precedes:fwd', 'contains:rev', 'supports:fwd']","[0.9401321411132812, 0.036498188972473145, 0.010191294364631176, 0.009740268811583519, 0.0013791476376354694]",0,1,4
backing <e1> is <e2> directly,supports:rev,3,maps:fwd,0.6306237578392029,0.002099882112815976,"['maps:fwd', 'contains:rev', 'precedes:fwd', 'precedes:rev', 'maps:rev']","[0.6306237578392029, 0.19368647038936615, 0.07953692972660065, 0.04669516161084175, 0.030849309638142586]",0,0,4
<e2> is ahead of <e1> usually,precedes:rev,5,maps:fwd,0.41039028763771057,0.2416275292634964,"['maps:fwd', 'contains:fwd', 'precedes:rev', 'precedes:fwd', 'contains:rev']","[0.41039028763771057, 0.27875226736068726, 0.2416275292634964, 0.03875648230314255, 0.012882874347269535]",0,1,4
from <e2> <e1> is mapped,maps:rev,7,maps:rev,0.7828982472419739,0.7828982472419739,"['maps:rev', 'maps:fwd', 'precedes:fwd', 'contains:rev', 'supports:fwd']","[0.7828982472419739, 0.20234721899032593, 0.009008328430354595, 0.0019624882843345404, 0.0014543154975399375]",1,1,4
<e2> trails <e1> for this case,precedes:fwd,4,precedes:fwd,0.9213875532150269,0.9213875532150269,"['precedes:fwd', 'maps:fwd', 'maps:rev', 'contains:rev', 'precedes:rev']","[0.9213875532150269, 0.0400671549141407, 0.013962559401988983, 0.01312583964318037, 0.006649130955338478]",1,1,4
the target of <e2> is <e1> in context,maps:rev,7,maps:fwd,0.9726717472076416,0.003673435188829899,"['maps:fwd', 'contains:rev', 'precedes:fwd', 'maps:rev', 'supports:rev']","[0.9726717472076416, 0.008310657925903797, 0.008111849427223206, 0.003673435188829899, 0.0026255548000335693]",0,1,4
<e2> has <e1> inside directly,contains:rev,1,contains:rev,0.7923663258552551,0.7923663258552551,"['contains:rev', 'precedes:rev', 'precedes:fwd', 'contains:fwd', 'maps:rev']","[0.7923663258552551, 0.09125537425279617, 0.060749445110559464, 0.04337935149669647, 0.007291097193956375]",1,1,4
inside <e1> is <e2>,contains:fwd,0,contains:rev,0.9693425297737122,0.010373935103416443,"['contains:rev', 'maps:fwd', 'contains:fwd', 'precedes:fwd', 'precedes:rev']","[0.9693425297737122, 0.011558749713003635, 0.010373935103416443, 0.004143302794545889, 0.0015979399904608727]",0,1,4
within <e1> sits <e2> usually,contains:fwd,0,precedes:rev,0.9185270667076111,0.04074965417385101,"['precedes:rev', 'contains:fwd', 'precedes:fwd', 'contains:rev', 'supports:fwd']","[0.9185270667076111, 0.04074965417385101, 0.029328685253858566, 0.008386192843317986, 0.0010026737581938505]",0,1,4
support for <e1> comes from <e2>,supports:rev,3,precedes:fwd,0.9205920696258545,0.0006191963329911232,"['precedes:fwd', 'maps:rev', 'precedes:rev', 'maps:fwd', 'contains:rev']","[0.9205920696258545, 0.028830120339989662, 0.026873376220464706, 0.017069987952709198, 0.002786649391055107]",0,0,4
within <e1> sits <e2> for this case,contains:fwd,0,contains:fwd,0.5461125373840332,0.5461125373840332,"['contains:fwd', 'precedes:rev', 'supports:fwd', 'precedes:fwd', 'contains:rev']","[0.5461125373840332, 0.3681798577308655, 0.05042612925171852, 0.02101234532892704, 0.009048229083418846]",1,1,4
<e2> trails <e1>,precedes:fwd,4,precedes:fwd,0.9078838229179382,0.9078838229179382,"['precedes:fwd', 'precedes:rev', 'maps:fwd', 'supports:rev', 'contains:rev']","[0.9078838229179382, 0.03502826765179634, 0.03126414120197296, 0.011099389754235744, 0.00869868602603674]",1,1,4
<e2> trails <e1> directly,precedes:fwd,4,precedes:fwd,0.7711207270622253,0.7711207270622253,"['precedes:fwd', 'contains:rev', 'maps:fwd', 'supports:rev', 'precedes:rev']","[0.7711207270622253, 0.0972636267542839, 0.08861910551786423, 0.020374109968543053, 0.0178743377327919]",1,1,4
<e2> is held up by <e1> in context,supports:fwd,2,maps:fwd,0.9702420234680176,0.0009697895729914308,"['maps:fwd', 'precedes:fwd', 'contains:fwd', 'contains:rev', 'supports:rev']","[0.9702420234680176, 0.011280293576419353, 0.005851857829838991, 0.003868015017360449, 0.0029945652931928635]",0,0,4
from <e1> <e2> is mapped,maps:fwd,6,maps:fwd,0.9247839450836182,0.9247839450836182,"['maps:fwd', 'maps:rev', 'precedes:fwd', 'precedes:rev', 'contains:rev']","[0.9247839450836182, 0.06095794960856438, 0.008421835489571095, 0.0013158823130652308, 0.0013075509341433644]",1,1,4
backing <e2> is <e1> in context,supports:fwd,2,maps:rev,0.6737381219863892,0.008573684841394424,"['maps:rev', 'precedes:fwd', 'contains:fwd', 'supports:fwd', 'contains:rev']","[0.6737381219863892, 0.28907352685928345, 0.011992343701422215, 0.008573684841394424, 0.008446520194411278]",0,1,4
for this case <e1> trails <e2>,precedes:rev,5,precedes:fwd,0.5555700063705444,0.01848553866147995,"['precedes:fwd', 'contains:fwd', 'maps:rev', 'supports:fwd', 'precedes:rev']","[0.5555700063705444, 0.33285829424858093, 0.05527341738343239, 0.019105656072497368, 0.01848553866147995]",0,1,4
backing <e1> is <e2> usually,supports:rev,3,maps:fwd,0.3583833575248718,0.0013619012897834182,"['maps:fwd', 'precedes:fwd', 'contains:rev', 'precedes:rev', 'maps:rev']","[0.3583833575248718, 0.24542492628097534, 0.20807865262031555, 0.0936831533908844, 0.06294180452823639]",0,0,4
support for <e2> comes from <e1>,supports:fwd,2,contains:fwd,0.7272576093673706,0.11450301855802536,"['contains:fwd', 'supports:fwd', 'precedes:rev', 'precedes:fwd', 'maps:rev']","[0.7272576093673706, 0.11450301855802536, 0.10532964020967484, 0.032814908772706985, 0.012194893322885036]",0,1,4
backing <e1> is <e2> usually,supports:rev,3,maps:fwd,0.3583833575248718,0.0013619012897834182,"['maps:fwd', 'precedes:fwd', 'contains:rev', 'precedes:rev', 'maps:rev']","[0.3583833575248718, 0.24542492628097534, 0.20807865262031555, 0.0936831533908844, 0.06294180452823639]",0,0,4
to <e2> <e1> points usually,maps:fwd,6,maps:fwd,0.7880939841270447,0.7880939841270447,"['maps:fwd', 'maps:rev', 'precedes:fwd', 'contains:rev', 'precedes:rev']","[0.7880939841270447, 0.18048672378063202, 0.014009008184075356, 0.009559465572237968, 0.003854346228763461]",1,1,4
in context <e1> is held up by <e2>,supports:rev,3,maps:fwd,0.49384668469429016,0.002490385202690959,"['maps:fwd', 'maps:rev', 'precedes:fwd', 'supports:fwd', 'precedes:rev']","[0.49384668469429016, 0.4069444537162781, 0.08127479255199432, 0.006334558594971895, 0.003849474247545004]",0,0,4
to <e2> <e1> points,maps:fwd,6,maps:fwd,0.6384268999099731,0.6384268999099731,"['maps:fwd', 'maps:rev', 'precedes:fwd', 'contains:rev', 'supports:rev']","[0.6384268999099731, 0.320948988199234, 0.03109697438776493, 0.0047250911593437195, 0.0019084239611402154]",1,1,4
from <e2> <e1> is mapped in context,maps:rev,7,maps:rev,0.594732403755188,0.594732403755188,"['maps:rev', 'maps:fwd', 'precedes:fwd', 'contains:rev', 'supports:rev']","[0.594732403755188, 0.3879764676094055, 0.011280997656285763, 0.0023350357078015804, 0.0012667092960327864]",1,1,4
the target of <e2> is <e1> for this case,maps:rev,7,maps:fwd,0.9754613637924194,0.007487539201974869,"['maps:fwd', 'maps:rev', 'precedes:fwd', 'precedes:rev', 'contains:rev']","[0.9754613637924194, 0.007487539201974869, 0.006591730751097202, 0.0028869579546153545, 0.002758290618658066]",0,1,4
in context <e1> has <e2> inside,contains:fwd,0,contains:rev,0.5923628807067871,0.0036919196136295795,"['contains:rev', 'precedes:fwd', 'maps:rev', 'maps:fwd', 'supports:rev']","[0.5923628807067871, 0.3643024265766144, 0.01479184441268444, 0.011561321094632149, 0.007400296628475189]",0,0,4
<e1> has <e2> inside,contains:fwd,0,contains:fwd,0.8827428221702576,0.8827428221702576,"['contains:fwd', 'supports:fwd', 'precedes:fwd', 'precedes:rev', 'contains:rev']","[0.8827428221702576, 0.06884738057851791, 0.018851494416594505, 0.01594296656548977, 0.008994839154183865]",1,1,4
support for <e1> comes from <e2>,supports:rev,3,precedes:fwd,0.9205920696258545,0.0006191963329911232,"['precedes:fwd', 'maps:rev', 'precedes:rev', 'maps:fwd', 'contains:rev']","[0.9205920696258545, 0.028830120339989662, 0.026873376220464706, 0.017069987952709198, 0.002786649391055107]",0,0,4
usually <e1> trails <e2>,precedes:rev,5,precedes:fwd,0.9634585380554199,0.002360428450629115,"['precedes:fwd', 'maps:fwd', 'maps:rev', 'contains:rev', 'supports:fwd']","[0.9634585380554199, 0.013254928402602673, 0.009153728373348713, 0.005444581154733896, 0.0036259687040001154]",0,0,4
to <e2> <e1> points directly,maps:fwd,6,maps:fwd,0.9659157991409302,0.9659157991409302,"['maps:fwd', 'maps:rev', 'precedes:fwd', 'contains:rev', 'precedes:rev']","[0.9659157991409302, 0.018278591334819794, 0.006896179635077715, 0.0038054350297898054, 0.0020586559548974037]",1,1,4
inside <e2> is <e1>,contains:rev,1,contains:rev,0.721720278263092,0.721720278263092,"['contains:rev', 'maps:rev', 'contains:fwd', 'precedes:fwd', 'supports:rev']","[0.721720278263092, 0.2099592238664627, 0.03689872473478317, 0.02269166335463524, 0.003009841777384281]",1,1,4
from <e2> <e1> is mapped for this case,maps:rev,7,maps:fwd,0.801142692565918,0.1819036602973938,"['maps:fwd', 'maps:rev', 'precedes:fwd', 'contains:rev', 'supports:rev']","[0.801142692565918, 0.1819036602973938, 0.00929123256355524, 0.0040211305022239685, 0.0014380994252860546]",0,1,4
from <e1> <e2> is mapped for this case,maps:fwd,6,maps:fwd,0.926987886428833,0.926987886428833,"['maps:fwd', 'maps:rev', 'precedes:fwd', 'contains:fwd', 'contains:rev']","[0.926987886428833, 0.06017781049013138, 0.006856171879917383, 0.0017515155486762524, 0.0013309288769960403]",1,1,4
backing <e2> is <e1>,supports:fwd,2,maps:rev,0.7596798539161682,0.001227088156156242,"['maps:rev', 'precedes:fwd', 'contains:rev', 'contains:fwd', 'maps:fwd']","[0.7596798539161682, 0.11929380893707275, 0.10145840793848038, 0.009735272265970707, 0.006902959663420916]",0,0,4
to <e1> <e2> points for this case,maps:rev,7,maps:rev,0.7087090611457825,0.7087090611457825,"['maps:rev', 'maps:fwd', 'contains:fwd', 'supports:fwd', 'precedes:fwd']","[0.7087090611457825, 0.20683372020721436, 0.043642472475767136, 0.027704838663339615, 0.009330309927463531]",1,1,4
support for <e2> comes from <e1>,supports:fwd,2,contains:fwd,0.7272576093673706,0.11450301855802536,"['contains:fwd', 'supports:fwd', 'precedes:rev', 'precedes:fwd', 'maps:rev']","[0.7272576093673706, 0.11450301855802536, 0.10532964020967484, 0.032814908772706985, 0.012194893322885036]",0,1,4
before <e1> comes <e2> in context,precedes:rev,5,precedes:fwd,0.6582037210464478,0.32096067070961,"['precedes:fwd', 'precedes:rev', 'contains:rev', 'maps:fwd', 'contains:fwd']","[0.6582037210464478, 0.32096067070961, 0.00693747540935874, 0.005419967696070671, 0.005409131292253733]",0,1,4
for this case <e1> trails <e2>,precedes:rev,5,precedes:fwd,0.5555700063705444,0.01848553866147995,"['precedes:fwd', 'contains:fwd', 'maps:rev', 'supports:fwd', 'precedes:rev']","[0.5555700063705444, 0.33285829424858093, 0.05527341738343239, 0.019105656072497368, 0.01848553866147995]",0,1,4
to <e2> <e1> points directly,maps:fwd,6,maps:fwd,0.9659157991409302,0.9659157991409302,"['maps:fwd', 'maps:rev', 'precedes:fwd', 'contains:rev', 'precedes:rev']","[0.9659157991409302, 0.018278591334819794, 0.006896179635077715, 0.0038054350297898054, 0.0020586559548974037]",1,1,4
<e2> has <e1> inside,contains:rev,1,contains:rev,0.9636278748512268,0.9636278748512268,"['contains:rev', 'precedes:fwd', 'contains:fwd', 'maps:rev', 'precedes:rev']","[0.9636278748512268, 0.01757294125854969, 0.010416816920042038, 0.003203348256647587, 0.002577315317466855]",1,1,4
the target of <e1> is <e2> directly,maps:fwd,6,maps:rev,0.9532544612884521,0.023486364632844925,"['maps:rev', 'maps:fwd', 'contains:fwd', 'contains:rev', 'precedes:fwd']","[0.9532544612884521, 0.023486364632844925, 0.010502723045647144, 0.00747067853808403, 0.003915107809007168]",0,1,4
within <e2> sits <e1>,contains:rev,1,contains:fwd,0.6625300645828247,0.010519571602344513,"['contains:fwd', 'precedes:rev', 'precedes:fwd', 'supports:fwd', 'maps:rev']","[0.6625300645828247, 0.2682197690010071, 0.022968672215938568, 0.020230719819664955, 0.014536428265273571]",0,0,4
<e2> trails <e1> in context,precedes:fwd,4,precedes:fwd,0.960293710231781,0.960293710231781,"['precedes:fwd', 'maps:fwd', 'supports:rev', 'contains:rev', 'maps:rev']","[0.960293710231781, 0.016303954645991325, 0.008233252912759781, 0.0048781526274979115, 0.0038824426010251045]",1,1,4
before <e2> comes <e1> for this case,precedes:fwd,4,precedes:rev,0.965009868144989,0.017829101532697678,"['precedes:rev', 'precedes:fwd', 'contains:fwd', 'maps:rev', 'contains:rev']","[0.965009868144989, 0.017829101532697678, 0.012227951548993587, 0.001738212420605123, 0.001671565929427743]",0,1,4
before <e2> comes <e1> usually,precedes:fwd,4,precedes:rev,0.9161350727081299,0.05090324580669403,"['precedes:rev', 'precedes:fwd', 'contains:fwd', 'maps:rev', 'contains:rev']","[0.9161350727081299, 0.05090324580669403, 0.019879015162587166, 0.007116830907762051, 0.004219595808535814]",0,1,4
within <e1> sits <e2>,contains:fwd,0,precedes:rev,0.7183743119239807,0.04509595409035683,"['precedes:rev', 'precedes:fwd', 'contains:fwd', 'contains:rev', 'supports:fwd']","[0.7183743119239807, 0.21935343742370605, 0.04509595409035683, 0.011264834553003311, 0.0025124866515398026]",0,1,4
the target of <e1> is <e2>,maps:fwd,6,maps:rev,0.9648475050926208,0.01088640745729208,"['maps:rev', 'maps:fwd', 'contains:fwd', 'precedes:fwd', 'contains:rev']","[0.9648475050926208, 0.01088640745729208, 0.008484392426908016, 0.007341064978390932, 0.006985536776483059]",0,1,4
support for <e2> comes from <e1> for this case,supports:fwd,2,contains:fwd,0.4740186631679535,0.18941564857959747,"['contains:fwd', 'maps:rev', 'supports:fwd', 'precedes:rev', 'precedes:fwd']","[0.4740186631679535, 0.2612408399581909, 0.18941564857959747, 0.033261772245168686, 0.026314912363886833]",0,1,4
within <e1> sits <e2>,contains:fwd,0,precedes:rev,0.7183743119239807,0.04509595409035683,"['precedes:rev', 'precedes:fwd', 'contains:fwd', 'contains:rev', 'supports:fwd']","[0.7183743119239807, 0.21935343742370605, 0.04509595409035683, 0.011264834553003311, 0.0025124866515398026]",0,1,4
before <e2> comes <e1> directly,precedes:fwd,4,precedes:rev,0.9286019206047058,0.04859927296638489,"['precedes:rev', 'precedes:fwd', 'contains:fwd', 'supports:fwd', 'contains:rev']","[0.9286019206047058, 0.04859927296638489, 0.007930316962301731, 0.006912883371114731, 0.0029946903232485056]",0,1,5
before <e1> comes <e2> directly,precedes:rev,5,precedes:fwd,0.7365698218345642,0.24410317838191986,"['precedes:fwd', 'precedes:rev', 'supports:fwd', 'contains:rev', 'contains:fwd']","[0.7365698218345642, 0.24410317838191986, 0.008174112066626549, 0.0034090501721948385, 0.0031166383996605873]",0,1,5
<e2> trails <e1> for this case,precedes:fwd,4,supports:rev,0.9925959706306458,0.002026804257184267,"['supports:rev', 'precedes:fwd', 'contains:rev', 'precedes:rev', 'supports:fwd']","[0.9925959706306458, 0.002026804257184267, 0.0016240518307313323, 0.0012742029502987862, 0.0010466949315741658]",0,1,5
inside <e2> is <e1>,contains:rev,1,contains:rev,0.765770435333252,0.765770435333252,"['contains:rev', 'contains:fwd', 'supports:rev', 'supports:fwd', 'precedes:fwd']","[0.765770435333252, 0.1915472447872162, 0.032398346811532974, 0.004490925930440426, 0.0018300728406757116]",1,1,5
<e2> is held up by <e1> directly,supports:fwd,2,maps:fwd,0.3914434015750885,0.1709374040365219,"['maps:fwd', 'precedes:rev', 'contains:fwd', 'supports:fwd', 'precedes:fwd']","[0.3914434015750885, 0.2426086813211441, 0.17694512009620667, 0.1709374040365219, 0.007601249497383833]",0,1,5
to <e2> <e1> points directly,maps:fwd,6,maps:rev,0.987553596496582,0.0016249135369434953,"['maps:rev', 'contains:rev', 'precedes:fwd', 'supports:rev', 'maps:fwd']","[0.987553596496582, 0.003989411052316427, 0.002582905814051628, 0.0016612641047686338, 0.0016249135369434953]",0,1,5
the target of <e1> is <e2> usually,maps:fwd,6,maps:rev,0.9656160473823547,0.010675115510821342,"['maps:rev', 'supports:fwd', 'maps:fwd', 'precedes:rev', 'precedes:fwd']","[0.9656160473823547, 0.013212006539106369, 0.010675115510821342, 0.005471531301736832, 0.0027812495827674866]",0,1,5
inside <e1> is <e2> directly,contains:fwd,0,contains:rev,0.9325475096702576,0.009907390922307968,"['contains:rev', 'supports:rev', 'supports:fwd', 'contains:fwd', 'maps:rev']","[0.9325475096702576, 0.030618200078606606, 0.01588577590882778, 0.009907390922307968, 0.005739674903452396]",0,1,5
from <e1> <e2> is mapped in context,maps:fwd,6,maps:rev,0.9894723296165466,0.005445433314889669,"['maps:rev', 'maps:fwd', 'precedes:fwd', 'contains:fwd', 'supports:fwd']","[0.9894723296165466, 0.005445433314889669, 0.001488002366386354, 0.0012960695894435048, 0.0008021565154194832]",0,1,5
usually <e1> has <e2> inside,contains:fwd,0,contains:rev,0.9703659415245056,0.0021297670900821686,"['contains:rev', 'supports:fwd', 'supports:rev', 'precedes:fwd', 'maps:rev']","[0.9703659415245056, 0.009895844385027885, 0.007469710893929005, 0.005838600918650627, 0.002574274316430092]",0,0,5
inside <e2> is <e1> directly,contains:rev,1,contains:fwd,0.7021968960762024,0.2311629056930542,"['contains:fwd', 'contains:rev', 'supports:rev', 'supports:fwd', 'maps:rev']","[0.7021968960762024, 0.2311629056930542, 0.050819408148527145, 0.0053532798774540424, 0.0043944804929196835]",0,1,5
<e1> is held up by <e2>,supports:rev,3,contains:fwd,0.8150315880775452,0.0036621931940317154,"['contains:fwd', 'supports:fwd', 'maps:fwd', 'precedes:fwd', 'precedes:rev']","[0.8150315880775452, 0.055222537368535995, 0.05037722736597061, 0.03855369612574577, 0.019574150443077087]",0,0,5
the target of <e1> is <e2> usually,maps:fwd,6,maps:rev,0.9656160473823547,0.010675115510821342,"['maps:rev', 'supports:fwd', 'maps:fwd', 'precedes:rev', 'precedes:fwd']","[0.9656160473823547, 0.013212006539106369, 0.010675115510821342, 0.005471531301736832, 0.0027812495827674866]",0,1,5
from <e2> <e1> is mapped in context,maps:rev,7,maps:rev,0.982111930847168,0.982111930847168,"['maps:rev', 'maps:fwd', 'contains:fwd', 'precedes:fwd', 'supports:rev']","[0.982111930847168, 0.007881713099777699, 0.005168487783521414, 0.001711985794827342, 0.001229246030561626]",1,1,5
<e2> is ahead of <e1>,precedes:rev,5,maps:fwd,0.9444247484207153,0.0013638888485729694,"['maps:fwd', 'supports:fwd', 'maps:rev', 'contains:rev', 'supports:rev']","[0.9444247484207153, 0.04172404482960701, 0.00470553757622838, 0.004246218129992485, 0.0018720673397183418]",0,0,5
backing <e1> is <e2> for this case,supports:rev,3,maps:rev,0.948915958404541,0.020962804555892944,"['maps:rev', 'supports:rev', 'supports:fwd', 'precedes:fwd', 'contains:fwd']","[0.948915958404541, 0.020962804555892944, 0.010024595074355602, 0.009412459097802639, 0.007429950404912233]",0,1,5
inside <e2> is <e1>,contains:rev,1,contains:rev,0.765770435333252,0.765770435333252,"['contains:rev', 'contains:fwd', 'supports:rev', 'supports:fwd', 'precedes:fwd']","[0.765770435333252, 0.1915472447872162, 0.032398346811532974, 0.004490925930440426, 0.0018300728406757116]",1,1,5
usually <e1> trails <e2>,precedes:rev,5,supports:rev,0.8937057256698608,0.05606551468372345,"['supports:rev', 'precedes:rev', 'supports:fwd', 'contains:fwd', 'maps:fwd']","[0.8937057256698608, 0.05606551468372345, 0.034018322825431824, 0.008459841832518578, 0.0035014392342418432]",0,1,5
<e2> is held up by <e1> for this case,supports:fwd,2,maps:fwd,0.6177062392234802,0.134940966963768,"['maps:fwd', 'precedes:rev', 'supports:fwd', 'contains:fwd', 'contains:rev']","[0.6177062392234802, 0.16071008145809174, 0.134940966963768, 0.07100502401590347, 0.0065588862635195255]",0,1,5
support for <e2> comes from <e1> usually,supports:fwd,2,precedes:fwd,0.5931475162506104,0.004967153538018465,"['precedes:fwd', 'maps:fwd', 'precedes:rev', 'maps:rev', 'supports:fwd']","[0.5931475162506104, 0.33390477299690247, 0.035365134477615356, 0.025683434680104256, 0.004967153538018465]",0,1,5
within <e2> sits <e1> for this case,contains:rev,1,contains:fwd,0.6494651436805725,0.0028166514821350574,"['contains:fwd', 'supports:rev', 'maps:rev', 'supports:fwd', 'precedes:rev']","[0.6494651436805725, 0.12588998675346375, 0.10433395951986313, 0.07854535430669785, 0.02101115882396698]",0,0,5
to <e2> <e1> points in context,maps:fwd,6,maps:rev,0.9603971242904663,0.014356294646859169,"['maps:rev', 'contains:rev', 'maps:fwd', 'precedes:rev', 'contains:fwd']","[0.9603971242904663, 0.014776697382330894, 0.014356294646859169, 0.0030337111093103886, 0.0024218184407800436]",0,1,5
support for <e1> comes from <e2> directly,supports:rev,3,precedes:fwd,0.6204186677932739,0.005391635000705719,"['precedes:fwd', 'precedes:rev', 'contains:rev', 'maps:fwd', 'supports:fwd']","[0.6204186677932739, 0.29441598057746887, 0.04729390889406204, 0.02242758683860302, 0.007853222079575062]",0,0,5
backing <e2> is <e1> usually,supports:fwd,2,maps:rev,0.810662567615509,0.04659092798829079,"['maps:rev', 'contains:fwd', 'supports:fwd', 'supports:rev', 'precedes:fwd']","[0.810662567615509, 0.08529393374919891, 0.04659092798829079, 0.024342982098460197, 0.020589932799339294]",0,1,5
directly <e1> is ahead of <e2>,precedes:fwd,4,maps:rev,0.9800094962120056,0.002971827518194914,"['maps:rev', 'maps:fwd', 'precedes:fwd', 'supports:fwd', 'supports:rev']","[0.9800094962120056, 0.012447314336895943, 0.002971827518194914, 0.0025240774266421795, 0.0008690566173754632]",0,1,5
<e2> trails <e1>,precedes:fwd,4,supports:rev,0.9625599384307861,0.0011362897930666804,"['supports:rev', 'precedes:rev', 'contains:rev', 'supports:fwd', 'precedes:fwd']","[0.9625599384307861, 0.026260897517204285, 0.004442617297172546, 0.003445176174864173, 0.0011362897930666804]",0,1,5
to <e1> <e2> points usually,maps:rev,7,maps:rev,0.9876235723495483,0.9876235723495483,"['maps:rev', 'supports:fwd', 'precedes:fwd', 'supports:rev', 'contains:rev']","[0.9876235723495483, 0.005197511054575443, 0.002539893379434943, 0.0014973105862736702, 0.001181089086458087]",1,1,5
from <e2> <e1> is mapped in context,maps:rev,7,maps:rev,0.982111930847168,0.982111930847168,"['maps:rev', 'maps:fwd', 'contains:fwd', 'precedes:fwd', 'supports:rev']","[0.982111930847168, 0.007881713099777699, 0.005168487783521414, 0.001711985794827342, 0.001229246030561626]",1,1,5
the target of <e1> is <e2> directly,maps:fwd,6,maps:rev,0.9667397737503052,0.01413403358310461,"['maps:rev', 'maps:fwd', 'supports:fwd', 'precedes:rev', 'precedes:fwd']","[0.9667397737503052, 0.01413403358310461, 0.0062530552968382835, 0.005221898201853037, 0.004310986492782831]",0,1,5
for this case <e1> is ahead of <e2>,precedes:fwd,4,supports:rev,0.7677916884422302,0.0034066273365169764,"['supports:rev', 'maps:rev', 'contains:rev', 'precedes:fwd', 'maps:fwd']","[0.7677916884422302, 0.20208513736724854, 0.019399099051952362, 0.0034066273365169764, 0.0027935130055993795]",0,1,5
directly <e1> has <e2> inside,contains:fwd,0,contains:rev,0.9728233218193054,0.002131207613274455,"['contains:rev', 'supports:fwd', 'supports:rev', 'precedes:fwd', 'maps:rev']","[0.9728233218193054, 0.008846331387758255, 0.007869992405176163, 0.004468389321118593, 0.002220330759882927]",0,0,5
directly <e1> is held up by <e2>,supports:rev,3,contains:rev,0.9128754734992981,0.0677850991487503,"['contains:rev', 'supports:rev', 'precedes:fwd', 'maps:fwd', 'supports:fwd']","[0.9128754734992981, 0.0677850991487503, 0.007205399684607983, 0.005841555539518595, 0.0019366992637515068]",0,1,5
inside <e1> is <e2> usually,contains:fwd,0,contains:rev,0.882006824016571,0.006814924534410238,"['contains:rev', 'supports:rev', 'supports:fwd', 'maps:rev', 'contains:fwd']","[0.882006824016571, 0.053303152322769165, 0.03789849579334259, 0.012751823291182518, 0.006814924534410238]",0,1,5
directly <e1> is ahead of <e2>,precedes:fwd,4,maps:rev,0.9800094962120056,0.002971827518194914,"['maps:rev', 'maps:fwd', 'precedes:fwd', 'supports:fwd', 'supports:rev']","[0.9800094962120056, 0.012447314336895943, 0.002971827518194914, 0.0025240774266421795, 0.0008690566173754632]",0,1,5
to <e2> <e1> points for this case,maps:fwd,6,maps:rev,0.9907726049423218,0.0017547907773405313,"['maps:rev', 'precedes:fwd', 'maps:fwd', 'contains:rev', 'supports:rev']","[0.9907726049423218, 0.0031371109653264284, 0.0017547907773405313, 0.0014645587652921677, 0.001300484873354435]",0,1,5
support for <e2> comes from <e1> for this case,supports:fwd,2,maps:fwd,0.5040051937103271,0.005232908762991428,"['maps:fwd', 'precedes:fwd', 'precedes:rev', 'maps:rev', 'contains:rev']","[0.5040051937103271, 0.42266908288002014, 0.0374416820704937, 0.022674448788166046, 0.005810520611703396]",0,0,5
the target of <e2> is <e1>,maps:rev,7,maps:fwd,0.8554246425628662,0.01089316513389349,"['maps:fwd', 'precedes:rev', 'supports:fwd', 'maps:rev', 'contains:fwd']","[0.8554246425628662, 0.07753876596689224, 0.040931642055511475, 0.01089316513389349, 0.01029910147190094]",0,1,5
inside <e1> is <e2> in context,contains:fwd,0,contains:rev,0.7396172285079956,0.0025239144451916218,"['contains:rev', 'supports:rev', 'supports:fwd', 'maps:rev', 'contains:fwd']","[0.7396172285079956, 0.23666463792324066, 0.013591156341135502, 0.003710938384756446, 0.0025239144451916218]",0,1,5
backing <e2> is <e1> for this case,supports:fwd,2,contains:fwd,0.4778197407722473,0.0182496290653944,"['contains:fwd', 'maps:rev', 'supports:rev', 'supports:fwd', 'precedes:fwd']","[0.4778197407722473, 0.3743760585784912, 0.09854608029127121, 0.0182496290653944, 0.015172955580055714]",0,1,5
<e2> is ahead of <e1> for this case,precedes:rev,5,maps:fwd,0.9346821904182434,0.0009348621824756265,"['maps:fwd', 'supports:fwd', 'maps:rev', 'supports:rev', 'contains:rev']","[0.9346821904182434, 0.049174122512340546, 0.005840289872139692, 0.004150931257754564, 0.002041978295892477]",0,0,5
usually <e1> trails <e2>,precedes:rev,5,supports:rev,0.8937057256698608,0.05606551468372345,"['supports:rev', 'precedes:rev', 'supports:fwd', 'contains:fwd', 'maps:fwd']","[0.8937057256698608, 0.05606551468372345, 0.034018322825431824, 0.008459841832518578, 0.0035014392342418432]",0,1,5
inside <e2> is <e1> in context,contains:rev,1,supports:rev,0.7282751798629761,0.24388854205608368,"['supports:rev', 'contains:rev', 'contains:fwd', 'supports:fwd', 'maps:fwd']","[0.7282751798629761, 0.24388854205608368, 0.016559557989239693, 0.00338758691214025, 0.0027184239588677883]",0,1,5
before <e2> comes <e1> usually,precedes:fwd,4,precedes:rev,0.9052202105522156,0.07042376697063446,"['precedes:rev', 'precedes:fwd', 'supports:fwd', 'contains:fwd', 'contains:rev']","[0.9052202105522156, 0.07042376697063446, 0.009501093998551369, 0.00733448239043355, 0.0034077169839292765]",0,1,5
<e2> has <e1> inside in context,contains:rev,1,contains:rev,0.9233147501945496,0.9233147501945496,"['contains:rev', 'supports:rev', 'supports:fwd', 'contains:fwd', 'maps:rev']","[0.9233147501945496, 0.062235694378614426, 0.0077804154716432095, 0.0019686571322381496, 0.0016462744679301977]",1,1,5
<e2> is held up by <e1>,supports:fwd,2,maps:fwd,0.4705188572406769,0.14291474223136902,"['maps:fwd', 'contains:fwd', 'precedes:rev', 'supports:fwd', 'precedes:fwd']","[0.4705188572406769, 0.21767336130142212, 0.15082919597625732, 0.14291474223136902, 0.007875962182879448]",0,1,5
to <e1> <e2> points directly,maps:rev,7,maps:rev,0.9908066391944885,0.9908066391944885,"['maps:rev', 'precedes:fwd', 'contains:fwd', 'supports:fwd', 'maps:fwd']","[0.9908066391944885, 0.0021324502304196358, 0.002125743543729186, 0.0015100627206265926, 0.001388125354424119]",1,1,5
<e2> trails <e1> for this case,precedes:fwd,4,supports:rev,0.9925959706306458,0.002026804257184267,"['supports:rev', 'precedes:fwd', 'contains:rev', 'precedes:rev', 'supports:fwd']","[0.9925959706306458, 0.002026804257184267, 0.0016240518307313323, 0.0012742029502987862, 0.0010466949315741658]",0,1,5
in context <e1> trails <e2>,precedes:rev,5,supports:rev,0.9189465045928955,0.017278991639614105,"['supports:rev', 'contains:rev', 'precedes:rev', 'supports:fwd', 'precedes:fwd']","[0.9189465045928955, 0.05656513571739197, 0.017278991639614105, 0.003150526899844408, 0.0014353841543197632]",0,1,5
support for <e1> comes from <e2>,supports:rev,3,precedes:fwd,0.6619431972503662,0.006333983037620783,"['precedes:fwd', 'precedes:rev', 'contains:rev', 'maps:fwd', 'supports:fwd']","[0.6619431972503662, 0.2507080137729645, 0.04242025315761566, 0.02670152112841606, 0.009791108779609203]",0,0,5
the target of <e2> is <e1> in context,maps:rev,7,maps:fwd,0.8066304922103882,0.04391644522547722,"['maps:fwd', 'supports:fwd', 'precedes:rev', 'maps:rev', 'contains:fwd']","[0.8066304922103882, 0.07348233461380005, 0.05357876792550087, 0.04391644522547722, 0.01754186861217022]",0,1,5
usually <e1> is ahead of <e2>,precedes:fwd,4,maps:rev,0.9820274114608765,0.0030422962736338377,"['maps:rev', 'maps:fwd', 'precedes:fwd', 'supports:fwd', 'supports:rev']","[0.9820274114608765, 0.010599135421216488, 0.0030422962736338377, 0.0023720930330455303, 0.0008072927012108266]",0,1,5
inside <e1> is <e2> usually,contains:fwd,0,contains:rev,0.882006824016571,0.006814924534410238,"['contains:rev', 'supports:rev', 'supports:fwd', 'maps:rev', 'contains:fwd']","[0.882006824016571, 0.053303152322769165, 0.03789849579334259, 0.012751823291182518, 0.006814924534410238]",0,1,5
for this case <e1> is held up by <e2>,supports:rev,3,supports:rev,0.9787774085998535,0.9787774085998535,"['supports:rev', 'precedes:fwd', 'maps:fwd', 'contains:fwd', 'maps:rev']","[0.9787774085998535, 0.005264452658593655, 0.004709909204393625, 0.004604377318173647, 0.002396366558969021]",1,1,5
within <e2> sits <e1>,contains:rev,1,contains:fwd,0.821071207523346,0.0029299852903932333,"['contains:fwd', 'supports:fwd', 'precedes:rev', 'maps:fwd', 'supports:rev']","[0.821071207523346, 0.10067626088857651, 0.03087080642580986, 0.030174491927027702, 0.007729431614279747]",0,0,5
to <e1> <e2> points,maps:rev,7,maps:fwd,0.5807468295097351,0.3231196999549866,"['maps:fwd', 'maps:rev', 'precedes:fwd', 'supports:fwd', 'contains:rev']","[0.5807468295097351, 0.3231196999549866, 0.044768016785383224, 0.026634620502591133, 0.018641257658600807]",0,1,5
the target of <e1> is <e2>,maps:fwd,6,maps:rev,0.9743645191192627,0.004806401673704386,"['maps:rev', 'precedes:fwd', 'maps:fwd', 'supports:fwd', 'supports:rev']","[0.9743645191192627, 0.008322136476635933, 0.004806401673704386, 0.004720551893115044, 0.004487623460590839]",0,1,5
in context <e1> is held up by <e2>,supports:rev,3,maps:fwd,0.8933823108673096,0.0024307887069880962,"['maps:fwd', 'precedes:rev', 'contains:rev', 'precedes:fwd', 'contains:fwd']","[0.8933823108673096, 0.06547733396291733, 0.01297832652926445, 0.011173319071531296, 0.007984552532434464]",0,0,5
backing <e2> is <e1> directly,supports:fwd,2,contains:fwd,0.6865614652633667,0.009899716824293137,"['contains:fwd', 'maps:rev', 'supports:rev', 'supports:fwd', 'precedes:fwd']","[0.6865614652633667, 0.25513967871665955, 0.030133388936519623, 0.009899716824293137, 0.009553958661854267]",0,1,5
backing <e1> is <e2> directly,supports:rev,3,maps:rev,0.889066755771637,0.017933622002601624,"['maps:rev', 'contains:fwd', 'supports:fwd', 'supports:rev', 'precedes:fwd']","[0.889066755771637, 0.06213716045022011, 0.02233848161995411, 0.017933622002601624, 0.003782515414059162]",0,1,5
backing <e2> is <e1> usually,supports:fwd,2,maps:rev,0.810662567615509,0.04659092798829079,"['maps:rev', 'contains:fwd', 'supports:fwd', 'supports:rev', 'precedes:fwd']","[0.810662567615509, 0.08529393374919891, 0.04659092798829079, 0.024342982098460197, 0.020589932799339294]",0,1,5
within <e1> sits <e2> directly,contains:fwd,0,supports:fwd,0.670592188835144,0.11028989404439926,"['supports:fwd', 'maps:rev', 'contains:fwd', 'supports:rev', 'precedes:rev']","[0.670592188835144, 0.16872912645339966, 0.11028989404439926, 0.0333024300634861, 0.006842815317213535]",0,1,5
to <e2> <e1> points directly,maps:fwd,6,maps:rev,0.987553596496582,0.0016249135369434953,"['maps:rev', 'contains:rev', 'precedes:fwd', 'supports:rev', 'maps:fwd']","[0.987553596496582, 0.003989411052316427, 0.002582905814051628, 0.0016612641047686338, 0.0016249135369434953]",0,1,5
to <e1> <e2> points directly,maps:rev,7,maps:rev,0.9908066391944885,0.9908066391944885,"['maps:rev', 'precedes:fwd', 'contains:fwd', 'supports:fwd', 'maps:fwd']","[0.9908066391944885, 0.0021324502304196358, 0.002125743543729186, 0.0015100627206265926, 0.001388125354424119]",1,1,5
<e2> is ahead of <e1>,precedes:rev,5,maps:fwd,0.9444247484207153,0.0013638888485729694,"['maps:fwd', 'supports:fwd', 'maps:rev', 'contains:rev', 'supports:rev']","[0.9444247484207153, 0.04172404482960701, 0.00470553757622838, 0.004246218129992485, 0.0018720673397183418]",0,0,5
inside <e2> is <e1> directly,contains:rev,1,contains:fwd,0.7021968960762024,0.2311629056930542,"['contains:fwd', 'contains:rev', 'supports:rev', 'supports:fwd', 'maps:rev']","[0.7021968960762024, 0.2311629056930542, 0.050819408148527145, 0.0053532798774540424, 0.0043944804929196835]",0,1,5
to <e2> <e1> points in context,maps:fwd,6,maps:rev,0.9603971242904663,0.014356294646859169,"['maps:rev', 'contains:rev', 'maps:fwd', 'precedes:rev', 'contains:fwd']","[0.9603971242904663, 0.014776697382330894, 0.014356294646859169, 0.0030337111093103886, 0.0024218184407800436]",0,1,5
in context <e1> is held up by <e2>,supports:rev,3,maps:fwd,0.8933823108673096,0.0024307887069880962,"['maps:fwd', 'precedes:rev', 'contains:rev', 'precedes:fwd', 'contains:fwd']","[0.8933823108673096, 0.06547733396291733, 0.01297832652926445, 0.011173319071531296, 0.007984552532434464]",0,0,5
in context <e1> is ahead of <e2>,precedes:fwd,4,maps:rev,0.9806950092315674,0.0018341854447498918,"['maps:rev', 'supports:rev', 'contains:rev', 'precedes:fwd', 'supports:fwd']","[0.9806950092315674, 0.00992520060390234, 0.003531181951984763, 0.0018341854447498918, 0.0014845160767436028]",0,1,5
<e2> has <e1> inside usually,contains:rev,1,contains:rev,0.9701642990112305,0.9701642990112305,"['contains:rev', 'supports:rev', 'supports:fwd', 'precedes:fwd', 'maps:rev']","[0.9701642990112305, 0.018628116697072983, 0.0044028786942362785, 0.002341468585655093, 0.0015990773681551218]",1,1,5
<e2> is held up by <e1> for this case,supports:fwd,2,maps:fwd,0.6177062392234802,0.134940966963768,"['maps:fwd', 'precedes:rev', 'supports:fwd', 'contains:fwd', 'contains:rev']","[0.6177062392234802, 0.16071008145809174, 0.134940966963768, 0.07100502401590347, 0.0065588862635195255]",0,1,5
the target of <e2> is <e1> for this case,maps:rev,7,maps:fwd,0.919598400592804,0.019136479124426842,"['maps:fwd', 'precedes:rev', 'maps:rev', 'supports:fwd', 'contains:fwd']","[0.919598400592804, 0.021700305864214897, 0.019136479124426842, 0.018173135817050934, 0.018107611685991287]",0,1,5
within <e1> sits <e2> for this case,contains:fwd,0,maps:rev,0.8407604098320007,0.025143099948763847,"['maps:rev', 'supports:fwd', 'supports:rev', 'contains:fwd', 'precedes:fwd']","[0.8407604098320007, 0.06495190411806107, 0.05013708397746086, 0.025143099948763847, 0.012281407602131367]",0,1,5
the target of <e2> is <e1> for this case,maps:rev,7,maps:fwd,0.919598400592804,0.019136479124426842,"['maps:fwd', 'precedes:rev', 'maps:rev', 'supports:fwd', 'contains:fwd']","[0.919598400592804, 0.021700305864214897, 0.019136479124426842, 0.018173135817050934, 0.018107611685991287]",0,1,5
inside <e1> is <e2> in context,contains:fwd,0,contains:rev,0.7396172285079956,0.0025239144451916218,"['contains:rev', 'supports:rev', 'supports:fwd', 'maps:rev', 'contains:fwd']","[0.7396172285079956, 0.23666463792324066, 0.013591156341135502, 0.003710938384756446, 0.0025239144451916218]",0,1,5
<e2> is ahead of <e1> in context,precedes:rev,5,maps:fwd,0.9667783379554749,0.0008914608624763787,"['maps:fwd', 'supports:fwd', 'maps:rev', 'contains:rev', 'precedes:fwd']","[0.9667783379554749, 0.022517548874020576, 0.004128423053771257, 0.0019108167616650462, 0.001541469362564385]",0,0,5
inside <e1> is <e2> in context,contains:fwd,0,contains:rev,0.7396172285079956,0.0025239144451916218,"['contains:rev', 'supports:rev', 'supports:fwd', 'maps:rev', 'contains:fwd']","[0.7396172285079956, 0.23666463792324066, 0.013591156341135502, 0.003710938384756446, 0.0025239144451916218]",0,1,5
inside <e2> is <e1> in context,contains:rev,1,supports:rev,0.7282751798629761,0.24388854205608368,"['supports:rev', 'contains:rev', 'contains:fwd', 'supports:fwd', 'maps:fwd']","[0.7282751798629761, 0.24388854205608368, 0.016559557989239693, 0.00338758691214025, 0.0027184239588677883]",0,1,5
backing <e1> is <e2>,supports:rev,3,supports:fwd,0.9550978541374207,0.007052497006952763,"['supports:fwd', 'precedes:rev', 'maps:fwd', 'contains:fwd', 'supports:rev']","[0.9550978541374207, 0.01206664927303791, 0.01093641109764576, 0.007102177012711763, 0.007052497006952763]",0,1,5
before <e1> comes <e2>,precedes:rev,5,precedes:rev,0.6646400690078735,0.6646400690078735,"['precedes:rev', 'precedes:fwd', 'supports:fwd', 'contains:rev', 'maps:fwd']","[0.6646400690078735, 0.29758867621421814, 0.018072323873639107, 0.007050003856420517, 0.006842312403023243]",1,1,5
in context <e1> trails <e2>,precedes:rev,5,supports:rev,0.9189465045928955,0.017278991639614105,"['supports:rev', 'contains:rev', 'precedes:rev', 'supports:fwd', 'precedes:fwd']","[0.9189465045928955, 0.05656513571739197, 0.017278991639614105, 0.003150526899844408, 0.0014353841543197632]",0,1,5
before <e1> comes <e2> usually,precedes:rev,5,precedes:rev,0.9473546147346497,0.9473546147346497,"['precedes:rev', 'precedes:fwd', 'contains:fwd', 'maps:fwd', 'supports:rev']","[0.9473546147346497, 0.03512765094637871, 0.005080625414848328, 0.004878114443272352, 0.0027511699590831995]",1,1,6
within <e1> sits <e2>,contains:fwd,0,supports:fwd,0.9258545637130737,0.03281445801258087,"['supports:fwd', 'contains:fwd', 'precedes:rev', 'precedes:fwd', 'supports:rev']","[0.9258545637130737, 0.03281445801258087, 0.031144458800554276, 0.004714748356491327, 0.002436403650790453]",0,1,6
the target of <e1> is <e2> directly,maps:fwd,6,maps:rev,0.8257998824119568,0.010944009758532047,"['maps:rev', 'supports:fwd', 'precedes:fwd', 'maps:fwd', 'supports:rev']","[0.8257998824119568, 0.13843902945518494, 0.01453462429344654, 0.010944009758532047, 0.0048703961074352264]",0,1,6
before <e2> comes <e1> for this case,precedes:fwd,4,precedes:rev,0.9430763125419617,0.002504067961126566,"['precedes:rev', 'maps:fwd', 'supports:rev', 'contains:fwd', 'contains:rev']","[0.9430763125419617, 0.027048999443650246, 0.012028993107378483, 0.004991049878299236, 0.0044684093445539474]",0,0,6
<e1> is held up by <e2>,supports:rev,3,precedes:rev,0.6197279691696167,0.024591263383626938,"['precedes:rev', 'contains:rev', 'maps:rev', 'maps:fwd', 'supports:rev']","[0.6197279691696167, 0.25213682651519775, 0.04497069492936134, 0.04438208416104317, 0.024591263383626938]",0,1,6
inside <e1> is <e2> in context,contains:fwd,0,contains:fwd,0.8497660160064697,0.8497660160064697,"['contains:fwd', 'contains:rev', 'precedes:rev', 'supports:fwd', 'maps:rev']","[0.8497660160064697, 0.11094403266906738, 0.017528297379612923, 0.008689602836966515, 0.004766791593283415]",1,1,6
support for <e2> comes from <e1>,supports:fwd,2,precedes:fwd,0.7618712782859802,0.0018200782360509038,"['precedes:fwd', 'precedes:rev', 'supports:rev', 'maps:fwd', 'contains:rev']","[0.7618712782859802, 0.20794446766376495, 0.01706486940383911, 0.006151516456156969, 0.0024713529273867607]",0,0,6
from <e1> <e2> is mapped,maps:fwd,6,maps:rev,0.9353419542312622,0.0026326768565922976,"['maps:rev', 'supports:fwd', 'contains:fwd', 'precedes:rev', 'precedes:fwd']","[0.9353419542312622, 0.04163137450814247, 0.011436913162469864, 0.0036155993584543467, 0.002707572653889656]",0,0,6
the target of <e1> is <e2> in context,maps:fwd,6,maps:rev,0.8672138452529907,0.010417984798550606,"['maps:rev', 'supports:fwd', 'maps:fwd', 'precedes:fwd', 'supports:rev']","[0.8672138452529907, 0.10411479324102402, 0.010417984798550606, 0.0099463677033782, 0.0033758117351680994]",0,1,6
support for <e2> comes from <e1>,supports:fwd,2,precedes:fwd,0.7618712782859802,0.0018200782360509038,"['precedes:fwd', 'precedes:rev', 'supports:rev', 'maps:fwd', 'contains:rev']","[0.7618712782859802, 0.20794446766376495, 0.01706486940383911, 0.006151516456156969, 0.0024713529273867607]",0,0,6
within <e2> sits <e1> usually,contains:rev,1,supports:fwd,0.9440835118293762,0.0011682955082505941,"['supports:fwd', 'contains:fwd', 'supports:rev', 'precedes:fwd', 'maps:rev']","[0.9440835118293762, 0.026156345382332802, 0.011709933169186115, 0.010514183901250362, 0.0035945407580584288]",0,0,6
in context <e1> has <e2> inside,contains:fwd,0,contains:rev,0.4699862003326416,0.06122976168990135,"['contains:rev', 'supports:rev', 'precedes:rev', 'precedes:fwd', 'contains:fwd']","[0.4699862003326416, 0.2659003436565399, 0.07411376386880875, 0.06209475174546242, 0.06122976168990135]",0,1,6
<e2> trails <e1> usually,precedes:fwd,4,contains:rev,0.49104270339012146,0.429065465927124,"['contains:rev', 'precedes:fwd', 'precedes:rev', 'maps:fwd', 'supports:fwd']","[0.49104270339012146, 0.429065465927124, 0.045630309730768204, 0.017494088038802147, 0.0060668643563985825]",0,1,6
backing <e1> is <e2> in context,supports:rev,3,contains:fwd,0.608255922794342,0.0025645678397268057,"['contains:fwd', 'maps:rev', 'contains:rev', 'supports:fwd', 'precedes:rev']","[0.608255922794342, 0.2992798686027527, 0.03983018174767494, 0.024190284311771393, 0.01955675520002842]",0,0,6
<e2> is ahead of <e1> in context,precedes:rev,5,contains:fwd,0.5464343428611755,0.0044901203364133835,"['contains:fwd', 'contains:rev', 'maps:fwd', 'supports:rev', 'supports:fwd']","[0.5464343428611755, 0.21626262366771698, 0.2096826434135437, 0.00946885161101818, 0.006334660574793816]",0,0,6
within <e1> sits <e2> usually,contains:fwd,0,supports:fwd,0.9551106691360474,0.019129913300275803,"['supports:fwd', 'contains:fwd', 'precedes:fwd', 'supports:rev', 'maps:rev']","[0.9551106691360474, 0.019129913300275803, 0.012280839495360851, 0.005366035271435976, 0.005097519140690565]",0,1,6
to <e2> <e1> points,maps:fwd,6,contains:fwd,0.5839146375656128,0.22280354797840118,"['contains:fwd', 'maps:fwd', 'precedes:rev', 'supports:fwd', 'maps:rev']","[0.5839146375656128, 0.22280354797840118, 0.12312030792236328, 0.03683232143521309, 0.021777665242552757]",0,1,6
the target of <e1> is <e2> in context,maps:fwd,6,maps:rev,0.8672138452529907,0.010417984798550606,"['maps:rev', 'supports:fwd', 'maps:fwd', 'precedes:fwd', 'supports:rev']","[0.8672138452529907, 0.10411479324102402, 0.010417984798550606, 0.0099463677033782, 0.0033758117351680994]",0,1,6
directly <e1> is ahead of <e2>,precedes:fwd,4,contains:rev,0.7480835318565369,0.01990835927426815,"['contains:rev', 'precedes:rev', 'maps:rev', 'supports:rev', 'precedes:fwd']","[0.7480835318565369, 0.15768428146839142, 0.03645194321870804, 0.020543398335576057, 0.01990835927426815]",0,1,6
within <e1> sits <e2> for this case,contains:fwd,0,supports:fwd,0.7988103032112122,0.11882739514112473,"['supports:fwd', 'contains:fwd', 'maps:rev', 'precedes:rev', 'supports:rev']","[0.7988103032112122, 0.11882739514112473, 0.038240205496549606, 0.029970364645123482, 0.0068487003445625305]",0,1,6
to <e2> <e1> points,maps:fwd,6,contains:fwd,0.5839146375656128,0.22280354797840118,"['contains:fwd', 'maps:fwd', 'precedes:rev', 'supports:fwd', 'maps:rev']","[0.5839146375656128, 0.22280354797840118, 0.12312030792236328, 0.03683232143521309, 0.021777665242552757]",0,1,6
<e2> has <e1> inside usually,contains:rev,1,contains:rev,0.7737870812416077,0.7737870812416077,"['contains:rev', 'supports:rev', 'supports:fwd', 'maps:rev', 'contains:fwd']","[0.7737870812416077, 0.19376668334007263, 0.013568500988185406, 0.006133737973868847, 0.005173962097615004]",1,1,6
from <e1> <e2> is mapped usually,maps:fwd,6,maps:rev,0.9654302597045898,0.0019474514992907643,"['maps:rev', 'supports:fwd', 'contains:fwd', 'precedes:rev', 'contains:rev']","[0.9654302597045898, 0.014907995238900185, 0.010040958411991596, 0.002896405290812254, 0.0022501053754240274]",0,0,6
<e2> has <e1> inside in context,contains:rev,1,supports:fwd,0.6199424266815186,0.09031694382429123,"['supports:fwd', 'supports:rev', 'contains:fwd', 'contains:rev', 'precedes:fwd']","[0.6199424266815186, 0.1753385365009308, 0.09631204605102539, 0.09031694382429123, 0.012776479125022888]",0,1,6
<e2> has <e1> inside for this case,contains:rev,1,contains:rev,0.8121570944786072,0.8121570944786072,"['contains:rev', 'supports:rev', 'contains:fwd', 'maps:rev', 'supports:fwd']","[0.8121570944786072, 0.1466325968503952, 0.014303448610007763, 0.010577589273452759, 0.007924428209662437]",1,1,6
before <e1> comes <e2> directly,precedes:rev,5,precedes:rev,0.9754517674446106,0.9754517674446106,"['precedes:rev', 'precedes:fwd', 'maps:fwd', 'contains:fwd', 'supports:rev']","[0.9754517674446106, 0.008122635073959827, 0.005919424816966057, 0.002991731744259596, 0.0029240117873996496]",1,1,6
inside <e2> is <e1> usually,contains:rev,1,contains:rev,0.7183868885040283,0.7183868885040283,"['contains:rev', 'supports:rev', 'contains:fwd', 'maps:rev', 'supports:fwd']","[0.7183868885040283, 0.10161350667476654, 0.08624560385942459, 0.05213581770658493, 0.028526335954666138]",1,1,6
within <e1> sits <e2> for this case,contains:fwd,0,supports:fwd,0.7988103032112122,0.11882739514112473,"['supports:fwd', 'contains:fwd', 'maps:rev', 'precedes:rev', 'supports:rev']","[0.7988103032112122, 0.11882739514112473, 0.038240205496549606, 0.029970364645123482, 0.0068487003445625305]",0,1,6
from <e2> <e1> is mapped in context,maps:rev,7,maps:rev,0.9836066961288452,0.9836066961288452,"['maps:rev', 'supports:fwd', 'precedes:fwd', 'maps:fwd', 'contains:rev']","[0.9836066961288452, 0.004108676686882973, 0.003572701010853052, 0.002386966021731496, 0.0022920926567167044]",1,1,6
usually <e1> trails <e2>,precedes:rev,5,contains:fwd,0.8070231080055237,0.1298593431711197,"['contains:fwd', 'precedes:rev', 'supports:fwd', 'contains:rev', 'maps:fwd']","[0.8070231080055237, 0.1298593431711197, 0.03445086628198624, 0.008937093429267406, 0.008408013731241226]",0,1,6
<e2> is held up by <e1> usually,supports:fwd,2,contains:rev,0.6334810256958008,0.001213414827361703,"['contains:rev', 'maps:fwd', 'supports:rev', 'precedes:rev', 'contains:fwd']","[0.6334810256958008, 0.24049341678619385, 0.07979811728000641, 0.014106566086411476, 0.012437047436833382]",0,0,6
before <e1> comes <e2> usually,precedes:rev,5,precedes:rev,0.9473546147346497,0.9473546147346497,"['precedes:rev', 'precedes:fwd', 'contains:fwd', 'maps:fwd', 'supports:rev']","[0.9473546147346497, 0.03512765094637871, 0.005080625414848328, 0.004878114443272352, 0.0027511699590831995]",1,1,6
support for <e1> comes from <e2> in context,supports:rev,3,precedes:fwd,0.8857570290565491,0.038209401071071625,"['precedes:fwd', 'precedes:rev', 'supports:rev', 'contains:rev', 'maps:fwd']","[0.8857570290565491, 0.05742541328072548, 0.038209401071071625, 0.012370315380394459, 0.0037958468310534954]",0,1,6
<e2> has <e1> inside in context,contains:rev,1,supports:fwd,0.6199424266815186,0.09031694382429123,"['supports:fwd', 'supports:rev', 'contains:fwd', 'contains:rev', 'precedes:fwd']","[0.6199424266815186, 0.1753385365009308, 0.09631204605102539, 0.09031694382429123, 0.012776479125022888]",0,1,6
from <e1> <e2> is mapped for this case,maps:fwd,6,contains:fwd,0.9272112250328064,0.03854906186461449,"['contains:fwd', 'maps:fwd', 'maps:rev', 'contains:rev', 'supports:rev']","[0.9272112250328064, 0.03854906186461449, 0.015001874417066574, 0.012090305797755718, 0.0024900040589272976]",0,1,6
before <e2> comes <e1>,precedes:fwd,4,precedes:rev,0.9737390279769897,0.00515745161101222,"['precedes:rev', 'maps:fwd', 'precedes:fwd', 'supports:rev', 'supports:fwd']","[0.9737390279769897, 0.008829697966575623, 0.00515745161101222, 0.00340878963470459, 0.003344109049066901]",0,1,6
<e2> is held up by <e1> directly,supports:fwd,2,contains:rev,0.6528444290161133,0.0014764847001060843,"['contains:rev', 'maps:fwd', 'supports:rev', 'precedes:fwd', 'maps:rev']","[0.6528444290161133, 0.15543793141841888, 0.14167383313179016, 0.02079140953719616, 0.011689739301800728]",0,0,6
<e2> has <e1> inside directly,contains:rev,1,contains:rev,0.7499843835830688,0.7499843835830688,"['contains:rev', 'supports:rev', 'maps:rev', 'supports:fwd', 'contains:fwd']","[0.7499843835830688, 0.21491239964962006, 0.011592904105782509, 0.01095773745328188, 0.005457152612507343]",1,1,6
within <e1> sits <e2> usually,contains:fwd,0,supports:fwd,0.9551106691360474,0.019129913300275803,"['supports:fwd', 'contains:fwd', 'precedes:fwd', 'supports:rev', 'maps:rev']","[0.9551106691360474, 0.019129913300275803, 0.012280839495360851, 0.005366035271435976, 0.005097519140690565]",0,1,6
support for <e2> comes from <e1> directly,supports:fwd,2,supports:fwd,0.428585946559906,0.428585946559906,"['supports:fwd', 'supports:rev', 'precedes:fwd', 'precedes:rev', 'maps:fwd']","[0.428585946559906, 0.38129767775535583, 0.09132203459739685, 0.06786929070949554, 0.01266118511557579]",1,1,6
to <e1> <e2> points directly,maps:rev,7,maps:rev,0.6115384101867676,0.6115384101867676,"['maps:rev', 'contains:fwd', 'precedes:fwd', 'precedes:rev', 'contains:rev']","[0.6115384101867676, 0.20417854189872742, 0.10020089149475098, 0.05624452605843544, 0.011266672983765602]",1,1,6
to <e1> <e2> points in context,maps:rev,7,maps:rev,0.49387305974960327,0.49387305974960327,"['maps:rev', 'maps:fwd', 'contains:fwd', 'precedes:rev', 'precedes:fwd']","[0.49387305974960327, 0.22797557711601257, 0.2003103792667389, 0.04614768922328949, 0.015555054880678654]",1,1,6
for this case <e1> has <e2> inside,contains:fwd,0,contains:rev,0.5085192918777466,0.31669700145721436,"['contains:rev', 'contains:fwd', 'supports:rev', 'precedes:rev', 'maps:rev']","[0.5085192918777466, 0.31669700145721436, 0.08174514025449753, 0.0478132963180542, 0.027778426185250282]",0,1,6
<e2> is ahead of <e1> for this case,precedes:rev,5,contains:fwd,0.9276546835899353,0.002997887320816517,"['contains:fwd', 'supports:fwd', 'precedes:fwd', 'supports:rev', 'contains:rev']","[0.9276546835899353, 0.028287377208471298, 0.016172321513295174, 0.011641716584563255, 0.008623678237199783]",0,0,6
to <e2> <e1> points for this case,maps:fwd,6,maps:fwd,0.5781139731407166,0.5781139731407166,"['maps:fwd', 'precedes:rev', 'contains:fwd', 'contains:rev', 'maps:rev']","[0.5781139731407166, 0.3083900213241577, 0.06473417580127716, 0.020148612558841705, 0.01771601475775242]",1,1,6
<e2> has <e1> inside for this case,contains:rev,1,contains:rev,0.8121570944786072,0.8121570944786072,"['contains:rev', 'supports:rev', 'contains:fwd', 'maps:rev', 'supports:fwd']","[0.8121570944786072, 0.1466325968503952, 0.014303448610007763, 0.010577589273452759, 0.007924428209662437]",1,1,6
within <e2> sits <e1> usually,contains:rev,1,supports:fwd,0.9440835118293762,0.0011682955082505941,"['supports:fwd', 'contains:fwd', 'supports:rev', 'precedes:fwd', 'maps:rev']","[0.9440835118293762, 0.026156345382332802, 0.011709933169186115, 0.010514183901250362, 0.0035945407580584288]",0,0,6
backing <e2> is <e1> directly,supports:fwd,2,maps:rev,0.7473874688148499,0.020298313349485397,"['maps:rev', 'contains:rev', 'contains:fwd', 'supports:rev', 'supports:fwd']","[0.7473874688148499, 0.09406602382659912, 0.07642757147550583, 0.04454189911484718, 0.020298313349485397]",0,1,6
inside <e1> is <e2> directly,contains:fwd,0,contains:rev,0.5193603038787842,0.30738407373428345,"['contains:rev', 'contains:fwd', 'maps:rev', 'supports:rev', 'supports:fwd']","[0.5193603038787842, 0.30738407373428345, 0.09331224858760834, 0.02934831939637661, 0.023621708154678345]",0,1,6
before <e2> comes <e1> usually,precedes:fwd,4,precedes:rev,0.9257612824440002,0.04235401377081871,"['precedes:rev', 'precedes:fwd', 'supports:rev', 'maps:fwd', 'contains:fwd']","[0.9257612824440002, 0.04235401377081871, 0.008913259953260422, 0.007808708120137453, 0.006663328967988491]",0,1,6
before <e2> comes <e1> directly,precedes:fwd,4,precedes:rev,0.9413621425628662,0.0330786369740963,"['precedes:rev', 'precedes:fwd', 'maps:fwd', 'supports:rev', 'contains:fwd']","[0.9413621425628662, 0.0330786369740963, 0.009534387849271297, 0.006832852028310299, 0.002977223601192236]",0,1,6
from <e2> <e1> is mapped in context,maps:rev,7,maps:rev,0.9836066961288452,0.9836066961288452,"['maps:rev', 'supports:fwd', 'precedes:fwd', 'maps:fwd', 'contains:rev']","[0.9836066961288452, 0.004108676686882973, 0.003572701010853052, 0.002386966021731496, 0.0022920926567167044]",1,1,6
the target of <e2> is <e1> in context,maps:rev,7,maps:rev,0.6011809706687927,0.6011809706687927,"['maps:rev', 'maps:fwd', 'precedes:fwd', 'supports:fwd', 'supports:rev']","[0.6011809706687927, 0.23673968017101288, 0.06966804713010788, 0.046668361872434616, 0.0320022888481617]",1,1,6
<e2> is held up by <e1> for this case,supports:fwd,2,maps:fwd,0.3913160264492035,0.0009089423692785203,"['maps:fwd', 'contains:rev', 'precedes:rev', 'supports:rev', 'contains:fwd']","[0.3913160264492035, 0.254334032535553, 0.1376134306192398, 0.10310991108417511, 0.049394428730010986]",0,0,6
from <e2> <e1> is mapped in context,maps:rev,7,maps:rev,0.9836066961288452,0.9836066961288452,"['maps:rev', 'supports:fwd', 'precedes:fwd', 'maps:fwd', 'contains:rev']","[0.9836066961288452, 0.004108676686882973, 0.003572701010853052, 0.002386966021731496, 0.0022920926567167044]",1,1,6
backing <e1> is <e2> usually,supports:rev,3,maps:rev,0.6913774013519287,0.015079976059496403,"['maps:rev', 'contains:rev', 'contains:fwd', 'supports:fwd', 'supports:rev']","[0.6913774013519287, 0.1689876765012741, 0.08501638472080231, 0.02021210454404354, 0.015079976059496403]",0,1,6
within <e1> sits <e2>,contains:fwd,0,supports:fwd,0.9258545637130737,0.03281445801258087,"['supports:fwd', 'contains:fwd', 'precedes:rev', 'precedes:fwd', 'supports:rev']","[0.9258545637130737, 0.03281445801258087, 0.031144458800554276, 0.004714748356491327, 0.002436403650790453]",0,1,6
<e1> is held up by <e2>,supports:rev,3,precedes:rev,0.6197279691696167,0.024591263383626938,"['precedes:rev', 'contains:rev', 'maps:rev', 'maps:fwd', 'supports:rev']","[0.6197279691696167, 0.25213682651519775, 0.04497069492936134, 0.04438208416104317, 0.024591263383626938]",0,1,6
backing <e2> is <e1> usually,supports:fwd,2,maps:rev,0.3743272125720978,0.04622625932097435,"['maps:rev', 'contains:rev', 'contains:fwd', 'supports:rev', 'supports:fwd']","[0.3743272125720978, 0.26901888847351074, 0.15894122421741486, 0.1366586834192276, 0.04622625932097435]",0,1,6
for this case <e1> is held up by <e2>,supports:rev,3,maps:rev,0.7798778414726257,0.006449666805565357,"['maps:rev', 'precedes:fwd', 'contains:rev', 'precedes:rev', 'contains:fwd']","[0.7798778414726257, 0.15214082598686218, 0.04170580953359604, 0.009076624177396297, 0.006596675142645836]",0,0,6
support for <e2> comes from <e1> usually,supports:fwd,2,precedes:rev,0.40334686636924744,0.318899929523468,"['precedes:rev', 'supports:fwd', 'supports:rev', 'precedes:fwd', 'maps:fwd']","[0.40334686636924744, 0.318899929523468, 0.17419381439685822, 0.069160595536232, 0.021297266706824303]",0,1,6
backing <e1> is <e2> for this case,supports:rev,3,maps:rev,0.7861120700836182,0.004416374489665031,"['maps:rev', 'contains:rev', 'contains:fwd', 'precedes:rev', 'supports:fwd']","[0.7861120700836182, 0.13115955889225006, 0.04573764279484749, 0.021040743216872215, 0.0052500758320093155]",0,0,6
usually <e1> is held up by <e2>,supports:rev,3,contains:rev,0.53293776512146,0.25503841042518616,"['contains:rev', 'supports:rev', 'precedes:rev', 'maps:rev', 'supports:fwd']","[0.53293776512146, 0.25503841042518616, 0.11607209593057632, 0.06283688545227051, 0.015126479789614677]",0,1,6
to <e1> <e2> points for this case,maps:rev,7,maps:fwd,0.600676953792572,0.016065502539277077,"['maps:fwd', 'precedes:rev', 'contains:fwd', 'contains:rev', 'maps:rev']","[0.600676953792572, 0.2607710361480713, 0.0918358862400055, 0.019485369324684143, 0.016065502539277077]",0,1,6
<e2> has <e1> inside in context,contains:rev,1,supports:fwd,0.6199424266815186,0.09031694382429123,"['supports:fwd', 'supports:rev', 'contains:fwd', 'contains:rev', 'precedes:fwd']","[0.6199424266815186, 0.1753385365009308, 0.09631204605102539, 0.09031694382429123, 0.012776479125022888]",0,1,6
<e2> trails <e1> in context,precedes:fwd,4,contains:rev,0.8554528951644897,0.038306303322315216,"['contains:rev', 'precedes:rev', 'precedes:fwd', 'maps:fwd', 'supports:fwd']","[0.8554528951644897, 0.08068229258060455, 0.038306303322315216, 0.00743426289409399, 0.006213268265128136]",0,1,6
before <e1> comes <e2> directly,precedes:rev,5,precedes:rev,0.9754517674446106,0.9754517674446106,"['precedes:rev', 'precedes:fwd', 'maps:fwd', 'contains:fwd', 'supports:rev']","[0.9754517674446106, 0.008122635073959827, 0.005919424816966057, 0.002991731744259596, 0.0029240117873996496]",1,1,6
<e1> is held up by <e2>,supports:rev,3,precedes:rev,0.6197279691696167,0.024591263383626938,"['precedes:rev', 'contains:rev', 'maps:rev', 'maps:fwd', 'supports:rev']","[0.6197279691696167, 0.25213682651519775, 0.04497069492936134, 0.04438208416104317, 0.024591263383626938]",0,1,6
the target of <e1> is <e2>,maps:fwd,6,maps:rev,0.8707788586616516,0.00929687637835741,"['maps:rev', 'supports:fwd', 'precedes:fwd', 'maps:fwd', 'supports:rev']","[0.8707788586616516, 0.1020432561635971, 0.010043274611234665, 0.00929687637835741, 0.0032092274632304907]",0,1,6
from <e2> <e1> is mapped in context,maps:rev,7,maps:rev,0.9836066961288452,0.9836066961288452,"['maps:rev', 'supports:fwd', 'precedes:fwd', 'maps:fwd', 'contains:rev']","[0.9836066961288452, 0.004108676686882973, 0.003572701010853052, 0.002386966021731496, 0.0022920926567167044]",1,1,6
to <e1> <e2> points for this case,maps:rev,7,maps:fwd,0.600676953792572,0.016065502539277077,"['maps:fwd', 'precedes:rev', 'contains:fwd', 'contains:rev', 'maps:rev']","[0.600676953792572, 0.2607710361480713, 0.0918358862400055, 0.019485369324684143, 0.016065502539277077]",0,1,6
backing <e1> is <e2>,supports:rev,3,maps:rev,0.4623804986476898,0.0048545957542955875,"['maps:rev', 'contains:fwd', 'contains:rev', 'precedes:rev', 'supports:fwd']","[0.4623804986476898, 0.44291892647743225, 0.06064000725746155, 0.014940425753593445, 0.010055010206997395]",0,0,6
before <e1> comes <e2> directly,precedes:rev,5,precedes:rev,0.9754517674446106,0.9754517674446106,"['precedes:rev', 'precedes:fwd', 'maps:fwd', 'contains:fwd', 'supports:rev']","[0.9754517674446106, 0.008122635073959827, 0.005919424816966057, 0.002991731744259596, 0.0029240117873996496]",1,1,6
<e2> trails <e1> usually,precedes:fwd,4,contains:rev,0.49104270339012146,0.429065465927124,"['contains:rev', 'precedes:fwd', 'precedes:rev', 'maps:fwd', 'supports:fwd']","[0.49104270339012146, 0.429065465927124, 0.045630309730768204, 0.017494088038802147, 0.0060668643563985825]",0,1,6
<e2> is ahead of <e1>,precedes:rev,5,contains:fwd,0.688640296459198,0.006137382704764605,"['contains:fwd', 'supports:fwd', 'supports:rev', 'precedes:fwd', 'contains:rev']","[0.688640296459198, 0.15294042229652405, 0.07262179255485535, 0.0646095797419548, 0.009546108543872833]",0,0,6
before <e2> comes <e1> for this case,precedes:fwd,4,precedes:rev,0.9430763125419617,0.002504067961126566,"['precedes:rev', 'maps:fwd', 'supports:rev', 'contains:fwd', 'contains:rev']","[0.9430763125419617, 0.027048999443650246, 0.012028993107378483, 0.004991049878299236, 0.0044684093445539474]",0,0,6
before <e2> comes <e1> in context,precedes:fwd,4,precedes:rev,0.9660518765449524,0.011080640368163586,"['precedes:rev', 'precedes:fwd', 'supports:rev', 'maps:fwd', 'supports:fwd']","[0.9660518765449524, 0.011080640368163586, 0.007706621661782265, 0.007691198959946632, 0.002653304021805525]",0,1,6
<e2> is ahead of <e1> in context,precedes:rev,5,contains:fwd,0.5464343428611755,0.0044901203364133835,"['contains:fwd', 'contains:rev', 'maps:fwd', 'supports:rev', 'supports:fwd']","[0.5464343428611755, 0.21626262366771698, 0.2096826434135437, 0.00946885161101818, 0.006334660574793816]",0,0,6
backing <e2> is <e1> directly,supports:fwd,2,maps:rev,0.7473874688148499,0.020298313349485397,"['maps:rev', 'contains:rev', 'contains:fwd', 'supports:rev', 'supports:fwd']","[0.7473874688148499, 0.09406602382659912, 0.07642757147550583, 0.04454189911484718, 0.020298313349485397]",0,1,6
the target of <e2> is <e1>,maps:rev,7,maps:rev,0.8086023330688477,0.8086023330688477,"['maps:rev', 'maps:fwd', 'precedes:fwd', 'supports:fwd', 'supports:rev']","[0.8086023330688477, 0.07820098847150803, 0.04633804038167, 0.03621906787157059, 0.022348657250404358]",1,1,6
to <e1> <e2> points usually,maps:rev,7,maps:fwd,0.5952267646789551,0.08348327875137329,"['maps:fwd', 'contains:fwd', 'contains:rev', 'maps:rev', 'supports:rev']","[0.5952267646789551, 0.1953195482492447, 0.11000943928956985, 0.08348327875137329, 0.008567375130951405]",0,1,7
to <e2> <e1> points for this case,maps:fwd,6,contains:rev,0.7276162505149841,0.045403189957141876,"['contains:rev', 'contains:fwd', 'maps:rev', 'maps:fwd', 'supports:rev']","[0.7276162505149841, 0.13147947192192078, 0.07389707118272781, 0.045403189957141876, 0.018429161980748177]",0,1,7
backing <e2> is <e1> for this case,supports:fwd,2,maps:rev,0.6685301661491394,0.03176308423280716,"['maps:rev', 'contains:fwd', 'contains:rev', 'supports:fwd', 'precedes:rev']","[0.6685301661491394, 0.21773511171340942, 0.06758679449558258, 0.03176308423280716, 0.004781037103384733]",0,1,7
support for <e1> comes from <e2>,supports:rev,3,precedes:rev,0.5739322304725647,0.229934960603714,"['precedes:rev', 'supports:rev', 'precedes:fwd', 'maps:rev', 'supports:fwd']","[0.5739322304725647, 0.229934960603714, 0.1844400316476822, 0.0042420001700520515, 0.0039038739632815123]",0,1,7
<e2> is held up by <e1>,supports:fwd,2,contains:fwd,0.48893555998802185,0.021227972581982613,"['contains:fwd', 'maps:fwd', 'supports:rev', 'precedes:rev', 'supports:fwd']","[0.48893555998802185, 0.2917441427707672, 0.14044052362442017, 0.024477016180753708, 0.021227972581982613]",0,1,7
to <e2> <e1> points in context,maps:fwd,6,maps:fwd,0.5917398929595947,0.5917398929595947,"['maps:fwd', 'maps:rev', 'supports:fwd', 'contains:fwd', 'precedes:fwd']","[0.5917398929595947, 0.2772890031337738, 0.06875192373991013, 0.038001637905836105, 0.01091192476451397]",1,1,7
within <e2> sits <e1> usually,contains:rev,1,contains:fwd,0.8457983732223511,0.002644675550982356,"['contains:fwd', 'supports:fwd', 'precedes:rev', 'precedes:fwd', 'maps:fwd']","[0.8457983732223511, 0.09292806684970856, 0.02480301633477211, 0.017004335299134254, 0.011565196327865124]",0,0,7
backing <e1> is <e2>,supports:rev,3,contains:fwd,0.9579018354415894,0.0010058191837742925,"['contains:fwd', 'maps:fwd', 'supports:fwd', 'contains:rev', 'maps:rev']","[0.9579018354415894, 0.014546510763466358, 0.011057434603571892, 0.007946322672069073, 0.005407989025115967]",0,0,7
support for <e1> comes from <e2> in context,supports:rev,3,precedes:fwd,0.3882874548435211,0.29395514726638794,"['precedes:fwd', 'precedes:rev', 'supports:rev', 'maps:rev', 'supports:fwd']","[0.3882874548435211, 0.2969980537891388, 0.29395514726638794, 0.008937408216297626, 0.007117659319192171]",0,1,7
before <e1> comes <e2> usually,precedes:rev,5,precedes:rev,0.85312819480896,0.85312819480896,"['precedes:rev', 'precedes:fwd', 'supports:fwd', 'supports:rev', 'maps:rev']","[0.85312819480896, 0.13719819486141205, 0.002679429017007351, 0.002064169617369771, 0.001878068083897233]",1,1,7
<e2> is held up by <e1> directly,supports:fwd,2,maps:fwd,0.9860737323760986,0.000836257531773299,"['maps:fwd', 'contains:fwd', 'contains:rev', 'supports:rev', 'supports:fwd']","[0.9860737323760986, 0.00606982596218586, 0.0038646350149065256, 0.0013258811086416245, 0.000836257531773299]",0,1,7
<e1> trails <e2>,precedes:rev,5,supports:fwd,0.724387526512146,0.20133057236671448,"['supports:fwd', 'precedes:rev', 'supports:rev', 'maps:fwd', 'maps:rev']","[0.724387526512146, 0.20133057236671448, 0.02608509548008442, 0.018580937758088112, 0.017296364530920982]",0,1,7
<e2> is ahead of <e1> for this case,precedes:rev,5,maps:fwd,0.6680570840835571,0.0005870528402738273,"['maps:fwd', 'contains:fwd', 'supports:fwd', 'supports:rev', 'maps:rev']","[0.6680570840835571, 0.26705628633499146, 0.03277428075671196, 0.011796091683208942, 0.00949021615087986]",0,0,7
<e2> trails <e1>,precedes:fwd,4,precedes:fwd,0.6583799719810486,0.6583799719810486,"['precedes:fwd', 'maps:rev', 'supports:rev', 'supports:fwd', 'contains:rev']","[0.6583799719810486, 0.19843076169490814, 0.10923446714878082, 0.021764451637864113, 0.005807254929095507]",1,1,7
inside <e1> is <e2> usually,contains:fwd,0,contains:fwd,0.783487856388092,0.783487856388092,"['contains:fwd', 'maps:fwd', 'contains:rev', 'maps:rev', 'supports:rev']","[0.783487856388092, 0.16902662813663483, 0.032191064208745956, 0.008728076703846455, 0.0024594899732619524]",1,1,7
backing <e2> is <e1> directly,supports:fwd,2,contains:rev,0.9266193509101868,0.0006499284063465893,"['contains:rev', 'maps:fwd', 'contains:fwd', 'precedes:fwd', 'maps:rev']","[0.9266193509101868, 0.03873700648546219, 0.026042088866233826, 0.0036794187035411596, 0.0024332997854799032]",0,0,7
the target of <e1> is <e2>,maps:fwd,6,maps:rev,0.8591153621673584,0.10121086239814758,"['maps:rev', 'maps:fwd', 'supports:fwd', 'contains:rev', 'contains:fwd']","[0.8591153621673584, 0.10121086239814758, 0.01844858191907406, 0.007840677164494991, 0.007076594512909651]",0,1,7
<e2> is ahead of <e1> for this case,precedes:rev,5,maps:fwd,0.6680570840835571,0.0005870528402738273,"['maps:fwd', 'contains:fwd', 'supports:fwd', 'supports:rev', 'maps:rev']","[0.6680570840835571, 0.26705628633499146, 0.03277428075671196, 0.011796091683208942, 0.00949021615087986]",0,0,7
to <e2> <e1> points in context,maps:fwd,6,maps:fwd,0.5917398929595947,0.5917398929595947,"['maps:fwd', 'maps:rev', 'supports:fwd', 'contains:fwd', 'precedes:fwd']","[0.5917398929595947, 0.2772890031337738, 0.06875192373991013, 0.038001637905836105, 0.01091192476451397]",1,1,7
for this case <e1> is ahead of <e2>,precedes:fwd,4,maps:rev,0.7027754187583923,0.0031748348847031593,"['maps:rev', 'maps:fwd', 'supports:fwd', 'contains:fwd', 'contains:rev']","[0.7027754187583923, 0.23272773623466492, 0.04749181866645813, 0.00513934250921011, 0.004817120730876923]",0,0,7
from <e2> <e1> is mapped for this case,maps:rev,7,contains:rev,0.6811662316322327,0.04905754327774048,"['contains:rev', 'supports:rev', 'precedes:rev', 'maps:rev', 'maps:fwd']","[0.6811662316322327, 0.10407749563455582, 0.10345969349145889, 0.04905754327774048, 0.047105055302381516]",0,1,7
the target of <e2> is <e1> usually,maps:rev,7,maps:fwd,0.9513764977455139,0.001682369620539248,"['maps:fwd', 'contains:fwd', 'contains:rev', 'maps:rev', 'supports:fwd']","[0.9513764977455139, 0.03731955960392952, 0.005933117121458054, 0.001682369620539248, 0.0012171306880190969]",0,1,7
backing <e2> is <e1> usually,supports:fwd,2,contains:rev,0.45373696088790894,0.0015618590405210853,"['contains:rev', 'contains:fwd', 'maps:fwd', 'maps:rev', 'precedes:fwd']","[0.45373696088790894, 0.2861650288105011, 0.21861279010772705, 0.018820850178599358, 0.013004595413804054]",0,0,7
<e2> trails <e1> in context,precedes:fwd,4,precedes:fwd,0.680503249168396,0.680503249168396,"['precedes:fwd', 'supports:rev', 'supports:fwd', 'maps:rev', 'maps:fwd']","[0.680503249168396, 0.2452087104320526, 0.026961347088217735, 0.024789851158857346, 0.01814253069460392]",1,1,7
to <e1> <e2> points usually,maps:rev,7,maps:fwd,0.5952267646789551,0.08348327875137329,"['maps:fwd', 'contains:fwd', 'contains:rev', 'maps:rev', 'supports:rev']","[0.5952267646789551, 0.1953195482492447, 0.11000943928956985, 0.08348327875137329, 0.008567375130951405]",0,1,7
<e2> has <e1> inside,contains:rev,1,contains:rev,0.979608952999115,0.979608952999115,"['contains:rev', 'supports:rev', 'contains:fwd', 'maps:rev', 'precedes:rev']","[0.979608952999115, 0.007787731941789389, 0.007089907769113779, 0.0029314174316823483, 0.0015429271152243018]",1,1,7
the target of <e1> is <e2> in context,maps:fwd,6,maps:fwd,0.7456654906272888,0.7456654906272888,"['maps:fwd', 'maps:rev', 'supports:fwd', 'contains:rev', 'contains:fwd']","[0.7456654906272888, 0.2316085398197174, 0.007898282259702682, 0.0070306989364326, 0.004203121643513441]",1,1,7
in context <e1> has <e2> inside,contains:fwd,0,contains:rev,0.9694814682006836,0.002402625512331724,"['contains:rev', 'supports:rev', 'maps:rev', 'precedes:rev', 'contains:fwd']","[0.9694814682006836, 0.01614021323621273, 0.007337281946092844, 0.002987832296639681, 0.002402625512331724]",0,1,7
before <e2> comes <e1> for this case,precedes:fwd,4,precedes:fwd,0.965366005897522,0.965366005897522,"['precedes:fwd', 'precedes:rev', 'contains:fwd', 'maps:fwd', 'supports:rev']","[0.965366005897522, 0.01901702582836151, 0.005760767497122288, 0.0032573877833783627, 0.0028379028663039207]",1,1,7
<e1> is ahead of <e2>,precedes:fwd,4,maps:rev,0.9242671728134155,0.0004011248820461333,"['maps:rev', 'supports:fwd', 'supports:rev', 'contains:rev', 'maps:fwd']","[0.9242671728134155, 0.03614576905965805, 0.017783453688025475, 0.008659630082547665, 0.00472239637747407]",0,0,7
<e2> trails <e1>,precedes:fwd,4,precedes:fwd,0.6583799719810486,0.6583799719810486,"['precedes:fwd', 'maps:rev', 'supports:rev', 'supports:fwd', 'contains:rev']","[0.6583799719810486, 0.19843076169490814, 0.10923446714878082, 0.021764451637864113, 0.005807254929095507]",1,1,7
<e2> has <e1> inside for this case,contains:rev,1,contains:rev,0.9637793302536011,0.9637793302536011,"['contains:rev', 'contains:fwd', 'supports:rev', 'maps:rev', 'precedes:rev']","[0.9637793302536011, 0.016705486923456192, 0.012974405661225319, 0.002947828732430935, 0.0019641818944364786]",1,1,7
within <e2> sits <e1>,contains:rev,1,contains:fwd,0.8401132225990295,0.004582480993121862,"['contains:fwd', 'precedes:rev', 'supports:fwd', 'contains:rev', 'maps:rev']","[0.8401132225990295, 0.114095538854599, 0.031485944986343384, 0.004582480993121862, 0.003945349715650082]",0,1,7
within <e2> sits <e1> in context,contains:rev,1,supports:fwd,0.4539433419704437,0.005492284893989563,"['supports:fwd', 'contains:fwd', 'maps:fwd', 'precedes:fwd', 'precedes:rev']","[0.4539433419704437, 0.451742559671402, 0.055445387959480286, 0.016486383974552155, 0.00832210574299097]",0,0,7
inside <e2> is <e1> usually,contains:rev,1,maps:fwd,0.6122872829437256,0.09800595045089722,"['maps:fwd', 'contains:fwd', 'contains:rev', 'maps:rev', 'supports:rev']","[0.6122872829437256, 0.25820204615592957, 0.09800595045089722, 0.02381143905222416, 0.0038145289290696383]",0,1,7
in context <e1> trails <e2>,precedes:rev,5,supports:fwd,0.9149951934814453,0.051527440547943115,"['supports:fwd', 'precedes:rev', 'supports:rev', 'contains:rev', 'contains:fwd']","[0.9149951934814453, 0.051527440547943115, 0.012605161406099796, 0.011148898862302303, 0.004197340924292803]",0,1,7
directly <e1> has <e2> inside,contains:fwd,0,contains:rev,0.5810399055480957,0.29024577140808105,"['contains:rev', 'contains:fwd', 'maps:fwd', 'precedes:fwd', 'maps:rev']","[0.5810399055480957, 0.29024577140808105, 0.08464274555444717, 0.016684604808688164, 0.013214843347668648]",0,1,7
within <e1> sits <e2> for this case,contains:fwd,0,contains:fwd,0.8834705948829651,0.8834705948829651,"['contains:fwd', 'maps:fwd', 'precedes:rev', 'maps:rev', 'supports:fwd']","[0.8834705948829651, 0.04950612783432007, 0.044078800827264786, 0.013719719834625721, 0.003813778515905142]",1,1,7
to <e1> <e2> points in context,maps:rev,7,maps:fwd,0.9321936964988708,0.024579469114542007,"['maps:fwd', 'maps:rev', 'contains:fwd', 'supports:fwd', 'precedes:fwd']","[0.9321936964988708, 0.024579469114542007, 0.023606248199939728, 0.014461000449955463, 0.002152336062863469]",0,1,7
from <e2> <e1> is mapped usually,maps:rev,7,maps:rev,0.6212095618247986,0.6212095618247986,"['maps:rev', 'maps:fwd', 'supports:rev', 'precedes:rev', 'contains:rev']","[0.6212095618247986, 0.26572802662849426, 0.038658611476421356, 0.03319883346557617, 0.017125122249126434]",1,1,7
the target of <e2> is <e1> in context,maps:rev,7,maps:fwd,0.9534693360328674,0.0023269737139344215,"['maps:fwd', 'contains:fwd', 'supports:fwd', 'contains:rev', 'maps:rev']","[0.9534693360328674, 0.021950989961624146, 0.01532058510929346, 0.00454852357506752, 0.0023269737139344215]",0,1,7
inside <e1> is <e2>,contains:fwd,0,contains:fwd,0.6236856579780579,0.6236856579780579,"['contains:fwd', 'maps:fwd', 'contains:rev', 'maps:rev', 'supports:fwd']","[0.6236856579780579, 0.320655882358551, 0.034839436411857605, 0.010825537145137787, 0.005306266713887453]",1,1,7
inside <e1> is <e2> usually,contains:fwd,0,contains:fwd,0.783487856388092,0.783487856388092,"['contains:fwd', 'maps:fwd', 'contains:rev', 'maps:rev', 'supports:rev']","[0.783487856388092, 0.16902662813663483, 0.032191064208745956, 0.008728076703846455, 0.0024594899732619524]",1,1,7
support for <e2> comes from <e1> in context,supports:fwd,2,precedes:fwd,0.7606358528137207,0.011120683513581753,"['precedes:fwd', 'supports:rev', 'precedes:rev', 'supports:fwd', 'maps:rev']","[0.7606358528137207, 0.15027379989624023, 0.06589941680431366, 0.011120683513581753, 0.00876662414520979]",0,1,7
for this case <e1> trails <e2>,precedes:rev,5,contains:fwd,0.6115891933441162,0.03991962596774101,"['contains:fwd', 'supports:fwd', 'precedes:rev', 'maps:rev', 'precedes:fwd']","[0.6115891933441162, 0.3049312233924866, 0.03991962596774101, 0.026756377890706062, 0.005923577584326267]",0,1,7
to <e2> <e1> points in context,maps:fwd,6,maps:fwd,0.5917398929595947,0.5917398929595947,"['maps:fwd', 'maps:rev', 'supports:fwd', 'contains:fwd', 'precedes:fwd']","[0.5917398929595947, 0.2772890031337738, 0.06875192373991013, 0.038001637905836105, 0.01091192476451397]",1,1,7
backing <e1> is <e2> usually,supports:rev,3,contains:fwd,0.8972121477127075,0.003936792723834515,"['contains:fwd', 'contains:rev', 'maps:fwd', 'supports:rev', 'precedes:fwd']","[0.8972121477127075, 0.0788128599524498, 0.012798800133168697, 0.003936792723834515, 0.003431818215176463]",0,1,7
<e2> trails <e1> usually,precedes:fwd,4,supports:rev,0.8456889986991882,0.04872597008943558,"['supports:rev', 'contains:rev', 'precedes:fwd', 'maps:rev', 'supports:fwd']","[0.8456889986991882, 0.06339060515165329, 0.04872597008943558, 0.03193981572985649, 0.004900163039565086]",0,1,7
<e2> trails <e1>,precedes:fwd,4,precedes:fwd,0.6583799719810486,0.6583799719810486,"['precedes:fwd', 'maps:rev', 'supports:rev', 'supports:fwd', 'contains:rev']","[0.6583799719810486, 0.19843076169490814, 0.10923446714878082, 0.021764451637864113, 0.005807254929095507]",1,1,7
to <e2> <e1> points usually,maps:fwd,6,contains:rev,0.6119595170021057,0.174948051571846,"['contains:rev', 'maps:fwd', 'contains:fwd', 'supports:rev', 'maps:rev']","[0.6119595170021057, 0.174948051571846, 0.138285294175148, 0.04722089692950249, 0.02251056768000126]",0,1,7
the target of <e1> is <e2> directly,maps:fwd,6,maps:fwd,0.9834786653518677,0.9834786653518677,"['maps:fwd', 'contains:rev', 'contains:fwd', 'maps:rev', 'supports:fwd']","[0.9834786653518677, 0.005984900519251823, 0.003983223345130682, 0.003974899183958769, 0.0009583080536685884]",1,1,7
within <e1> sits <e2> directly,contains:fwd,0,contains:fwd,0.8122602701187134,0.8122602701187134,"['contains:fwd', 'precedes:rev', 'supports:fwd', 'maps:rev', 'precedes:fwd']","[0.8122602701187134, 0.08400625735521317, 0.07184765487909317, 0.017387811094522476, 0.00794261135160923]",1,1,7
<e2> trails <e1> directly,precedes:fwd,4,supports:rev,0.6076529622077942,0.24976502358913422,"['supports:rev', 'precedes:fwd', 'maps:rev', 'contains:rev', 'supports:fwd']","[0.6076529622077942, 0.24976502358913422, 0.06364896893501282, 0.0617418996989727, 0.010992574505507946]",0,1,7
before <e1> comes <e2> usually,precedes:rev,5,precedes:rev,0.85312819480896,0.85312819480896,"['precedes:rev', 'precedes:fwd', 'supports:fwd', 'supports:rev', 'maps:rev']","[0.85312819480896, 0.13719819486141205, 0.002679429017007351, 0.002064169617369771, 0.001878068083897233]",1,1,7
inside <e2> is <e1> for this case,contains:rev,1,maps:rev,0.7127225995063782,0.051964983344078064,"['maps:rev', 'contains:fwd', 'contains:rev', 'supports:fwd', 'maps:fwd']","[0.7127225995063782, 0.19441643357276917, 0.051964983344078064, 0.02774646505713463, 0.0036160398740321398]",0,1,7
inside <e1> is <e2>,contains:fwd,0,contains:fwd,0.6236856579780579,0.6236856579780579,"['contains:fwd', 'maps:fwd', 'contains:rev', 'maps:rev', 'supports:fwd']","[0.6236856579780579, 0.320655882358551, 0.034839436411857605, 0.010825537145137787, 0.005306266713887453]",1,1,7
within <e2> sits <e1> usually,contains:rev,1,contains:fwd,0.8457983732223511,0.002644675550982356,"['contains:fwd', 'supports:fwd', 'precedes:rev', 'precedes:fwd', 'maps:fwd']","[0.8457983732223511, 0.09292806684970856, 0.02480301633477211, 0.017004335299134254, 0.011565196327865124]",0,0,7
inside <e1> is <e2> for this case,contains:fwd,0,maps:rev,0.8318294882774353,0.09653332084417343,"['maps:rev', 'contains:fwd', 'supports:fwd', 'contains:rev', 'precedes:rev']","[0.8318294882774353, 0.09653332084417343, 0.032284174114465714, 0.014386395923793316, 0.010248610749840736]",0,1,7
<e2> is ahead of <e1> directly,precedes:rev,5,supports:fwd,0.9327517747879028,0.0013008993119001389,"['supports:fwd', 'maps:fwd', 'contains:fwd', 'maps:rev', 'supports:rev']","[0.9327517747879028, 0.027965344488620758, 0.025808867067098618, 0.005058984272181988, 0.004024676978588104]",0,0,7
<e2> is held up by <e1> for this case,supports:fwd,2,contains:fwd,0.7152420878410339,0.001954608829692006,"['contains:fwd', 'maps:fwd', 'contains:rev', 'supports:rev', 'maps:rev']","[0.7152420878410339, 0.1584787219762802, 0.06872463971376419, 0.022746380418539047, 0.019715216010808945]",0,0,7
the target of <e2> is <e1>,maps:rev,7,maps:fwd,0.7395718097686768,0.004659474827349186,"['maps:fwd', 'supports:fwd', 'contains:fwd', 'contains:rev', 'maps:rev']","[0.7395718097686768, 0.1897554248571396, 0.05518125742673874, 0.006569662131369114, 0.004659474827349186]",0,1,7
usually <e1> trails <e2>,precedes:rev,5,supports:fwd,0.9093495011329651,0.011975422501564026,"['supports:fwd', 'contains:fwd', 'contains:rev', 'precedes:rev', 'supports:rev']","[0.9093495011329651, 0.046322960406541824, 0.02121567167341709, 0.011975422501564026, 0.005130614619702101]",0,1,7
usually <e1> is held up by <e2>,supports:rev,3,maps:rev,0.620394766330719,0.09814877063035965,"['maps:rev', 'contains:rev', 'supports:rev', 'precedes:fwd', 'precedes:rev']","[0.620394766330719, 0.23920664191246033, 0.09814877063035965, 0.021577754989266396, 0.008984537795186043]",0,1,7
to <e1> <e2> points,maps:rev,7,maps:fwd,0.6362839341163635,0.04462922737002373,"['maps:fwd', 'contains:rev', 'contains:fwd', 'maps:rev', 'supports:rev']","[0.6362839341163635, 0.1593894064426422, 0.1176896020770073, 0.04462922737002373, 0.034797608852386475]",0,1,7
within <e2> sits <e1> in context,contains:rev,1,supports:fwd,0.4539433419704437,0.005492284893989563,"['supports:fwd', 'contains:fwd', 'maps:fwd', 'precedes:fwd', 'precedes:rev']","[0.4539433419704437, 0.451742559671402, 0.055445387959480286, 0.016486383974552155, 0.00832210574299097]",0,0,7
inside <e1> is <e2> in context,contains:fwd,0,maps:fwd,0.8393287062644958,0.06654349714517593,"['maps:fwd', 'contains:fwd', 'supports:fwd', 'maps:rev', 'contains:rev']","[0.8393287062644958, 0.06654349714517593, 0.06047213822603226, 0.026292892172932625, 0.003992727492004633]",0,1,7
<e1> is held up by <e2>,supports:rev,3,maps:rev,0.7934589385986328,0.032694656401872635,"['maps:rev', 'contains:rev', 'supports:rev', 'precedes:rev', 'maps:fwd']","[0.7934589385986328, 0.15371045470237732, 0.032694656401872635, 0.011745902709662914, 0.003014088375493884]",0,1,7
inside <e2> is <e1>,contains:rev,1,contains:rev,0.6797693371772766,0.6797693371772766,"['contains:rev', 'maps:fwd', 'maps:rev', 'contains:fwd', 'supports:rev']","[0.6797693371772766, 0.2533455193042755, 0.03294762223958969, 0.02449052222073078, 0.00645563704892993]",1,1,7
to <e2> <e1> points usually,maps:fwd,6,contains:rev,0.6119595170021057,0.174948051571846,"['contains:rev', 'maps:fwd', 'contains:fwd', 'supports:rev', 'maps:rev']","[0.6119595170021057, 0.174948051571846, 0.138285294175148, 0.04722089692950249, 0.02251056768000126]",0,1,7
support for <e1> comes from <e2> for this case,supports:rev,3,precedes:fwd,0.5439450144767761,0.10732327401638031,"['precedes:fwd', 'precedes:rev', 'supports:rev', 'maps:rev', 'contains:rev']","[0.5439450144767761, 0.3344530165195465, 0.10732327401638031, 0.00658286502584815, 0.0034471536055207253]",0,1,7
support for <e1> comes from <e2> directly,supports:rev,3,precedes:fwd,0.4208725094795227,0.16362205147743225,"['precedes:fwd', 'precedes:rev', 'supports:rev', 'maps:rev', 'supports:fwd']","[0.4208725094795227, 0.39483609795570374, 0.16362205147743225, 0.009117797948420048, 0.005902474746108055]",0,1,7
<e2> trails <e1> in context,precedes:fwd,4,precedes:fwd,0.680503249168396,0.680503249168396,"['precedes:fwd', 'supports:rev', 'supports:fwd', 'maps:rev', 'maps:fwd']","[0.680503249168396, 0.2452087104320526, 0.026961347088217735, 0.024789851158857346, 0.01814253069460392]",1,1,7
the target of <e1> is <e2> in context,maps:fwd,6,maps:fwd,0.7456654906272888,0.7456654906272888,"['maps:fwd', 'maps:rev', 'supports:fwd', 'contains:rev', 'contains:fwd']","[0.7456654906272888, 0.2316085398197174, 0.007898282259702682, 0.0070306989364326, 0.004203121643513441]",1,1,7
backing <e2> is <e1>,supports:fwd,2,contains:rev,0.9622958302497864,0.0005295118317008018,"['contains:rev', 'maps:rev', 'maps:fwd', 'supports:rev', 'contains:fwd']","[0.9622958302497864, 0.02078196220099926, 0.006400177720934153, 0.004784297663718462, 0.004275793209671974]",0,0,7
backing <e1> is <e2> for this case,supports:rev,3,contains:fwd,0.48751363158226013,0.006225269287824631,"['contains:fwd', 'maps:rev', 'contains:rev', 'supports:fwd', 'precedes:rev']","[0.48751363158226013, 0.40597909688949585, 0.062037307769060135, 0.025134611874818802, 0.00881670881062746]",0,0,7
before <e1> comes <e2> directly,precedes:rev,5,precedes:rev,0.7271032333374023,0.7271032333374023,"['precedes:rev', 'precedes:fwd', 'supports:fwd', 'supports:rev', 'contains:fwd']","[0.7271032333374023, 0.25880709290504456, 0.005839185323566198, 0.0023212358355522156, 0.0021492585074156523]",1,1,7
<e2> is held up by <e1> in context,supports:fwd,2,maps:fwd,0.9806178212165833,0.0015629616100341082,"['maps:fwd', 'contains:fwd', 'contains:rev', 'maps:rev', 'supports:fwd']","[0.9806178212165833, 0.00979061983525753, 0.004025709815323353, 0.0019419314339756966, 0.0015629616100341082]",0,1,7
from <e2> <e1> is mapped in context,maps:rev,7,maps:fwd,0.9629022479057312,0.0019514051964506507,"['maps:fwd', 'contains:rev', 'precedes:fwd', 'supports:rev', 'maps:rev']","[0.9629022479057312, 0.02482699789106846, 0.004302668385207653, 0.003238090081140399, 0.0019514051964506507]",0,1,7
support for <e1> comes from <e2>,supports:rev,3,precedes:rev,0.5739322304725647,0.229934960603714,"['precedes:rev', 'supports:rev', 'precedes:fwd', 'maps:rev', 'supports:fwd']","[0.5739322304725647, 0.229934960603714, 0.1844400316476822, 0.0042420001700520515, 0.0039038739632815123]",0,1,7
backing <e2> is <e1> for this case,supports:fwd,2,maps:rev,0.6685301661491394,0.03176308423280716,"['maps:rev', 'contains:fwd', 'contains:rev', 'supports:fwd', 'precedes:rev']","[0.6685301661491394, 0.21773511171340942, 0.06758679449558258, 0.03176308423280716, 0.004781037103384733]",0,1,7
