seed,t,class,label,true_u,anchor_corrupted,anchor_changed,raw_anchor,corrected_anchor,verifier,raw_anchor_abs_error,corrected_anchor_abs_error,trust_delta_raw,trust_delta_corrected,trust_path_distance,slot_change_immediate_raw,slot_change_immediate_corrected,immediate_slot_paths_differ,future_decision_divergences,first_future_divergence,horizon_raw_utility,horizon_corrected_utility,horizon_utility_delta,raw_end_slots,corrected_end_slots,end_slot_paths_differ,raw_writes_end,corrected_writes_end,write_delta
0,19,junk,11,0.0585944254077047,False,False,0.012824069921293368,0.012824069921293368,0.08203402796656645,0.045770355486411334,0.045770355486411334,0.06966231189124031,0.06966231189124031,0.0,1,1,0,0,-1,15.735229026032211,15.735229026032211,0.0,"(0, 1, 2, 3, 5, 7, 8, 11)","(0, 1, 2, 3, 5, 7, 8, 11)",0,9,9,0
0,39,junk,13,0.04169933629614076,False,False,0.09933092277965169,0.09933092277965169,0.04847113775222518,0.05763158648351093,0.05763158648351093,0.06480433651954583,0.06480433651954583,0.0,1,1,0,0,-1,29.545715386256397,29.545715386256397,0.0,"(0, 1, 2, 3, 5, 7, 8, 11)","(0, 1, 2, 3, 5, 7, 8, 11)",0,10,10,0
0,59,junk,11,0.05295258787679807,False,False,0.22550178752632316,0.22550178752632316,0.0,0.1725491996495251,0.1725491996495251,0.040585346173503865,0.040585346173503865,0.0,0,0,0,0,-1,39.912933514818995,39.912933514818995,0.0,"(0, 1, 2, 3, 4, 5, 7, 8)","(0, 1, 2, 3, 4, 5, 7, 8)",0,11,11,0
0,79,junk,10,0.05674507985644907,True,True,2.595763042674268,0.2311557213509851,0.2311557213509851,2.5390179628178187,0.17441064149453606,0.07118622257225418,0.054039879400287316,0.12275851140106793,1,1,0,7,102,31.61997040380196,34.69325631893436,3.0732859151323986,"(1, 3, 4, 5, 6, 7, 8, 10)","(0, 1, 2, 3, 5, 6, 7, 8)",1,14,13,-1
0,99,useful,5,0.876536415709985,False,False,0.8553804513210292,0.8553804513210292,0.6240070078520028,0.021155964388955728,0.021155964388955728,0.032240905522051125,0.032240905522051125,0.0,0,0,0,0,-1,30.823463688545363,30.823463688545363,0.0,"(0, 1, 2, 3, 5, 6, 7, 8)","(0, 1, 2, 3, 5, 6, 7, 8)",0,13,13,0
0,119,useful,3,0.998707274126681,False,False,0.9620496996423025,0.9620496996423025,1.0801450937789716,0.03665757448437856,0.03665757448437856,0.032094294695312074,0.032094294695312074,0.0,0,0,0,0,-1,18.410095701119346,18.410095701119346,0.0,"(0, 1, 2, 3, 4, 6, 7, 8)","(0, 1, 2, 3, 4, 6, 7, 8)",0,14,14,0
0,139,junk,9,0.048382499424690334,False,False,0.017935950321721555,0.017935950321721555,0.0,0.03044654910296878,0.03044654910296878,0.05254595931612356,0.05254595931612356,0.0,0,0,0,0,-1,16.873919132780166,16.873919132780166,0.0,"(0, 1, 2, 3, 5, 6, 7, 8)","(0, 1, 2, 3, 5, 6, 7, 8)",0,15,15,0
0,159,junk,9,0.0568433774376636,False,False,0.10347726370782331,0.10347726370782331,0.6117397326233449,0.04663388627015971,0.04663388627015971,0.04599370887934316,0.04599370887934316,0.0,0,0,0,0,-1,27.520043712932996,27.520043712932996,0.0,"(0, 1, 2, 3, 4, 6, 7, 8)","(0, 1, 2, 3, 4, 6, 7, 8)",0,16,16,0
0,179,transient,10031,0.0,False,False,0.01656613763599196,0.01656613763599196,0.0,0.01656613763599196,0.01656613763599196,0.04618840671846744,0.04618840671846744,0.0,0,0,0,0,-1,29.353075629362415,29.353075629362415,0.0,"(0, 1, 2, 3, 4, 6, 7, 8)","(0, 1, 2, 3, 4, 6, 7, 8)",0,16,16,0
0,199,useful,1,1.1648182905688178,False,False,1.1614939034520875,1.1614939034520875,1.0228834716826964,0.003324387116730332,0.003324387116730332,0.02689430359461147,0.02689430359461147,0.0,0,0,0,0,-1,31.689174342877198,31.689174342877198,0.0,"(0, 1, 2, 3, 5, 6, 7, 8)","(0, 1, 2, 3, 5, 6, 7, 8)",0,17,17,0
0,219,junk,12,0.03706117228587691,False,False,0.0,0.0,0.0,0.03706117228587691,0.03706117228587691,0.04025536059994894,0.04025536059994894,0.0,0,0,0,0,-1,41.836635250442264,41.836635250442264,0.0,"(0, 1, 2, 3, 5, 6, 7, 8)","(0, 1, 2, 3, 5, 6, 7, 8)",0,17,17,0
0,239,transient,10041,0.0,False,False,0.08301053865358898,0.08301053865358898,0.0,0.08301053865358898,0.08301053865358898,0.0348678656836879,0.0348678656836879,0.0,0,0,0,0,-1,46.93465893645591,46.93465893645591,0.0,"(0, 1, 2, 3, 4, 6, 7, 8)","(0, 1, 2, 3, 4, 6, 7, 8)",0,18,18,0
0,259,useful,2,0.7792168941617291,False,False,0.8153395618594843,0.8153395618594843,0.9912265914388572,0.036122667697755184,0.036122667697755184,0.027199241069338097,0.027199241069338097,0.0,0,0,0,0,-1,52.31394100112267,52.31394100112267,0.0,"(0, 1, 2, 4, 5, 6, 7, 8)","(0, 1, 2, 4, 5, 6, 7, 8)",0,19,19,0
0,279,useful,0,1.1046436465523768,False,False,1.2175059824798784,1.2175059824798784,0.7944801119039355,0.11286233592750161,0.11286233592750161,0.02563317756368901,0.02563317756368901,0.0,0,0,0,0,-1,48.380052552552044,48.380052552552044,0.0,"(0, 1, 2, 4, 5, 6, 7, 8)","(0, 1, 2, 4, 5, 6, 7, 8)",0,19,19,0
0,299,useful,0,1.2464321600053883,False,False,1.204196056259083,1.204196056259083,1.2404899730052923,0.042236103746305265,0.042236103746305265,0.027950598274981267,0.027950598274981267,0.0,0,0,0,0,-1,34.01128058313929,34.01128058313929,0.0,"(0, 1, 2, 4, 5, 6, 7, 8)","(0, 1, 2, 4, 5, 6, 7, 8)",0,21,21,0
0,319,junk,9,0.039587315462038225,False,False,0.029776458347250248,0.029776458347250248,0.0,0.009810857114787977,0.009810857114787977,0.03497419877828431,0.03497419877828431,0.0,0,0,0,0,-1,25.703835218006905,25.703835218006905,0.0,"(0, 1, 2, 3, 4, 6, 7, 8)","(0, 1, 2, 3, 4, 6, 7, 8)",0,22,22,0
0,339,useful,0,1.2495586297494021,False,False,1.1958574669806534,1.1958574669806534,1.3758477881153564,0.0537011627687487,0.0537011627687487,0.017932096361690925,0.017932096361690925,0.0,0,0,0,0,-1,37.35719363663037,37.35719363663037,0.0,"(0, 1, 2, 3, 4, 6, 7, 8)","(0, 1, 2, 3, 4, 6, 7, 8)",0,22,22,0
0,359,useful,3,0.998900851339149,False,False,0.9567016351355146,0.9567016351355146,1.0881005671502877,0.042199216203634315,0.042199216203634315,0.030221590387538494,0.030221590387538494,0.0,0,0,0,0,-1,35.8670358152205,35.8670358152205,0.0,"(0, 1, 2, 3, 5, 6, 7, 8)","(0, 1, 2, 3, 5, 6, 7, 8)",0,23,23,0
0,379,junk,13,0.06323743119388588,False,False,0.045387672661441975,0.045387672661441975,0.0,0.017849758532443902,0.017849758532443902,0.028625219544522237,0.028625219544522237,0.0,0,0,0,0,-1,21.626307524086716,21.626307524086716,0.0,"(0, 1, 2, 3, 4, 6, 7, 8)","(0, 1, 2, 3, 4, 6, 7, 8)",0,24,24,0
0,399,useful,1,1.2938199927587943,False,False,1.202068922191066,1.202068922191066,1.53062639048211,0.09175107056772824,0.09175107056772824,0.010464306244411394,0.010464306244411394,0.0,0,0,0,0,-1,26.223678938930586,26.223678938930586,0.0,"(0, 1, 2, 3, 4, 6, 7, 8)","(0, 1, 2, 3, 4, 6, 7, 8)",0,24,24,0
0,419,junk,11,0.04049379986712789,False,False,0.0746977131371783,0.0746977131371783,0.032658446403395436,0.03420391327005041,0.03420391327005041,0.02585849134726879,0.02585849134726879,0.0,0,0,0,0,-1,37.14988659512137,37.14988659512137,0.0,"(0, 1, 2, 3, 4, 6, 7, 8)","(0, 1, 2, 3, 4, 6, 7, 8)",0,24,24,0
0,439,useful,0,0.6865275604780151,False,False,0.6968538044389679,0.6968538044389679,0.4025334379767511,0.01032624396095283,0.01032624396095283,0.025169381879867076,0.025169381879867076,0.0,0,0,0,0,-1,38.466841298001924,38.466841298001924,0.0,"(0, 1, 2, 3, 5, 6, 7, 8)","(0, 1, 2, 3, 5, 6, 7, 8)",0,25,25,0
0,459,useful,1,0.810816115464394,False,False,0.7930222472533526,0.7930222472533526,0.7499349034821241,0.017793868211041453,0.017793868211041453,0.019920603926793345,0.019920603926793345,0.0,0,0,0,0,-1,32.40689082053537,32.40689082053537,0.0,"(0, 1, 2, 3, 5, 6, 7, 8)","(0, 1, 2, 3, 5, 6, 7, 8)",0,25,25,0
0,479,useful,0,1.2561785410659523,False,False,1.2265423066354033,1.2265423066354033,1.390069530195201,0.02963623443054897,0.02963623443054897,0.01476266392621886,0.01476266392621886,0.0,0,0,0,0,-1,27.203362497529486,27.203362497529486,0.0,"(0, 1, 2, 3, 4, 6, 7, 8)","(0, 1, 2, 3, 4, 6, 7, 8)",0,26,26,0
0,499,useful,5,0.8465525824896765,False,False,0.8717092527876793,0.8717092527876793,1.1324319658068052,0.025156670298002837,0.025156670298002837,0.022342067674746773,0.022342067674746773,0.0,0,0,0,0,-1,26.806725839511525,26.806725839511525,0.0,"(0, 1, 2, 3, 4, 6, 7, 8)","(0, 1, 2, 3, 4, 6, 7, 8)",0,26,26,0
0,519,junk,12,0.043910173420344124,False,False,0.03302242248753059,0.03302242248753059,0.43746484827743115,0.010887750932813536,0.010887750932813536,0.027320674238581734,0.027320674238581734,0.0,0,0,0,0,-1,30.377698259224623,30.377698259224623,0.0,"(0, 1, 2, 3, 4, 6, 7, 8)","(0, 1, 2, 3, 4, 6, 7, 8)",0,26,26,0
0,539,useful,0,1.2462915417648817,False,False,1.2568659823385886,1.2568659823385886,1.5700313204106724,0.010574440573706934,0.010574440573706934,0.018007118356350015,0.018007118356350015,0.0,0,0,0,0,-1,39.82411185621021,39.82411185621021,0.0,"(0, 1, 3, 4, 5, 6, 7, 8)","(0, 1, 3, 4, 5, 6, 7, 8)",0,27,27,0
0,559,junk,12,0.07174316482286003,True,True,3.000792134599882,0.0,0.0,2.929048969777022,0.07174316482286003,0.11313388549634969,0.030403848655781357,0.13870371305423018,1,0,1,8,561,42.02580038388491,45.92915837463702,3.903357990752106,"(0, 1, 2, 4, 5, 6, 7, 8)","(0, 1, 2, 3, 4, 6, 7, 8)",1,30,28,-2
0,579,junk,13,0.05410681548887866,False,False,0.02851747621904427,0.02851747621904427,0.10574669412891785,0.025589339269834394,0.025589339269834394,0.023731323447696382,0.023731323447696382,0.0,0,0,0,0,-1,42.380405877171754,42.380405877171754,0.0,"(0, 1, 2, 3, 4, 6, 7, 8)","(0, 1, 2, 3, 4, 6, 7, 8)",0,28,28,0
0,599,useful,4,1.466755642687298,False,False,1.5592069968991578,1.5592069968991578,1.3298950697144205,0.09245135421185968,0.09245135421185968,0.01661198514751107,0.01661198514751107,0.0,0,0,0,0,-1,22.44766066081179,22.44766066081179,0.0,"(0, 1, 3, 4, 5, 6, 7, 8)","(0, 1, 3, 4, 5, 6, 7, 8)",0,29,29,0
0,619,useful,4,1.1286038065039505,False,False,1.179700412736901,1.179700412736901,1.1895397010576176,0.05109660623295054,0.05109660623295054,0.014408700859864251,0.014408700859864251,0.0,0,0,0,0,-1,22.495499282791886,22.495499282791886,0.0,"(0, 1, 3, 4, 5, 6, 7, 8)","(0, 1, 3, 4, 5, 6, 7, 8)",0,31,31,0
0,639,junk,11,0.02356615633569972,False,False,0.0,0.0,0.0,0.02356615633569972,0.02356615633569972,0.02897013406279172,0.02897013406279172,0.0,0,0,0,0,-1,32.268031568298454,32.268031568298454,0.0,"(0, 1, 3, 4, 5, 6, 7, 8)","(0, 1, 3, 4, 5, 6, 7, 8)",0,31,31,0
0,659,transient,10090,0.0,True,True,2.5912496601479886,0.26746356091380274,0.26746356091380274,2.5912496601479886,0.26746356091380274,0.10714879045853265,0.01851542851884312,0.11022698712462892,0,0,0,3,684,43.75089325267332,43.75089325267332,0.0,"(0, 1, 2, 3, 4, 6, 7, 8)","(0, 1, 3, 4, 5, 6, 7, 8)",1,32,31,-1
0,679,junk,13,0.05825100231667514,False,False,0.01837394808293484,0.01837394808293484,0.07723252737843597,0.0398770542337403,0.0398770542337403,0.022174683528423965,0.022174683528423965,0.0,0,0,0,0,-1,36.281529005051226,36.281529005051226,0.0,"(0, 1, 3, 4, 6, 7, 8, 9)","(0, 1, 3, 4, 6, 7, 8, 9)",0,36,36,0
0,699,useful,3,1.096222728849937,False,False,1.052520952017929,1.052520952017929,0.9963186293551349,0.043701776832008044,0.043701776832008044,0.023820294193896936,0.023820294193896936,0.0,0,0,0,0,-1,18.785100766004966,18.785100766004966,0.0,"(0, 1, 4, 6, 7, 8, 12, 13)","(0, 1, 4, 6, 7, 8, 12, 13)",0,42,42,0
0,719,junk,13,0.05199330645163822,False,False,0.10941690677545951,0.10941690677545951,0.0,0.05742360032382129,0.05742360032382129,0.06875841818154707,0.06875841818154707,0.0,1,1,0,0,-1,25.443620888598105,25.443620888598105,0.0,"(0, 1, 3, 4, 6, 7, 8, 11)","(0, 1, 3, 4, 6, 7, 8, 11)",0,42,42,0
0,739,junk,11,0.05162056800756605,False,False,0.05418434895139225,0.05418434895139225,0.0,0.0025637809438261994,0.0025637809438261994,0.06490685357708444,0.06490685357708444,0.0,1,1,0,0,-1,23.825925441108183,23.825925441108183,0.0,"(0, 1, 3, 4, 6, 7, 8, 11)","(0, 1, 3, 4, 6, 7, 8, 11)",0,43,43,0
0,759,junk,10,0.0363461311737799,False,False,0.09477631168580232,0.09477631168580232,0.32668964087650104,0.05843018051202242,0.05843018051202242,0.05965166312309449,0.05965166312309449,0.0,0,0,0,0,-1,35.32932912242761,35.32932912242761,0.0,"(0, 1, 2, 3, 4, 6, 7, 8)","(0, 1, 2, 3, 4, 6, 7, 8)",0,44,44,0
0,779,junk,11,0.04748564992031566,False,False,0.027623652542417883,0.027623652542417883,0.1545355154435185,0.01986199737789778,0.01986199737789778,0.05501357402741396,0.05501357402741396,0.0,1,1,0,0,-1,43.69293877650052,43.69293877650052,0.0,"(0, 1, 2, 3, 4, 6, 7, 8)","(0, 1, 2, 3, 4, 6, 7, 8)",0,45,45,0
0,799,useful,2,1.2625017897507664,False,False,1.2434591055697046,1.2434591055697046,1.2147857625243834,0.01904268418106181,0.01904268418106181,0.03237657886866688,0.03237657886866688,0.0,1,1,0,0,-1,33.18007423745341,33.18007423745341,0.0,"(0, 1, 2, 3, 4, 6, 7, 8)","(0, 1, 2, 3, 4, 6, 7, 8)",0,45,45,0
0,819,useful,3,1.0442996823640684,False,False,1.0849432904297367,1.0849432904297367,1.2119893149408976,0.040643608065668246,0.040643608065668246,0.02286857461393916,0.02286857461393916,0.0,0,0,0,0,-1,22.069730549039992,22.069730549039992,0.0,"(0, 1, 2, 3, 4, 6, 7, 8)","(0, 1, 2, 3, 4, 6, 7, 8)",0,47,47,0
0,839,useful,2,0.8813609650858517,False,False,0.8976727701848615,0.8976727701848615,0.8868061576982299,0.016311805099009757,0.016311805099009757,0.024461413782912136,0.024461413782912136,0.0,0,0,0,0,-1,31.285439417156283,31.285439417156283,0.0,"(0, 1, 2, 3, 4, 6, 7, 8)","(0, 1, 2, 3, 4, 6, 7, 8)",0,49,49,0
0,859,transient,10110,0.0,False,False,0.11972232264384637,0.11972232264384637,0.0,0.11972232264384637,0.11972232264384637,0.04831741717829778,0.04831741717829778,0.0,0,0,0,0,-1,40.39196325150844,40.39196325150844,0.0,"(0, 1, 3, 4, 5, 6, 7, 8)","(0, 1, 3, 4, 5, 6, 7, 8)",0,50,50,0
0,879,useful,5,0.6535585368527785,False,False,0.723934881339393,0.723934881339393,0.6633078757733081,0.07037634448661445,0.07037634448661445,0.02647681267613117,0.02647681267613117,0.0,0,0,0,0,-1,47.32349427224823,47.32349427224823,0.0,"(0, 1, 3, 4, 5, 6, 7, 8)","(0, 1, 3, 4, 5, 6, 7, 8)",0,50,50,0
0,899,useful,0,1.0701122748623646,False,False,1.0383980055256965,1.0383980055256965,1.0807860927260218,0.0317142693366681,0.0317142693366681,0.02404753664139752,0.02404753664139752,0.0,0,0,0,0,-1,38.72086263501109,38.72086263501109,0.0,"(0, 1, 3, 4, 5, 6, 7, 8)","(0, 1, 3, 4, 5, 6, 7, 8)",0,52,52,0
0,919,junk,9,0.061425933235815314,False,False,0.008709624782569383,0.008709624782569383,0.16611917395911335,0.05271630845324593,0.05271630845324593,0.04622834627244187,0.04622834627244187,0.0,1,1,0,0,-1,33.94544838092351,33.94544838092351,0.0,"(0, 1, 2, 3, 4, 6, 7, 8)","(0, 1, 2, 3, 4, 6, 7, 8)",0,54,54,0
0,939,useful,5,0.8429584966346156,False,False,0.9052084426782401,0.9052084426782401,0.753955170531437,0.06224994604362444,0.06224994604362444,0.01652418823171794,0.01652418823171794,0.0,1,1,0,0,-1,39.14130062520652,39.14130062520652,0.0,"(0, 1, 2, 3, 4, 6, 7, 8)","(0, 1, 2, 3, 4, 6, 7, 8)",0,54,54,0
0,959,useful,2,0.7543406079589005,False,False,0.7951900868610237,0.7951900868610237,0.8485012362181897,0.040849478902123204,0.040849478902123204,0.029818857143361917,0.029818857143361917,0.0,0,0,0,0,-1,38.99323783519701,38.99323783519701,0.0,"(0, 1, 2, 3, 4, 6, 7, 8)","(0, 1, 2, 3, 4, 6, 7, 8)",0,54,54,0
0,979,transient,10124,0.0,False,False,0.00971866522396715,0.00971866522396715,0.30000474875426897,0.00971866522396715,0.00971866522396715,0.04119081608666325,0.04119081608666325,0.0,0,0,0,0,-1,31.507653512912693,31.507653512912693,0.0,"(0, 1, 3, 4, 5, 6, 7, 8)","(0, 1, 3, 4, 5, 6, 7, 8)",0,55,55,0
0,999,useful,2,1.0703627544084755,False,False,1.0892116727924503,1.0892116727924503,1.0758005171009268,0.018848918383974844,0.018848918383974844,0.017499628483738136,0.017499628483738136,0.0,0,0,0,0,-1,28.135024620262648,28.135024620262648,0.0,"(0, 1, 3, 4, 5, 6, 7, 8)","(0, 1, 3, 4, 5, 6, 7, 8)",0,55,55,0
0,1019,useful,0,0.6423426949611604,True,False,0.13571731054824737,0.13571731054824737,0.6125223936307035,0.5066253844129129,0.5066253844129129,0.06433674470036611,0.06433674470036611,0.0,0,0,0,0,-1,28.1031791380686,28.1031791380686,0.0,"(0, 1, 2, 3, 4, 6, 7, 8)","(0, 1, 2, 3, 4, 6, 7, 8)",0,56,56,0
0,1039,useful,5,1.1569345818169972,False,False,1.12374933046548,1.12374933046548,1.3363671249494786,0.033185251351517175,0.033185251351517175,0.004437564760811354,0.004437564760811354,0.0,0,0,0,0,-1,25.61810537188986,25.61810537188986,0.0,"(0, 1, 2, 3, 4, 6, 7, 8)","(0, 1, 2, 3, 4, 6, 7, 8)",0,58,58,0
0,1059,junk,9,0.06520244352654274,False,False,0.09168087221243129,0.09168087221243129,0.051578093875851605,0.026478428685888553,0.026478428685888553,0.04385971013512093,0.04385971013512093,0.0,1,1,0,0,-1,26.98733680980584,26.98733680980584,0.0,"(0, 1, 2, 3, 4, 6, 7, 8)","(0, 1, 2, 3, 4, 6, 7, 8)",0,59,59,0
0,1079,transient,10140,0.0,False,False,0.0,0.0,0.03791414513908604,0.0,0.0,0.04148378177076476,0.04148378177076476,0.0,0,0,0,0,-1,43.854695169795335,43.854695169795335,0.0,"(0, 1, 2, 3, 5, 6, 7, 8)","(0, 1, 2, 3, 5, 6, 7, 8)",0,60,60,0
0,1099,useful,3,1.0376300988308431,False,False,1.0524175158747453,1.0524175158747453,0.902513354857076,0.014787417043902185,0.014787417043902185,0.026619807959323342,0.026619807959323342,0.0,0,0,0,0,-1,52.440462220304184,52.440462220304184,0.0,"(0, 1, 2, 3, 5, 6, 7, 8)","(0, 1, 2, 3, 5, 6, 7, 8)",0,60,60,0
0,1119,useful,2,0.9154782340427241,True,False,0.10035425688252525,0.10035425688252525,0.7545280604538296,0.8151239771601988,0.8151239771601988,0.08281868467762553,0.08281868467762553,0.0,0,0,0,0,-1,34.62737396923953,34.62737396923953,0.0,"(0, 2, 3, 4, 5, 6, 7, 8)","(0, 2, 3, 4, 5, 6, 7, 8)",0,62,62,0
0,1139,transient,10152,0.0,False,False,0.02462609958319864,0.02462609958319864,0.41366440957783196,0.02462609958319864,0.02462609958319864,0.047689931892940955,0.047689931892940955,0.0,0,0,0,0,-1,37.15009034140719,37.15009034140719,0.0,"(0, 2, 3, 4, 5, 6, 7, 8)","(0, 2, 3, 4, 5, 6, 7, 8)",0,62,62,0
0,1159,useful,4,0.8028215514077166,False,False,0.8408811669010798,0.8408811669010798,0.5913448430020513,0.03805961549336323,0.03805961549336323,0.020810052077522602,0.020810052077522602,0.0,0,0,0,0,-1,43.69636338704321,43.69636338704321,0.0,"(0, 2, 3, 4, 5, 6, 7, 8)","(0, 2, 3, 4, 5, 6, 7, 8)",0,64,64,0
0,1179,useful,1,0.8075485018756465,True,False,0.1510943388578111,0.1510943388578111,0.7870639189128047,0.6564541630178354,0.6564541630178354,0.06869215037176184,0.06869215037176184,0.0,0,0,0,0,-1,37.38012567872632,37.38012567872632,0.0,"(0, 1, 2, 3, 4, 6, 7, 8)","(0, 1, 2, 3, 4, 6, 7, 8)",0,65,65,0
0,1199,useful,5,1.1331998318112104,False,False,0.9678915171892342,0.9678915171892342,1.194705489194117,0.16530831462197626,0.16530831462197626,0.008994399251100012,0.008994399251100012,0.0,0,0,0,0,-1,34.58097433204581,34.58097433204581,0.0,"(0, 2, 3, 4, 5, 6, 7, 8)","(0, 2, 3, 4, 5, 6, 7, 8)",0,66,66,0
0,1219,critical,6,3.4499451102421617,True,True,0.9287199763297598,3.48590496680693,3.48590496680693,2.521225133912402,0.03595985656476852,0.08551827264632354,0.04336151978255707,0.11481678919580043,0,0,0,6,1247,31.706018363872644,33.19381830046905,1.487799936596403,"(0, 1, 2, 3, 4, 6, 7, 8)","(0, 1, 2, 3, 5, 6, 7, 8)",1,65,66,1
0,1239,junk,11,0.05760710930467884,False,False,0.07133052509897286,0.07133052509897286,0.06455931695250972,0.013723415794294022,0.013723415794294022,0.04342718912331155,0.04342718912331155,0.0,1,1,0,0,-1,33.53174020048967,33.53174020048967,0.0,"(0, 2, 3, 4, 5, 6, 7, 8)","(0, 2, 3, 4, 5, 6, 7, 8)",0,68,68,0
0,1259,transient,10160,0.0,False,False,0.0,0.0,0.0,0.0,0.0,0.04538909067839872,0.04538909067839872,0.0,0,0,0,0,-1,30.315719281005755,30.315719281005755,0.0,"(0, 2, 3, 4, 5, 6, 7, 8)","(0, 2, 3, 4, 5, 6, 7, 8)",0,68,68,0
0,1279,useful,3,0.8895714169262455,False,False,0.8773659480447402,0.8773659480447402,0.758082341130557,0.01220546888150531,0.01220546888150531,0.028568783435486033,0.028568783435486033,0.0,0,0,0,0,-1,46.78784645662819,46.78784645662819,0.0,"(0, 2, 3, 4, 5, 6, 7, 8)","(0, 2, 3, 4, 5, 6, 7, 8)",0,70,70,0
0,1299,useful,1,1.1192528804492925,True,True,0.09969112706013032,1.170039488980271,1.170039488980271,1.019561753389162,0.050786608530978494,0.07322828475725758,0.02974911521064916,0.088311282005011,1,1,0,0,-1,42.259910888224624,42.259910888224624,0.0,"(0, 2, 3, 4, 5, 6, 7, 8)","(0, 2, 3, 4, 5, 6, 7, 8)",0,70,70,0
0,1319,useful,1,1.0280897159489957,False,False,1.0060958196009733,1.0060958196009733,1.177775009652309,0.0219938963480224,0.0219938963480224,0.009622435296812577,0.009622435296812577,0.0,0,0,0,0,-1,48.823120589891595,48.823120589891595,0.0,"(0, 1, 3, 4, 5, 6, 7, 8)","(0, 1, 3, 4, 5, 6, 7, 8)",0,71,71,0
0,1339,junk,12,0.04751257428887288,False,True,0.024815231923693643,0.7884369864909734,0.7884369864909734,0.022697342365179236,0.7409244122021005,0.041348304894682775,0.04141529088308065,0.046120655669315475,0,1,1,7,1343,35.47116409074912,34.51377588148901,-0.9573882092601096,"(0, 1, 2, 3, 5, 6, 7, 8)","(0, 1, 2, 3, 5, 6, 7, 8)",0,72,74,2
0,1359,junk,13,0.027806741126115954,False,False,0.0762419466474943,0.0762419466474943,0.07703092336932924,0.048435205521378345,0.048435205521378345,0.0396198859581966,0.0396198859581966,0.0,0,0,0,0,-1,27.671491746124595,27.671491746124595,0.0,"(0, 1, 2, 3, 5, 6, 7, 8)","(0, 1, 2, 3, 5, 6, 7, 8)",0,76,76,0
0,1379,junk,11,0.07769874649471574,False,False,0.09625315488887073,0.09625315488887073,0.38944644374697185,0.018554408394154995,0.018554408394154995,0.03569826698820523,0.03569826698820523,0.0,1,1,0,0,-1,16.8282539482024,16.8282539482024,0.0,"(0, 2, 3, 4, 5, 6, 7, 8)","(0, 2, 3, 4, 5, 6, 7, 8)",0,76,76,0
0,1399,useful,5,1.0889591450013179,False,False,1.15010686957961,1.15010686957961,0.930027738411219,0.061147724578292095,0.061147724578292095,0.012582858190876269,0.012582858190876269,0.0,0,0,0,0,-1,0.0,0.0,0.0,"(0, 2, 3, 4, 5, 6, 7, 8)","(0, 2, 3, 4, 5, 6, 7, 8)",0,76,76,0
1,19,critical,8,4.535230374684931,False,False,4.4500657762478895,4.4500657762478895,4.742923598129945,0.08516459843704194,0.08516459843704194,0.06263387987029208,0.06263387987029208,0.0,1,1,0,0,-1,30.351290842169508,30.351290842169508,0.0,"(0, 1, 3, 4, 5, 7, 8, 10)","(0, 1, 3, 4, 5, 7, 8, 10)",0,11,11,0
1,39,useful,1,0.943053425746674,False,False,0.9389288384708989,0.9389288384708989,0.8933416211005472,0.004124587275775027,0.004124587275775027,0.035938422658073406,0.035938422658073406,0.0,1,1,0,0,-1,35.29660985852159,35.29660985852159,0.0,"(0, 2, 3, 4, 5, 7, 8, 10)","(0, 2, 3, 4, 5, 7, 8, 10)",0,13,13,0
1,59,critical,7,4.447347621897713,False,False,4.481346927832926,4.481346927832926,4.2640535762467815,0.03399930593521372,0.03399930593521372,0.06064250806270849,0.06064250806270849,0.0,0,0,0,0,-1,22.17267390566327,22.17267390566327,0.0,"(1, 3, 4, 5, 6, 7, 8, 10)","(1, 3, 4, 5, 6, 7, 8, 10)",0,15,15,0
1,79,junk,10,0.03746775862622727,False,False,0.05408278163268053,0.05408278163268053,0.2127096525335631,0.01661502300645326,0.01661502300645326,0.053514405820171945,0.053514405820171945,0.0,0,0,0,0,-1,24.39830661605593,24.39830661605593,0.0,"(1, 2, 3, 4, 5, 6, 7, 8)","(1, 2, 3, 4, 5, 6, 7, 8)",0,16,16,0
1,99,junk,11,0.04559873773894422,False,False,0.007796729324618425,0.007796729324618425,0.05064061996941517,0.037802008414325794,0.037802008414325794,0.05307078510969604,0.05307078510969604,0.0,1,1,0,0,-1,28.627145238247863,28.627145238247863,0.0,"(0, 1, 3, 4, 5, 6, 7, 8)","(0, 1, 3, 4, 5, 6, 7, 8)",0,18,18,0
1,119,junk,11,0.0304262851942605,False,False,0.04846055851705855,0.04846055851705855,0.0,0.01803427332279805,0.01803427332279805,0.047415182655606264,0.047415182655606264,0.0,0,0,0,0,-1,30.35972526409527,30.35972526409527,0.0,"(1, 2, 3, 4, 5, 6, 7, 8)","(1, 2, 3, 4, 5, 6, 7, 8)",0,19,19,0
1,139,junk,10,0.04293846502834429,False,False,0.0,0.0,0.0,0.04293846502834429,0.04293846502834429,0.040552023048409054,0.040552023048409054,0.0,0,0,0,0,-1,32.31046629948341,32.31046629948341,0.0,"(0, 1, 2, 3, 4, 6, 7, 8)","(0, 1, 2, 3, 4, 6, 7, 8)",0,20,20,0
1,159,useful,4,1.1006738173558825,False,False,1.1610624059570887,1.1610624059570887,1.2540192945218516,0.060388588601206106,0.060388588601206106,0.016235878315266374,0.016235878315266374,0.0,0,0,0,0,-1,30.368010317445684,30.368010317445684,0.0,"(0, 1, 2, 3, 4, 6, 7, 8)","(0, 1, 2, 3, 4, 6, 7, 8)",0,20,20,0
1,179,junk,9,0.036845890188618016,False,False,0.0,0.0,0.15389733755964596,0.036845890188618016,0.036845890188618016,0.02648438685455074,0.02648438685455074,0.0,0,0,0,0,-1,37.59152262944916,37.59152262944916,0.0,"(1, 2, 3, 4, 5, 6, 7, 8)","(1, 2, 3, 4, 5, 6, 7, 8)",0,21,21,0
1,199,useful,2,1.298618776491956,False,False,1.3901804496473105,1.3901804496473105,1.163463193535401,0.09156167315535457,0.09156167315535457,0.029893215579641558,0.029893215579641558,0.0,0,0,0,0,-1,46.82372016413262,46.82372016413262,0.0,"(0, 1, 2, 3, 4, 6, 7, 8)","(0, 1, 2, 3, 4, 6, 7, 8)",0,22,22,0
1,219,useful,5,1.2442809163869113,False,False,1.2001193115265214,1.2001193115265214,1.489975550681714,0.04416160486038989,0.04416160486038989,0.02773086250925781,0.02773086250925781,0.0,0,0,0,0,-1,40.96254318483161,40.96254318483161,0.0,"(0, 1, 2, 3, 4, 6, 7, 8)","(0, 1, 2, 3, 4, 6, 7, 8)",0,22,22,0
1,239,useful,4,1.2680087233585928,False,False,1.170338219256088,1.170338219256088,1.1920531511633168,0.09767050410250477,0.09767050410250477,0.030899696911296747,0.030899696911296747,0.0,0,0,0,0,-1,34.23128772764154,34.23128772764154,0.0,"(1, 2, 3, 4, 5, 6, 7, 8)","(1, 2, 3, 4, 5, 6, 7, 8)",0,23,23,0
1,259,useful,4,0.8982583714181595,True,True,0.015842799246391315,0.8416672334364532,0.8416672334364532,0.8824155721717681,0.05659113798170623,0.046307599777048854,0.03869867913967978,0.06541315322124969,0,0,0,1,308,30.808925180423415,30.808925180423415,0.0,"(1, 2, 3, 4, 5, 6, 7, 8)","(0, 1, 3, 4, 5, 6, 7, 8)",1,23,24,1
1,279,junk,9,0.05151279573305442,True,True,2.6942722640802153,0.13742148652173383,0.13742148652173383,2.642759468347161,0.08590869078867941,0.09965996377942324,0.04069283537808103,0.13830394422615166,1,0,1,2,283,32.653944459107706,34.57114768522907,1.9172032261213658,"(0, 1, 3, 4, 5, 6, 7, 8)","(0, 1, 3, 4, 5, 6, 7, 8)",0,26,24,-2
1,299,transient,10039,0.0,False,False,0.0,0.0,0.08246578046919491,0.0,0.0,0.03956496282485988,0.03956496282485988,0.0,0,0,0,0,-1,30.0509013365112,30.0509013365112,0.0,"(0, 1, 3, 4, 5, 6, 7, 8)","(0, 1, 3, 4, 5, 6, 7, 8)",0,24,24,0
1,319,critical,7,3.5278540007682353,False,False,3.5766298669102827,3.5766298669102827,3.659709220582825,0.04877586614204743,0.04877586614204743,0.0303655125694935,0.0303655125694935,0.0,0,0,0,0,-1,23.678443354913114,23.678443354913114,0.0,"(0, 1, 3, 4, 5, 6, 7, 8)","(0, 1, 3, 4, 5, 6, 7, 8)",0,24,24,0
1,339,useful,5,1.1671935901697572,False,False,1.1686540020014429,1.1686540020014429,1.0219902555981661,0.0014604118316856596,0.0014604118316856596,0.025908340853928388,0.025908340853928388,0.0,0,0,0,0,-1,27.13216887267145,27.13216887267145,0.0,"(1, 2, 3, 4, 5, 6, 7, 8)","(1, 2, 3, 4, 5, 6, 7, 8)",0,25,25,0
1,359,useful,4,0.7190009880867911,False,False,0.730438683872488,0.730438683872488,1.3054504189782825,0.011437695785696866,0.011437695785696866,0.030725106776457397,0.030725106776457397,0.0,0,0,0,0,-1,29.089940990392943,29.089940990392943,0.0,"(0, 1, 3, 4, 5, 6, 7, 8)","(0, 1, 3, 4, 5, 6, 7, 8)",0,26,26,0
1,379,junk,10,0.06357055492953549,False,False,0.0,0.0,0.07061893300562018,0.06357055492953549,0.06357055492953549,0.036811708985616726,0.036811708985616726,0.0,0,0,0,0,-1,21.57957077975522,21.57957077975522,0.0,"(1, 2, 3, 4, 5, 6, 7, 8)","(1, 2, 3, 4, 5, 6, 7, 8)",0,27,27,0
1,399,useful,4,1.243956479348669,False,False,1.3081963621111554,1.3081963621111554,1.319594420142617,0.06423988276248638,0.06423988276248638,0.02337631969304796,0.02337631969304796,0.0,0,0,0,0,-1,17.605504361900195,17.605504361900195,0.0,"(1, 2, 3, 4, 5, 6, 7, 8)","(1, 2, 3, 4, 5, 6, 7, 8)",0,27,27,0
1,419,junk,10,0.055504628043007556,False,False,0.08270212154332403,0.08270212154332403,0.0,0.027197493500316472,0.027197493500316472,0.025526524606618705,0.025526524606618705,0.0,0,0,0,0,-1,35.25531350114781,35.25531350114781,0.0,"(0, 1, 3, 4, 5, 6, 7, 8)","(0, 1, 3, 4, 5, 6, 7, 8)",0,28,28,0
1,439,critical,7,4.260791291798002,False,False,4.2834688705090205,4.2834688705090205,4.122474690328271,0.022677578711018498,0.022677578711018498,0.03687843483295561,0.03687843483295561,0.0,0,0,0,0,-1,33.559864314256934,33.559864314256934,0.0,"(1, 2, 3, 4, 5, 6, 7, 8)","(1, 2, 3, 4, 5, 6, 7, 8)",0,29,29,0
1,459,critical,8,3.71958130536794,True,True,1.046366612029668,3.951253969917541,3.951253969917541,2.673214693338272,0.23167266454960078,0.10277727381735771,0.025211832064687974,0.09897343481391928,0,0,0,4,495,42.07120531743992,42.07120531743992,0.0,"(1, 2, 3, 4, 5, 6, 7, 8)","(0, 1, 3, 4, 5, 6, 7, 8)",1,29,30,1
1,479,transient,10071,0.0,False,False,0.024740116782452488,0.024740116782452488,0.0,0.024740116782452488,0.024740116782452488,0.030268923588267833,0.030268923588267833,0.0,0,0,0,0,-1,51.988874499831454,51.988874499831454,0.0,"(0, 1, 3, 4, 5, 6, 7, 8)","(0, 1, 3, 4, 5, 6, 7, 8)",0,30,30,0
1,499,useful,0,1.0611700231011496,True,False,0.3847238701975644,0.3847238701975644,0.7909740634165686,0.6764461529035852,0.6764461529035852,0.05344043453574618,0.05344043453574618,0.0,1,1,0,0,-1,55.90999745155692,55.90999745155692,0.0,"(1, 2, 3, 4, 5, 6, 7, 8)","(1, 2, 3, 4, 5, 6, 7, 8)",0,31,31,0
1,519,junk,9,0.059777558496655836,False,False,0.0,0.0,0.0,0.059777558496655836,0.059777558496655836,0.028253966607930916,0.028253966607930916,0.0,0,0,0,0,-1,47.286973575306526,47.286973575306526,0.0,"(1, 2, 3, 4, 5, 6, 7, 8)","(1, 2, 3, 4, 5, 6, 7, 8)",0,31,31,0
1,539,junk,11,0.056628826480227594,False,False,0.0,0.0,0.10304826168882965,0.056628826480227594,0.056628826480227594,0.02649394163542763,0.02649394163542763,0.0,0,0,0,0,-1,28.673509968463666,28.673509968463666,0.0,"(1, 2, 3, 4, 5, 6, 7, 8)","(1, 2, 3, 4, 5, 6, 7, 8)",0,33,33,0
1,559,useful,3,1.3373495518610974,True,True,0.3899250091263307,1.3347979899361018,1.3347979899361018,0.9474245427347667,0.0025515619249956156,0.0770591731148771,0.020141314196099484,0.07676162144390548,0,0,0,3,566,20.22249988063481,20.22249988063481,0.0,"(0, 1, 2, 3, 4, 6, 7, 8)","(0, 1, 2, 3, 4, 6, 7, 8)",0,34,34,0
1,579,useful,2,1.08420925827542,False,False,1.1073357625037055,1.1073357625037055,1.2219296587348625,0.02312650422828555,0.02312650422828555,0.016665463626129442,0.016665463626129442,0.0,1,1,0,0,-1,34.95358411394828,34.95358411394828,0.0,"(0, 1, 2, 3, 4, 6, 7, 8)","(0, 1, 2, 3, 4, 6, 7, 8)",0,34,34,0
1,599,junk,10,0.058095268065499986,False,False,0.09756699267090774,0.09756699267090774,0.2904925341566383,0.03947172460540775,0.03947172460540775,0.019783258936878427,0.019783258936878427,0.0,0,0,0,0,-1,38.34659463224059,38.34659463224059,0.0,"(0, 1, 2, 3, 5, 6, 7, 8)","(0, 1, 2, 3, 5, 6, 7, 8)",0,35,35,0
1,619,useful,3,0.7295161082096648,False,False,0.7586777246279914,0.7586777246279914,0.6070724603262088,0.029161616418326597,0.029161616418326597,0.03164636436066606,0.03164636436066606,0.0,0,0,0,0,-1,36.383288008738305,36.383288008738305,0.0,"(0, 1, 3, 4, 5, 6, 7, 8)","(0, 1, 3, 4, 5, 6, 7, 8)",0,36,36,0
1,639,transient,10093,0.0,False,False,0.026571239327603892,0.026571239327603892,0.17537994138526364,0.026571239327603892,0.026571239327603892,0.024213943673882438,0.024213943673882438,0.0,0,0,0,0,-1,24.217967479856814,24.217967479856814,0.0,"(0, 1, 2, 3, 5, 6, 7, 8)","(0, 1, 2, 3, 5, 6, 7, 8)",0,37,37,0
1,659,junk,9,0.06332822817569576,True,True,2.7220189717197725,0.6902792909069527,0.6902792909069527,2.6586907435440765,0.626951062731257,0.1200125346029215,0.046281560919477494,0.08841948204128526,1,0,1,3,702,21.20751217046614,21.243339337759874,0.035827167293735585,"(0, 1, 3, 4, 5, 6, 7, 8)","(0, 1, 3, 4, 5, 6, 7, 8)",0,39,38,-1
1,679,junk,10,0.04149159598423644,True,True,2.491284325662636,0.0,0.0,2.4497927296783994,0.04149159598423644,0.10812197614009782,0.025924280330559234,0.13307241970828657,1,0,1,15,680,16.333961991665998,18.778344077173937,2.4443820855079395,"(0, 1, 3, 5, 6, 7, 8, 12)","(0, 1, 2, 3, 5, 6, 7, 8)",1,45,40,-5
1,699,transient,10103,0.0,False,False,0.0,0.0,0.0,0.0,0.0,0.024678444489215516,0.024678444489215516,0.0,0,0,0,0,-1,31.478751333141584,31.478751333141584,0.0,"(0, 1, 3, 5, 6, 7, 8, 10)","(0, 1, 3, 5, 6, 7, 8, 10)",0,43,43,0
1,719,useful,3,0.848333153589659,True,False,0.07005050212280436,0.07005050212280436,0.5585490575027551,0.7782826514668546,0.7782826514668546,0.0697360325457546,0.0697360325457546,0.0,0,0,0,0,-1,30.987481553139396,30.987481553139396,0.0,"(0, 1, 3, 5, 6, 7, 8, 11)","(0, 1, 3, 5, 6, 7, 8, 11)",0,47,47,0
1,739,useful,0,1.0302866806670945,False,False,1.0223010122000988,1.0223010122000988,0.7964980297113722,0.007985668466995666,0.007985668466995666,0.041710093973324265,0.041710093973324265,0.0,0,0,0,0,-1,46.47651483710346,46.47651483710346,0.0,"(0, 2, 3, 5, 6, 7, 8, 11)","(0, 2, 3, 5, 6, 7, 8, 11)",0,50,50,0
1,759,junk,11,0.03567712769154651,False,False,0.08947854946616349,0.08947854946616349,0.14710432794820014,0.05380142177461698,0.05380142177461698,0.0671078356017856,0.0671078356017856,0.0,0,0,0,0,-1,39.841283707774345,39.841283707774345,0.0,"(0, 1, 3, 5, 6, 7, 8, 13)","(0, 1, 3, 5, 6, 7, 8, 13)",0,54,54,0
1,779,transient,10113,0.0,False,False,0.04327022630759772,0.04327022630759772,0.138842042944449,0.04327022630759772,0.04327022630759772,0.06307619533444403,0.06307619533444403,0.0,0,0,0,0,-1,48.6760204772356,48.6760204772356,0.0,"(0, 1, 3, 4, 5, 6, 7, 8)","(0, 1, 3, 4, 5, 6, 7, 8)",0,54,54,0
1,799,useful,1,1.1291951728854919,True,True,0.003853734207642512,1.1481678816923426,1.1481678816923426,1.1253414386778493,0.018972708806850758,0.07269028050833166,0.0307334988094425,0.06581264812972396,0,0,0,8,801,32.21527523822282,33.873257994685815,1.6579827564629923,"(0, 3, 5, 6, 7, 8, 9, 12)","(0, 1, 3, 5, 6, 7, 8, 9)",1,58,59,1
1,819,useful,4,1.0486290120458763,True,False,0.02701007284718518,0.02701007284718518,0.6673740751843094,1.0216189391986912,1.0216189391986912,0.0751735302068267,0.0751735302068267,0.0,1,1,0,0,-1,42.710901038559825,42.710901038559825,0.0,"(0, 1, 3, 5, 6, 7, 8, 10)","(0, 1, 3, 5, 6, 7, 8, 10)",0,62,62,0
1,839,junk,12,0.05876569064351146,False,False,0.022946663155456667,0.022946663155456667,0.26699709479774275,0.035819027488054794,0.035819027488054794,0.059386153289463235,0.059386153289463235,0.0,0,0,0,0,-1,43.23277894765971,43.23277894765971,0.0,"(0, 1, 3, 5, 6, 7, 8, 12)","(0, 1, 3, 5, 6, 7, 8, 12)",0,61,61,0
1,859,transient,10125,0.0,False,False,0.0,0.0,0.22259824152382468,0.0,0.0,0.05467702405572316,0.05467702405572316,0.0,0,0,0,0,-1,41.78356284784854,41.78356284784854,0.0,"(0, 1, 2, 3, 5, 6, 7, 8)","(0, 1, 2, 3, 5, 6, 7, 8)",0,61,61,0
1,879,useful,2,0.6833732263302589,False,False,0.5546915522906001,0.5546915522906001,0.7003483186634599,0.1286816740396588,0.1286816740396588,0.03053064198098717,0.03053064198098717,0.0,1,1,0,0,-1,44.88060989886627,44.88060989886627,0.0,"(0, 1, 2, 3, 5, 6, 7, 8)","(0, 1, 2, 3, 5, 6, 7, 8)",0,62,62,0
1,899,junk,12,0.03467272932375156,False,False,0.051093463670409726,0.051093463670409726,0.0,0.016420734346658167,0.016420734346658167,0.05569569076314511,0.05569569076314511,0.0,0,0,0,0,-1,36.26933731392453,36.26933731392453,0.0,"(0, 1, 2, 3, 5, 6, 7, 8)","(0, 1, 2, 3, 5, 6, 7, 8)",0,62,62,0
1,919,useful,1,0.6976377213766494,False,False,0.7121241617672326,0.7121241617672326,0.766742376248212,0.014486440390583222,0.014486440390583222,0.025103710500413656,0.025103710500413656,0.0,0,0,0,0,-1,47.143981959569864,47.143981959569864,0.0,"(0, 1, 2, 3, 5, 6, 7, 8)","(0, 1, 2, 3, 5, 6, 7, 8)",0,62,62,0
1,939,useful,0,1.4205402220445607,False,False,1.4656168908471172,1.4656168908471172,1.4414036946784434,0.04507666880255656,0.04507666880255656,0.02857248004982592,0.02857248004982592,0.0,0,0,0,0,-1,39.93062117821464,39.93062117821464,0.0,"(0, 1, 2, 3, 5, 6, 7, 8)","(0, 1, 2, 3, 5, 6, 7, 8)",0,62,62,0
1,959,useful,0,1.0677090764470394,True,False,0.24718781848590893,0.24718781848590893,0.8083607903535344,0.8205212579611305,0.8205212579611305,0.07427306288501105,0.07427306288501105,0.0,0,0,0,0,-1,39.24188254634018,39.24188254634018,0.0,"(0, 1, 2, 3, 5, 6, 7, 8)","(0, 1, 2, 3, 5, 6, 7, 8)",0,62,62,0
1,979,useful,5,0.39488652250435663,False,False,0.38305250979486855,0.38305250979486855,0.44016253448425957,0.011834012709488084,0.011834012709488084,0.04047913966999239,0.04047913966999239,0.0,0,0,0,0,-1,48.25954861080925,48.25954861080925,0.0,"(0, 1, 2, 3, 5, 6, 7, 8)","(0, 1, 2, 3, 5, 6, 7, 8)",0,62,62,0
1,999,critical,7,4.946369657072479,False,False,4.973944419138797,4.973944419138797,4.682442267741122,0.027574762066318037,0.027574762066318037,0.05515279427212102,0.05515279427212102,0.0,0,0,0,0,-1,50.75844018733063,50.75844018733063,0.0,"(0, 1, 3, 4, 5, 6, 7, 8)","(0, 1, 3, 4, 5, 6, 7, 8)",0,63,63,0
1,1019,useful,1,1.1833644163927213,False,False,1.1686457374415322,1.1686457374415322,1.270392558586376,0.014718678951189057,0.014718678951189057,0.026715401831521383,0.026715401831521383,0.0,0,0,0,0,-1,39.47465263032559,39.47465263032559,0.0,"(0, 1, 3, 4, 5, 6, 7, 8)","(0, 1, 3, 4, 5, 6, 7, 8)",0,63,63,0
1,1039,useful,5,0.6383086458144525,True,False,0.48711640142252344,0.48711640142252344,0.781633796496111,0.15119224439192902,0.15119224439192902,0.02939082079384754,0.02939082079384754,0.0,0,0,0,0,-1,35.96942810477165,35.96942810477165,0.0,"(0, 1, 2, 3, 5, 6, 7, 8)","(0, 1, 2, 3, 5, 6, 7, 8)",0,64,64,0
1,1059,transient,10153,0.0,True,True,2.674480871837057,0.0,0.0,2.674480871837057,0.0,0.08246001496765372,0.05258825394540915,0.11022705666130402,0,0,0,4,1086,31.29561167260224,33.798488707014535,2.5028770344122933,"(0, 1, 2, 3, 5, 6, 7, 8)","(0, 1, 2, 3, 5, 6, 7, 8)",0,66,64,-2
1,1079,junk,11,0.053322407773195905,True,True,2.259769930682132,0.08964575703378264,0.08964575703378264,2.2064475229089364,0.03632334926058673,0.0735454953819476,0.0448062406702401,0.08363873120833068,1,1,0,0,-1,31.10050995962302,31.10050995962302,0.0,"(1, 2, 3, 4, 5, 6, 7, 8)","(1, 2, 3, 4, 5, 6, 7, 8)",0,67,67,0
1,1099,transient,10160,0.0,False,False,0.04329392450646341,0.04329392450646341,0.0,0.04329392450646341,0.04329392450646341,0.04328691156194335,0.04328691156194335,0.0,0,0,0,0,-1,33.94349985725286,33.94349985725286,0.0,"(0, 1, 2, 3, 4, 6, 7, 8)","(0, 1, 2, 3, 4, 6, 7, 8)",0,68,68,0
1,1119,junk,11,0.05233338969122915,False,False,0.0,0.0,0.0,0.05233338969122915,0.05233338969122915,0.03848845893084174,0.03848845893084174,0.0,0,0,0,0,-1,30.13719993099637,30.13719993099637,0.0,"(0, 1, 2, 3, 4, 6, 7, 8)","(0, 1, 2, 3, 4, 6, 7, 8)",0,68,68,0
1,1139,useful,3,1.192892904602204,False,False,1.2252018293622278,1.2252018293622278,1.0188524335502465,0.03230892476002367,0.03230892476002367,0.0038300711805167387,0.0038300711805167387,0.0,0,0,0,0,-1,34.855590339855524,34.855590339855524,0.0,"(1, 2, 3, 4, 5, 6, 7, 8)","(1, 2, 3, 4, 5, 6, 7, 8)",0,69,69,0
1,1159,transient,10171,0.0,False,False,0.050650479262466123,0.050650479262466123,0.04354239723837217,0.050650479262466123,0.050650479262466123,0.03650866428470074,0.03650866428470074,0.0,0,0,0,0,-1,42.67479341682104,42.67479341682104,0.0,"(0, 1, 2, 3, 5, 6, 7, 8)","(0, 1, 2, 3, 5, 6, 7, 8)",0,70,70,0
1,1179,junk,9,0.04207874492460516,False,False,0.05177917357493822,0.05177917357493822,0.024556154309632393,0.009700428650333062,0.009700428650333062,0.03419698633823272,0.03419698633823272,0.0,0,0,0,0,-1,45.595645704210874,45.595645704210874,0.0,"(0, 1, 2, 3, 5, 6, 7, 8)","(0, 1, 2, 3, 5, 6, 7, 8)",0,70,70,0
1,1199,junk,13,0.07096108511627996,False,False,0.08105133489991638,0.08105133489991638,0.03411351342838499,0.010090249783636415,0.010090249783636415,0.030072543149030274,0.030072543149030274,0.0,0,0,0,0,-1,42.79852669577084,42.79852669577084,0.0,"(0, 1, 2, 4, 5, 6, 7, 8)","(0, 1, 2, 4, 5, 6, 7, 8)",0,71,71,0
1,1219,junk,13,0.06056335843611064,True,True,2.3328485912362,0.0,0.0,2.272285232800089,0.06056335843611064,0.0947214908692884,0.028641873365256053,0.11452288209185134,1,0,1,5,1225,37.19228102156255,38.97945145829115,1.7871704367286014,"(0, 1, 2, 4, 5, 6, 7, 8)","(0, 1, 2, 4, 5, 6, 7, 8)",0,73,71,-2
1,1239,useful,0,1.0005819948608048,False,False,1.0658508878194386,1.0658508878194386,0.8880533419701043,0.0652688929586338,0.0652688929586338,0.04828250797248643,0.04828250797248643,0.0,0,0,0,0,-1,29.80787600718537,29.80787600718537,0.0,"(0, 1, 2, 3, 4, 6, 7, 8)","(0, 1, 2, 3, 4, 6, 7, 8)",0,72,72,0
1,1259,junk,11,0.057229868958292185,False,False,0.058487150668316584,0.058487150668316584,0.024862108564553703,0.0012572817100243994,0.0012572817100243994,0.03179048121241759,0.03179048121241759,0.0,0,0,0,0,-1,25.675600964045717,25.675600964045717,0.0,"(0, 1, 2, 4, 5, 6, 7, 8)","(0, 1, 2, 4, 5, 6, 7, 8)",0,73,73,0
1,1279,junk,13,0.05782754033456881,False,False,0.08188862684112967,0.08188862684112967,0.3857669715895244,0.024061086506560865,0.024061086506560865,0.028906327563894083,0.028906327563894083,0.0,0,0,0,0,-1,16.119601631363658,16.119601631363658,0.0,"(0, 1, 2, 4, 5, 6, 7, 8)","(0, 1, 2, 4, 5, 6, 7, 8)",0,73,73,0
1,1299,junk,13,0.039824799996274945,True,True,2.364787898553768,0.002221698133675752,0.002221698133675752,2.324963098557493,0.03760310186259919,0.084092583521438,0.03154500538800397,0.10117106812380786,1,0,1,4,1306,18.242752438129003,19.125366196555003,0.8826137584260003,"(0, 1, 2, 3, 4, 6, 7, 8)","(0, 1, 2, 3, 4, 6, 7, 8)",0,75,74,-1
1,1319,junk,9,0.049398421148417124,False,False,0.06205274640132836,0.06205274640132836,0.05184991910889018,0.012654325252911235,0.012654325252911235,0.02452397272943819,0.02452397272943819,0.0,0,0,0,0,-1,29.15185597900543,29.15185597900543,0.0,"(0, 1, 2, 3, 4, 6, 7, 8)","(0, 1, 2, 3, 4, 6, 7, 8)",0,74,74,0
1,1339,useful,0,1.0310634398117637,False,False,1.0030012174438312,1.0030012174438312,0.9266051817909097,0.028062222367932543,0.028062222367932543,0.02324082260311889,0.02324082260311889,0.0,0,0,0,0,-1,37.2653512024851,37.2653512024851,0.0,"(0, 1, 2, 4, 5, 6, 7, 8)","(0, 1, 2, 4, 5, 6, 7, 8)",0,75,75,0
1,1359,useful,5,0.912148923495482,False,False,0.9636534980484127,0.9636534980484127,0.9419325180712501,0.05150457455293067,0.05150457455293067,0.018932323346483187,0.018932323346483187,0.0,0,0,0,0,-1,35.52620646992282,35.52620646992282,0.0,"(0, 1, 2, 3, 4, 6, 7, 8)","(0, 1, 2, 3, 4, 6, 7, 8)",0,76,76,0
1,1379,useful,3,1.136201522686257,False,False,1.1547105919527743,1.1547105919527743,1.1488329352714328,0.018509069266517297,0.018509069266517297,0.021232279445276496,0.021232279445276496,0.0,0,0,0,0,-1,18.57749270861143,18.57749270861143,0.0,"(0, 1, 2, 3, 4, 6, 7, 8)","(0, 1, 2, 3, 4, 6, 7, 8)",0,76,76,0
1,1399,junk,10,0.05858542489164642,False,False,0.0906593202424455,0.0906593202424455,0.0,0.032073895350799075,0.032073895350799075,0.02544321368740824,0.02544321368740824,0.0,0,0,0,0,-1,0.0,0.0,0.0,"(0, 1, 2, 3, 4, 6, 7, 8)","(0, 1, 2, 3, 4, 6, 7, 8)",0,76,76,0
2,19,critical,6,5.459579479126781,False,False,5.492131753511512,5.492131753511512,5.518167699807866,0.03255227438473174,0.03255227438473174,0.0726238709737023,0.0726238709737023,0.0,1,1,0,0,-1,24.187411992589684,24.187411992589684,0.0,"(0, 2, 3, 4, 6, 7, 8, 13)","(0, 2, 3, 4, 6, 7, 8, 13)",0,11,11,0
2,39,critical,6,3.839056250825157,False,False,3.861742224674028,3.861742224674028,3.797855947894524,0.022685973848870944,0.022685973848870944,0.06191998666640785,0.06191998666640785,0.0,0,0,0,0,-1,30.284699033871266,30.284699033871266,0.0,"(0, 1, 3, 4, 5, 6, 7, 8)","(0, 1, 3, 4, 5, 6, 7, 8)",0,13,13,0
2,59,useful,2,0.9022194983447804,False,False,0.8452444424094654,0.8452444424094654,0.5676138893080489,0.056975055935315044,0.056975055935315044,0.033775767318609595,0.033775767318609595,0.0,1,1,0,0,-1,33.17408452211032,33.17408452211032,0.0,"(0, 1, 2, 3, 4, 6, 7, 8)","(0, 1, 2, 3, 4, 6, 7, 8)",0,14,14,0
2,79,useful,5,1.1775461506593683,False,False,1.1523244169334534,1.1523244169334534,1.3501680347720069,0.025221733725914852,0.025221733725914852,0.050598690903171914,0.050598690903171914,0.0,1,1,0,0,-1,38.484209144035894,38.484209144035894,0.0,"(0, 1, 2, 3, 4, 6, 7, 8)","(0, 1, 2, 3, 4, 6, 7, 8)",0,16,16,0
2,99,useful,4,0.5810417006484229,False,False,0.6005242206918047,0.6005242206918047,0.4320102249431642,0.0194825200433818,0.0194825200433818,0.04612080256693087,0.04612080256693087,0.0,0,0,0,0,-1,45.49016846486088,45.49016846486088,0.0,"(0, 1, 2, 3, 4, 6, 7, 8)","(0, 1, 2, 3, 4, 6, 7, 8)",0,16,16,0
2,119,useful,2,0.9351243254654217,False,False,0.9547781280369342,0.9547781280369342,0.8093562119641953,0.019653802571512502,0.019653802571512502,0.03690106590189817,0.03690106590189817,0.0,0,0,0,0,-1,45.16518445430093,45.16518445430093,0.0,"(0, 2, 3, 4, 5, 6, 7, 8)","(0, 2, 3, 4, 5, 6, 7, 8)",0,17,17,0
2,139,junk,9,0.03634278295682759,False,False,0.030618186442533366,0.030618186442533366,0.20086542678654257,0.005724596514294227,0.005724596514294227,0.04692759464603695,0.04692759464603695,0.0,1,1,0,0,-1,28.426288736579664,28.426288736579664,0.0,"(0, 1, 2, 3, 4, 6, 7, 8)","(0, 1, 2, 3, 4, 6, 7, 8)",0,19,19,0
2,159,transient,10023,0.0,False,False,0.006522875129085845,0.006522875129085845,0.07104268572755933,0.006522875129085845,0.006522875129085845,0.04102978442224581,0.04102978442224581,0.0,0,0,0,0,-1,36.66703218027215,36.66703218027215,0.0,"(0, 1, 2, 3, 5, 6, 7, 8)","(0, 1, 2, 3, 5, 6, 7, 8)",0,20,20,0
2,179,useful,0,1.0538033597565417,False,False,1.0935750525290846,1.0935750525290846,0.8853532641433463,0.03977169277254289,0.03977169277254289,0.025582656528156795,0.025582656528156795,0.0,0,0,0,0,-1,42.50760194637568,42.50760194637568,0.0,"(0, 1, 2, 3, 5, 6, 7, 8)","(0, 1, 2, 3, 5, 6, 7, 8)",0,20,20,0
2,199,junk,13,0.04235126296891195,False,False,0.015863738811495585,0.015863738811495585,0.0,0.026487524157416367,0.026487524157416367,0.043234613521845766,0.043234613521845766,0.0,1,1,0,0,-1,37.43718645071921,37.43718645071921,0.0,"(0, 1, 2, 3, 5, 6, 7, 8)","(0, 1, 2, 3, 5, 6, 7, 8)",0,22,22,0
2,219,useful,2,1.1040991261486133,False,False,1.0799169224174683,1.0799169224174683,1.4730983000686582,0.02418220373114499,0.02418220373114499,0.027857492827498033,0.027857492827498033,0.0,0,0,0,0,-1,26.81126848917565,26.81126848917565,0.0,"(0, 1, 2, 3, 4, 6, 7, 8)","(0, 1, 2, 3, 4, 6, 7, 8)",0,23,23,0
2,239,useful,0,0.8236605912269823,False,False,0.7746131924113853,0.7746131924113853,0.6769312651026089,0.049047398815597054,0.049047398815597054,0.038450418587012564,0.038450418587012564,0.0,0,0,0,0,-1,20.511001094102685,20.511001094102685,0.0,"(0, 1, 2, 3, 4, 6, 7, 8)","(0, 1, 2, 3, 4, 6, 7, 8)",0,25,25,0
2,259,junk,11,0.0561755575080809,False,False,0.02528943315985159,0.02528943315985159,0.0,0.030886124348229307,0.030886124348229307,0.0425051229966715,0.0425051229966715,0.0,0,0,0,0,-1,19.265631249101574,19.265631249101574,0.0,"(0, 1, 2, 3, 4, 6, 7, 8)","(0, 1, 2, 3, 4, 6, 7, 8)",0,27,27,0
2,279,useful,2,0.7454030549524308,False,False,0.7681413538267304,0.7681413538267304,0.6192165898493515,0.02273829887429968,0.02273829887429968,0.028001448289832778,0.028001448289832778,0.0,0,0,0,0,-1,23.80574605956673,23.80574605956673,0.0,"(0, 1, 2, 3, 4, 6, 7, 8)","(0, 1, 2, 3, 4, 6, 7, 8)",0,27,27,0
2,299,useful,3,0.9135053188680365,False,False,0.863259011807916,0.863259011807916,0.9470735787584347,0.050246307060120565,0.050246307060120565,0.01962692051215146,0.01962692051215146,0.0,0,0,0,0,-1,34.38709220097164,34.38709220097164,0.0,"(0, 1, 2, 4, 5, 6, 7, 8)","(0, 1, 2, 4, 5, 6, 7, 8)",0,28,28,0
2,319,junk,12,0.026827826940433758,False,False,0.057677551081424916,0.057677551081424916,0.3375523857721856,0.030849724140991158,0.030849724140991158,0.041509621421649906,0.041509621421649906,0.0,0,0,0,0,-1,45.12164528486809,45.12164528486809,0.0,"(0, 1, 2, 3, 5, 6, 7, 8)","(0, 1, 2, 3, 5, 6, 7, 8)",0,29,29,0
2,339,useful,2,1.207655381667679,False,False,1.180815936931683,1.180815936931683,1.063947149515514,0.026839444735995865,0.026839444735995865,0.012969865963437332,0.012969865963437332,0.0,0,0,0,0,-1,48.04709436082676,48.04709436082676,0.0,"(0, 1, 2, 3, 5, 6, 7, 8)","(0, 1, 2, 3, 5, 6, 7, 8)",0,29,29,0
2,359,useful,3,1.045132490072925,False,False,1.0354384795171694,1.0354384795171694,0.8460454225326078,0.009694010555755694,0.009694010555755694,0.01966139519394595,0.01966139519394595,0.0,1,1,0,0,-1,51.90379081426321,51.90379081426321,0.0,"(0, 1, 2, 3, 5, 6, 7, 8)","(0, 1, 2, 3, 5, 6, 7, 8)",0,29,29,0
2,379,junk,11,0.05220883305461982,True,True,2.314468781797625,0.304361848957996,0.304361848957996,2.2622599487430053,0.2521530159033762,0.08252728760282174,0.034014885215957254,0.08140549777452484,1,0,1,2,386,47.221140982735264,49.32443065029187,2.1032896675566093,"(0, 1, 2, 3, 5, 6, 7, 8)","(0, 1, 2, 3, 5, 6, 7, 8)",0,31,29,-2
2,399,useful,5,1.2488587171522,False,False,1.2254446804468055,1.2254446804468055,1.1174114046701222,0.023414036705394548,0.023414036705394548,0.016866086454083145,0.016866086454083145,0.0,0,0,0,0,-1,43.69861407171074,43.69861407171074,0.0,"(0, 1, 2, 3, 5, 6, 7, 8)","(0, 1, 2, 3, 5, 6, 7, 8)",0,29,29,0
2,419,useful,1,0.6361499539000846,False,False,0.5303340087297397,0.5303340087297397,0.8749924624606478,0.10581594517034487,0.10581594517034487,0.03421389881300844,0.03421389881300844,0.0,0,0,0,0,-1,35.06141480879566,35.06141480879566,0.0,"(0, 1, 2, 4, 5, 6, 7, 8)","(0, 1, 2, 4, 5, 6, 7, 8)",0,30,30,0
2,439,critical,6,6.357688846048317,False,False,6.3349850854155525,6.3349850854155525,6.3591708655462815,0.02270376063276469,0.02270376063276469,0.03609598613736464,0.03609598613736464,0.0,0,0,0,0,-1,30.20926681750387,30.20926681750387,0.0,"(0, 1, 2, 3, 4, 6, 7, 8)","(0, 1, 2, 3, 4, 6, 7, 8)",0,31,31,0
2,459,critical,6,5.148585169066537,False,False,5.068169281182608,5.068169281182608,5.524670429349404,0.0804158878839294,0.0804158878839294,0.03743021836515259,0.03743021836515259,0.0,0,0,0,0,-1,28.708181203358976,28.708181203358976,0.0,"(0, 1, 2, 3, 4, 6, 7, 8)","(0, 1, 2, 3, 4, 6, 7, 8)",0,31,31,0
2,479,transient,10072,0.0,True,True,2.385828616187864,0.12293593513522527,0.12293593513522527,2.385828616187864,0.12293593513522527,0.0956259064655209,0.029223309870493534,0.12063367668193233,0,0,0,4,486,27.06510286265261,28.07222209197069,1.0071192293180822,"(0, 1, 2, 3, 4, 6, 7, 8)","(0, 1, 2, 3, 5, 6, 7, 8)",1,33,32,-1
2,499,transient,10077,0.0,False,False,0.0,0.0,0.03223738952786948,0.0,0.0,0.033504452776511526,0.033504452776511526,0.0,0,0,0,0,-1,28.175477477658628,28.175477477658628,0.0,"(0, 2, 3, 4, 5, 6, 7, 8)","(0, 2, 3, 4, 5, 6, 7, 8)",0,33,33,0
2,519,critical,6,4.383693592240422,False,False,4.418909108442236,4.418909108442236,4.430308134161534,0.035215516201813735,0.035215516201813735,0.02820626837713315,0.02820626837713315,0.0,0,0,0,0,-1,26.42731052815486,26.42731052815486,0.0,"(0, 2, 3, 4, 5, 6, 7, 8)","(0, 2, 3, 4, 5, 6, 7, 8)",0,35,35,0
2,539,useful,1,1.2190226739724794,False,False,1.1912326611824477,1.1912326611824477,1.2364926899778035,0.027790012790031682,0.027790012790031682,0.017592518399604358,0.017592518399604358,0.0,0,0,0,0,-1,28.197851486813704,28.197851486813704,0.0,"(0, 2, 3, 4, 5, 6, 7, 8)","(0, 2, 3, 4, 5, 6, 7, 8)",0,35,35,0
2,559,useful,4,1.2445748979727733,False,False,1.1926670688461403,1.1926670688461403,1.270951742282758,0.051907829126633054,0.051907829126633054,0.03476910257172157,0.03476910257172157,0.0,0,0,0,0,-1,40.76616244427934,40.76616244427934,0.0,"(0, 2, 3, 4, 5, 6, 7, 8)","(0, 2, 3, 4, 5, 6, 7, 8)",0,37,37,0
2,579,junk,11,0.05214466472222834,False,False,0.03463078819850322,0.03463078819850322,0.15201967443186137,0.017513876523725116,0.017513876523725116,0.035040858872541894,0.035040858872541894,0.0,0,0,0,0,-1,32.287483561135,32.287483561135,0.0,"(0, 2, 3, 4, 5, 6, 7, 8)","(0, 2, 3, 4, 5, 6, 7, 8)",0,37,37,0
2,599,critical,6,6.438669937928425,True,True,1.1140547711461244,6.240226507379709,6.240226507379709,5.3246151667823005,0.19844343054871594,0.1217672366588835,0.02540345617607055,0.14457450187158877,0,0,0,8,604,26.344249485656295,24.10267959634458,-2.241569889311716,"(0, 1, 2, 4, 5, 6, 7, 8)","(0, 2, 3, 4, 5, 6, 7, 8)",1,36,39,3
2,619,junk,13,0.041301623526792924,False,False,0.08784243747152093,0.08784243747152093,0.0,0.046540813944728004,0.046540813944728004,0.01832308451662561,0.01832308451662561,0.0,0,0,0,0,-1,26.023123037697506,26.023123037697506,0.0,"(0, 1, 2, 4, 5, 6, 7, 8)","(0, 1, 2, 4, 5, 6, 7, 8)",0,40,40,0
2,639,useful,3,0.8532994874864743,True,False,0.5714355941879576,0.5714355941879576,1.045393878273548,0.2818638932985167,0.2818638932985167,0.06483975081840465,0.06483975081840465,0.0,0,0,0,0,-1,32.80357476107376,32.80357476107376,0.0,"(0, 1, 2, 4, 5, 6, 7, 8)","(0, 1, 2, 4, 5, 6, 7, 8)",0,40,40,0
2,659,useful,4,0.6636668700621674,False,False,0.7502092204678039,0.7502092204678039,0.9347151345516587,0.08654235040563651,0.08654235040563651,0.017192148319250502,0.017192148319250502,0.0,0,0,0,0,-1,35.27357131800076,35.27357131800076,0.0,"(0, 2, 3, 4, 5, 6, 7, 8)","(0, 2, 3, 4, 5, 6, 7, 8)",0,43,43,0
2,679,junk,9,0.0400929514577422,False,False,0.05005592557455295,0.05005592557455295,0.053009301764120734,0.009962974116810748,0.009962974116810748,0.03333647057946279,0.03333647057946279,0.0,0,0,0,0,-1,41.414404992715035,41.414404992715035,0.0,"(0, 2, 4, 5, 6, 7, 8, 9)","(0, 2, 4, 5, 6, 7, 8, 9)",0,44,44,0
2,699,junk,12,0.0393406079233109,False,False,0.0,0.0,0.0,0.0393406079233109,0.0393406079233109,0.024101484832431654,0.024101484832431654,0.0,0,0,0,0,-1,30.600246208418245,30.600246208418245,0.0,"(0, 2, 4, 5, 6, 7, 8, 12)","(0, 2, 4, 5, 6, 7, 8, 12)",0,49,49,0
2,719,useful,0,1.128055360202201,False,False,1.166527411519091,1.166527411519091,1.1084622107359179,0.03847205131688991,0.03847205131688991,0.03844313929710201,0.03844313929710201,0.0,0,0,0,0,-1,36.137832818199094,36.137832818199094,0.0,"(0, 2, 4, 5, 6, 7, 8, 12)","(0, 2, 4, 5, 6, 7, 8, 12)",0,53,53,0
2,739,useful,5,0.8028525933778285,False,False,0.862946856812507,0.862946856812507,0.8705413980796459,0.060094263434678497,0.060094263434678497,0.023796953799461902,0.023796953799461902,0.0,0,0,0,0,-1,25.273632814551046,25.273632814551046,0.0,"(0, 4, 5, 6, 7, 8, 10, 12)","(0, 4, 5, 6, 7, 8, 10, 12)",0,55,55,0
2,759,junk,12,0.052844650585575415,False,False,0.09620355046590073,0.09620355046590073,0.15464753582006774,0.04335889988032532,0.04335889988032532,0.06650392669273357,0.06650392669273357,0.0,0,0,0,0,-1,28.98853363447991,28.98853363447991,0.0,"(0, 2, 5, 6, 7, 8, 9, 11)","(0, 2, 5, 6, 7, 8, 9, 11)",0,57,57,0
2,779,useful,3,1.1115180420588369,False,False,1.1205445989717946,1.1205445989717946,1.1036268677625232,0.009026556912957728,0.009026556912957728,0.02958976230720725,0.02958976230720725,0.0,1,1,0,0,-1,33.54514785192251,33.54514785192251,0.0,"(0, 2, 3, 5, 6, 7, 8, 11)","(0, 2, 3, 5, 6, 7, 8, 11)",0,58,58,0
2,799,useful,0,1.4759056269346549,False,True,1.4953254513989622,0.7242812577868929,0.7242812577868929,0.019419824464307345,0.751624369147762,0.03887377916437119,0.04765628304181519,0.06278647865665009,0,0,0,3,819,36.19221338654048,34.96857668832586,-1.2236366982146194,"(0, 2, 5, 6, 7, 8, 10, 11)","(0, 2, 5, 6, 7, 8, 10, 11)",0,60,61,1
2,819,useful,3,0.8944543708177459,False,False,0.9739255984805184,0.9739255984805184,0.7940848190673604,0.07947122766277248,0.07947122766277248,0.02790969649416077,0.02790969649416077,0.0,1,1,0,0,-1,30.223558806646533,30.223558806646533,0.0,"(0, 2, 6, 7, 8, 10, 11, 13)","(0, 2, 6, 7, 8, 10, 11, 13)",0,62,62,0
2,839,useful,5,0.8914673110787269,False,False,0.9142344426047841,0.9142344426047841,1.0507423000328757,0.02276713152605725,0.02276713152605725,0.030890303556521927,0.030890303556521927,0.0,0,0,0,0,-1,20.800808182660678,20.800808182660678,0.0,"(0, 2, 5, 6, 7, 8, 9, 11)","(0, 2, 5, 6, 7, 8, 9, 11)",0,68,68,0
2,859,junk,10,0.05076864583226466,False,False,0.02655590381438898,0.02655590381438898,0.13840185101145502,0.024212742017875682,0.024212742017875682,0.05851951165204969,0.05851951165204969,0.0,0,0,0,0,-1,14.092054193115928,14.092054193115928,0.0,"(0, 2, 4, 5, 6, 7, 8, 11)","(0, 2, 4, 5, 6, 7, 8, 11)",0,66,66,0
2,879,junk,9,0.058595864266153055,False,False,0.048009842962534674,0.048009842962534674,0.06425989999866424,0.010586021303618381,0.010586021303618381,0.053477233128152696,0.053477233128152696,0.0,0,0,0,0,-1,23.98879674720957,23.98879674720957,0.0,"(0, 2, 4, 5, 6, 7, 8, 11)","(0, 2, 4, 5, 6, 7, 8, 11)",0,65,65,0
2,899,junk,12,0.05294577538028751,False,False,0.09370830166721915,0.09370830166721915,0.1487553713367778,0.04076252628693164,0.04076252628693164,0.049356502668300974,0.049356502668300974,0.0,1,1,0,0,-1,27.05839798270701,27.05839798270701,0.0,"(0, 1, 2, 5, 6, 7, 8, 11)","(0, 1, 2, 5, 6, 7, 8, 11)",0,69,69,0
2,919,useful,0,0.620948049111337,False,False,0.5427692806462847,0.5427692806462847,0.6509702385625907,0.07817876846505234,0.07817876846505234,0.036492039198847664,0.036492039198847664,0.0,0,0,0,0,-1,36.97395902795423,36.97395902795423,0.0,"(0, 2, 3, 5, 6, 7, 8, 11)","(0, 2, 3, 5, 6, 7, 8, 11)",0,70,70,0
2,939,junk,11,0.03710224126136944,False,False,0.0,0.0,0.0,0.03710224126136944,0.03710224126136944,0.04983259063256593,0.04983259063256593,0.0,0,0,0,0,-1,41.454837475372706,41.454837475372706,0.0,"(0, 1, 2, 4, 5, 6, 7, 8)","(0, 1, 2, 4, 5, 6, 7, 8)",0,71,71,0
2,959,useful,2,1.4475010164636763,False,False,1.4514714696346194,1.4514714696346194,1.2446622651077617,0.003970453170943022,0.003970453170943022,0.03556818390482945,0.03556818390482945,0.0,0,0,0,0,-1,49.77901648566094,49.77901648566094,0.0,"(0, 2, 3, 4, 5, 6, 7, 8)","(0, 2, 3, 4, 5, 6, 7, 8)",0,72,72,0
2,979,useful,5,0.9203799827755632,True,False,0.0,0.0,0.5755933034176092,0.9203799827755632,0.9203799827755632,0.08135356971857365,0.08135356971857365,0.0,0,0,0,0,-1,35.369422173831886,35.369422173831886,0.0,"(0, 2, 3, 4, 5, 6, 7, 8)","(0, 2, 3, 4, 5, 6, 7, 8)",0,72,72,0
2,999,useful,3,0.7390215796699489,False,False,0.7934250798533131,0.7934250798533131,0.7094581189123732,0.05440350018336426,0.05440350018336426,0.015119042256892298,0.015119042256892298,0.0,1,1,0,0,-1,29.04720396456491,29.04720396456491,0.0,"(0, 1, 2, 4, 5, 6, 7, 8)","(0, 1, 2, 4, 5, 6, 7, 8)",0,73,73,0
2,1019,junk,11,0.05783794081736662,False,False,0.03219869622514109,0.03219869622514109,0.08837754629517938,0.02563924459222553,0.02563924459222553,0.04906087261678257,0.04906087261678257,0.0,1,1,0,0,-1,24.93885027386816,24.93885027386816,0.0,"(0, 1, 2, 4, 5, 6, 7, 8)","(0, 1, 2, 4, 5, 6, 7, 8)",0,75,75,0
2,1039,transient,10151,0.0,False,False,0.05300990384437862,0.05300990384437862,0.3360344102672754,0.05300990384437862,0.05300990384437862,0.04761754784899861,0.04761754784899861,0.0,0,0,0,0,-1,33.06244752848682,33.06244752848682,0.0,"(0, 1, 2, 4, 5, 6, 7, 8)","(0, 1, 2, 4, 5, 6, 7, 8)",0,77,77,0
2,1059,transient,10154,0.0,False,False,0.0,0.0,0.2690347258448783,0.0,0.0,0.04578569044443321,0.04578569044443321,0.0,0,0,0,0,-1,29.684773922397206,29.684773922397206,0.0,"(0, 1, 2, 4, 5, 6, 7, 8)","(0, 1, 2, 4, 5, 6, 7, 8)",0,79,79,0
2,1079,junk,9,0.06369630350746838,False,False,0.026091879757737524,0.026091879757737524,0.15978782540872402,0.03760442374973086,0.03760442374973086,0.040214719992174346,0.040214719992174346,0.0,0,0,0,0,-1,44.06959533301836,44.06959533301836,0.0,"(0, 1, 2, 3, 5, 6, 7, 8)","(0, 1, 2, 3, 5, 6, 7, 8)",0,80,80,0
2,1099,useful,4,0.8701156932628787,False,False,0.8859895155034819,0.8859895155034819,0.7994257267980565,0.015873822240603186,0.015873822240603186,0.025510843364918753,0.025510843364918753,0.0,0,0,0,0,-1,42.209035556275126,42.209035556275126,0.0,"(0, 1, 2, 4, 5, 6, 7, 8)","(0, 1, 2, 4, 5, 6, 7, 8)",0,81,81,0
2,1119,junk,11,0.0688220923030166,False,False,0.0,0.0,0.10108606099652104,0.0688220923030166,0.0688220923030166,0.04049151049291481,0.04049151049291481,0.0,0,0,0,0,-1,42.59237044289979,42.59237044289979,0.0,"(0, 1, 2, 3, 5, 6, 7, 8)","(0, 1, 2, 3, 5, 6, 7, 8)",0,82,82,0
2,1139,useful,1,0.7595666796969958,True,False,0.2480026810208079,0.2480026810208079,0.3940330418907967,0.5115639986761878,0.5115639986761878,0.07615704850721053,0.07615704850721053,0.0,0,0,0,0,-1,38.28398237901408,38.28398237901408,0.0,"(0, 1, 2, 3, 5, 6, 7, 8)","(0, 1, 2, 3, 5, 6, 7, 8)",0,80,80,0
2,1159,junk,13,0.04871826050966726,False,False,0.05978281166952171,0.05978281166952171,0.08966906808067619,0.011064551159854448,0.011064551159854448,0.03823934682382281,0.03823934682382281,0.0,0,0,0,0,-1,28.655072325366078,28.655072325366078,0.0,"(0, 1, 2, 4, 5, 6, 7, 8)","(0, 1, 2, 4, 5, 6, 7, 8)",0,81,81,0
2,1179,transient,10175,0.0,False,False,0.08559297265178077,0.08559297265178077,0.059043504774060084,0.08559297265178077,0.08559297265178077,0.037752588266845785,0.037752588266845785,0.0,0,0,0,0,-1,40.397970127945015,40.397970127945015,0.0,"(0, 1, 2, 4, 5, 6, 7, 8)","(0, 1, 2, 4, 5, 6, 7, 8)",0,83,83,0
2,1199,junk,10,0.04276758905835686,False,True,0.022214155785548768,0.8057431635886037,0.8057431635886037,0.020553433272808095,0.7629755745302468,0.03771806095290616,0.045108240646956704,0.05969925517297857,0,1,1,1,1201,36.599771521405835,36.655778044018035,0.05600652261220063,"(1, 2, 3, 4, 5, 6, 7, 8)","(1, 2, 3, 4, 5, 6, 7, 8)",0,82,83,1
2,1219,transient,10182,0.0,False,False,0.0,0.0,0.0,0.0,0.0,0.03967958433016435,0.03967958433016435,0.0,0,0,0,0,-1,42.72622559896677,42.72622559896677,0.0,"(1, 2, 3, 4, 5, 6, 7, 8)","(1, 2, 3, 4, 5, 6, 7, 8)",0,83,83,0
2,1239,transient,10186,0.0,False,False,0.0,0.0,0.02942199158789698,0.0,0.0,0.03661957199650859,0.03661957199650859,0.0,0,0,0,0,-1,42.371652975455,42.371652975455,0.0,"(0, 1, 2, 3, 4, 6, 7, 8)","(0, 1, 2, 3, 4, 6, 7, 8)",0,84,84,0
2,1259,useful,4,1.2078331099956459,False,False,1.2938279282773781,1.2938279282773781,0.8598392755422467,0.08599481828173228,0.08599481828173228,0.02860505439191516,0.02860505439191516,0.0,0,0,0,0,-1,38.74530270842916,38.74530270842916,0.0,"(0, 1, 2, 3, 4, 6, 7, 8)","(0, 1, 2, 3, 4, 6, 7, 8)",0,84,84,0
2,1279,useful,2,0.9208935252833659,False,False,0.977384217700355,0.977384217700355,1.2012783060136791,0.05649069241698912,0.05649069241698912,0.02818432985123474,0.02818432985123474,0.0,0,0,0,0,-1,34.579461965014396,34.579461965014396,0.0,"(1, 2, 3, 4, 5, 6, 7, 8)","(1, 2, 3, 4, 5, 6, 7, 8)",0,85,85,0
2,1299,junk,13,0.05492353978913268,True,True,2.6382076696451224,0.28349388103801815,0.28349388103801815,2.58328412985599,0.22857034124888548,0.08202273988027652,0.027872310527083576,0.08705161006414038,1,0,1,6,1304,43.7705141290312,44.07347024108546,0.302956112054261,"(0, 1, 2, 4, 5, 6, 7, 8)","(0, 1, 2, 4, 5, 6, 7, 8)",0,87,86,-1
2,1319,critical,8,2.626875328783805,True,True,0.4667276722687589,2.9610526852165977,2.9610526852165977,2.160147656515046,0.33417735643279256,0.09988534886657237,0.04005067360691196,0.11732374074256414,0,0,0,5,1340,43.357549925307666,44.3771056943146,1.019555769006935,"(0, 1, 2, 3, 4, 6, 7, 8)","(0, 1, 2, 4, 5, 6, 7, 8)",1,86,86,0
2,1339,useful,5,0.9338577299145344,False,False,0.8104383224527514,0.8104383224527514,0.7659241680357239,0.12341940746178304,0.12341940746178304,0.03415434470611421,0.03415434470611421,0.0,0,0,0,0,-1,39.54932074260322,39.54932074260322,0.0,"(1, 2, 3, 4, 5, 6, 7, 8)","(1, 2, 3, 4, 5, 6, 7, 8)",0,87,87,0
2,1359,useful,0,1.2031950018287774,True,True,0.14481875425252927,1.3841393257988268,1.3841393257988268,1.0583762475762482,0.18094432397004945,0.08405657339175422,0.018496221655864276,0.08955405425183226,0,0,0,0,-1,33.078286607468016,33.078286607468016,0.0,"(1, 2, 3, 4, 5, 6, 7, 8)","(1, 2, 3, 4, 5, 6, 7, 8)",0,87,87,0
2,1379,transient,10200,0.0,True,True,2.4545483606994702,0.21917624333342964,0.21917624333342964,2.4545483606994702,0.21917624333342964,0.08311474722405796,0.025419866233803556,0.09566818994312623,0,0,0,0,-1,16.607157618602407,16.607157618602407,0.0,"(1, 2, 3, 4, 5, 6, 7, 8)","(1, 2, 3, 4, 5, 6, 7, 8)",0,87,87,0
2,1399,useful,2,1.1247727920514343,False,False,1.1269203697590964,1.1269203697590964,1.1778447858335617,0.0021475777076620517,0.0021475777076620517,0.023940978666533136,0.023940978666533136,0.0,0,0,0,0,-1,0.0,0.0,0.0,"(1, 2, 3, 4, 5, 6, 7, 8)","(1, 2, 3, 4, 5, 6, 7, 8)",0,87,87,0
3,19,junk,13,0.049419779609328335,False,False,0.036404801843235565,0.036404801843235565,0.0,0.01301497776609277,0.01301497776609277,0.06914975446018558,0.06914975446018558,0.0,0,0,0,0,-1,17.081808917896645,17.081808917896645,0.0,"(0, 1, 3, 5, 6, 7, 8, 11)","(0, 1, 3, 5, 6, 7, 8, 11)",0,8,8,0
3,39,junk,10,0.036259932899949034,False,False,0.03453833036816476,0.03453833036816476,0.10895985999512048,0.001721602531784272,0.001721602531784272,0.06266200238877166,0.06266200238877166,0.0,1,1,0,0,-1,29.634018925435434,29.634018925435434,0.0,"(0, 1, 3, 4, 5, 6, 7, 8)","(0, 1, 3, 4, 5, 6, 7, 8)",0,11,11,0
3,59,transient,10004,0.0,False,False,0.045967771776141975,0.045967771776141975,0.1370472078151232,0.045967771776141975,0.045967771776141975,0.0631786377976417,0.0631786377976417,0.0,0,0,0,0,-1,38.467115422532544,38.467115422532544,0.0,"(0, 1, 2, 3, 4, 6, 7, 8)","(0, 1, 2, 3, 4, 6, 7, 8)",0,12,12,0
3,79,useful,2,1.0367505604767235,False,False,1.1326233067900289,1.1326233067900289,1.159703195489787,0.09587274631330533,0.09587274631330533,0.035778997637236055,0.035778997637236055,0.0,0,0,0,0,-1,43.6486794976936,43.6486794976936,0.0,"(0, 1, 3, 4, 5, 6, 7, 8)","(0, 1, 3, 4, 5, 6, 7, 8)",0,13,13,0
3,99,useful,1,1.1169636913827798,True,True,0.2128044304031348,1.0766653804061266,1.0766653804061266,0.904159260979645,0.04029831097665326,0.06155947538957325,0.02798424300307612,0.07942755289852717,0,0,0,0,-1,39.48848667527442,39.48848667527442,0.0,"(0, 1, 3, 4, 5, 6, 7, 8)","(0, 1, 3, 4, 5, 6, 7, 8)",0,13,13,0
3,119,useful,5,0.9216348785652189,False,False,0.8042158839043414,0.8042158839043414,1.0207306665090183,0.11741899466087746,0.11741899466087746,0.013976458238882983,0.013976458238882983,0.0,0,0,0,0,-1,30.651226437679973,30.651226437679973,0.0,"(0, 1, 2, 3, 5, 6, 7, 8)","(0, 1, 2, 3, 5, 6, 7, 8)",0,14,14,0
3,139,useful,5,0.6541131406105714,False,False,0.6675456573957268,0.6675456573957268,0.6497301353902633,0.013432516785155446,0.013432516785155446,0.02765893808117325,0.02765893808117325,0.0,0,0,0,0,-1,28.97281938349729,28.97281938349729,0.0,"(0, 1, 2, 4, 5, 6, 7, 8)","(0, 1, 2, 4, 5, 6, 7, 8)",0,15,15,0
3,159,useful,1,1.1275635437309026,False,False,1.0933131212816842,1.0933131212816842,1.1261652669781295,0.03425042244921839,0.03425042244921839,0.03820847711532227,0.03820847711532227,0.0,0,0,0,0,-1,31.85013103614795,31.85013103614795,0.0,"(0, 1, 2, 3, 4, 6, 7, 8)","(0, 1, 2, 3, 4, 6, 7, 8)",0,16,16,0
3,179,useful,4,1.155189950989123,False,False,1.1765695850017746,1.1765695850017746,1.3468430517458228,0.021379634012651527,0.021379634012651527,0.03063627939343275,0.03063627939343275,0.0,0,0,0,0,-1,39.32086222577354,39.32086222577354,0.0,"(0, 1, 2, 3, 4, 6, 7, 8)","(0, 1, 2, 3, 4, 6, 7, 8)",0,16,16,0
3,199,transient,10021,0.0,False,False,0.022634362666099143,0.022634362666099143,0.0,0.022634362666099143,0.022634362666099143,0.04779531298579076,0.04779531298579076,0.0,0,0,0,0,-1,31.967547414166404,31.967547414166404,0.0,"(0, 1, 2, 3, 4, 6, 7, 8)","(0, 1, 2, 3, 4, 6, 7, 8)",0,16,16,0
3,219,transient,10027,0.0,False,False,0.0,0.0,0.16798550114707908,0.0,0.0,0.0430381704544228,0.0430381704544228,0.0,0,0,0,0,-1,44.76281558923924,44.76281558923924,0.0,"(0, 1, 2, 3, 4, 6, 7, 8)","(0, 1, 2, 3, 4, 6, 7, 8)",0,16,16,0
3,239,junk,13,0.04571488802418058,True,True,2.1034094602614726,0.2585656026812522,0.2585656026812522,2.057694572237292,0.21285071465707164,0.08055664525307375,0.02822204188709407,0.10314258185540096,1,0,1,4,241,54.8807031824182,56.58135398433487,1.700650801916666,"(0, 1, 2, 3, 4, 6, 7, 8)","(0, 1, 2, 3, 4, 6, 7, 8)",0,18,16,-2
3,259,useful,1,1.1686087894636528,False,False,1.258109557131961,1.258109557131961,0.81364213924367,0.08950076766830817,0.08950076766830817,0.022803388785080706,0.022803388785080706,0.0,0,0,0,0,-1,71.67995446404446,71.67995446404446,0.0,"(0, 1, 2, 3, 4, 6, 7, 8)","(0, 1, 2, 3, 4, 6, 7, 8)",0,16,16,0
3,279,transient,10033,0.0,False,False,0.060604556927011714,0.060604556927011714,0.0,0.060604556927011714,0.060604556927011714,0.037505020299284715,0.037505020299284715,0.0,0,0,0,0,-1,51.28526683465084,51.28526683465084,0.0,"(1, 2, 3, 4, 5, 6, 7, 8)","(1, 2, 3, 4, 5, 6, 7, 8)",0,17,17,0
3,299,junk,13,0.03422017518330517,False,False,0.09915794840487274,0.09915794840487274,0.03838065317852884,0.06493777322156757,0.06493777322156757,0.021670725529845933,0.021670725529845933,0.0,0,0,0,0,-1,41.312292659717194,41.312292659717194,0.0,"(1, 2, 3, 4, 5, 6, 7, 8)","(1, 2, 3, 4, 5, 6, 7, 8)",0,17,17,0
3,319,useful,5,0.9092505067194803,True,True,0.029952814077981865,1.2258192369359522,1.2258192369359522,0.8792976926414984,0.3165687302164719,0.06505262765872998,0.01691640801077397,0.05521803726451637,1,1,0,0,-1,45.513273603901006,45.513273603901006,0.0,"(0, 1, 2, 3, 4, 6, 7, 8)","(0, 1, 2, 3, 4, 6, 7, 8)",0,18,18,0
3,339,useful,3,0.9509704126337127,False,False,0.9634085458040812,0.9634085458040812,1.0248282344029853,0.01243813317036846,0.01243813317036846,0.025994444298423378,0.025994444298423378,0.0,0,0,0,0,-1,41.578216438370305,41.578216438370305,0.0,"(1, 2, 3, 4, 5, 6, 7, 8)","(1, 2, 3, 4, 5, 6, 7, 8)",0,19,19,0
3,359,transient,10044,0.0,False,False,0.0,0.0,0.0,0.0,0.0,0.03267617493805479,0.03267617493805479,0.0,0,0,0,0,-1,34.90117439583448,34.90117439583448,0.0,"(0, 1, 2, 3, 5, 6, 7, 8)","(0, 1, 2, 3, 5, 6, 7, 8)",0,20,20,0
3,379,useful,5,0.9412078517962004,False,False,0.9750487475398163,0.9750487475398163,1.0817788363035548,0.03384089574361593,0.03384089574361593,0.02770324918192314,0.02770324918192314,0.0,0,0,0,0,-1,33.19829187034475,33.19829187034475,0.0,"(0, 1, 2, 3, 5, 6, 7, 8)","(0, 1, 2, 3, 5, 6, 7, 8)",0,20,20,0
3,399,junk,11,0.0552469310855248,False,False,0.12662471072436285,0.12662471072436285,0.1252396075941551,0.07137777963883804,0.07137777963883804,0.03310973722387432,0.03310973722387432,0.0,0,0,0,0,-1,38.26111923465294,38.26111923465294,0.0,"(1, 2, 3, 4, 5, 6, 7, 8)","(1, 2, 3, 4, 5, 6, 7, 8)",0,21,21,0
3,419,junk,9,0.05883809030287839,False,False,0.0,0.0,0.0,0.05883809030287839,0.05883809030287839,0.03493656757667111,0.03493656757667111,0.0,0,0,0,0,-1,52.50522677807718,52.50522677807718,0.0,"(1, 2, 3, 4, 5, 6, 7, 8)","(1, 2, 3, 4, 5, 6, 7, 8)",0,21,21,0
3,439,useful,0,1.1793098275093907,True,True,0.09886084910755463,1.1346040156758934,1.1346040156758934,1.080448978401836,0.04470581183349731,0.07288115405008079,0.01694245247553869,0.07394289670419923,0,0,0,1,482,47.0040100537613,47.0040100537613,0.0,"(0, 1, 2, 3, 5, 6, 7, 8)","(0, 1, 2, 3, 5, 6, 7, 8)",0,22,22,0
3,459,transient,10058,0.0,False,False,0.022906899414588573,0.022906899414588573,0.4486913458020598,0.022906899414588573,0.022906899414588573,0.025097334115218372,0.025097334115218372,0.0,0,0,0,0,-1,41.96868635263383,41.96868635263383,0.0,"(0, 1, 2, 3, 5, 6, 7, 8)","(0, 1, 2, 3, 5, 6, 7, 8)",0,22,22,0
3,479,junk,13,0.044942825972233175,True,True,2.4039431968443177,0.0,0.0,2.3590003708720846,0.044942825972233175,0.09916540093696118,0.030127855165450818,0.10446538714713391,1,0,1,8,482,36.77341680172967,37.91484087636312,1.1414240746334556,"(1, 2, 3, 4, 5, 6, 7, 8)","(1, 2, 3, 4, 5, 6, 7, 8)",0,25,23,-2
3,499,useful,3,1.0763979442899763,False,False,0.9825795878774822,0.9825795878774822,1.340468350375934,0.09381835641249403,0.09381835641249403,0.0255153964550387,0.0255153964550387,0.0,0,0,0,0,-1,38.97193210536808,38.97193210536808,0.0,"(0, 1, 2, 3, 5, 6, 7, 8)","(0, 1, 2, 3, 5, 6, 7, 8)",0,24,24,0
3,519,useful,4,0.933730107639912,False,False,0.9298360080947055,0.9298360080947055,0.8645533571508113,0.0038940995452065863,0.0038940995452065863,0.029776259480263904,0.029776259480263904,0.0,1,1,0,0,-1,30.55604550624259,30.55604550624259,0.0,"(0, 1, 2, 3, 5, 6, 7, 8)","(0, 1, 2, 3, 5, 6, 7, 8)",0,24,24,0
3,539,transient,10071,0.0,False,False,0.0,0.0,0.0,0.0,0.0,0.028074564243249656,0.028074564243249656,0.0,0,0,0,0,-1,24.89826371806158,24.89826371806158,0.0,"(0, 1, 2, 3, 5, 6, 7, 8)","(0, 1, 2, 3, 5, 6, 7, 8)",0,24,24,0
3,559,junk,13,0.04460472039670285,False,False,0.0908059014500055,0.0908059014500055,0.0,0.04620118105330265,0.04620118105330265,0.01947394171699502,0.01947394171699502,0.0,0,0,0,0,-1,27.1072650662422,27.1072650662422,0.0,"(1, 2, 3, 4, 5, 6, 7, 8)","(1, 2, 3, 4, 5, 6, 7, 8)",0,25,25,0
3,579,junk,11,0.038546136108068736,False,False,0.017732115353536675,0.017732115353536675,0.18874713092010556,0.02081402075453206,0.02081402075453206,0.026881611345232145,0.026881611345232145,0.0,0,0,0,0,-1,46.185052983067195,46.185052983067195,0.0,"(0, 1, 2, 3, 5, 6, 7, 8)","(0, 1, 2, 3, 5, 6, 7, 8)",0,26,26,0
3,599,useful,1,0.7713563612916886,False,False,0.740719335155099,0.740719335155099,0.7509946401859902,0.030637026136589585,0.030637026136589585,0.022334997194130336,0.022334997194130336,0.0,0,0,0,0,-1,39.69741562269748,39.69741562269748,0.0,"(0, 1, 2, 3, 4, 6, 7, 8)","(0, 1, 2, 3, 4, 6, 7, 8)",0,27,27,0
3,619,transient,10089,0.0,False,False,0.07189470497658733,0.07189470497658733,0.20246849862695113,0.07189470497658733,0.07189470497658733,0.02014641941969487,0.02014641941969487,0.0,0,0,0,0,-1,39.44316779774707,39.44316779774707,0.0,"(1, 2, 3, 4, 5, 6, 7, 8)","(1, 2, 3, 4, 5, 6, 7, 8)",0,28,28,0
3,639,transient,10093,0.0,False,False,0.0036184590771228837,0.0036184590771228837,0.0,0.0036184590771228837,0.0036184590771228837,0.026330219598146194,0.026330219598146194,0.0,0,0,0,0,-1,54.02680299966831,54.02680299966831,0.0,"(1, 2, 3, 4, 5, 6, 7, 8)","(1, 2, 3, 4, 5, 6, 7, 8)",0,28,28,0
3,659,junk,12,0.04895608351799025,False,False,0.11608799362721264,0.11608799362721264,0.5542116979710027,0.0671319101092224,0.0671319101092224,0.012104689424609497,0.012104689424609497,0.0,0,0,0,0,-1,42.99190198960431,42.99190198960431,0.0,"(1, 2, 3, 4, 5, 6, 7, 8)","(1, 2, 3, 4, 5, 6, 7, 8)",0,28,28,0
3,679,critical,6,6.124367348494069,False,False,6.128632185475911,6.128632185475911,6.2019314229587,0.004264836981842102,0.004264836981842102,0.019781277269772853,0.019781277269772853,0.0,0,0,0,0,-1,27.644298275832554,27.644298275832554,0.0,"(1, 2, 4, 5, 6, 7, 8, 13)","(1, 2, 4, 5, 6, 7, 8, 13)",0,31,31,0
3,699,transient,10098,0.0,False,False,0.0,0.0,0.3467460400045458,0.0,0.0,0.027595047659384146,0.027595047659384146,0.0,0,0,0,0,-1,19.46149150581762,19.46149150581762,0.0,"(1, 2, 4, 5, 6, 7, 8, 12)","(1, 2, 4, 5, 6, 7, 8, 12)",0,36,36,0
3,719,useful,5,1.0235623144837949,False,False,1.0986186959156636,1.0986186959156636,1.012127377254633,0.07505638143186877,0.07505638143186877,0.04686915950513792,0.04686915950513792,0.0,0,0,0,0,-1,20.819967401528842,20.819967401528842,0.0,"(1, 2, 3, 4, 5, 6, 7, 8)","(1, 2, 3, 4, 5, 6, 7, 8)",0,39,39,0
3,739,transient,10103,0.0,False,False,0.0,0.0,0.0,0.0,0.0,0.06633367424987176,0.06633367424987176,0.0,0,0,0,0,-1,17.496821964479356,17.496821964479356,0.0,"(0, 1, 2, 4, 5, 6, 7, 8)","(0, 1, 2, 4, 5, 6, 7, 8)",0,42,42,0
3,759,useful,4,0.7797451707472597,False,False,0.7471641042264325,0.7471641042264325,0.7055844328151291,0.03258106652082715,0.03258106652082715,0.03707730644565379,0.03707730644565379,0.0,0,0,0,0,-1,25.253518088905686,25.253518088905686,0.0,"(1, 2, 4, 5, 6, 7, 8, 12)","(1, 2, 4, 5, 6, 7, 8, 12)",0,44,44,0
3,779,useful,5,1.2079844834284872,True,True,0.0,1.4468741868548476,1.4468741868548476,1.2079844834284872,0.2388897034263604,0.0710290912351656,0.03980980037438919,0.0708342538281152,0,0,0,6,792,37.3301272046141,38.63419719362753,1.3040699890134277,"(1, 2, 4, 5, 6, 7, 8, 10)","(1, 2, 3, 4, 5, 6, 7, 8)",1,47,48,1
3,799,junk,12,0.0476341377906849,False,False,0.09829485167099736,0.09829485167099736,0.0,0.05066071388031246,0.05066071388031246,0.06366693248030153,0.06366693248030153,0.0,0,0,0,0,-1,42.63538688225733,42.63538688225733,0.0,"(0, 1, 2, 4, 5, 6, 7, 8)","(0, 1, 2, 4, 5, 6, 7, 8)",0,46,46,0
3,819,critical,6,4.6135183306951735,False,False,4.6366277550828405,4.6366277550828405,4.448166826338661,0.023109424387667055,0.023109424387667055,0.0567243967189765,0.0567243967189765,0.0,0,0,0,0,-1,23.828166998955876,23.828166998955876,0.0,"(0, 1, 2, 4, 5, 6, 7, 8)","(0, 1, 2, 4, 5, 6, 7, 8)",0,47,47,0
3,839,useful,2,0.9851388425518295,False,False,1.0231569344114573,1.0231569344114573,0.8984367262314427,0.03801809185962779,0.03801809185962779,0.03342056699609268,0.03342056699609268,0.0,0,0,0,0,-1,21.25937377574066,21.25937377574066,0.0,"(1, 2, 4, 6, 7, 8, 10, 12)","(1, 2, 4, 6, 7, 8, 10, 12)",0,48,48,0
3,859,junk,9,0.05274191479210967,False,False,0.0937504758412979,0.0937504758412979,0.06505631170690739,0.041008561049188236,0.041008561049188236,0.04701495356972408,0.04701495356972408,0.0,1,1,0,0,-1,27.800711645467878,27.800711645467878,0.0,"(1, 2, 3, 4, 6, 7, 8, 13)","(1, 2, 3, 4, 6, 7, 8, 13)",0,52,52,0
3,879,useful,2,1.4266225707824076,False,False,1.4187245717962396,1.4187245717962396,1.1867742307684508,0.007897998986168053,0.007897998986168053,0.02514342849971496,0.02514342849971496,0.0,0,0,0,0,-1,25.583526766383027,25.583526766383027,0.0,"(1, 2, 3, 4, 5, 6, 7, 8)","(1, 2, 3, 4, 5, 6, 7, 8)",0,51,51,0
3,899,useful,3,1.4354760070172319,False,False,1.4069566464894732,1.4069566464894732,1.6974355834965182,0.02851936052775872,0.02851936052775872,0.021171538435998612,0.021171538435998612,0.0,0,0,0,0,-1,27.99529460154024,27.99529460154024,0.0,"(0, 1, 2, 4, 5, 6, 7, 8)","(0, 1, 2, 4, 5, 6, 7, 8)",0,54,54,0
3,919,transient,10130,0.0,False,False,0.027282282653844327,0.027282282653844327,0.0,0.027282282653844327,0.027282282653844327,0.04327187123227702,0.04327187123227702,0.0,0,0,0,0,-1,27.879277627565518,27.879277627565518,0.0,"(0, 1, 2, 3, 4, 6, 7, 8)","(0, 1, 2, 3, 4, 6, 7, 8)",0,55,55,0
3,939,junk,10,0.05227397886782157,False,False,0.07129882389331307,0.07129882389331307,0.0,0.019024845025491503,0.019024845025491503,0.04109949281564843,0.04109949281564843,0.0,1,1,0,0,-1,35.53765561480189,35.53765561480189,0.0,"(0, 1, 2, 3, 4, 5, 6, 8)","(0, 1, 2, 3, 4, 5, 6, 8)",0,57,57,0
3,959,useful,2,1.1208617971566532,False,False,1.1329039519888786,1.1329039519888786,1.2306068867162052,0.012042154832225371,0.012042154832225371,0.019134394752084928,0.019134394752084928,0.0,0,0,0,0,-1,28.116188035155005,28.116188035155005,0.0,"(0, 1, 2, 3, 4, 5, 6, 8)","(0, 1, 2, 3, 4, 5, 6, 8)",0,57,57,0
3,979,junk,9,0.07170404416700737,False,False,0.04889524555853102,0.04889524555853102,0.18393726109784025,0.022808798608476358,0.022808798608476358,0.03970936594314442,0.03970936594314442,0.0,0,0,0,0,-1,26.97887431516223,26.97887431516223,0.0,"(0, 1, 2, 3, 4, 5, 6, 8)","(0, 1, 2, 3, 4, 5, 6, 8)",0,57,57,0
3,999,junk,12,0.03802042781699614,False,False,0.008804447971392036,0.008804447971392036,0.0,0.029215979845604104,0.029215979845604104,0.03212571681409414,0.03212571681409414,0.0,0,0,0,0,-1,40.712177466844814,40.712177466844814,0.0,"(0, 1, 2, 3, 4, 5, 6, 8)","(0, 1, 2, 3, 4, 5, 6, 8)",0,57,57,0
3,1019,junk,13,0.04278632252203651,False,False,0.0628046277314915,0.0628046277314915,0.2809718125913201,0.02001830520945498,0.02001830520945498,0.03385709317370386,0.03385709317370386,0.0,0,0,0,0,-1,38.21338259537164,38.21338259537164,0.0,"(0, 1, 2, 3, 4, 5, 6, 8)","(0, 1, 2, 3, 4, 5, 6, 8)",0,57,57,0
3,1039,useful,1,0.9154036981980681,False,False,0.9497295244565546,0.9497295244565546,1.106419274076613,0.03432582625848646,0.03432582625848646,0.027215799418304692,0.027215799418304692,0.0,0,0,0,0,-1,43.724769936784256,43.724769936784256,0.0,"(0, 1, 2, 3, 4, 5, 6, 8)","(0, 1, 2, 3, 4, 5, 6, 8)",0,57,57,0
3,1059,useful,0,1.0431934957336935,False,False,0.9235057693802485,0.9235057693802485,1.173911840958855,0.11968772635344493,0.11968772635344493,0.02468698926077051,0.02468698926077051,0.0,0,0,0,0,-1,39.303547964510685,39.303547964510685,0.0,"(0, 1, 2, 4, 5, 6, 7, 8)","(0, 1, 2, 4, 5, 6, 7, 8)",0,58,58,0
3,1079,transient,10146,0.0,True,True,2.585214216205445,0.0,0.0,2.585214216205445,0.0,0.09181009362342424,0.03716089690604021,0.11963848541825953,0,0,0,1,1095,31.845263689922536,31.845263689922536,0.0,"(0, 1, 2, 3, 4, 6, 7, 8)","(0, 1, 2, 3, 4, 6, 7, 8)",0,59,59,0
3,1099,useful,2,1.4646948340786479,True,True,0.39313103874651933,1.6364109948251295,1.6364109948251295,1.0715637953321284,0.17171616074648166,0.09691322440320313,0.016940147421909555,0.08745775707416927,0,0,0,0,-1,42.500536694924975,42.500536694924975,0.0,"(0, 1, 2, 4, 5, 6, 7, 8)","(0, 1, 2, 4, 5, 6, 7, 8)",0,60,60,0
3,1119,useful,3,0.9753937116386726,True,True,0.0,0.8379692742830753,0.8379692742830753,0.9753937116386726,0.13742443735559728,0.0816878344814247,0.03707940540316679,0.05510332287231974,0,0,0,0,-1,37.46051074299921,37.46051074299921,0.0,"(0, 2, 3, 4, 5, 6, 7, 8)","(0, 2, 3, 4, 5, 6, 7, 8)",0,61,61,0
3,1139,junk,12,0.03549051462301631,False,False,0.03463523982816628,0.03463523982816628,0.03249036876276674,0.0008552747948500361,0.0008552747948500361,0.034114893267786016,0.034114893267786016,0.0,0,0,0,0,-1,41.190424108553344,41.190424108553344,0.0,"(0, 1, 2, 4, 5, 6, 7, 8)","(0, 1, 2, 4, 5, 6, 7, 8)",0,62,62,0
3,1159,junk,13,0.03567540594952084,True,True,2.4836947048683156,0.2999298536571813,0.2999298536571813,2.4480192989187946,0.26425444770766043,0.08680574983231337,0.02669514422727206,0.09025699747651875,1,0,1,1,1178,39.31714904578581,39.31714904578581,0.0,"(0, 1, 2, 4, 5, 6, 7, 8)","(0, 1, 2, 4, 5, 6, 7, 8)",0,63,62,-1
3,1179,useful,1,1.1126408053737888,False,False,1.0330540496975535,1.0330540496975535,1.1084591895130878,0.0795867556762353,0.0795867556762353,0.021293218236438424,0.021293218236438424,0.0,1,1,0,0,-1,44.7254750286278,44.7254750286278,0.0,"(0, 1, 2, 4, 5, 6, 7, 8)","(0, 1, 2, 4, 5, 6, 7, 8)",0,62,62,0
3,1199,useful,4,0.4700257520175326,False,False,0.4153229757202545,0.4153229757202545,0.5003984174478122,0.0547027762972781,0.0547027762972781,0.05036445314834091,0.05036445314834091,0.0,0,0,0,0,-1,32.16104368281674,32.16104368281674,0.0,"(0, 1, 2, 4, 5, 6, 7, 8)","(0, 1, 2, 4, 5, 6, 7, 8)",0,62,62,0
3,1219,critical,8,4.3095259576784235,False,False,4.339659184808797,4.339659184808797,4.170038122954916,0.030133227130373363,0.030133227130373363,0.031731620311354194,0.031731620311354194,0.0,0,0,0,0,-1,33.62906578771111,33.62906578771111,0.0,"(0, 2, 3, 4, 5, 6, 7, 8)","(0, 2, 3, 4, 5, 6, 7, 8)",0,63,63,0
3,1239,useful,5,0.7691193519405382,False,False,0.7091118081436245,0.7091118081436245,0.7631080019194241,0.06000754379691364,0.06000754379691364,0.0320636014055839,0.0320636014055839,0.0,0,0,0,0,-1,33.9053416599429,33.9053416599429,0.0,"(0, 1, 2, 4, 5, 6, 7, 8)","(0, 1, 2, 4, 5, 6, 7, 8)",0,66,66,0
3,1259,useful,2,0.7277822995088357,False,False,0.7626787659257361,0.7626787659257361,0.5018958903127229,0.03489646641690047,0.03489646641690047,0.024656744180819975,0.024656744180819975,0.0,0,0,0,0,-1,43.797039835947025,43.797039835947025,0.0,"(0, 1, 2, 4, 5, 6, 7, 8)","(0, 1, 2, 4, 5, 6, 7, 8)",0,66,66,0
3,1279,useful,5,0.9921803245781465,False,False,0.9316046970787666,0.9316046970787666,0.7665744303451644,0.06057562749937995,0.06057562749937995,0.02251553975900105,0.02251553975900105,0.0,0,0,0,0,-1,53.85541708472358,53.85541708472358,0.0,"(0, 2, 3, 4, 5, 6, 7, 8)","(0, 2, 3, 4, 5, 6, 7, 8)",0,67,67,0
3,1299,junk,9,0.06028383530773373,False,False,0.10111313861711717,0.10111313861711717,0.2837817732269685,0.04082930330938344,0.04082930330938344,0.033282443751677056,0.033282443751677056,0.0,0,0,0,0,-1,44.856460081112246,44.856460081112246,0.0,"(0, 1, 2, 3, 4, 6, 7, 8)","(0, 1, 2, 3, 4, 6, 7, 8)",0,69,69,0
3,1319,junk,11,0.018115239212734398,False,False,0.047935789845367234,0.047935789845367234,0.02087024620089324,0.029820550632632836,0.029820550632632836,0.03479988491325452,0.03479988491325452,0.0,0,0,0,0,-1,41.129292169062936,41.129292169062936,0.0,"(0, 1, 2, 3, 4, 6, 7, 8)","(0, 1, 2, 3, 4, 6, 7, 8)",0,69,69,0
3,1339,useful,4,0.5807096723259781,False,False,0.5600362779290383,0.5600362779290383,0.6601405395614008,0.020673394396939826,0.020673394396939826,0.0436214710379981,0.0436214710379981,0.0,0,0,0,0,-1,38.98167471955743,38.98167471955743,0.0,"(0, 1, 2, 4, 5, 6, 7, 8)","(0, 1, 2, 4, 5, 6, 7, 8)",0,70,70,0
3,1359,useful,4,0.6160647332911269,False,False,0.6070454286980371,0.6070454286980371,0.49962458518249797,0.00901930459308975,0.00901930459308975,0.04147178487240209,0.04147178487240209,0.0,0,0,0,0,-1,27.567368630922424,27.567368630922424,0.0,"(0, 1, 2, 4, 5, 6, 7, 8)","(0, 1, 2, 4, 5, 6, 7, 8)",0,70,70,0
3,1379,useful,0,1.1957522156968081,False,False,1.1307286235535956,1.1307286235535956,1.187409570908736,0.06502359214321252,0.06502359214321252,0.01011899103831945,0.01011899103831945,0.0,0,0,0,0,-1,12.249821546692827,12.249821546692827,0.0,"(0, 1, 2, 4, 5, 6, 7, 8)","(0, 1, 2, 4, 5, 6, 7, 8)",0,70,70,0
3,1399,junk,13,0.045508527536780516,True,True,2.7125749678944695,0.0,0.0,2.667066440357689,0.045508527536780516,0.08568302544782502,0.03874819347334856,0.0860895752021283,1,0,1,0,-1,0.0,0.0,0.0,"(0, 1, 2, 4, 6, 7, 8, 13)","(0, 1, 2, 4, 5, 6, 7, 8)",1,71,70,-1
4,19,useful,4,1.2094199854645018,False,False,1.1897266756723948,1.1897266756723948,1.1763680705433592,0.01969330979210704,0.01969330979210704,0.05846609641380355,0.05846609641380355,0.0,0,0,0,0,-1,12.033716408222453,12.033716408222453,0.0,"(1, 3, 4, 7, 8, 11, 12, 13)","(1, 3, 4, 7, 8, 11, 12, 13)",0,12,12,0
4,39,useful,3,1.2219888659491427,False,False,1.1495751093262017,1.1495751093262017,1.5161072548702041,0.07241375662294103,0.07241375662294103,0.05305466539718321,0.05305466539718321,0.0,0,0,0,0,-1,16.155974122418087,16.155974122418087,0.0,"(0, 1, 2, 3, 7, 8, 11, 12)","(0, 1, 2, 3, 7, 8, 11, 12)",0,13,13,0
4,59,junk,11,0.06850223107118689,False,False,0.09813710791274338,0.09813710791274338,0.17017739752134745,0.029634876841556496,0.029634876841556496,0.06182309298196988,0.06182309298196988,0.0,0,0,0,0,-1,23.912768943624013,23.912768943624013,0.0,"(0, 1, 2, 6, 7, 8, 11, 12)","(0, 1, 2, 6, 7, 8, 11, 12)",0,15,15,0
4,79,useful,0,0.8077948574204048,False,False,0.847744274898181,0.847744274898181,0.6557169278730502,0.03994941747777625,0.03994941747777625,0.04607056586865575,0.04607056586865575,0.0,0,0,0,0,-1,31.23449323640531,31.23449323640531,0.0,"(0, 1, 4, 5, 6, 7, 8, 12)","(0, 1, 4, 5, 6, 7, 8, 12)",0,17,17,0
4,99,critical,7,5.108786345477559,False,False,5.033795736338746,5.033795736338746,4.789844150628861,0.07499060913881284,0.07499060913881284,0.046359357224949424,0.046359357224949424,0.0,0,0,0,0,-1,31.110489406143035,31.110489406143035,0.0,"(0, 1, 3, 4, 5, 6, 7, 8)","(0, 1, 3, 4, 5, 6, 7, 8)",0,18,18,0
4,119,useful,1,0.9452076343112684,False,False,1.0188947108497532,1.0188947108497532,1.0846428689030845,0.07368707653848483,0.07368707653848483,0.03540774189947681,0.03540774189947681,0.0,0,0,0,0,-1,54.46932922538227,54.46932922538227,0.0,"(0, 1, 2, 4, 5, 6, 7, 8)","(0, 1, 2, 4, 5, 6, 7, 8)",0,19,19,0
4,139,useful,5,0.6684261490040069,False,False,0.6359392394105592,0.6359392394105592,1.081903136230067,0.03248690959344769,0.03248690959344769,0.03416193400060709,0.03416193400060709,0.0,0,0,0,0,-1,44.389198457724824,44.389198457724824,0.0,"(0, 1, 3, 4, 5, 6, 7, 8)","(0, 1, 3, 4, 5, 6, 7, 8)",0,22,22,0
4,159,critical,8,4.390635484808402,False,False,4.455881647484127,4.455881647484127,3.8860511086724445,0.06524616267572547,0.06524616267572547,0.04495201051484634,0.04495201051484634,0.0,0,0,0,0,-1,47.38193973137188,47.38193973137188,0.0,"(0, 1, 3, 4, 5, 6, 7, 8)","(0, 1, 3, 4, 5, 6, 7, 8)",0,22,22,0
4,179,useful,2,1.2691454155159625,False,False,1.2488025861433423,1.2488025861433423,1.185158172226493,0.02034282937262022,0.02034282937262022,0.030264061690579436,0.030264061690579436,0.0,0,0,0,0,-1,50.405360733980714,50.405360733980714,0.0,"(0, 1, 3, 4, 5, 6, 7, 8)","(0, 1, 3, 4, 5, 6, 7, 8)",0,22,22,0
4,199,useful,4,0.803691103746518,False,False,0.8027203676778845,0.8027203676778845,0.9042349018033412,0.0009707360686335154,0.0009707360686335154,0.020257599122213657,0.020257599122213657,0.0,0,0,0,0,-1,32.75418575224889,32.75418575224889,0.0,"(0, 2, 3, 4, 5, 6, 7, 8)","(0, 2, 3, 4, 5, 6, 7, 8)",0,23,23,0
4,219,useful,3,0.9210669044098638,True,True,0.14341656155255975,1.2643542169663136,1.2643542169663136,0.777650342857304,0.34328731255644973,0.055684975898093944,0.017660872790564008,0.06454717412286913,0,0,0,0,-1,25.887297243492487,25.887297243492487,0.0,"(0, 1, 2, 3, 4, 6, 7, 8)","(0, 1, 2, 3, 4, 6, 7, 8)",0,24,24,0
4,239,junk,13,0.040450893793318364,False,False,0.05735141645285118,0.05735141645285118,0.08817988062253959,0.01690052265953282,0.01690052265953282,0.044242266726446995,0.044242266726446995,0.0,0,0,0,0,-1,35.85192144489817,35.85192144489817,0.0,"(0, 1, 2, 3, 4, 6, 7, 8)","(0, 1, 2, 3, 4, 6, 7, 8)",0,24,24,0
4,259,useful,0,0.8211936931387125,False,False,0.8313152229854545,0.8313152229854545,0.650252303161194,0.010121529846741972,0.010121529846741972,0.022270870454264964,0.022270870454264964,0.0,0,0,0,0,-1,43.921599932373255,43.921599932373255,0.0,"(0, 1, 2, 3, 5, 6, 7, 8)","(0, 1, 2, 3, 5, 6, 7, 8)",0,25,25,0
4,279,useful,2,1.1354028892665666,False,False,1.2329040834304057,1.2329040834304057,1.2571802174408526,0.09750119416383907,0.09750119416383907,0.026159057732104148,0.026159057732104148,0.0,0,0,0,0,-1,47.35452795913596,47.35452795913596,0.0,"(0, 1, 2, 3, 4, 6, 7, 8)","(0, 1, 2, 3, 4, 6, 7, 8)",0,26,26,0
4,299,useful,2,0.9972448517022706,False,False,1.0030097633805428,1.0030097633805428,0.720204042929743,0.0057649116782722,0.0057649116782722,0.024879863846881185,0.024879863846881185,0.0,0,0,0,0,-1,38.59208558700163,38.59208558700163,0.0,"(0, 1, 2, 3, 4, 6, 7, 8)","(0, 1, 2, 3, 4, 6, 7, 8)",0,28,28,0
4,319,junk,11,0.051890128258789074,False,False,0.15980254490270354,0.15980254490270354,0.0,0.10791241664391446,0.10791241664391446,0.031557213461860585,0.031557213461860585,0.0,0,0,0,0,-1,41.93729114202071,41.93729114202071,0.0,"(0, 1, 2, 3, 4, 6, 7, 8)","(0, 1, 2, 3, 4, 6, 7, 8)",0,28,28,0
4,339,useful,5,0.7146766241319533,False,False,0.686495664845904,0.686495664845904,0.665128635477884,0.028180959286049356,0.028180959286049356,0.030275638003761644,0.030275638003761644,0.0,1,1,0,0,-1,33.65610960402802,33.65610960402802,0.0,"(0, 1, 2, 3, 4, 6, 7, 8)","(0, 1, 2, 3, 4, 6, 7, 8)",0,28,28,0
4,359,useful,2,1.1694139364005811,False,False,1.303250711003018,1.303250711003018,0.9560087193535951,0.13383677460243693,0.13383677460243693,0.01216684059681859,0.01216684059681859,0.0,0,0,0,0,-1,28.82821459189558,28.82821459189558,0.0,"(0, 1, 2, 3, 5, 6, 7, 8)","(0, 1, 2, 3, 5, 6, 7, 8)",0,29,29,0
4,379,useful,4,0.5581648065924991,False,False,0.5527832543612312,0.5527832543612312,0.6926611873484051,0.005381552231267905,0.005381552231267905,0.025211125017147833,0.025211125017147833,0.0,0,0,0,0,-1,23.36034481493191,23.36034481493191,0.0,"(1, 2, 3, 4, 5, 6, 7, 8)","(1, 2, 3, 4, 5, 6, 7, 8)",0,30,30,0
4,399,junk,9,0.04514719039546278,False,False,0.06852456569067196,0.06852456569067196,0.0,0.023377375295209182,0.023377375295209182,0.03312076793329649,0.03312076793329649,0.0,0,0,0,0,-1,32.460095944489474,32.460095944489474,0.0,"(0, 1, 2, 3, 5, 6, 7, 8)","(0, 1, 2, 3, 5, 6, 7, 8)",0,31,31,0
4,419,useful,4,0.9960343487490553,False,False,1.0386627674038191,1.0386627674038191,0.6398941108918296,0.042628418654763855,0.042628418654763855,0.019964443411418075,0.019964443411418075,0.0,0,0,0,0,-1,37.70051414681229,37.70051414681229,0.0,"(0, 2, 3, 4, 5, 6, 7, 8)","(0, 2, 3, 4, 5, 6, 7, 8)",0,32,32,0
4,439,transient,10054,0.0,False,False,0.0,0.0,0.0,0.0,0.0,0.0313848926966847,0.0313848926966847,0.0,0,0,0,0,-1,58.822716784371075,58.822716784371075,0.0,"(0, 1, 2, 3, 5, 6, 7, 8)","(0, 1, 2, 3, 5, 6, 7, 8)",0,33,33,0
4,459,critical,6,3.8569554028305633,False,False,3.9636038584936895,3.9636038584936895,3.540947373142111,0.1066484556631262,0.1066484556631262,0.02833390480299702,0.02833390480299702,0.0,0,0,0,0,-1,60.49062690363763,60.49062690363763,0.0,"(0, 2, 3, 4, 5, 6, 7, 8)","(0, 2, 3, 4, 5, 6, 7, 8)",0,34,34,0
4,479,useful,5,0.8969181750445092,False,False,0.873939745910236,0.873939745910236,1.040749702559923,0.02297842913427317,0.02297842913427317,0.012513073536986894,0.012513073536986894,0.0,0,0,0,0,-1,46.711484543594466,46.711484543594466,0.0,"(1, 2, 3, 4, 5, 6, 7, 8)","(1, 2, 3, 4, 5, 6, 7, 8)",0,35,35,0
4,499,useful,3,1.0756543796463374,False,False,1.0885845785193657,1.0885845785193657,1.1044002433385973,0.012930198873028376,0.012930198873028376,0.016274817065758795,0.016274817065758795,0.0,0,0,0,0,-1,36.275755042961315,36.275755042961315,0.0,"(0, 2, 3, 4, 5, 6, 7, 8)","(0, 2, 3, 4, 5, 6, 7, 8)",0,36,36,0
4,519,transient,10066,0.0,True,True,2.852251292115391,0.223487984056547,0.223487984056547,2.852251292115391,0.223487984056547,0.11425002293859284,0.02840475686725233,0.13510339172937194,0,0,0,0,-1,37.199783800783294,37.199783800783294,0.0,"(0, 2, 3, 4, 5, 6, 7, 8)","(0, 2, 3, 4, 5, 6, 7, 8)",0,36,36,0
4,539,junk,11,0.039172449093635583,True,True,2.8097164563749875,0.0,0.0,2.770544007281352,0.039172449093635583,0.11431064771681998,0.03005955216821786,0.13731538210394895,1,0,1,5,541,34.67878894207042,37.02099443782497,2.3422054957545484,"(1, 2, 3, 4, 5, 6, 7, 8)","(1, 2, 3, 4, 5, 6, 7, 8)",0,39,37,-2
4,559,useful,4,0.9635087698413486,False,False,0.9191097669756935,0.9191097669756935,1.051506600612479,0.044399002865655124,0.044399002865655124,0.03127431013857094,0.03127431013857094,0.0,0,0,0,0,-1,41.27656630665973,41.27656630665973,0.0,"(1, 2, 3, 4, 5, 6, 7, 8)","(1, 2, 3, 4, 5, 6, 7, 8)",0,37,37,0
4,579,junk,11,0.048131353660180246,False,False,0.0,0.0,0.22061925033950552,0.048131353660180246,0.048131353660180246,0.026760440959925146,0.026760440959925146,0.0,0,0,0,0,-1,46.7137840858907,46.7137840858907,0.0,"(0, 2, 3, 4, 5, 6, 7, 8)","(0, 2, 3, 4, 5, 6, 7, 8)",0,38,38,0
4,599,transient,10078,0.0,True,True,2.743707653860852,0.0,0.0,2.743707653860852,0.0,0.1129488801040663,0.03163806028363134,0.14324832453004083,0,0,0,0,-1,38.656464477253,38.656464477253,0.0,"(1, 2, 3, 4, 5, 6, 7, 8)","(1, 2, 3, 4, 5, 6, 7, 8)",0,39,39,0
4,619,junk,12,0.038672301380710455,False,False,0.06208243482321005,0.06208243482321005,0.0,0.023410133442499592,0.023410133442499592,0.025491904742892306,0.025491904742892306,0.0,0,0,0,0,-1,45.32413428287997,45.32413428287997,0.0,"(0, 2, 3, 4, 5, 6, 7, 8)","(0, 2, 3, 4, 5, 6, 7, 8)",0,40,40,0
4,639,junk,13,0.04443727042695439,False,False,0.1725496456929306,0.1725496456929306,0.11075175075795611,0.1281123752659762,0.1281123752659762,0.022576586770088804,0.022576586770088804,0.0,0,0,0,0,-1,46.26654724886101,46.26654724886101,0.0,"(0, 2, 3, 4, 5, 6, 7, 8)","(0, 2, 3, 4, 5, 6, 7, 8)",0,40,40,0
4,659,junk,13,0.0581857625524737,False,False,0.0,0.0,0.034945598793359206,0.0581857625524737,0.0581857625524737,0.027712483605529727,0.027712483605529727,0.0,0,0,0,0,-1,44.87888604293445,44.87888604293445,0.0,"(2, 3, 4, 5, 6, 7, 8, 13)","(2, 3, 4, 5, 6, 7, 8, 13)",0,42,42,0
4,679,junk,13,0.06067806814369423,False,False,0.026586365123513284,0.026586365123513284,0.10852630522711826,0.03409170302018095,0.03409170302018095,0.020823867053864572,0.020823867053864572,0.0,0,0,0,0,-1,43.976835154134285,43.976835154134285,0.0,"(2, 3, 4, 5, 6, 7, 8, 9)","(2, 3, 4, 5, 6, 7, 8, 9)",0,45,45,0
4,699,transient,10088,0.0,False,False,0.00010309410937664934,0.00010309410937664934,0.011941462092426556,0.00010309410937664934,0.00010309410937664934,0.030794734902865353,0.030794734902865353,0.0,0,0,0,0,-1,50.683437487939,50.683437487939,0.0,"(2, 3, 4, 5, 6, 7, 8, 12)","(2, 3, 4, 5, 6, 7, 8, 12)",0,48,48,0
4,719,useful,3,1.0186876341808682,True,True,0.09603688323107525,0.9680477276736853,0.9680477276736853,0.9226507509497929,0.050639906507182864,0.08130636544286256,0.03790235849065355,0.07787182121187847,0,0,0,12,731,39.43797197983651,42.91932869557079,3.481356715734279,"(1, 5, 6, 7, 8, 9, 10, 12)","(1, 2, 3, 4, 5, 6, 7, 8)",1,50,52,2
4,739,junk,12,0.04839905217571096,False,False,0.08679855435611573,0.08679855435611573,0.30767544516976847,0.038399502180404776,0.038399502180404776,0.06797028882549043,0.06797028882549043,0.0,0,0,0,0,-1,50.55438902646958,50.55438902646958,0.0,"(2, 3, 4, 5, 6, 7, 8, 10)","(2, 3, 4, 5, 6, 7, 8, 10)",0,54,54,0
4,759,junk,10,0.05032301002066093,False,False,0.12014167275832048,0.12014167275832048,0.0526404383848949,0.06981866273765955,0.06981866273765955,0.060756770881349856,0.060756770881349856,0.0,1,1,0,0,-1,45.06265946561163,45.06265946561163,0.0,"(0, 2, 3, 4, 6, 7, 8, 9)","(0, 2, 3, 4, 6, 7, 8, 9)",0,54,54,0
4,779,useful,3,0.9446177107906232,True,False,0.11851041700958431,0.11851041700958431,0.76623873601018,0.8261072937810389,0.8261072937810389,0.0544626399263261,0.0544626399263261,0.0,0,0,0,0,-1,49.39081221752222,49.39081221752222,0.0,"(2, 3, 4, 6, 7, 8, 10, 12)","(2, 3, 4, 6, 7, 8, 10, 12)",0,58,58,0
4,799,useful,2,1.12864041871208,False,False,1.089722488366742,1.089722488366742,0.8510263416489141,0.03891793034533797,0.03891793034533797,0.031052345652957655,0.031052345652957655,0.0,0,0,0,0,-1,39.233181090345,39.233181090345,0.0,"(1, 2, 3, 4, 6, 7, 8, 9)","(1, 2, 3, 4, 6, 7, 8, 9)",0,61,61,0
4,819,junk,11,0.06167394642187868,False,False,0.08228151516154075,0.08228151516154075,0.2647885106304523,0.020607568739662074,0.020607568739662074,0.05938727947633018,0.05938727947633018,0.0,0,0,0,0,-1,22.673763599141044,22.673763599141044,0.0,"(0, 2, 3, 4, 6, 7, 8, 10)","(0, 2, 3, 4, 6, 7, 8, 10)",0,60,60,0
4,839,useful,2,0.8432040872017155,False,False,0.8415470980944236,0.8415470980944236,0.8477235007435389,0.0016569891072918397,0.0016569891072918397,0.03972147887427031,0.03972147887427031,0.0,0,0,0,0,-1,22.18189203364803,22.18189203364803,0.0,"(1, 2, 3, 4, 6, 7, 8, 10)","(1, 2, 3, 4, 6, 7, 8, 10)",0,64,64,0
4,859,junk,11,0.07125818213145733,False,False,0.03742122702180839,0.03742122702180839,0.0018410421880005745,0.033836955109648945,0.033836955109648945,0.054302841973567044,0.054302841973567044,0.0,0,0,0,0,-1,30.610503389118872,30.610503389118872,0.0,"(2, 3, 4, 5, 6, 7, 8, 10)","(2, 3, 4, 5, 6, 7, 8, 10)",0,65,65,0
4,879,useful,3,0.769335328000883,False,False,0.7485720365824822,0.7485720365824822,0.8153709840157228,0.02076329141840083,0.02076329141840083,0.0283733203774651,0.0283733203774651,0.0,0,0,0,0,-1,38.144033971122575,38.144033971122575,0.0,"(0, 1, 2, 3, 4, 6, 7, 8)","(0, 1, 2, 3, 4, 6, 7, 8)",0,66,66,0
4,899,junk,12,0.032798374188927386,False,False,0.01766904892498285,0.01766904892498285,0.08228159268368276,0.015129325263944535,0.015129325263944535,0.051319746035760894,0.051319746035760894,0.0,0,0,0,0,-1,30.136580539618766,30.136580539618766,0.0,"(0, 1, 2, 3, 4, 6, 7, 8)","(0, 1, 2, 3, 4, 6, 7, 8)",0,66,66,0
4,919,junk,9,0.060694907641969935,False,False,0.011971595773874931,0.011971595773874931,0.020439468342637213,0.048723311868095004,0.048723311868095004,0.047260096922069436,0.047260096922069436,0.0,1,1,0,0,-1,43.29894036112712,43.29894036112712,0.0,"(2, 3, 4, 5, 6, 7, 8, 10)","(2, 3, 4, 5, 6, 7, 8, 10)",0,68,68,0
4,939,useful,1,0.925447273772952,False,False,0.9229399606266346,0.9229399606266346,0.8551855670887732,0.002507313146317358,0.002507313146317358,0.03003184631511503,0.03003184631511503,0.0,0,0,0,0,-1,28.98887958189748,28.98887958189748,0.0,"(2, 3, 4, 5, 6, 7, 8, 10)","(2, 3, 4, 5, 6, 7, 8, 10)",0,68,68,0
4,959,useful,2,0.7698754164650701,False,False,0.8260069980594111,0.8260069980594111,0.5493453826385066,0.05613158159434106,0.05613158159434106,0.019897909556993783,0.019897909556993783,0.0,0,0,0,0,-1,43.87451818946981,43.87451818946981,0.0,"(0, 1, 2, 3, 4, 6, 7, 8)","(0, 1, 2, 3, 4, 6, 7, 8)",0,70,70,0
4,979,transient,10128,0.0,False,False,0.009509861272548985,0.009509861272548985,0.0,0.009509861272548985,0.009509861272548985,0.04328455561774188,0.04328455561774188,0.0,0,0,0,0,-1,39.1775751528494,39.1775751528494,0.0,"(0, 1, 2, 3, 4, 6, 7, 8)","(0, 1, 2, 3, 4, 6, 7, 8)",0,70,70,0
4,999,junk,13,0.05119046446474593,False,False,0.14808774785582948,0.14808774785582948,0.07983539202316267,0.09689728339108356,0.09689728339108356,0.043312710877721955,0.043312710877721955,0.0,1,1,0,0,-1,43.20380879921393,43.20380879921393,0.0,"(0, 1, 2, 3, 4, 6, 7, 8)","(0, 1, 2, 3, 4, 6, 7, 8)",0,71,71,0
4,1019,transient,10134,0.0,True,True,2.6051099464462175,0.10796251146731603,0.10796251146731603,2.6051099464462175,0.10796251146731603,0.08629056589126871,0.03795960624273973,0.10730447632166776,0,0,0,0,-1,30.2783479208303,30.2783479208303,0.0,"(1, 2, 3, 4, 5, 6, 7, 8)","(1, 2, 3, 4, 5, 6, 7, 8)",0,72,72,0
4,1039,transient,10136,0.0,False,False,0.0,0.0,0.0,0.0,0.0,0.039354043172262064,0.039354043172262064,0.0,0,0,0,0,-1,25.260482077107575,25.260482077107575,0.0,"(1, 2, 3, 4, 5, 6, 7, 8)","(1, 2, 3, 4, 5, 6, 7, 8)",0,72,72,0
4,1059,useful,5,0.9239327612441504,False,False,0.9467258953817344,0.9467258953817344,0.7845771756916201,0.022793134137583992,0.022793134137583992,0.033469787253295184,0.033469787253295184,0.0,0,0,0,0,-1,27.314852291216198,27.314852291216198,0.0,"(1, 2, 3, 4, 5, 6, 7, 8)","(1, 2, 3, 4, 5, 6, 7, 8)",0,72,72,0
4,1079,useful,2,0.9931707087320214,False,False,1.0358751485163495,1.0358751485163495,0.9316979696121775,0.04270443978432814,0.04270443978432814,0.0163401686532418,0.0163401686532418,0.0,0,0,0,0,-1,36.11643559554147,36.11643559554147,0.0,"(0, 1, 2, 3, 5, 6, 7, 8)","(0, 1, 2, 3, 5, 6, 7, 8)",0,73,73,0
4,1099,transient,10152,0.0,False,False,0.0,0.0,0.06524026714827127,0.0,0.0,0.037036926691185613,0.037036926691185613,0.0,0,0,0,0,-1,35.871540725303454,35.871540725303454,0.0,"(1, 2, 3, 4, 5, 6, 7, 8)","(1, 2, 3, 4, 5, 6, 7, 8)",0,74,74,0
4,1119,useful,1,0.5454626305106518,False,False,0.5651525874361,0.5651525874361,0.5540256905881656,0.01968995692544817,0.01968995692544817,0.03293811674360315,0.03293811674360315,0.0,0,0,0,0,-1,45.18469201565558,45.18469201565558,0.0,"(0, 1, 2, 3, 5, 6, 7, 8)","(0, 1, 2, 3, 5, 6, 7, 8)",0,75,75,0
4,1139,junk,12,0.03457678995115271,False,False,0.023286364124076607,0.023286364124076607,0.0,0.011290425827076102,0.011290425827076102,0.03634492494138124,0.03634492494138124,0.0,0,0,0,0,-1,45.7381412697834,45.7381412697834,0.0,"(0, 1, 2, 3, 5, 6, 7, 8)","(0, 1, 2, 3, 5, 6, 7, 8)",0,75,75,0
4,1159,transient,10162,0.0,False,False,0.05300752410937979,0.05300752410937979,0.0,0.05300752410937979,0.05300752410937979,0.028746523100300184,0.028746523100300184,0.0,0,0,0,0,-1,38.60560220811939,38.60560220811939,0.0,"(1, 2, 3, 4, 5, 6, 7, 8)","(1, 2, 3, 4, 5, 6, 7, 8)",0,76,76,0
4,1179,useful,1,1.0335230144015706,False,False,1.0069046474242958,1.0069046474242958,1.4127632070537997,0.02661836697727482,0.02661836697727482,0.017014510002902102,0.017014510002902102,0.0,0,0,0,0,-1,30.813736158615114,30.813736158615114,0.0,"(0, 2, 3, 4, 5, 6, 7, 8)","(0, 2, 3, 4, 5, 6, 7, 8)",0,77,77,0
4,1199,critical,6,3.751510501836136,False,False,3.749278242815537,3.749278242815537,3.748277406530975,0.002232259020598981,0.002232259020598981,0.03785657204813518,0.03785657204813518,0.0,0,0,0,0,-1,44.44036791431403,44.44036791431403,0.0,"(0, 2, 3, 4, 5, 6, 7, 8)","(0, 2, 3, 4, 5, 6, 7, 8)",0,77,77,0
4,1219,useful,0,1.0385167777944677,False,False,1.0301411753395264,1.0301411753395264,1.0755923205263633,0.008375602454941289,0.008375602454941289,0.01837845845363541,0.01837845845363541,0.0,0,0,0,0,-1,54.13697209528499,54.13697209528499,0.0,"(0, 2, 3, 4, 5, 6, 7, 8)","(0, 2, 3, 4, 5, 6, 7, 8)",0,77,77,0
4,1239,useful,1,0.9992227148046219,False,False,0.9829117488314079,0.9829117488314079,1.2563954556495576,0.01631096597321402,0.01631096597321402,0.024630394193577577,0.024630394193577577,0.0,0,0,0,0,-1,44.08077428554926,44.08077428554926,0.0,"(1, 2, 3, 4, 5, 6, 7, 8)","(1, 2, 3, 4, 5, 6, 7, 8)",0,80,80,0
4,1259,junk,9,0.06193338296070308,False,False,0.0,0.0,0.0,0.06193338296070308,0.06193338296070308,0.0376369549567493,0.0376369549567493,0.0,0,0,0,0,-1,33.64495251903657,33.64495251903657,0.0,"(1, 2, 3, 4, 5, 6, 7, 8)","(1, 2, 3, 4, 5, 6, 7, 8)",0,80,80,0
4,1279,useful,4,1.198308670044365,False,False,1.1400302050266247,1.1400302050266247,1.2637619484137723,0.058278465017740366,0.058278465017740366,0.019504430497615653,0.019504430497615653,0.0,0,0,0,0,-1,28.88360501057899,28.88360501057899,0.0,"(1, 2, 3, 4, 5, 6, 7, 8)","(1, 2, 3, 4, 5, 6, 7, 8)",0,80,80,0
4,1299,junk,12,0.048673607153854236,False,False,0.030894763655535416,0.030894763655535416,0.21479063924777236,0.01777884349831882,0.01777884349831882,0.03140171057876849,0.03140171057876849,0.0,0,0,0,0,-1,29.90850365177269,29.90850365177269,0.0,"(0, 1, 2, 3, 5, 6, 7, 8)","(0, 1, 2, 3, 5, 6, 7, 8)",0,81,81,0
4,1319,junk,11,0.055150983623419414,True,True,2.3894053006272276,0.19506421919496109,0.19506421919496109,2.334254317003808,0.13991323557154167,0.09043205511053769,0.023552416285463423,0.10386913365432483,1,0,1,2,1325,22.61711262313229,23.655367504881145,1.0382548817488555,"(0, 2, 3, 4, 5, 6, 7, 8)","(0, 1, 2, 3, 5, 6, 7, 8)",1,82,81,-1
4,1339,junk,13,0.05181298770924249,True,True,2.569764076461159,0.03953375805136901,0.03953375805136901,2.5179510887519165,0.01227922965787348,0.09415729282696396,0.028492353223346853,0.11546487918396202,1,0,1,4,1341,26.31993260224971,28.22692657186777,1.9069939696180604,"(1, 2, 3, 4, 5, 6, 7, 8)","(1, 2, 3, 4, 5, 6, 7, 8)",0,84,82,-2
4,1359,junk,11,0.053853064262790566,True,True,2.7942114031144087,0.0,0.0,2.7403583388516184,0.053853064262790566,0.09751302403766325,0.03676632228727469,0.10304079889247221,1,0,1,5,1368,21.240822765195208,24.543009929337604,3.3021871641423957,"(0, 2, 3, 4, 5, 6, 7, 8)","(0, 1, 2, 3, 5, 6, 7, 8)",1,85,83,-2
4,1379,useful,4,0.8925355762146651,True,True,0.1373655971881375,1.221176948406618,1.221176948406618,0.7551699790265276,0.3286413721919529,0.08183202062889708,0.03661956028404379,0.07294774480705277,1,1,0,3,1384,15.686931900929128,16.709979670327034,1.0230477693979054,"(0, 1, 2, 3, 5, 6, 7, 8)","(0, 1, 2, 3, 5, 6, 7, 8)",0,83,83,0
4,1399,junk,9,0.04241097722910843,False,False,0.030859616500397466,0.030859616500397466,0.14806675383084975,0.011551360728710963,0.011551360728710963,0.01996749413704994,0.01996749413704994,0.0,0,0,0,0,-1,0.0,0.0,0.0,"(0, 1, 2, 3, 5, 6, 7, 8)","(0, 1, 2, 3, 5, 6, 7, 8)",0,83,83,0
5,19,useful,2,1.0598683512707474,False,False,1.0315122929095784,1.0315122929095784,1.0134676198757668,0.028356058361169056,0.028356058361169056,0.049938006767470226,0.049938006767470226,0.0,1,1,0,0,-1,22.627333729534048,22.627333729534048,0.0,"(1, 2, 3, 4, 5, 7, 8, 10)","(1, 2, 3, 4, 5, 7, 8, 10)",0,8,8,0
5,39,useful,3,0.9290636068346926,False,False,0.9007700966025871,0.9007700966025871,0.9528616567322956,0.028293510232105468,0.028293510232105468,0.03440635783460977,0.03440635783460977,0.0,0,0,0,0,-1,31.48059331128947,31.48059331128947,0.0,"(1, 2, 3, 4, 5, 7, 8, 10)","(1, 2, 3, 4, 5, 7, 8, 10)",0,8,8,0
5,59,useful,4,1.0652434743219215,False,False,1.072914884760238,1.072914884760238,0.9374003210993275,0.00767141043831665,0.00767141043831665,0.04656870577660392,0.04656870577660392,0.0,0,0,0,0,-1,34.956036433056276,34.956036433056276,0.0,"(1, 2, 3, 4, 6, 7, 8, 10)","(1, 2, 3, 4, 6, 7, 8, 10)",0,10,10,0
5,79,junk,12,0.04396160735879309,False,False,0.0891725318198449,0.0891725318198449,0.13497254444992668,0.04521092446105181,0.04521092446105181,0.0627606642766938,0.0627606642766938,0.0,1,1,0,0,-1,43.402501004301996,43.402501004301996,0.0,"(1, 2, 3, 4, 5, 6, 7, 8)","(1, 2, 3, 4, 5, 6, 7, 8)",0,12,12,0
5,99,junk,11,0.06397899789014783,False,False,0.02007189525741422,0.02007189525741422,0.0,0.043907102632733605,0.043907102632733605,0.05162795928245181,0.05162795928245181,0.0,1,1,0,0,-1,37.34123866750435,37.34123866750435,0.0,"(1, 2, 3, 4, 5, 6, 7, 8)","(1, 2, 3, 4, 5, 6, 7, 8)",0,15,15,0
5,119,critical,8,3.706766450133589,False,False,3.653283638755879,3.653283638755879,3.444585349743514,0.05348281137771016,0.05348281137771016,0.04367308287762565,0.04367308287762565,0.0,0,0,0,0,-1,35.77848512011885,35.77848512011885,0.0,"(1, 2, 3, 4, 5, 6, 7, 8)","(1, 2, 3, 4, 5, 6, 7, 8)",0,15,15,0
5,139,useful,1,0.8407685678749921,False,False,0.8276345035939715,0.8276345035939715,0.7671756208151616,0.013134064281020597,0.013134064281020597,0.04514764596698827,0.04514764596698827,0.0,0,0,0,0,-1,29.31979568307031,29.31979568307031,0.0,"(0, 1, 3, 4, 5, 6, 7, 8)","(0, 1, 3, 4, 5, 6, 7, 8)",0,16,16,0
5,159,useful,2,1.1150315968646045,False,False,1.150088516680266,1.150088516680266,1.2556563426922718,0.03505691981566139,0.03505691981566139,0.035497321618169424,0.035497321618169424,0.0,0,0,0,0,-1,36.422641558480066,36.422641558480066,0.0,"(0, 1, 2, 3, 4, 6, 7, 8)","(0, 1, 2, 3, 4, 6, 7, 8)",0,17,17,0
5,179,useful,1,0.6606144541599466,False,False,0.6753553896058632,0.6753553896058632,0.8299568047074816,0.014740935445916592,0.014740935445916592,0.032472930826772405,0.032472930826772405,0.0,0,0,0,0,-1,33.871483636209256,33.871483636209256,0.0,"(0, 1, 2, 3, 4, 6, 7, 8)","(0, 1, 2, 3, 4, 6, 7, 8)",0,17,17,0
5,199,transient,10030,0.0,False,False,0.019052564030008066,0.019052564030008066,0.0,0.019052564030008066,0.019052564030008066,0.04279683553823076,0.04279683553823076,0.0,0,0,0,0,-1,49.44406849282742,49.44406849282742,0.0,"(0, 1, 2, 3, 4, 6, 7, 8)","(0, 1, 2, 3, 4, 6, 7, 8)",0,17,17,0
5,219,junk,9,0.060348735045157136,False,False,0.07027757812366178,0.07027757812366178,0.0,0.009928843078504647,0.009928843078504647,0.03415933039273767,0.03415933039273767,0.0,0,0,0,0,-1,56.635956207521,56.635956207521,0.0,"(0, 1, 2, 3, 4, 6, 7, 8)","(0, 1, 2, 3, 4, 6, 7, 8)",0,17,17,0
5,239,junk,12,0.05020593890543236,True,True,2.3209133898448835,0.3233039753811352,0.3233039753811352,2.270707450939451,0.27309803647570285,0.09721208528157228,0.020594196308065357,0.1073650134943089,1,0,1,5,241,30.142209900604684,30.090665624539504,-0.05154427606517942,"(1, 2, 3, 4, 5, 6, 7, 8)","(0, 1, 2, 3, 4, 6, 7, 8)",1,20,19,-1
5,259,junk,11,0.04164345429697367,False,False,0.073108591797541,0.073108591797541,0.35524675934092487,0.031465137500567335,0.031465137500567335,0.03077284425351766,0.03077284425351766,0.0,0,0,0,0,-1,33.5039924189662,33.5039924189662,0.0,"(0, 1, 2, 3, 4, 6, 7, 8)","(0, 1, 2, 3, 4, 6, 7, 8)",0,19,19,0
5,279,useful,1,0.9484004953778136,False,False,0.9001809907455354,0.9001809907455354,1.0771449265259643,0.0482195046322782,0.0482195046322782,0.0233311995898145,0.0233311995898145,0.0,0,0,0,0,-1,36.49904416589237,36.49904416589237,0.0,"(0, 1, 3, 4, 5, 6, 7, 8)","(0, 1, 3, 4, 5, 6, 7, 8)",0,22,22,0
5,299,junk,13,0.05700227095064946,False,False,0.0829929519802693,0.0829929519802693,0.19566234815285463,0.025990681029619843,0.025990681029619843,0.034503051628518216,0.034503051628518216,0.0,0,0,0,0,-1,36.01689781418306,36.01689781418306,0.0,"(0, 1, 3, 4, 5, 6, 7, 8)","(0, 1, 3, 4, 5, 6, 7, 8)",0,22,22,0
5,319,useful,5,1.13818789414037,False,False,1.061281409562207,1.061281409562207,1.056403148194181,0.07690648457816307,0.07690648457816307,0.01937098146859137,0.01937098146859137,0.0,0,0,0,0,-1,33.767727017743745,33.767727017743745,0.0,"(0, 2, 3, 4, 5, 6, 7, 8)","(0, 2, 3, 4, 5, 6, 7, 8)",0,23,23,0
5,339,junk,11,0.04001289053750973,False,False,0.07061919397865649,0.07061919397865649,0.21442097331187554,0.03060630344114676,0.03060630344114676,0.030931579789521876,0.030931579789521876,0.0,0,0,0,0,-1,39.94041064228759,39.94041064228759,0.0,"(0, 1, 3, 4, 5, 6, 7, 8)","(0, 1, 3, 4, 5, 6, 7, 8)",0,24,24,0
5,359,useful,0,0.8500702408270395,False,False,0.7651435384937035,0.7651435384937035,0.27970871968562394,0.08492670233333599,0.08492670233333599,0.030388326213100954,0.030388326213100954,0.0,0,0,0,0,-1,38.445735164514616,38.445735164514616,0.0,"(0, 2, 3, 4, 5, 6, 7, 8)","(0, 2, 3, 4, 5, 6, 7, 8)",0,25,25,0
5,379,useful,1,0.8603454636334495,False,False,0.8791596650060459,0.8791596650060459,1.4684250933814782,0.018814201372596373,0.018814201372596373,0.009888904066981114,0.009888904066981114,0.0,0,0,0,0,-1,30.178958443092213,30.178958443092213,0.0,"(0, 2, 3, 4, 5, 6, 7, 8)","(0, 2, 3, 4, 5, 6, 7, 8)",0,25,25,0
5,399,useful,5,1.0282465242180863,False,False,0.9766598843502676,0.9766598843502676,1.260672044750532,0.05158663986781864,0.05158663986781864,0.04176313174139892,0.04176313174139892,0.0,0,0,0,0,-1,33.31003459703548,33.31003459703548,0.0,"(0, 2, 3, 4, 5, 6, 7, 8)","(0, 2, 3, 4, 5, 6, 7, 8)",0,25,25,0
5,419,transient,10063,0.0,False,False,0.030109694530180132,0.030109694530180132,0.10969108483902582,0.030109694530180132,0.030109694530180132,0.03740521445988186,0.03740521445988186,0.0,0,0,0,0,-1,33.261605036464,33.261605036464,0.0,"(0, 1, 2, 3, 5, 6, 7, 8)","(0, 1, 2, 3, 5, 6, 7, 8)",0,26,26,0
5,439,junk,13,0.05715685511671224,False,False,0.0950912174774255,0.0950912174774255,0.0536252145065636,0.03793436236071326,0.03793436236071326,0.02990653678736712,0.02990653678736712,0.0,0,0,0,0,-1,39.71130057316722,39.71130057316722,0.0,"(0, 1, 2, 3, 5, 6, 7, 8)","(0, 1, 2, 3, 5, 6, 7, 8)",0,26,26,0
5,459,junk,12,0.04991050696507275,False,False,0.0,0.0,0.27360055336432665,0.04991050696507275,0.04991050696507275,0.034741593960287954,0.034741593960287954,0.0,0,0,0,0,-1,48.10059544341172,48.10059544341172,0.0,"(0, 1, 3, 4, 5, 6, 7, 8)","(0, 1, 3, 4, 5, 6, 7, 8)",0,27,27,0
5,479,useful,1,0.9496518195413387,True,False,0.2942184048867367,0.2942184048867367,1.0388664687123734,0.655433414654602,0.655433414654602,0.04734893366285433,0.04734893366285433,0.0,0,0,0,0,-1,53.59426798548562,53.59426798548562,0.0,"(0, 1, 2, 3, 5, 6, 7, 8)","(0, 1, 2, 3, 5, 6, 7, 8)",0,28,28,0
5,499,transient,10073,0.0,False,False,0.0,0.0,0.1436491361511497,0.0,0.0,0.030197276092332668,0.030197276092332668,0.0,0,0,0,0,-1,42.96270200019067,42.96270200019067,0.0,"(0, 1, 2, 3, 5, 6, 7, 8)","(0, 1, 2, 3, 5, 6, 7, 8)",0,28,28,0
5,519,junk,9,0.03558524204114129,False,False,0.03160939159236441,0.03160939159236441,0.40980263903732495,0.00397585044877688,0.00397585044877688,0.02558109756925619,0.02558109756925619,0.0,0,0,0,0,-1,32.81666677931119,32.81666677931119,0.0,"(0, 1, 2, 3, 5, 6, 7, 8)","(0, 1, 2, 3, 5, 6, 7, 8)",0,28,28,0
5,539,junk,12,0.05379477518784315,False,False,0.0,0.0,0.0,0.05379477518784315,0.05379477518784315,0.024173708885521186,0.024173708885521186,0.0,0,0,0,0,-1,47.96740942111307,47.96740942111307,0.0,"(0, 2, 3, 4, 5, 6, 7, 8)","(0, 2, 3, 4, 5, 6, 7, 8)",0,29,29,0
5,559,junk,13,0.05965779958214615,False,False,0.06770350629566729,0.06770350629566729,0.35288324910673097,0.008045706713521145,0.008045706713521145,0.0281979410298973,0.0281979410298973,0.0,0,0,0,0,-1,59.47001014093879,59.47001014093879,0.0,"(0, 2, 3, 4, 5, 6, 7, 8)","(0, 2, 3, 4, 5, 6, 7, 8)",0,29,29,0
5,579,useful,4,0.7690930929382682,True,False,0.22808677731456997,0.22808677731456997,0.6225906953744186,0.5410063156236983,0.5410063156236983,0.060473516522604194,0.060473516522604194,0.0,0,0,0,0,-1,48.293101593074624,48.293101593074624,0.0,"(1, 2, 3, 4, 5, 6, 7, 8)","(1, 2, 3, 4, 5, 6, 7, 8)",0,30,30,0
5,599,transient,10086,0.0,False,False,0.0,0.0,0.33145906828890953,0.0,0.0,0.0328002138655459,0.0328002138655459,0.0,0,0,0,0,-1,46.363228195267894,46.363228195267894,0.0,"(0, 2, 3, 4, 5, 6, 7, 8)","(0, 2, 3, 4, 5, 6, 7, 8)",0,31,31,0
5,619,useful,2,1.0608815796472122,False,False,1.0928279695253635,1.0928279695253635,1.1938079913536424,0.03194638987815135,0.03194638987815135,0.018096130846583507,0.018096130846583507,0.0,0,0,0,0,-1,25.366748033676558,25.366748033676558,0.0,"(0, 2, 3, 4, 5, 6, 7, 8)","(0, 2, 3, 4, 5, 6, 7, 8)",0,31,31,0
5,639,transient,10095,0.0,False,False,0.03303709023161639,0.03303709023161639,0.0,0.03303709023161639,0.03303709023161639,0.029112281735885655,0.029112281735885655,0.0,0,0,0,0,-1,22.69104214421903,22.69104214421903,0.0,"(0, 2, 3, 4, 5, 6, 7, 8)","(0, 2, 3, 4, 5, 6, 7, 8)",0,33,33,0
5,659,transient,10097,0.0,False,False,0.0,0.0,0.0,0.0,0.0,0.03146999046035624,0.03146999046035624,0.0,0,0,0,0,-1,36.87352653484146,36.87352653484146,0.0,"(0, 2, 3, 4, 5, 6, 7, 8)","(0, 2, 3, 4, 5, 6, 7, 8)",0,33,33,0
5,679,useful,0,0.7854299962525577,False,False,0.7612848711005368,0.7612848711005368,0.6927229039848383,0.02414512515202094,0.02414512515202094,0.026553141346418337,0.026553141346418337,0.0,0,0,0,0,-1,32.91647160228396,32.91647160228396,0.0,"(0, 2, 3, 5, 6, 7, 8, 10)","(0, 2, 3, 5, 6, 7, 8, 10)",0,36,36,0
5,699,junk,12,0.04718740800698614,False,False,0.05090214977613939,0.05090214977613939,0.18729190660689776,0.0037147417691532486,0.0037147417691532486,0.023261665762538877,0.023261665762538877,0.0,0,0,0,0,-1,29.671375918838176,29.671375918838176,0.0,"(2, 3, 5, 6, 7, 8, 9, 10)","(2, 3, 5, 6, 7, 8, 9, 10)",0,39,39,0
5,719,useful,3,1.178715322344167,False,False,1.1523764190365562,1.1523764190365562,1.3024041488022358,0.026338903307610906,0.026338903307610906,0.05422756494987628,0.05422756494987628,0.0,0,0,0,0,-1,23.06111697600922,23.06111697600922,0.0,"(0, 2, 3, 5, 6, 7, 8, 9)","(0, 2, 3, 5, 6, 7, 8, 9)",0,43,43,0
5,739,junk,12,0.053729590957548395,False,False,0.06867180624726116,0.06867180624726116,0.03703615306722417,0.014942215289712762,0.014942215289712762,0.06633020477592053,0.06633020477592053,0.0,0,0,0,0,-1,24.678896308462537,24.678896308462537,0.0,"(1, 2, 3, 5, 6, 7, 8, 11)","(1, 2, 3, 5, 6, 7, 8, 11)",0,43,43,0
5,759,transient,10116,0.0,False,False,0.0,0.0,0.0,0.0,0.0,0.06325064127621682,0.06325064127621682,0.0,0,0,0,0,-1,31.295500214709453,31.295500214709453,0.0,"(1, 2, 3, 5, 6, 7, 8, 13)","(1, 2, 3, 5, 6, 7, 8, 13)",0,44,44,0
5,779,useful,5,0.8488102437233666,False,False,0.8009886170062641,0.8009886170062641,1.239052663575883,0.04782162671710244,0.04782162671710244,0.04641184358416324,0.04641184358416324,0.0,0,0,0,0,-1,35.66092283627954,35.66092283627954,0.0,"(1, 2, 3, 5, 6, 7, 8, 11)","(1, 2, 3, 5, 6, 7, 8, 11)",0,45,45,0
5,799,transient,10124,0.0,True,True,2.8516182759248494,0.0,0.0,2.8516182759248494,0.0,0.09042386818333331,0.05670632001410127,0.12082084711633131,0,0,0,17,804,35.289615188557526,35.607614952475735,0.31799976391820906,"(3, 4, 5, 6, 7, 8, 11, 13)","(2, 3, 4, 5, 6, 7, 8, 10)",1,53,45,-8
5,819,junk,13,0.049627053505755664,False,False,0.04999123928905984,0.04999123928905984,0.12897417879952228,0.0003641857833041745,0.0003641857833041745,0.05017267396041824,0.05017267396041824,0.0,1,1,0,0,-1,30.411518244530964,30.411518244530964,0.0,"(0, 1, 2, 3, 5, 6, 7, 8)","(0, 1, 2, 3, 5, 6, 7, 8)",0,47,47,0
5,839,junk,11,0.054674100192943234,True,True,2.679342882996177,0.0,0.0,2.624668782803234,0.054674100192943234,0.10034966169197716,0.05067375332732935,0.12359827438450721,1,1,0,5,854,37.00131948076841,33.566034991112474,-3.4352844896559347,"(0, 1, 3, 4, 5, 6, 7, 8)","(1, 2, 3, 4, 5, 6, 7, 8)",1,49,51,2
5,859,junk,9,0.03144166956171012,True,True,2.687742594305319,0.0,0.0,2.6563009247436087,0.03144166956171012,0.10369276101972266,0.04543289942143319,0.12238748143984515,1,0,1,1,860,29.550849444098702,29.504415765488332,-0.046433678610370066,"(1, 2, 3, 4, 5, 6, 7, 8)","(1, 2, 3, 4, 5, 6, 7, 8)",0,52,51,-1
5,879,junk,12,0.043611615633745264,False,False,0.08439275919879813,0.08439275919879813,0.05901883948011171,0.040781143565052864,0.040781143565052864,0.04083360536217455,0.04083360536217455,0.0,0,0,0,0,-1,35.39749145235875,35.39749145235875,0.0,"(0, 1, 2, 3, 4, 6, 7, 8)","(0, 1, 2, 3, 4, 6, 7, 8)",0,52,52,0
5,899,junk,9,0.032652877424224916,True,True,3.0258064902179616,0.0,0.0,2.9931536127937366,0.032652877424224916,0.11605959792939749,0.0400152272743275,0.1432040609413489,1,0,1,3,910,46.02712304244773,47.77353416797363,1.7464111255259027,"(0, 1, 2, 3, 4, 6, 7, 8)","(0, 1, 2, 3, 4, 6, 7, 8)",0,54,52,-2
5,919,junk,12,0.06291974724193224,False,False,0.16271345688076222,0.16271345688076222,0.19789803714397158,0.09979370963882998,0.09979370963882998,0.03408249757681934,0.03408249757681934,0.0,0,0,0,0,-1,47.19692049251984,47.19692049251984,0.0,"(0, 1, 2, 3, 4, 6, 7, 8)","(0, 1, 2, 3, 4, 6, 7, 8)",0,52,52,0
5,939,useful,3,1.2508658707890274,False,False,1.2535309580455627,1.2535309580455627,1.3173537574333458,0.002665087256535248,0.002665087256535248,0.019012944922120006,0.019012944922120006,0.0,0,0,0,0,-1,56.86652196505783,56.86652196505783,0.0,"(1, 2, 3, 4, 5, 6, 7, 8)","(1, 2, 3, 4, 5, 6, 7, 8)",0,53,53,0
5,959,transient,10143,0.0,False,False,0.06441372305794113,0.06441372305794113,0.2323775925735604,0.06441372305794113,0.06441372305794113,0.03778717489800643,0.03778717489800643,0.0,0,0,0,0,-1,50.36788455280621,50.36788455280621,0.0,"(1, 2, 3, 4, 5, 6, 7, 8)","(1, 2, 3, 4, 5, 6, 7, 8)",0,53,53,0
5,979,junk,11,0.05262494150590239,False,False,0.0,0.0,0.0,0.05262494150590239,0.05262494150590239,0.03319849931600474,0.03319849931600474,0.0,0,0,0,0,-1,48.1241375990086,48.1241375990086,0.0,"(1, 2, 3, 4, 5, 6, 7, 8)","(1, 2, 3, 4, 5, 6, 7, 8)",0,53,53,0
5,999,transient,10149,0.0,True,True,2.564542166803418,0.0,0.0,2.564542166803418,0.0,0.1077297024768242,0.030399122173873316,0.1296792525160138,0,0,0,2,1007,45.23920972955128,45.23920972955128,0.0,"(1, 2, 3, 4, 5, 6, 7, 8)","(1, 2, 3, 4, 5, 6, 7, 8)",0,55,55,0
5,1019,junk,13,0.06567602855530207,False,False,0.05689882956347531,0.05689882956347531,0.09981685855694217,0.008777198991826753,0.008777198991826753,0.0259129644982016,0.0259129644982016,0.0,0,0,0,0,-1,49.92946388357827,49.92946388357827,0.0,"(1, 2, 3, 4, 5, 6, 7, 8)","(1, 2, 3, 4, 5, 6, 7, 8)",0,55,55,0
5,1039,junk,13,0.05206747438073264,True,True,2.409147495019024,0.29618269757003673,0.29618269757003673,2.3570800206382914,0.2441152231893041,0.08795349454798472,0.025138550784560097,0.08230587309629425,1,0,1,6,1047,35.130097271843496,33.90927101167644,-1.2208262601670583,"(0, 1, 2, 3, 5, 6, 7, 8)","(0, 2, 3, 4, 5, 6, 7, 8)",1,57,56,-1
5,1059,critical,7,5.124562744378208,False,False,5.107478090709871,5.107478090709871,5.352710440140668,0.01708465366833689,0.01708465366833689,0.02405938990219572,0.02405938990219572,0.0,0,0,0,0,-1,26.272914978829817,26.272914978829817,0.0,"(0, 2, 3, 4, 5, 6, 7, 8)","(0, 2, 3, 4, 5, 6, 7, 8)",0,56,56,0
5,1079,useful,0,0.8869650697455861,False,False,0.875103905208505,0.875103905208505,0.8453850864391723,0.011861164537081081,0.011861164537081081,0.03720776022865461,0.03720776022865461,0.0,0,0,0,0,-1,28.79699968200807,28.79699968200807,0.0,"(0, 1, 2, 3, 4, 6, 7, 8)","(0, 1, 2, 3, 4, 6, 7, 8)",0,57,57,0
5,1099,transient,10162,0.0,True,True,2.918444220090914,0.0,0.0,2.918444220090914,0.0,0.11798695535974732,0.02205549387575435,0.13219844428619326,0,0,0,4,1112,33.65572879394257,33.65572879394257,0.0,"(1, 2, 3, 4, 5, 6, 7, 8)","(1, 2, 3, 4, 5, 6, 7, 8)",0,59,58,-1
5,1119,transient,10165,0.0,True,True,2.914153093365105,0.0,0.0,2.914153093365105,0.0,0.1101399244044593,0.024851179065031183,0.13292099422491097,0,0,0,2,1126,46.46235349454132,46.46235349454132,0.0,"(0, 2, 3, 4, 5, 6, 7, 8)","(0, 2, 3, 4, 5, 6, 7, 8)",0,59,59,0
5,1139,useful,1,0.8708259116125615,False,False,0.8323981918785538,0.8323981918785538,0.7852514812080681,0.038427719734007715,0.038427719734007715,0.03906926236102113,0.03906926236102113,0.0,0,0,0,0,-1,50.30922561627417,50.30922561627417,0.0,"(0, 2, 3, 4, 5, 6, 7, 8)","(0, 2, 3, 4, 5, 6, 7, 8)",0,59,59,0
5,1159,critical,7,3.7316184422496317,False,False,3.7674475561773315,3.7674475561773315,3.6228903641957437,0.03582911392769983,0.03582911392769983,0.036887303460835234,0.036887303460835234,0.0,0,0,0,0,-1,57.061380447110736,57.061380447110736,0.0,"(0, 2, 3, 4, 5, 6, 7, 8)","(0, 2, 3, 4, 5, 6, 7, 8)",0,59,59,0
5,1179,useful,0,0.7590272285704215,False,False,0.7329987884660932,0.7329987884660932,0.5969835906511787,0.026028440104328254,0.026028440104328254,0.038727584225448676,0.038727584225448676,0.0,0,0,0,0,-1,44.504886235278455,44.504886235278455,0.0,"(0, 1, 2, 3, 4, 6, 7, 8)","(0, 1, 2, 3, 4, 6, 7, 8)",0,60,60,0
5,1199,useful,5,1.1150019105089581,False,False,1.1084430416876097,1.1084430416876097,1.0141726338980066,0.006558868821348485,0.006558868821348485,0.018974043870529103,0.018974043870529103,0.0,0,0,0,0,-1,34.3293204216367,34.3293204216367,0.0,"(0, 2, 3, 4, 5, 6, 7, 8)","(0, 2, 3, 4, 5, 6, 7, 8)",0,61,61,0
5,1219,junk,12,0.06208996425356314,True,True,2.476077633481707,0.20041293874548707,0.20041293874548707,2.413987669228144,0.13832297449192393,0.10416439727671345,0.025286999789180503,0.11348091796501335,1,0,1,1,1227,34.50358384229007,34.50358384229007,0.0,"(0, 1, 2, 3, 4, 6, 7, 8)","(0, 1, 2, 3, 4, 6, 7, 8)",0,63,62,-1
5,1239,critical,8,4.890012343161107,False,False,4.888070237985566,4.888070237985566,4.794747732210523,0.0019421051755408314,0.0019421051755408314,0.03129790936827392,0.03129790936827392,0.0,0,0,0,0,-1,39.518640484922244,39.518640484922244,0.0,"(0, 1, 2, 3, 4, 6, 7, 8)","(0, 1, 2, 3, 4, 6, 7, 8)",0,62,62,0
5,1259,useful,3,1.1392829058469258,False,False,1.2212224430559895,1.2212224430559895,1.1675014788154718,0.08193953720906366,0.08193953720906366,0.011325499133673006,0.011325499133673006,0.0,0,0,0,0,-1,43.54052984088262,43.54052984088262,0.0,"(0, 1, 2, 3, 5, 6, 7, 8)","(0, 1, 2, 3, 5, 6, 7, 8)",0,63,63,0
5,1279,transient,10189,0.0,False,False,0.0,0.0,0.0,0.0,0.0,0.021472807011239266,0.021472807011239266,0.0,0,0,0,0,-1,50.79259704010692,50.79259704010692,0.0,"(0, 1, 2, 3, 4, 6, 7, 8)","(0, 1, 2, 3, 4, 6, 7, 8)",0,64,64,0
5,1299,useful,0,1.1782473372686975,False,False,1.1089220464318663,1.1089220464318663,1.4116914487823038,0.06932529083683114,0.06932529083683114,0.020823943070749813,0.020823943070749813,0.0,0,0,0,0,-1,44.51712984336577,44.51712984336577,0.0,"(0, 1, 2, 3, 4, 6, 7, 8)","(0, 1, 2, 3, 4, 6, 7, 8)",0,64,64,0
5,1319,junk,11,0.05397449214812725,False,False,0.04692018135788177,0.04692018135788177,0.39234933445446274,0.007054310790245481,0.007054310790245481,0.021372154721700006,0.021372154721700006,0.0,0,0,0,0,-1,44.870506822177035,44.870506822177035,0.0,"(0, 1, 2, 3, 4, 6, 7, 8)","(0, 1, 2, 3, 4, 6, 7, 8)",0,64,64,0
5,1339,useful,1,0.9889359185891667,False,False,0.997848813714193,0.997848813714193,0.9984005405499919,0.008912895125026243,0.008912895125026243,0.029424710372207473,0.029424710372207473,0.0,0,0,0,0,-1,41.00730271106671,41.00730271106671,0.0,"(0, 1, 2, 3, 4, 6, 7, 8)","(0, 1, 2, 3, 4, 6, 7, 8)",0,64,64,0
5,1359,useful,0,1.2503184345358178,True,True,0.17673036657729838,1.3342779114512697,1.3342779114512697,1.0735880679585195,0.08395947691545191,0.09739071904764522,0.013853353793507812,0.09473582024831845,0,0,0,0,-1,43.33644151470058,43.33644151470058,0.0,"(0, 1, 2, 3, 5, 6, 7, 8)","(0, 1, 2, 3, 5, 6, 7, 8)",0,65,65,0
5,1379,critical,8,3.257091469906276,False,False,3.3381781643914112,3.3381781643914112,3.2641920919733716,0.08108669448513517,0.08108669448513517,0.020937602888247395,0.020937602888247395,0.0,0,0,0,0,-1,20.815330980113046,20.815330980113046,0.0,"(0, 1, 2, 3, 5, 6, 7, 8)","(0, 1, 2, 3, 5, 6, 7, 8)",0,65,65,0
5,1399,critical,8,4.757529651870147,False,False,4.673505314800895,4.673505314800895,4.753498910299234,0.08402433706925194,0.08402433706925194,0.02788495243658898,0.02788495243658898,0.0,0,0,0,0,-1,0.0,0.0,0.0,"(0, 1, 2, 3, 5, 6, 7, 8)","(0, 1, 2, 3, 5, 6, 7, 8)",0,65,65,0
6,19,transient,10002,0.0,False,False,0.0,0.0,0.07336320510725454,0.0,0.0,0.07189883385338154,0.07189883385338154,0.0,0,0,0,0,-1,11.568759299737687,11.568759299737687,0.0,"(0, 1, 2, 3, 5, 7, 11)","(0, 1, 2, 3, 5, 7, 11)",0,7,7,0
6,39,junk,10,0.036365817577754915,False,False,0.17268461663592435,0.17268461663592435,0.0,0.13631879905816943,0.13631879905816943,0.05817490476578405,0.05817490476578405,0.0,0,0,0,0,-1,19.890649493906096,19.890649493906096,0.0,"(0, 1, 2, 3, 4, 5, 7, 11)","(0, 1, 2, 3, 4, 5, 7, 11)",0,8,8,0
6,59,useful,0,1.1818537045254245,True,True,0.3210178431628908,1.1384657704321566,1.1384657704321566,0.8608358613625338,0.04338793409326791,0.030587264589510877,0.04296875473691783,0.0656239138602565,0,0,0,3,83,21.95915647959378,24.138377093090575,2.1792206134967955,"(0, 1, 2, 3, 4, 6, 7, 11)","(0, 1, 2, 3, 4, 6, 7, 11)",0,9,9,0
6,79,useful,3,1.0387995776387187,False,False,1.0002065253785075,1.0002065253785075,1.4162094898436106,0.03859305226021115,0.03859305226021115,0.03193145959556087,0.03193145959556087,0.0,0,0,0,0,-1,34.52739062471243,34.52739062471243,0.0,"(0, 1, 2, 3, 4, 6, 7, 11)","(0, 1, 2, 3, 4, 6, 7, 11)",0,9,9,0
6,99,critical,8,6.070353211556956,False,False,6.045139632209487,6.045139632209487,6.1257240565501165,0.025213579347468595,0.025213579347468595,0.04833217605457129,0.04833217605457129,0.0,1,1,0,0,-1,42.32536324918725,42.32536324918725,0.0,"(0, 1, 2, 3, 5, 6, 7, 8)","(0, 1, 2, 3, 5, 6, 7, 8)",0,12,12,0
6,119,junk,12,0.04559244979678229,True,True,2.8389810253287306,0.21222342342249825,0.21222342342249825,2.7933885755319485,0.16663097362571597,0.08693358157116497,0.036532875018220876,0.12239171730649605,1,1,0,0,-1,41.655711545238745,41.655711545238745,0.0,"(0, 1, 3, 4, 5, 6, 7, 8)","(0, 1, 3, 4, 5, 6, 7, 8)",0,14,14,0
6,139,useful,4,0.6914750011868501,False,False,0.6831441690079801,0.6831441690079801,0.9067445162929715,0.008330832178869985,0.008330832178869985,0.04258923127240621,0.04258923127240621,0.0,0,0,0,0,-1,38.59538393991925,38.59538393991925,0.0,"(0, 1, 2, 3, 5, 6, 7, 8)","(0, 1, 2, 3, 5, 6, 7, 8)",0,15,15,0
6,159,useful,4,1.0188293356913343,False,False,1.0735821652558333,1.0735821652558333,1.247535112940066,0.054752829564499006,0.054752829564499006,0.04501484397168928,0.04501484397168928,0.0,1,1,0,0,-1,31.305924097879068,31.305924097879068,0.0,"(0, 1, 2, 3, 5, 6, 7, 8)","(0, 1, 2, 3, 5, 6, 7, 8)",0,17,17,0
6,179,useful,2,0.9214550210386481,True,True,0.1358599480661538,1.1028271381052042,1.1028271381052042,0.7855950729724943,0.1813721170665561,0.037420259636509606,0.030549433364615287,0.057447908512446695,0,0,0,0,-1,27.72452536531329,27.72452536531329,0.0,"(0, 1, 2, 3, 5, 6, 7, 8)","(0, 1, 2, 3, 5, 6, 7, 8)",0,17,17,0
6,199,transient,10036,0.0,False,False,0.0,0.0,0.15959404926670928,0.0,0.0,0.04456850914515308,0.04456850914515308,0.0,0,0,0,0,-1,33.39099901396755,33.39099901396755,0.0,"(0, 1, 2, 3, 5, 6, 7, 8)","(0, 1, 2, 3, 5, 6, 7, 8)",0,17,17,0
6,219,junk,10,0.045298896188883886,False,False,0.02306534963315777,0.02306534963315777,0.07331124658434089,0.022233546555726114,0.022233546555726114,0.035442294438186105,0.035442294438186105,0.0,0,0,0,0,-1,27.88783333872865,27.88783333872865,0.0,"(0, 1, 2, 3, 5, 6, 7, 8)","(0, 1, 2, 3, 5, 6, 7, 8)",0,19,19,0
6,239,junk,11,0.03515240222577013,False,False,0.08015959838325207,0.08015959838325207,0.0,0.045007196157481937,0.045007196157481937,0.038754501998421856,0.038754501998421856,0.0,0,0,0,0,-1,26.398070495020807,26.398070495020807,0.0,"(0, 1, 2, 3, 5, 6, 7, 8)","(0, 1, 2, 3, 5, 6, 7, 8)",0,19,19,0
6,259,junk,12,0.05776139134601256,False,False,0.0,0.0,0.0,0.05776139134601256,0.05776139134601256,0.03951152280619427,0.03951152280619427,0.0,0,0,0,0,-1,26.121379724943793,26.121379724943793,0.0,"(0, 1, 3, 4, 5, 6, 7, 8)","(0, 1, 3, 4, 5, 6, 7, 8)",0,20,20,0
6,279,useful,1,0.742068196853446,False,False,0.8050155678689052,0.8050155678689052,0.56158178716327,0.06294737101545911,0.06294737101545911,0.03348869747540228,0.03348869747540228,0.0,0,0,0,0,-1,40.04267875191798,40.04267875191798,0.0,"(0, 1, 2, 3, 5, 6, 7, 8)","(0, 1, 2, 3, 5, 6, 7, 8)",0,21,21,0
6,299,junk,11,0.04599254564744574,True,True,2.5518568101554338,0.08093270596437277,0.08093270596437277,2.505864264507988,0.03494016031692703,0.0973331233146187,0.03314806928396222,0.11877698615654589,1,0,1,4,305,41.25665837543396,43.36539253668103,2.108734161247071,"(1, 2, 3, 4, 5, 6, 7, 8)","(1, 2, 3, 4, 5, 6, 7, 8)",0,24,22,-2
6,319,critical,7,4.966325965846557,True,True,0.8787197795765187,5.003464767825659,5.003464767825659,4.087606186270039,0.037138801979102354,0.11326250555600967,0.03014972402732268,0.1285083447065471,0,0,0,4,352,36.07825594335511,33.71807331260056,-2.360182630754551,"(0, 1, 2, 3, 5, 6, 7, 8)","(1, 2, 3, 4, 5, 6, 7, 8)",1,23,24,1
6,339,useful,1,0.914658470909789,False,False,0.9240236953349175,0.9240236953349175,0.7159920020427828,0.009365224425128438,0.009365224425128438,0.030998852787273032,0.030998852787273032,0.0,0,0,0,0,-1,32.18633019202102,32.18633019202102,0.0,"(1, 2, 3, 4, 5, 6, 7, 8)","(1, 2, 3, 4, 5, 6, 7, 8)",0,24,24,0
6,359,junk,12,0.03332777389635372,True,True,2.24196711754785,0.0,0.0,2.2086393436514964,0.03332777389635372,0.09461970464941334,0.025961768416333977,0.11625082545934778,1,0,1,3,367,30.258328875426805,30.258328875426805,0.0,"(1, 2, 3, 4, 5, 6, 7, 8)","(1, 2, 3, 4, 5, 6, 7, 8)",0,25,24,-1
6,379,critical,8,3.3530654893982623,False,False,3.359335234732039,3.359335234732039,3.753737188856489,0.006269745333776555,0.006269745333776555,0.02481214240081605,0.02481214240081605,0.0,0,0,0,0,-1,34.356491046371495,34.356491046371495,0.0,"(0, 1, 2, 3, 4, 6, 7, 8)","(0, 1, 2, 3, 4, 6, 7, 8)",0,25,25,0
6,399,critical,6,4.118701682096795,False,False,4.0988330804860675,4.0988330804860675,3.9027327872146484,0.019868601610727232,0.019868601610727232,0.02386445485873634,0.02386445485873634,0.0,0,0,0,0,-1,35.22158179422317,35.22158179422317,0.0,"(0, 1, 2, 3, 4, 6, 7, 8)","(0, 1, 2, 3, 4, 6, 7, 8)",0,25,25,0
6,419,critical,7,2.758553546276169,True,True,0.45178444463844813,2.684576296927143,2.684576296927143,2.306769101637721,0.07397724934902605,0.10623740686154798,0.01743480073256839,0.11220333120302263,0,0,0,4,420,39.953051148028315,40.78412003774205,0.8310688897137339,"(0, 1, 2, 3, 4, 6, 7, 8)","(0, 1, 2, 3, 4, 6, 7, 8)",0,25,25,0
6,439,critical,8,3.607229956806643,True,True,0.4801571951269805,3.4593683140140756,3.4593683140140756,3.1270727616796625,0.14786164279256742,0.1061722655264085,0.02678893758017921,0.1173225169591136,0,0,0,4,464,39.64676686587445,39.64676686587445,0.0,"(1, 2, 3, 4, 5, 6, 7, 8)","(1, 2, 3, 4, 5, 6, 7, 8)",0,26,26,0
6,459,useful,2,0.943708077828071,False,False,0.9443492036685194,0.9443492036685194,0.7116133808274794,0.0006411258404483977,0.0006411258404483977,0.022608688901882727,0.022608688901882727,0.0,0,0,0,0,-1,32.68466401825548,32.68466401825548,0.0,"(1, 2, 3, 4, 5, 6, 7, 8)","(1, 2, 3, 4, 5, 6, 7, 8)",0,26,26,0
6,479,useful,2,1.2211509819013118,True,True,0.21204134566042548,1.3065397201069815,1.3065397201069815,1.0091096362408862,0.08538873820566972,0.07611354947331146,0.01728354228383685,0.07160187335240292,0,0,0,2,509,32.88354037419906,32.88354037419906,0.0,"(0, 1, 2, 3, 4, 6, 7, 8)","(0, 1, 2, 3, 4, 6, 7, 8)",0,27,27,0
6,499,useful,1,1.527154432154254,False,False,1.5539272133520015,1.5539272133520015,1.9444854566719947,0.026772781197747397,0.026772781197747397,0.015207500773627796,0.015207500773627796,0.0,0,0,0,0,-1,22.86890416471985,22.86890416471985,0.0,"(0, 1, 2, 3, 4, 6, 7, 8)","(0, 1, 2, 3, 4, 6, 7, 8)",0,29,29,0
6,519,useful,2,1.1943971055068237,False,False,1.170239025688218,1.170239025688218,1.3617422203522545,0.024158079818605627,0.024158079818605627,0.016278533355825426,0.016278533355825426,0.0,0,0,0,0,-1,22.582969467168397,22.582969467168397,0.0,"(0, 1, 2, 3, 4, 6, 7, 8)","(0, 1, 2, 3, 4, 6, 7, 8)",0,29,29,0
6,539,useful,3,0.6722356564396657,False,False,0.6620830636059784,0.6620830636059784,0.6266619976320569,0.010152592833687302,0.010152592833687302,0.03523434350013494,0.03523434350013494,0.0,0,0,0,0,-1,27.321801357800737,27.321801357800737,0.0,"(0, 1, 2, 3, 4, 6, 7, 8)","(0, 1, 2, 3, 4, 6, 7, 8)",0,29,29,0
6,559,junk,12,0.044657621301286254,False,False,0.000959380667002796,0.000959380667002796,0.0,0.04369824063428346,0.04369824063428346,0.036187885393608225,0.036187885393608225,0.0,0,0,0,0,-1,23.3408742268087,23.3408742268087,0.0,"(1, 2, 3, 4, 5, 6, 7, 8)","(1, 2, 3, 4, 5, 6, 7, 8)",0,30,30,0
6,579,useful,0,0.6882158438375475,True,False,0.059061846971478746,0.059061846971478746,0.6776701813680708,0.6291539968660688,0.6291539968660688,0.07118451690633866,0.07118451690633866,0.0,0,0,0,0,-1,27.78818421191171,27.78818421191171,0.0,"(1, 2, 3, 4, 5, 6, 7, 8)","(1, 2, 3, 4, 5, 6, 7, 8)",0,30,30,0
6,599,useful,5,0.8393391983315643,False,False,0.8785429581735421,0.8785429581735421,0.9074583024974737,0.03920375984197777,0.03920375984197777,0.018603613177632303,0.018603613177632303,0.0,0,0,0,0,-1,40.061713951935346,40.061713951935346,0.0,"(0, 1, 3, 4, 5, 6, 7, 8)","(0, 1, 3, 4, 5, 6, 7, 8)",0,31,31,0
6,619,critical,7,5.82997938820556,True,True,1.2640277879106998,5.814785859991462,5.814785859991462,4.56595160029486,0.01519352821409825,0.11588862284547172,0.030967437534120616,0.1270812564068993,0,0,0,4,625,43.82223767824589,45.05293916179945,1.2307014835535597,"(1, 2, 3, 4, 5, 6, 7, 8)","(1, 2, 3, 4, 5, 6, 7, 8)",0,32,32,0
6,639,transient,10101,0.0,False,False,0.0,0.0,0.10668266912638864,0.0,0.0,0.033280328638358996,0.033280328638358996,0.0,0,0,0,0,-1,51.548723466494764,51.548723466494764,0.0,"(0, 1, 3, 4, 5, 6, 7, 8)","(0, 1, 3, 4, 5, 6, 7, 8)",0,33,33,0
6,659,transient,10103,0.0,True,True,2.5409897973223434,0.4997458945514342,0.4997458945514342,2.5409897973223434,0.4997458945514342,0.10335045842338791,0.025325686135660035,0.09338125015374045,0,0,0,1,703,44.05764801628183,44.05764801628183,0.0,"(1, 3, 4, 5, 6, 7, 8, 13)","(0, 1, 3, 4, 5, 6, 7, 8)",1,34,33,-1
6,679,transient,10107,0.0,False,False,0.0,0.0,0.08638202248196701,0.0,0.0,0.031704464888801694,0.031704464888801694,0.0,0,0,0,0,-1,43.75367695475933,43.75367695475933,0.0,"(1, 3, 5, 6, 7, 8, 10, 11)","(1, 3, 5, 6, 7, 8, 10, 11)",0,36,36,0
6,699,transient,10112,0.0,False,False,0.0,0.0,0.0,0.0,0.0,0.02527380503859733,0.02527380503859733,0.0,0,0,0,0,-1,33.54034432107188,33.54034432107188,0.0,"(1, 3, 5, 6, 7, 8, 11, 12)","(1, 3, 5, 6, 7, 8, 11, 12)",0,40,40,0
6,719,useful,1,0.9101624475821125,False,False,0.8854691207994064,0.8854691207994064,1.1863553854062823,0.024693326782706082,0.024693326782706082,0.0446268814394329,0.0446268814394329,0.0,0,0,0,0,-1,28.6170546867699,28.6170546867699,0.0,"(1, 3, 5, 6, 7, 8, 10, 13)","(1, 3, 5, 6, 7, 8, 10, 13)",0,43,43,0
6,739,useful,1,1.2089203820964263,False,False,1.2949576355995338,1.2949576355995338,1.0172475146290523,0.08603725350310754,0.08603725350310754,0.04169861816477451,0.04169861816477451,0.0,0,0,0,0,-1,24.150665548673356,24.150665548673356,0.0,"(1, 3, 5, 6, 7, 8, 10, 13)","(1, 3, 5, 6, 7, 8, 10, 13)",0,48,48,0
6,759,useful,1,0.7603958857622549,False,False,0.7832401206915209,0.7832401206915209,0.9724467058892439,0.022844234929266016,0.022844234929266016,0.036915546719926244,0.036915546719926244,0.0,0,0,0,0,-1,29.761476387317398,29.761476387317398,0.0,"(0, 1, 3, 6, 7, 8, 9, 10)","(0, 1, 3, 6, 7, 8, 9, 10)",0,51,51,0
6,779,transient,10125,0.0,False,False,0.061666973443011454,0.061666973443011454,0.0,0.061666973443011454,0.061666973443011454,0.06821358597996616,0.06821358597996616,0.0,0,0,0,0,-1,28.30925288425359,28.30925288425359,0.0,"(1, 3, 6, 7, 8, 10, 12, 13)","(1, 3, 6, 7, 8, 10, 12, 13)",0,55,55,0
6,799,useful,4,1.245626330315531,False,False,1.2610460786825894,1.2610460786825894,1.135261524173794,0.015419748367058395,0.015419748367058395,0.03502703778215968,0.03502703778215968,0.0,0,0,0,0,-1,41.14928059154788,41.14928059154788,0.0,"(1, 2, 3, 6, 7, 8, 10, 13)","(1, 2, 3, 6, 7, 8, 10, 13)",0,58,58,0
6,819,transient,10130,0.0,True,True,2.7587067598962904,0.08069770554574104,0.08069770554574104,2.7587067598962904,0.08069770554574104,0.09006997044695517,0.0543827465699695,0.1250219899665833,0,0,0,8,825,46.05625222796529,43.81443689876118,-2.2418153292041083,"(0, 1, 3, 6, 7, 8, 10, 12)","(0, 1, 2, 3, 6, 7, 8, 10)",1,60,60,0
6,839,critical,8,5.68282584230902,False,False,5.6860263142904754,5.6860263142904754,5.781818060406239,0.003200471981455344,0.003200471981455344,0.05596451765507026,0.05596451765507026,0.0,0,0,0,0,-1,33.14382314720287,33.14382314720287,0.0,"(1, 2, 3, 5, 6, 7, 8, 10)","(1, 2, 3, 5, 6, 7, 8, 10)",0,62,62,0
6,859,useful,0,0.3254627278887092,False,False,0.24520328656725734,0.24520328656725734,0.22310319019287872,0.08025944132145188,0.08025944132145188,0.0535185134890322,0.0535185134890322,0.0,1,1,0,0,-1,22.463462935397317,22.463462935397317,0.0,"(1, 2, 3, 4, 6, 7, 8, 10)","(1, 2, 3, 4, 6, 7, 8, 10)",0,64,64,0
6,879,junk,10,0.047682233765516176,False,False,0.0,0.0,0.0,0.047682233765516176,0.047682233765516176,0.048850876269455556,0.048850876269455556,0.0,0,0,0,0,-1,25.601036621832137,25.601036621832137,0.0,"(0, 2, 3, 4, 6, 7, 8, 10)","(0, 2, 3, 4, 6, 7, 8, 10)",0,65,65,0
6,899,critical,8,4.967690085253892,False,False,4.976858669665612,4.976858669665612,5.151714017970202,0.009168584411719749,0.009168584411719749,0.05154219468785913,0.05154219468785913,0.0,0,0,0,0,-1,38.14896322935295,38.14896322935295,0.0,"(1, 2, 3, 4, 6, 7, 8, 10)","(1, 2, 3, 4, 6, 7, 8, 10)",0,67,67,0
6,919,junk,9,0.04443003348176451,False,False,0.006200855793765878,0.006200855793765878,0.08852058724719093,0.03822917768799863,0.03822917768799863,0.04042425289472048,0.04042425289472048,0.0,1,1,0,0,-1,45.72357228654064,45.72357228654064,0.0,"(1, 2, 3, 4, 6, 7, 8, 10)","(1, 2, 3, 4, 6, 7, 8, 10)",0,70,70,0
6,939,useful,1,1.009524424395034,False,False,0.9376616459127975,0.9376616459127975,0.8452966935878874,0.07186277848223654,0.07186277848223654,0.02170132201292729,0.02170132201292729,0.0,0,0,0,0,-1,46.4211794949818,46.4211794949818,0.0,"(1, 2, 3, 4, 6, 7, 8, 10)","(1, 2, 3, 4, 6, 7, 8, 10)",0,70,70,0
6,959,junk,13,0.0465975261822667,False,False,0.0,0.0,0.0,0.0465975261822667,0.0465975261822667,0.044129130882230354,0.044129130882230354,0.0,0,0,0,0,-1,42.79548558920659,42.79548558920659,0.0,"(0, 1, 2, 3, 4, 6, 7, 8)","(0, 1, 2, 3, 4, 6, 7, 8)",0,72,72,0
6,979,useful,1,0.8076730576185785,False,False,0.7888971540571575,0.7888971540571575,1.499251215681812,0.018775903561421003,0.018775903561421003,0.030311455573764523,0.030311455573764523,0.0,0,0,0,0,-1,34.75441036199154,34.75441036199154,0.0,"(0, 1, 2, 3, 4, 6, 7, 8)","(0, 1, 2, 3, 4, 6, 7, 8)",0,72,72,0
6,999,useful,5,0.8297367804096762,False,False,0.8187814986354209,0.8187814986354209,0.744518286021118,0.01095528177425531,0.01095528177425531,0.02830524082520664,0.02830524082520664,0.0,1,1,0,0,-1,25.8390492377214,25.8390492377214,0.0,"(0, 1, 2, 3, 4, 6, 7, 8)","(0, 1, 2, 3, 4, 6, 7, 8)",0,72,72,0
6,1019,useful,2,0.8728753678330732,False,False,0.8174034372983129,0.8174034372983129,0.9108718306185991,0.055471930534760294,0.055471930534760294,0.018522296404569497,0.018522296404569497,0.0,0,0,0,0,-1,38.41693434787861,38.41693434787861,0.0,"(0, 1, 2, 3, 4, 6, 7, 8)","(0, 1, 2, 3, 4, 6, 7, 8)",0,74,74,0
6,1039,junk,13,0.048406770758650124,False,False,0.10751856864009322,0.10751856864009322,0.003280065103190795,0.0591117978814431,0.0591117978814431,0.04079176698060293,0.04079176698060293,0.0,0,0,0,0,-1,31.540377773489222,31.540377773489222,0.0,"(0, 1, 3, 4, 5, 6, 7, 8)","(0, 1, 3, 4, 5, 6, 7, 8)",0,75,75,0
6,1059,junk,12,0.046015852903948024,False,False,0.0,0.0,0.16825913730192676,0.046015852903948024,0.046015852903948024,0.038998926885507684,0.038998926885507684,0.0,0,0,0,0,-1,21.16604948487668,21.16604948487668,0.0,"(0, 1, 2, 3, 4, 6, 7, 8)","(0, 1, 2, 3, 4, 6, 7, 8)",0,76,76,0
6,1079,junk,12,0.050676195097524426,False,False,0.08045615383856095,0.08045615383856095,0.14723728250566626,0.02977995874103652,0.02977995874103652,0.03172625108802665,0.03172625108802665,0.0,0,0,0,0,-1,21.566674928598243,21.566674928598243,0.0,"(0, 1, 3, 4, 5, 6, 7, 8)","(0, 1, 3, 4, 5, 6, 7, 8)",0,77,77,0
6,1099,transient,10161,0.0,False,False,0.024653220116006614,0.024653220116006614,0.17069455367654737,0.024653220116006614,0.024653220116006614,0.03534150666723394,0.03534150666723394,0.0,0,0,0,0,-1,36.57605425860576,36.57605425860576,0.0,"(1, 2, 3, 4, 5, 6, 7, 8)","(1, 2, 3, 4, 5, 6, 7, 8)",0,78,78,0
6,1119,useful,1,1.221842015630488,False,False,1.1999755143621567,1.1999755143621567,1.5382661507526914,0.02186650126833145,0.02186650126833145,0.022241997477638283,0.022241997477638283,0.0,0,0,0,0,-1,40.763013191996954,40.763013191996954,0.0,"(0, 1, 2, 3, 5, 6, 7, 8)","(0, 1, 2, 3, 5, 6, 7, 8)",0,79,79,0
6,1139,useful,5,1.3145872754905612,False,False,1.3362928168582724,1.3362928168582724,1.1183966557305387,0.02170554136771119,0.02170554136771119,0.018075047965439937,0.018075047965439937,0.0,0,0,0,0,-1,36.70727019028098,36.70727019028098,0.0,"(0, 1, 2, 3, 5, 6, 7, 8)","(0, 1, 2, 3, 5, 6, 7, 8)",0,79,79,0
6,1159,junk,13,0.04472562370523772,False,False,0.04832863694490562,0.04832863694490562,0.028322365125679323,0.0036030132396678988,0.0036030132396678988,0.03268572490525715,0.03268572490525715,0.0,0,0,0,0,-1,36.05848058380316,36.05848058380316,0.0,"(0, 1, 2, 3, 4, 6, 7, 8)","(0, 1, 2, 3, 4, 6, 7, 8)",0,80,80,0
6,1179,critical,7,4.35713088543794,False,False,4.361500513445902,4.361500513445902,4.237213884383872,0.004369628007962589,0.004369628007962589,0.03310827152728227,0.03310827152728227,0.0,0,0,0,0,-1,34.78106332405888,34.78106332405888,0.0,"(0, 1, 2, 3, 4, 6, 7, 8)","(0, 1, 2, 3, 4, 6, 7, 8)",0,80,80,0
6,1199,useful,0,0.8891645553211519,False,False,0.8928374268109097,0.8928374268109097,0.8344995106352141,0.003672871489757812,0.003672871489757812,0.02463558647571758,0.02463558647571758,0.0,0,0,0,0,-1,33.904645779654956,33.904645779654956,0.0,"(1, 2, 3, 4, 5, 6, 7, 8)","(1, 2, 3, 4, 5, 6, 7, 8)",0,81,81,0
6,1219,useful,2,1.539893342459366,False,False,1.5314050302580509,1.5314050302580509,1.5317424139152531,0.008488312201315074,0.008488312201315074,0.018420266059189963,0.018420266059189963,0.0,0,0,0,0,-1,39.98275347124085,39.98275347124085,0.0,"(0, 1, 2, 3, 4, 6, 7, 8)","(0, 1, 2, 3, 4, 6, 7, 8)",0,82,82,0
6,1239,useful,5,1.1979779783752742,False,False,1.2095214613466838,1.2095214613466838,0.8502451118128895,0.011543482971409613,0.011543482971409613,0.026075309265066866,0.026075309265066866,0.0,1,1,0,0,-1,36.153544853291734,36.153544853291734,0.0,"(0, 1, 3, 4, 5, 6, 7, 8)","(0, 1, 3, 4, 5, 6, 7, 8)",0,83,83,0
6,1259,useful,0,1.2398629808552364,False,False,1.2073853201957803,1.2073853201957803,1.1011456816243412,0.03247766065945612,0.03247766065945612,0.027943960203523282,0.027943960203523282,0.0,0,0,0,0,-1,29.433106310016107,29.433106310016107,0.0,"(0, 1, 3, 4, 5, 6, 7, 8)","(0, 1, 3, 4, 5, 6, 7, 8)",0,83,83,0
6,1279,critical,8,3.433051320276218,True,True,0.8866934930570602,3.5455396788818496,3.5455396788818496,2.5463578272191576,0.11248835860563178,0.09636496210837497,0.03032899060475144,0.1217797111603585,0,0,0,4,1283,29.481957501234433,27.723321014065572,-1.758636487168861,"(0, 1, 2, 3, 5, 6, 7, 8)","(0, 1, 2, 3, 4, 6, 7, 8)",1,83,84,1
6,1299,useful,1,1.2916122336890892,False,False,1.3030424688548459,1.3030424688548459,1.3801953076435713,0.011430235165756697,0.011430235165756697,0.008107553856324022,0.008107553856324022,0.0,0,0,0,0,-1,24.51746231701546,24.51746231701546,0.0,"(0, 1, 3, 4, 5, 6, 7, 8)","(0, 1, 3, 4, 5, 6, 7, 8)",0,85,85,0
6,1319,useful,4,0.8815211159753891,False,False,0.8867183982624761,0.8867183982624761,0.9551875280358816,0.005197282287087046,0.005197282287087046,0.0367407208558055,0.0367407208558055,0.0,0,0,0,0,-1,24.293807215440278,24.293807215440278,0.0,"(0, 1, 3, 4, 5, 6, 7, 8)","(0, 1, 3, 4, 5, 6, 7, 8)",0,87,87,0
6,1339,useful,3,1.0192875851540597,False,False,1.0244738009950969,1.0244738009950969,0.9120214944975069,0.005186215841037178,0.005186215841037178,0.01907520172790762,0.01907520172790762,0.0,0,0,0,0,-1,27.34624806783535,27.34624806783535,0.0,"(0, 1, 2, 3, 4, 6, 7, 8)","(0, 1, 2, 3, 4, 6, 7, 8)",0,88,88,0
6,1359,useful,1,0.8418778899317299,True,True,0.07178963671452156,0.880032372120212,0.880032372120212,0.7700882532172083,0.038154482188482164,0.08222861918214891,0.020280099788357167,0.06537783287008242,0,0,0,0,-1,22.70122224796659,22.70122224796659,0.0,"(0, 1, 2, 3, 4, 6, 7, 8)","(0, 1, 2, 3, 4, 6, 7, 8)",0,88,88,0
6,1379,useful,1,0.7897622314176613,False,False,0.7941339619691216,0.7941339619691216,0.7707685946582838,0.004371730551460229,0.004371730551460229,0.02425191938025036,0.02425191938025036,0.0,0,0,0,0,-1,10.386293439779546,10.386293439779546,0.0,"(0, 1, 2, 3, 4, 6, 7, 8)","(0, 1, 2, 3, 4, 6, 7, 8)",0,88,88,0
6,1399,junk,11,0.04726996118230137,True,True,2.304114572819346,0.11393452956816064,0.11393452956816064,2.2568446116370446,0.06666456838585927,0.08122697026223785,0.033191940797245675,0.10044696270186343,1,1,0,0,-1,0.0,0.0,0.0,"(0, 1, 3, 4, 6, 7, 8, 11)","(0, 1, 3, 4, 6, 7, 8, 11)",0,89,89,0
7,19,critical,6,3.2871947318464834,False,False,3.2891073277085816,3.2891073277085816,2.741104560366116,0.001912595862098243,0.001912595862098243,0.06808373984855341,0.06808373984855341,0.0,0,0,0,0,-1,16.183030365199937,16.183030365199937,0.0,"(2, 3, 4, 5, 6, 8, 12)","(2, 3, 4, 5, 6, 8, 12)",0,7,7,0
7,39,transient,10009,0.0,False,False,0.028887858976372128,0.028887858976372128,0.0,0.028887858976372128,0.028887858976372128,0.06387643110923977,0.06387643110923977,0.0,0,0,0,0,-1,29.54877977989006,29.54877977989006,0.0,"(0, 1, 2, 3, 4, 5, 6, 8)","(0, 1, 2, 3, 4, 5, 6, 8)",0,9,9,0
7,59,transient,10012,0.0,False,False,0.0,0.0,0.0,0.0,0.0,0.04890021183011959,0.04890021183011959,0.0,0,0,0,0,-1,26.16483252054669,26.16483252054669,0.0,"(0, 1, 2, 3, 4, 5, 6, 8)","(0, 1, 2, 3, 4, 5, 6, 8)",0,9,9,0
7,79,useful,3,1.1000525158593217,True,True,0.27502026636749954,1.1281049269183367,1.1281049269183367,0.8250322494918222,0.028052411059015014,0.046496526540106047,0.025296515157259027,0.05548472489714253,0,0,0,13,80,28.645952813393976,30.71774722476804,2.0717944113740643,"(0, 1, 2, 3, 5, 6, 8, 12)","(0, 1, 2, 3, 4, 5, 6, 8)",1,9,9,0
7,99,junk,12,0.050488244785746275,False,False,0.05454059242146136,0.05454059242146136,0.1542615810243807,0.0040523476357150826,0.0040523476357150826,0.04701115121266588,0.04701115121266588,0.0,0,0,0,0,-1,31.65615930336554,31.65615930336554,0.0,"(0, 1, 2, 3, 4, 5, 6, 8)","(0, 1, 2, 3, 4, 5, 6, 8)",0,9,9,0
7,119,useful,3,1.0084480575421761,True,True,0.38181963307937294,1.4737068145329766,1.4737068145329766,0.6266284244628032,0.46525875699080044,0.03956779943346136,0.021443550141931875,0.05892601559710496,0,0,0,0,-1,40.31826664058121,40.31826664058121,0.0,"(0, 1, 2, 3, 4, 5, 6, 8)","(0, 1, 2, 3, 4, 5, 6, 8)",0,9,9,0
7,139,junk,11,0.0507430561414172,True,True,2.5379721614864366,0.35235321580931206,0.35235321580931206,2.4872291053450195,0.30161015966789484,0.08063714615409402,0.025706767105773527,0.09997332685858881,1,0,1,3,140,42.594085318161355,44.60255740250516,2.0084720843438078,"(0, 1, 2, 3, 4, 5, 6, 8)","(0, 1, 2, 3, 4, 5, 6, 8)",0,11,9,-2
7,159,critical,8,5.449999427586857,False,False,5.487051882220131,5.487051882220131,5.322093292296725,0.03705245463327422,0.03705245463327422,0.03561342990855389,0.03561342990855389,0.0,0,0,0,0,-1,33.54557499230033,33.54557499230033,0.0,"(0, 1, 2, 3, 4, 5, 6, 8)","(0, 1, 2, 3, 4, 5, 6, 8)",0,9,9,0
7,179,useful,2,0.7140626399324869,False,False,0.6431320247074367,0.6431320247074367,0.8887403553202243,0.07093061522505018,0.07093061522505018,0.03482990364390247,0.03482990364390247,0.0,0,0,0,0,-1,30.17270251912825,30.17270251912825,0.0,"(0, 1, 2, 3, 4, 5, 6, 8)","(0, 1, 2, 3, 4, 5, 6, 8)",0,9,9,0
7,199,useful,4,1.0007717933220712,False,False,0.986132664609133,0.986132664609133,1.0256960702885523,0.014639128712938265,0.014639128712938265,0.03732174320037384,0.03732174320037384,0.0,0,0,0,0,-1,20.20504372819796,20.20504372819796,0.0,"(0, 1, 2, 3, 4, 5, 6, 8)","(0, 1, 2, 3, 4, 5, 6, 8)",0,9,9,0
7,219,useful,3,1.0351915865415977,True,False,0.48069596142606325,0.48069596142606325,0.8119189345672785,0.5544956251155344,0.5544956251155344,0.03635507496486814,0.03635507496486814,0.0,0,0,0,0,-1,30.13453683052462,30.13453683052462,0.0,"(0, 1, 2, 3, 4, 5, 6, 8)","(0, 1, 2, 3, 4, 5, 6, 8)",0,9,9,0
7,239,useful,0,1.0550018275091895,True,True,0.15059192618816059,0.962230723348536,0.962230723348536,0.9044099013210289,0.09277110416065348,0.06414421376312991,0.018998653126030027,0.0658849570091539,0,0,0,0,-1,29.866894890227822,29.866894890227822,0.0,"(0, 1, 2, 3, 4, 5, 6, 8)","(0, 1, 2, 3, 4, 5, 6, 8)",0,9,9,0
7,259,useful,0,1.0514531707292032,False,False,1.1255917312232988,1.1255917312232988,0.8502810587351527,0.07413856049409562,0.07413856049409562,0.038016486495752004,0.038016486495752004,0.0,0,0,0,0,-1,30.073954515756316,30.073954515756316,0.0,"(0, 1, 2, 3, 4, 5, 6, 8)","(0, 1, 2, 3, 4, 5, 6, 8)",0,9,9,0
7,279,junk,11,0.04863009798512699,False,False,0.09448475056206353,0.09448475056206353,0.0,0.045854652576936536,0.045854652576936536,0.04073651400968487,0.04073651400968487,0.0,0,0,0,0,-1,37.25035585417213,37.25035585417213,0.0,"(0, 1, 2, 3, 4, 5, 6, 8)","(0, 1, 2, 3, 4, 5, 6, 8)",0,9,9,0
7,299,junk,10,0.06332360595913969,False,False,0.1328240262976033,0.1328240262976033,0.0,0.0695004203384636,0.0695004203384636,0.035048119611063834,0.035048119611063834,0.0,0,0,0,0,-1,45.16568870446872,45.16568870446872,0.0,"(0, 1, 2, 3, 4, 6, 7, 8)","(0, 1, 2, 3, 4, 6, 7, 8)",0,10,10,0
7,319,transient,10053,0.0,False,False,0.0,0.0,0.05002358567055983,0.0,0.0,0.047518600347084355,0.047518600347084355,0.0,0,0,0,0,-1,40.97057731662991,40.97057731662991,0.0,"(0, 1, 2, 4, 5, 6, 7, 8)","(0, 1, 2, 4, 5, 6, 7, 8)",0,11,11,0
7,339,useful,1,0.7613881960800024,False,False,0.7524512380023067,0.7524512380023067,0.7704073172440928,0.008936958077695678,0.008936958077695678,0.021058157225602902,0.021058157225602902,0.0,0,0,0,0,-1,26.103387667003375,26.103387667003375,0.0,"(0, 1, 2, 4, 5, 6, 7, 8)","(0, 1, 2, 4, 5, 6, 7, 8)",0,13,13,0
7,359,useful,4,0.9885973696426007,False,False,0.9325259139989411,0.9325259139989411,1.0872687481361196,0.05607145564365956,0.05607145564365956,0.010065960942539422,0.010065960942539422,0.0,0,0,0,0,-1,27.59868604046038,27.59868604046038,0.0,"(0, 1, 2, 4, 5, 6, 7, 8)","(0, 1, 2, 4, 5, 6, 7, 8)",0,15,15,0
7,379,junk,11,0.05878281404556795,True,True,2.4228728211536907,0.2710392862902655,0.2710392862902655,2.364090007108123,0.21225647224469757,0.08913353552397846,0.025609906367811738,0.10155524787676783,1,0,1,5,394,42.56170684556109,42.84908967493247,0.2873828293713814,"(0, 1, 2, 4, 5, 6, 7, 8)","(0, 1, 2, 4, 5, 6, 7, 8)",0,16,15,-1
7,399,useful,3,0.9709398611177429,False,False,0.9809049846810465,0.9809049846810465,0.9712920016120538,0.00996512356330359,0.00996512356330359,0.02104347989792973,0.02104347989792973,0.0,0,0,0,0,-1,50.518360586901494,50.518360586901494,0.0,"(0, 1, 2, 4, 5, 6, 7, 8)","(0, 1, 2, 4, 5, 6, 7, 8)",0,15,15,0
7,419,useful,2,0.9786841791448372,True,True,0.28842588453195306,1.1090221078556375,1.1090221078556375,0.6902582946128841,0.1303379287108003,0.04659020299743883,0.02554114378015979,0.05979203192121101,0,0,0,0,-1,42.18747856460038,42.18747856460038,0.0,"(0, 1, 2, 4, 5, 6, 7, 8)","(0, 1, 2, 4, 5, 6, 7, 8)",0,15,15,0
7,439,transient,10071,0.0,False,False,0.0,0.0,0.0,0.0,0.0,0.041815429124264274,0.041815429124264274,0.0,0,0,0,0,-1,40.62854371125438,40.62854371125438,0.0,"(0, 1, 3, 4, 5, 6, 7, 8)","(0, 1, 3, 4, 5, 6, 7, 8)",0,16,16,0
7,459,useful,4,0.6849586408980899,False,False,0.6832497317737711,0.6832497317737711,0.5191024021393013,0.0017089091243187582,0.0017089091243187582,0.034200800689711465,0.034200800689711465,0.0,0,0,0,0,-1,42.55927043006923,42.55927043006923,0.0,"(0, 1, 3, 4, 5, 6, 7, 8)","(0, 1, 3, 4, 5, 6, 7, 8)",0,18,18,0
7,479,junk,11,0.02546418207501318,True,True,2.4831536924921394,0.0,0.0,2.457689510417126,0.02546418207501318,0.10244394775533319,0.03521452449615322,0.1324590300269608,1,0,1,0,-1,60.795003308895176,60.795003308895176,0.0,"(0, 1, 3, 4, 5, 6, 7, 8)","(0, 1, 3, 4, 5, 6, 7, 8)",0,19,18,-1
7,499,useful,5,0.7355246488976023,False,False,0.698400859788174,0.698400859788174,0.5228349062398054,0.03712378910942826,0.03712378910942826,0.022341579489891083,0.022341579489891083,0.0,0,0,0,0,-1,50.745252519457274,50.745252519457274,0.0,"(0, 1, 2, 4, 5, 6, 7, 8)","(0, 1, 2, 4, 5, 6, 7, 8)",0,19,19,0
7,519,transient,10083,0.0,False,False,0.06912809876408582,0.06912809876408582,0.0,0.06912809876408582,0.06912809876408582,0.030837695260756377,0.030837695260756377,0.0,0,0,0,0,-1,45.94942593694551,45.94942593694551,0.0,"(0, 1, 3, 4, 5, 6, 7, 8)","(0, 1, 3, 4, 5, 6, 7, 8)",0,20,20,0
7,539,junk,10,0.04839749243489197,False,False,0.05312250092637803,0.05312250092637803,0.0,0.004725008491486063,0.004725008491486063,0.021213373847475146,0.021213373847475146,0.0,0,0,0,0,-1,37.84239220459696,37.84239220459696,0.0,"(0, 1, 3, 4, 5, 6, 7, 8)","(0, 1, 3, 4, 5, 6, 7, 8)",0,20,20,0
7,559,junk,11,0.05732604740786972,True,True,2.5703613284935805,0.04069065909968063,0.04069065909968063,2.5130352810857106,0.016635388308189093,0.10513239601825033,0.027826301419644702,0.12253874516637803,1,0,1,11,567,33.825015233769065,33.69355984410995,-0.1314553896591164,"(0, 1, 2, 4, 5, 6, 7, 8)","(0, 1, 2, 3, 4, 6, 7, 8)",1,24,23,-1
7,579,useful,4,0.6836833689980872,False,False,0.6622933763221827,0.6622933763221827,0.8408490442520424,0.02138999267590458,0.02138999267590458,0.04099732388043068,0.04099732388043068,0.0,0,0,0,0,-1,26.117880965306814,26.117880965306814,0.0,"(0, 1, 2, 3, 4, 6, 7, 8)","(0, 1, 2, 3, 4, 6, 7, 8)",0,23,23,0
7,599,useful,4,1.0613473839005556,False,False,1.0766445120731234,1.0766445120731234,1.158748688039845,0.015297128172567787,0.015297128172567787,0.021206489567146505,0.021206489567146505,0.0,0,0,0,0,-1,29.275376095450792,29.275376095450792,0.0,"(0, 1, 2, 4, 5, 6, 7, 8)","(0, 1, 2, 4, 5, 6, 7, 8)",0,24,24,0
7,619,junk,13,0.03760150035867804,False,False,0.06697008613573739,0.06697008613573739,0.0,0.02936858577705935,0.02936858577705935,0.029213961936280095,0.029213961936280095,0.0,0,0,0,0,-1,38.068466333974904,38.068466333974904,0.0,"(0, 1, 2, 4, 5, 6, 7, 8)","(0, 1, 2, 4, 5, 6, 7, 8)",0,24,24,0
7,639,useful,0,1.1062696151672267,False,False,1.081407031460466,1.081407031460466,1.406321956274392,0.024862583706760644,0.024862583706760644,0.02734476851450304,0.02734476851450304,0.0,0,0,0,0,-1,50.289268110731314,50.289268110731314,0.0,"(0, 1, 2, 4, 5, 6, 7, 8)","(0, 1, 2, 4, 5, 6, 7, 8)",0,24,24,0
7,659,useful,0,0.7925833911546956,False,False,0.7471570920323238,0.7471570920323238,0.810872121040999,0.04542629912237173,0.04542629912237173,0.02250284935550855,0.02250284935550855,0.0,0,0,0,0,-1,48.02572876901904,48.02572876901904,0.0,"(0, 1, 2, 3, 4, 6, 7, 8)","(0, 1, 2, 3, 4, 6, 7, 8)",0,25,25,0
7,679,junk,9,0.04839104900038588,True,True,2.190228568500185,0.0167657249071742,0.0167657249071742,2.141837519499799,0.03162532409321168,0.09983756394976863,0.032036630240789184,0.11806608794418522,1,0,1,7,682,40.4725472169423,41.329780571760544,0.8572333548182414,"(0, 1, 3, 4, 6, 7, 8, 12)","(0, 1, 4, 6, 7, 8, 10, 12)",1,31,28,-3
7,699,junk,9,0.04925015890959159,True,True,2.6634014254041505,0.36155740299071826,0.36155740299071826,2.614151266494559,0.31230724408112664,0.11312334141563324,0.02039739468952382,0.1100427228568882,0,0,0,9,707,51.06616305364304,50.01210491788545,-1.054058135757586,"(0, 1, 4, 6, 7, 8, 10, 12)","(0, 1, 4, 6, 7, 8, 11, 12)",1,32,30,-2
7,719,junk,10,0.05250094553510687,False,False,0.1553512580710381,0.1553512580710381,0.4824222975202407,0.10285031253593124,0.10285031253593124,0.07466668614519582,0.07466668614519582,0.0,1,1,0,0,-1,46.8087420360595,46.8087420360595,0.0,"(0, 1, 3, 4, 6, 7, 8, 12)","(0, 1, 3, 4, 6, 7, 8, 12)",0,33,33,0
7,739,transient,10108,0.0,False,False,0.0,0.0,0.39872635676554274,0.0,0.0,0.0668274583307016,0.0668274583307016,0.0,0,0,0,0,-1,34.14075409159401,34.14075409159401,0.0,"(0, 1, 4, 6, 7, 8, 9, 12)","(0, 1, 4, 6, 7, 8, 9, 12)",0,36,36,0
7,759,useful,4,1.074679835099664,False,False,1.1292078275900994,1.1292078275900994,1.050251645737949,0.054527992490435384,0.054527992490435384,0.0316045454702988,0.0316045454702988,0.0,0,0,0,0,-1,14.063422242668402,14.063422242668402,0.0,"(0, 1, 4, 6, 7, 8, 9, 12)","(0, 1, 4, 6, 7, 8, 9, 12)",0,36,36,0
7,779,transient,10119,0.0,True,True,2.4776416992289807,0.0,0.0,2.4776416992289807,0.0,0.09991107958976353,0.059642762542608266,0.12385663874035928,0,0,0,10,789,22.834493259837057,23.484720163211765,0.6502269033747083,"(0, 1, 2, 4, 6, 7, 8, 12)","(0, 1, 2, 4, 6, 7, 8, 12)",0,41,37,-4
7,799,useful,3,0.7655977722731437,False,False,0.7228649204212512,0.7228649204212512,0.84365927418401,0.04273285185189257,0.04273285185189257,0.02622469418725459,0.02622469418725459,0.0,1,1,0,0,-1,36.39743868130088,36.39743868130088,0.0,"(0, 1, 2, 4, 6, 7, 8, 12)","(0, 1, 2, 4, 6, 7, 8, 12)",0,37,37,0
7,819,useful,5,0.7849087242894041,False,False,0.7755505968114816,0.7755505968114816,0.6172771274894795,0.009358127477922418,0.009358127477922418,0.02593974271883782,0.02593974271883782,0.0,0,0,0,0,-1,45.84483943700423,45.84483943700423,0.0,"(0, 1, 3, 4, 6, 7, 8, 12)","(0, 1, 3, 4, 6, 7, 8, 12)",0,38,38,0
7,839,junk,13,0.052274315254269454,False,False,0.10051301216971509,0.10051301216971509,0.3214313472755702,0.048238696915445634,0.048238696915445634,0.051719633922754686,0.051719633922754686,0.0,1,1,0,0,-1,48.29519283896448,48.29519283896448,0.0,"(0, 1, 4, 5, 6, 7, 8, 12)","(0, 1, 4, 5, 6, 7, 8, 12)",0,40,40,0
7,859,useful,0,1.0673075054106218,False,False,1.139397874415985,1.139397874415985,1.1389153779015737,0.07209036900536314,0.07209036900536314,0.023882407025619536,0.023882407025619536,0.0,0,0,0,0,-1,46.46369260391171,46.46369260391171,0.0,"(0, 1, 3, 4, 5, 6, 7, 8)","(0, 1, 3, 4, 5, 6, 7, 8)",0,41,41,0
7,879,critical,6,3.768990802699763,True,True,0.8516893774245797,3.7104424266887004,3.7104424266887004,2.917301425275183,0.058548376011062775,0.09020405463307969,0.05045321089809835,0.1292293934297151,0,0,0,8,893,29.703448092832136,31.63891944376239,1.9354713509302535,"(0, 1, 3, 4, 6, 7, 8, 12)","(0, 1, 3, 4, 5, 6, 7, 8)",1,41,41,0
7,899,junk,9,0.04921708935902919,True,True,3.0218929479142047,0.0,0.0,2.9726758585551756,0.04921708935902919,0.10195067639611696,0.04555102181424994,0.13846261000241888,1,1,0,7,917,40.642224594389425,40.58658307725893,-0.055641517130496254,"(0, 1, 3, 4, 6, 7, 8, 13)","(0, 1, 3, 4, 6, 7, 8, 9)",1,46,42,-4
7,919,critical,8,4.247512689155967,False,False,4.184550908705197,4.184550908705197,4.366878882715759,0.06296178045077028,0.06296178045077028,0.045292770233133155,0.045292770233133155,0.0,0,0,0,0,-1,39.94488210399513,39.94488210399513,0.0,"(0, 1, 3, 4, 5, 6, 7, 8)","(0, 1, 3, 4, 5, 6, 7, 8)",0,43,43,0
7,939,junk,10,0.0556989304686708,False,False,0.09888522281970802,0.09888522281970802,0.0,0.04318629235103722,0.04318629235103722,0.03426446510848842,0.03426446510848842,0.0,1,1,0,0,-1,38.82136615430282,38.82136615430282,0.0,"(0, 1, 3, 4, 5, 6, 7, 8)","(0, 1, 3, 4, 5, 6, 7, 8)",0,44,44,0
7,959,useful,5,1.2548868607068708,False,False,1.2549208386728108,1.2549208386728108,1.105858592110362,3.39779659399575e-05,3.39779659399575e-05,0.013721395022155287,0.013721395022155287,0.0,1,1,0,0,-1,35.29382946712731,35.29382946712731,0.0,"(0, 1, 2, 4, 5, 6, 7, 8)","(0, 1, 2, 4, 5, 6, 7, 8)",0,45,45,0
7,979,useful,5,1.1597130619481844,False,False,1.2045032873285468,1.2045032873285468,1.1248208164622333,0.04479022538036248,0.04479022538036248,0.022055425572033823,0.022055425572033823,0.0,0,0,0,0,-1,26.388150368075845,26.388150368075845,0.0,"(0, 1, 2, 4, 5, 6, 7, 8)","(0, 1, 2, 4, 5, 6, 7, 8)",0,45,45,0
7,999,useful,0,0.97137771560705,False,False,0.9551726784711133,0.9551726784711133,0.9021316519013847,0.016205037135936684,0.016205037135936684,0.028609254184293817,0.028609254184293817,0.0,0,0,0,0,-1,31.440864117391687,31.440864117391687,0.0,"(0, 1, 2, 4, 5, 6, 7, 8)","(0, 1, 2, 4, 5, 6, 7, 8)",0,45,45,0
7,1019,junk,9,0.04669662894968445,False,False,0.0,0.0,0.052956227464969,0.04669662894968445,0.04669662894968445,0.037244118661203446,0.037244118661203446,0.0,0,0,0,0,-1,38.50233106736967,38.50233106736967,0.0,"(0, 1, 3, 4, 5, 6, 7, 8)","(0, 1, 3, 4, 5, 6, 7, 8)",0,46,46,0
7,1039,junk,10,0.03983714438938112,False,False,0.02168481223159368,0.02168481223159368,0.0,0.018152332157787443,0.018152332157787443,0.04029564470568565,0.04029564470568565,0.0,0,0,0,0,-1,50.778653014491134,50.778653014491134,0.0,"(0, 1, 3, 4, 5, 6, 7, 8)","(0, 1, 3, 4, 5, 6, 7, 8)",0,46,46,0
7,1059,transient,10165,0.0,False,False,0.07875447234114724,0.07875447234114724,0.0,0.07875447234114724,0.07875447234114724,0.029140844018065038,0.029140844018065038,0.0,0,0,0,0,-1,38.216128565234975,38.216128565234975,0.0,"(0, 1, 2, 4, 5, 6, 7, 8)","(0, 1, 2, 4, 5, 6, 7, 8)",0,47,47,0
7,1079,junk,13,0.05049580096384561,False,False,0.030682318756243162,0.030682318756243162,0.09331461583754933,0.019813482207602446,0.019813482207602446,0.0309548459528583,0.0309548459528583,0.0,0,0,0,0,-1,30.578409840537795,30.578409840537795,0.0,"(0, 1, 3, 4, 5, 6, 7, 8)","(0, 1, 3, 4, 5, 6, 7, 8)",0,48,48,0
7,1099,junk,10,0.05953543893186744,False,False,0.07536178671981401,0.07536178671981401,0.0,0.015826347787946574,0.015826347787946574,0.027342797725928323,0.027342797725928323,0.0,0,0,0,0,-1,38.81911305613156,38.81911305613156,0.0,"(0, 1, 3, 4, 5, 6, 7, 8)","(0, 1, 3, 4, 5, 6, 7, 8)",0,48,48,0
7,1119,critical,8,4.303758529839546,False,False,4.305790882985806,4.305790882985806,4.522307710446374,0.0020323531462604905,0.0020323531462604905,0.026468871296904898,0.026468871296904898,0.0,0,0,0,0,-1,53.60600850316749,53.60600850316749,0.0,"(0, 1, 2, 4, 5, 6, 7, 8)","(0, 1, 2, 4, 5, 6, 7, 8)",0,49,49,0
7,1139,transient,10174,0.0,False,False,0.08193422885739579,0.08193422885739579,0.20038055482505218,0.08193422885739579,0.08193422885739579,0.0233919954432512,0.0233919954432512,0.0,0,0,0,0,-1,61.87612021622189,61.87612021622189,0.0,"(0, 1, 2, 4, 5, 6, 7, 8)","(0, 1, 2, 4, 5, 6, 7, 8)",0,49,49,0
7,1159,transient,10176,0.0,True,True,3.135136446343947,0.13071008825823488,0.13071008825823488,3.135136446343947,0.13071008825823488,0.11974163313206462,0.020890622613672003,0.138894197937036,1,0,1,2,1202,37.9074144063727,39.33930916865822,1.4318947622855163,"(0, 1, 2, 4, 5, 6, 7, 8)","(0, 1, 2, 4, 5, 6, 7, 8)",0,51,49,-2
7,1179,critical,7,4.950601002161633,False,False,4.837239775752963,4.837239775752963,5.116226619046985,0.11336122640867075,0.11336122640867075,0.03646052625458033,0.03646052625458033,0.0,0,0,0,0,-1,28.533312755313116,28.533312755313116,0.0,"(0, 1, 2, 4, 5, 6, 7, 8)","(0, 1, 2, 4, 5, 6, 7, 8)",0,49,49,0
7,1199,useful,5,0.8029399546293824,True,False,0.12211306096460067,0.12211306096460067,0.6903851911194894,0.6808268936647817,0.6808268936647817,0.10112486185638926,0.10112486185638926,0.0,0,0,0,0,-1,26.74509598802017,26.74509598802017,0.0,"(0, 1, 2, 4, 5, 6, 7, 8)","(0, 1, 2, 4, 5, 6, 7, 8)",0,51,51,0
7,1219,junk,12,0.051443449590714466,False,False,0.06308527600815768,0.06308527600815768,0.2111825919513725,0.011641826417443213,0.011641826417443213,0.025466573195548656,0.025466573195548656,0.0,0,0,0,0,-1,35.76814393780793,35.76814393780793,0.0,"(0, 1, 3, 4, 5, 6, 7, 8)","(0, 1, 3, 4, 5, 6, 7, 8)",0,52,52,0
7,1239,useful,2,0.851516235929529,False,False,0.7997571790465798,0.7997571790465798,0.5610203307144981,0.05175905688294913,0.05175905688294913,0.04071273679687877,0.04071273679687877,0.0,1,1,0,0,-1,28.35683945666473,28.35683945666473,0.0,"(0, 1, 3, 4, 5, 6, 7, 8)","(0, 1, 3, 4, 5, 6, 7, 8)",0,52,52,0
7,1259,critical,6,4.363700068510593,True,True,0.8253177497968037,4.326459251910591,4.326459251910591,3.5383823187137895,0.03724081660000245,0.11559069959727834,0.03361717014772671,0.12112858778783599,0,0,0,0,-1,26.906399453820836,26.906399453820836,0.0,"(0, 1, 3, 4, 5, 6, 7, 8)","(0, 1, 3, 4, 5, 6, 7, 8)",0,52,52,0
7,1279,junk,9,0.050115270147012815,True,True,3.1669314288424664,0.0,0.0,3.1168161586954537,0.050115270147012815,0.097743990526643,0.03338550342634709,0.11122564032765407,1,0,1,6,1282,27.059007268142125,27.80462647921204,0.7456192110699149,"(0, 1, 2, 4, 5, 6, 7, 8)","(0, 1, 2, 4, 5, 6, 7, 8)",0,55,53,-2
7,1299,junk,10,0.04698738673084677,False,False,0.0,0.0,0.14733978538995265,0.04698738673084677,0.04698738673084677,0.023071568380193107,0.023071568380193107,0.0,0,0,0,0,-1,27.040259770323896,27.040259770323896,0.0,"(0, 1, 3, 4, 5, 6, 7, 8)","(0, 1, 3, 4, 5, 6, 7, 8)",0,54,54,0
7,1319,useful,5,0.5684320485518103,False,False,0.5357917435109055,0.5357917435109055,0.6717986157410837,0.03264030504090476,0.03264030504090476,0.0720504171787733,0.0720504171787733,0.0,0,0,0,0,-1,28.867483278238602,28.867483278238602,0.0,"(0, 1, 2, 4, 5, 6, 7, 8)","(0, 1, 2, 4, 5, 6, 7, 8)",0,55,55,0
7,1339,useful,2,0.6799731910441404,True,False,0.2180907957123632,0.2180907957123632,0.8284015222586121,0.4618823953317772,0.4618823953317772,0.08167133873626686,0.08167133873626686,0.0,0,0,0,0,-1,26.069745463485038,26.069745463485038,0.0,"(0, 1, 2, 4, 5, 6, 7, 8)","(0, 1, 2, 4, 5, 6, 7, 8)",0,55,55,0
7,1359,useful,0,0.8525246763104196,False,False,0.887556294011261,0.887556294011261,0.8534777514768243,0.0350316177008414,0.0350316177008414,0.020696518222339488,0.020696518222339488,0.0,0,0,0,0,-1,22.16198038177836,22.16198038177836,0.0,"(0, 1, 3, 4, 5, 6, 7, 8)","(0, 1, 3, 4, 5, 6, 7, 8)",0,56,56,0
7,1379,transient,10214,0.0,False,False,0.03665489560478404,0.03665489560478404,0.19546603504187998,0.03665489560478404,0.03665489560478404,0.03430586387018148,0.03430586387018148,0.0,0,0,0,0,-1,7.8966493822968395,7.8966493822968395,0.0,"(0, 1, 3, 4, 5, 6, 7, 8)","(0, 1, 3, 4, 5, 6, 7, 8)",0,56,56,0
7,1399,junk,13,0.0505688176328731,False,False,0.05666661715145251,0.05666661715145251,0.0,0.0060977995185794096,0.0060977995185794096,0.036129813732999616,0.036129813732999616,0.0,0,0,0,0,-1,0.0,0.0,0.0,"(0, 1, 3, 4, 5, 6, 7, 8)","(0, 1, 3, 4, 5, 6, 7, 8)",0,56,56,0
8,19,junk,11,0.03974526075254681,True,True,3.0133257352701355,0.0,0.0,2.973580474517589,0.03974526075254681,0.06268887676602679,0.06897964846166353,0.1288762821954986,1,0,1,25,27,22.53455338548252,31.60177152515826,9.067218139675738,"(0, 4, 7, 8, 9, 11, 12, 13)","(0, 1, 2, 3, 4, 5, 7, 8)",1,17,8,-9
8,39,junk,9,0.05081286160523375,False,False,0.024982962635537027,0.024982962635537027,0.19244652079873575,0.025829898969696726,0.025829898969696726,0.057292086546917954,0.057292086546917954,0.0,0,0,0,0,-1,47.12788376747304,47.12788376747304,0.0,"(0, 1, 2, 3, 4, 6, 7, 8)","(0, 1, 2, 3, 4, 6, 7, 8)",0,9,9,0
8,59,junk,13,0.02673287111218453,False,False,0.08353640328828171,0.08353640328828171,0.24841688443182744,0.05680353217609718,0.05680353217609718,0.05887893404570504,0.05887893404570504,0.0,1,1,0,0,-1,35.6138777891632,35.6138777891632,0.0,"(0, 1, 2, 4, 5, 6, 7, 8)","(0, 1, 2, 4, 5, 6, 7, 8)",0,12,12,0
8,79,junk,11,0.060668393035351854,False,False,0.08399257973182392,0.08399257973182392,0.11145078337027206,0.023324186696472064,0.023324186696472064,0.0561395568836754,0.0561395568836754,0.0,1,1,0,0,-1,31.706878538048283,31.706878538048283,0.0,"(0, 1, 2, 4, 5, 6, 7, 8)","(0, 1, 2, 4, 5, 6, 7, 8)",0,13,13,0
8,99,useful,2,0.6798460095018739,False,False,0.6420475416698641,0.6420475416698641,0.5890453720312656,0.0377984678320098,0.0377984678320098,0.030353481725729277,0.030353481725729277,0.0,0,0,0,0,-1,22.35658047719847,22.35658047719847,0.0,"(0, 1, 2, 3, 4, 6, 7, 8)","(0, 1, 2, 3, 4, 6, 7, 8)",0,14,14,0
8,119,junk,10,0.031624924618714814,False,False,0.02354366604296876,0.02354366604296876,0.0,0.008081258575746056,0.008081258575746056,0.055956285688049945,0.055956285688049945,0.0,0,0,0,0,-1,28.548829963341635,28.548829963341635,0.0,"(0, 1, 2, 3, 4, 6, 7, 8)","(0, 1, 2, 3, 4, 6, 7, 8)",0,14,14,0
8,139,useful,1,0.7249560824056747,False,False,0.7545987484020611,0.7545987484020611,0.7901926012528054,0.02964266599638643,0.02964266599638643,0.04878736737278867,0.04878736737278867,0.0,0,0,0,0,-1,42.76877362089261,42.76877362089261,0.0,"(0, 1, 2, 3, 4, 6, 7, 8)","(0, 1, 2, 3, 4, 6, 7, 8)",0,14,14,0
8,159,junk,11,0.047378016761441974,False,False,0.045199872589580616,0.045199872589580616,0.0,0.0021781441718613584,0.0021781441718613584,0.042181520717313944,0.042181520717313944,0.0,0,0,0,0,-1,59.13193087313526,59.13193087313526,0.0,"(0, 1, 2, 3, 4, 6, 7, 8)","(0, 1, 2, 3, 4, 6, 7, 8)",0,14,14,0
8,179,critical,7,5.509910512538181,False,False,5.542482501222322,5.542482501222322,5.538710656487373,0.032571988684140685,0.032571988684140685,0.03857147884824745,0.03857147884824745,0.0,0,0,0,0,-1,43.84480563693624,43.84480563693624,0.0,"(0, 1, 3, 4, 5, 6, 7, 8)","(0, 1, 3, 4, 5, 6, 7, 8)",0,15,15,0
8,199,critical,8,4.388780768792458,False,False,4.411716524295883,4.411716524295883,4.28302109090964,0.022935755503425526,0.022935755503425526,0.03531732188577327,0.03531732188577327,0.0,0,0,0,0,-1,38.78834504093098,38.78834504093098,0.0,"(0, 2, 3, 4, 5, 6, 7, 8)","(0, 2, 3, 4, 5, 6, 7, 8)",0,16,16,0
8,219,useful,3,1.2064277026439991,True,False,0.19841420265773976,0.19841420265773976,0.8765504468002756,1.0080134999862593,1.0080134999862593,0.06957986854293587,0.06957986854293587,0.0,0,0,0,0,-1,44.05898797801797,44.05898797801797,0.0,"(0, 2, 3, 4, 5, 6, 7, 8)","(0, 2, 3, 4, 5, 6, 7, 8)",0,16,16,0
8,239,useful,5,0.9093186772400733,False,False,0.9840087166751494,0.9840087166751494,1.004569003800687,0.07469003943507613,0.07469003943507613,0.025734423373809205,0.025734423373809205,0.0,0,0,0,0,-1,41.871334407115874,41.871334407115874,0.0,"(0, 1, 3, 4, 5, 6, 7, 8)","(0, 1, 3, 4, 5, 6, 7, 8)",0,17,17,0
8,259,useful,3,0.9830153837141251,False,False,0.9367301708369247,0.9367301708369247,0.7012593979019427,0.04628521287720044,0.04628521287720044,0.02943845471342413,0.02943845471342413,0.0,0,0,0,0,-1,45.225189417188986,45.225189417188986,0.0,"(0, 2, 3, 4, 5, 6, 7, 8)","(0, 2, 3, 4, 5, 6, 7, 8)",0,18,18,0
8,279,useful,0,0.8846684351861527,False,False,0.8524267787739183,0.8524267787739183,0.9451132001458273,0.03224165641223442,0.03224165641223442,0.017882470218693877,0.017882470218693877,0.0,0,0,0,0,-1,32.13203542010626,32.13203542010626,0.0,"(0, 2, 3, 4, 5, 6, 7, 8)","(0, 2, 3, 4, 5, 6, 7, 8)",0,18,18,0
8,299,junk,11,0.03149779228293925,True,True,2.2345505459029864,0.0,0.0,2.2030527536200473,0.03149779228293925,0.09220056974699413,0.031117396882523473,0.12119126174468292,1,0,1,0,-1,34.790174621029074,34.790174621029074,0.0,"(0, 1, 3, 4, 5, 6, 7, 8)","(0, 1, 3, 4, 5, 6, 7, 8)",0,20,19,-1
8,319,useful,4,0.8580441971039793,False,False,0.8133848767120454,0.8133848767120454,0.46551650546617157,0.04465932039193388,0.04465932039193388,0.022790037123296143,0.022790037123296143,0.0,0,0,0,0,-1,24.380245445793086,24.380245445793086,0.0,"(0, 1, 3, 4, 5, 6, 7, 8)","(0, 1, 3, 4, 5, 6, 7, 8)",0,19,19,0
8,339,junk,13,0.050034137533320894,False,False,0.03131563554204981,0.03131563554204981,0.0,0.018718501991271085,0.018718501991271085,0.04218918142942812,0.04218918142942812,0.0,0,0,0,0,-1,28.220960252136965,28.220960252136965,0.0,"(0, 1, 3, 4, 5, 6, 7, 8)","(0, 1, 3, 4, 5, 6, 7, 8)",0,19,19,0
8,359,transient,10035,0.0,False,False,0.0036184544437449398,0.0036184544437449398,0.10228624509463315,0.0036184544437449398,0.0036184544437449398,0.03654190675034791,0.03654190675034791,0.0,0,0,0,0,-1,28.083207984561206,28.083207984561206,0.0,"(0, 2, 3, 4, 5, 6, 7, 8)","(0, 2, 3, 4, 5, 6, 7, 8)",0,20,20,0
8,379,useful,0,0.8874434530519122,False,False,0.8155678151680273,0.8155678151680273,1.040940429575257,0.07187563788388485,0.07187563788388485,0.02682973299661075,0.02682973299661075,0.0,0,0,0,0,-1,35.17933353319761,35.17933353319761,0.0,"(0, 1, 2, 3, 4, 6, 7, 8)","(0, 1, 2, 3, 4, 6, 7, 8)",0,21,21,0
8,399,junk,11,0.05452451586215961,False,False,0.053763155678356524,0.053763155678356524,0.08646304112920189,0.0007613601838030865,0.0007613601838030865,0.026843846499827663,0.026843846499827663,0.0,0,0,0,0,-1,41.348288479226724,41.348288479226724,0.0,"(0, 1, 2, 3, 4, 6, 7, 8)","(0, 1, 2, 3, 4, 6, 7, 8)",0,21,21,0
8,419,useful,4,0.6297310914850196,False,False,0.5261238889910966,0.5261238889910966,0.39966434847904303,0.10360720249392297,0.10360720249392297,0.0335691377478253,0.0335691377478253,0.0,0,0,0,0,-1,61.771540804346266,61.771540804346266,0.0,"(0, 1, 2, 3, 4, 6, 7, 8)","(0, 1, 2, 3, 4, 6, 7, 8)",0,21,21,0
8,439,useful,2,1.0413359227717596,False,False,1.0684697371871992,1.0684697371871992,1.1726864108710995,0.027133814415439605,0.027133814415439605,0.023011891565014476,0.023011891565014476,0.0,0,0,0,0,-1,57.53658423534059,57.53658423534059,0.0,"(0, 1, 2, 3, 4, 6, 7, 8)","(0, 1, 2, 3, 4, 6, 7, 8)",0,21,21,0
8,459,critical,7,3.7714873128722592,False,False,3.7953044721707587,3.7953044721707587,4.051102530412863,0.02381715929849948,0.02381715929849948,0.03423280013937169,0.03423280013937169,0.0,0,0,0,0,-1,39.18939072361802,39.18939072361802,0.0,"(1, 2, 3, 4, 5, 6, 7, 8)","(1, 2, 3, 4, 5, 6, 7, 8)",0,22,22,0
8,479,useful,4,1.3510937959702092,True,True,0.0,1.399119588156651,1.399119588156651,1.3510937959702092,0.04802579218644176,0.07382170419220856,0.02277047385218619,0.0769811122348473,0,0,0,5,521,33.06921358397428,31.801523370765754,-1.2676902132085281,"(0, 1, 2, 3, 4, 6, 7, 8)","(1, 2, 3, 4, 5, 6, 7, 8)",1,23,24,1
8,499,useful,3,0.8246251458633943,True,False,0.15290456113490714,0.15290456113490714,0.6143825076403037,0.6717205847284872,0.6717205847284872,0.06266302528522974,0.06266302528522974,0.0,0,0,0,0,-1,13.763394463864353,13.763394463864353,0.0,"(1, 2, 3, 4, 5, 6, 7, 8)","(1, 2, 3, 4, 5, 6, 7, 8)",0,26,26,0
8,519,useful,2,0.6575812097530029,False,False,0.7218888942116373,0.7218888942116373,0.42089622106611596,0.06430768445863433,0.06430768445863433,0.016355411176713908,0.016355411176713908,0.0,0,0,0,0,-1,26.913709180463616,26.913709180463616,0.0,"(1, 2, 3, 4, 5, 6, 7, 8)","(1, 2, 3, 4, 5, 6, 7, 8)",0,26,26,0
8,539,transient,10053,0.0,False,False,0.0,0.0,0.0,0.0,0.0,0.03673759086974736,0.03673759086974736,0.0,0,0,0,0,-1,31.30254463669603,31.30254463669603,0.0,"(1, 2, 3, 4, 5, 6, 7, 8)","(1, 2, 3, 4, 5, 6, 7, 8)",0,28,28,0
8,559,useful,5,0.8309713935763281,False,False,0.8495177938021086,0.8495177938021086,1.0887364248460554,0.01854640022578047,0.01854640022578047,0.028848661364666364,0.028848661364666364,0.0,0,0,0,0,-1,31.855115240305814,31.855115240305814,0.0,"(1, 2, 3, 4, 5, 6, 7, 8)","(1, 2, 3, 4, 5, 6, 7, 8)",0,28,28,0
8,579,useful,2,1.136992923296101,False,False,1.0866128600051717,1.0866128600051717,1.1224735888487734,0.050380063290929256,0.050380063290929256,0.029215601411147908,0.029215601411147908,0.0,0,0,0,0,-1,34.488053720357144,34.488053720357144,0.0,"(0, 1, 3, 4, 5, 6, 7, 8)","(0, 1, 3, 4, 5, 6, 7, 8)",0,29,29,0
8,599,useful,2,0.9416787461143745,True,False,0.0,0.0,0.7418724669754213,0.9416787461143745,0.9416787461143745,0.06907907175501651,0.06907907175501651,0.0,0,0,0,0,-1,53.3177898601788,53.3177898601788,0.0,"(0, 1, 3, 4, 5, 6, 7, 8)","(0, 1, 3, 4, 5, 6, 7, 8)",0,29,29,0
8,619,useful,4,1.1313609566735936,False,False,1.0740405983865853,1.0740405983865853,1.173489264743427,0.05732035828700832,0.05732035828700832,0.011607783675043257,0.011607783675043257,0.0,0,0,0,0,-1,47.27588591208063,47.27588591208063,0.0,"(1, 2, 3, 4, 5, 6, 7, 8)","(1, 2, 3, 4, 5, 6, 7, 8)",0,30,30,0
8,639,transient,10064,0.0,True,True,3.0074210321226333,0.23261451362585583,0.23261451362585583,3.0074210321226333,0.23261451362585583,0.10348631524735279,0.03515061985519225,0.12654738463921794,1,0,1,5,655,54.116224910502304,55.46987395243331,1.353649041931007,"(1, 3, 4, 5, 6, 7, 8, 10064)","(1, 2, 3, 4, 5, 6, 7, 8)",1,32,30,-2
8,659,junk,12,0.06041100996958744,False,False,0.042319114865111085,0.042319114865111085,0.0,0.018091895104476355,0.018091895104476355,0.029330466407272226,0.029330466407272226,0.0,0,0,0,0,-1,52.39476017913911,52.39476017913911,0.0,"(1, 3, 4, 5, 6, 7, 8, 10)","(1, 3, 4, 5, 6, 7, 8, 10)",0,32,32,0
8,679,useful,5,0.8936672624199313,False,False,0.8383590900733646,0.8383590900733646,0.8384955615330472,0.05530817234656671,0.05530817234656671,0.021475693119371538,0.021475693119371538,0.0,0,0,0,0,-1,41.140801897584545,41.140801897584545,0.0,"(1, 3, 4, 5, 6, 7, 8, 10)","(1, 3, 4, 5, 6, 7, 8, 10)",0,36,36,0
8,699,useful,1,0.7942630909501429,False,False,0.820848402345814,0.820848402345814,1.019867259903661,0.026585311395671107,0.026585311395671107,0.026074242088056098,0.026074242088056098,0.0,0,0,0,0,-1,27.725091968206,27.725091968206,0.0,"(1, 3, 4, 6, 7, 8, 9, 13)","(1, 3, 4, 6, 7, 8, 9, 13)",0,41,41,0
8,719,useful,2,1.1891357297348732,False,False,1.1271993691102595,1.1271993691102595,1.2714132882841858,0.06193636062461372,0.06193636062461372,0.03938878635031625,0.03938878635031625,0.0,1,1,0,0,-1,31.659174832070292,31.659174832070292,0.0,"(3, 4, 6, 7, 8, 9, 10, 12)","(3, 4, 6, 7, 8, 9, 10, 12)",0,45,45,0
8,739,critical,7,3.921184694011904,False,False,3.8420993422880105,3.8420993422880105,4.091240555728313,0.07908535172389364,0.07908535172389364,0.0679747116979618,0.0679747116979618,0.0,0,0,0,0,-1,14.56935970407089,14.56935970407089,0.0,"(3, 4, 6, 7, 8, 10, 11, 12)","(3, 4, 6, 7, 8, 10, 11, 12)",0,50,50,0
8,759,critical,7,4.999549922778802,False,False,4.9855706535096935,4.9855706535096935,5.226524147845172,0.013979269269108308,0.013979269269108308,0.06480780779562319,0.06480780779562319,0.0,0,0,0,0,-1,19.398304259867533,19.398304259867533,0.0,"(1, 3, 4, 6, 7, 8, 11, 13)","(1, 3, 4, 6, 7, 8, 11, 13)",0,52,52,0
8,779,useful,2,0.8206897204770764,False,False,0.8195595792022594,0.8195595792022594,0.3019159400976017,0.0011301412748170314,0.0011301412748170314,0.028168994633903842,0.028168994633903842,0.0,1,1,0,0,-1,26.377922853445707,26.377922853445707,0.0,"(1, 3, 4, 6, 7, 8, 9, 13)","(1, 3, 4, 6, 7, 8, 9, 13)",0,58,58,0
8,799,useful,0,1.3277601380275854,False,False,1.3871848661424842,1.3871848661424842,1.305200431645,0.05942472811489874,0.05942472811489874,0.02990110208573328,0.02990110208573328,0.0,1,1,0,0,-1,29.06518094088309,29.06518094088309,0.0,"(1, 2, 3, 4, 6, 7, 8, 13)","(1, 2, 3, 4, 6, 7, 8, 13)",0,63,63,0
8,819,junk,9,0.03891271802609754,False,False,0.10609512453501492,0.10609512453501492,0.0,0.06718240650891738,0.06718240650891738,0.058867366329967245,0.058867366329967245,0.0,0,0,0,0,-1,35.175146397223706,35.175146397223706,0.0,"(3, 4, 5, 6, 7, 8, 10, 13)","(3, 4, 5, 6, 7, 8, 10, 13)",0,62,62,0
8,839,junk,12,0.04505865256821991,False,False,0.018781057536224364,0.018781057536224364,0.3000760801893261,0.02627759503199555,0.02627759503199555,0.05414331679340065,0.05414331679340065,0.0,1,1,0,0,-1,40.91684197032841,40.91684197032841,0.0,"(3, 4, 5, 6, 7, 8, 10, 13)","(3, 4, 5, 6, 7, 8, 10, 13)",0,64,64,0
8,859,useful,3,1.028829762828377,False,False,1.0041408584345368,1.0041408584345368,1.0277986203311955,0.024688904393840083,0.024688904393840083,0.018854899216353384,0.018854899216353384,0.0,0,0,0,0,-1,35.483966410044765,35.483966410044765,0.0,"(1, 3, 4, 6, 7, 8, 10, 13)","(1, 3, 4, 6, 7, 8, 10, 13)",0,67,67,0
8,879,useful,3,1.41542105421568,False,False,1.4433862820413152,1.4433862820413152,0.990286802571607,0.027965227825635264,0.027965227825635264,0.03128036845260381,0.03128036845260381,0.0,0,0,0,0,-1,29.83257865402343,29.83257865402343,0.0,"(3, 4, 5, 6, 7, 8, 10, 13)","(3, 4, 5, 6, 7, 8, 10, 13)",0,69,69,0
8,899,junk,11,0.04582042571875237,False,False,0.13115291445455982,0.13115291445455982,0.0,0.08533248873580745,0.08533248873580745,0.04338274355267234,0.04338274355267234,0.0,1,1,0,0,-1,35.68574958558544,35.68574958558544,0.0,"(0, 2, 3, 4, 6, 7, 8, 13)","(0, 2, 3, 4, 6, 7, 8, 13)",0,72,72,0
8,919,junk,9,0.06444264890700047,False,False,0.08520837810608468,0.08520837810608468,0.039101399549118496,0.020765729199084218,0.020765729199084218,0.03832986398732091,0.03832986398732091,0.0,1,1,0,0,-1,27.05438843514622,27.05438843514622,0.0,"(0, 2, 3, 4, 6, 7, 8, 13)","(0, 2, 3, 4, 6, 7, 8, 13)",0,74,74,0
8,939,critical,6,4.21777914085766,False,False,4.223471623507452,4.223471623507452,4.49403965868956,0.005692482649791941,0.005692482649791941,0.04509822955933243,0.04509822955933243,0.0,0,0,0,0,-1,30.899516002459638,30.899516002459638,0.0,"(0, 1, 2, 3, 4, 6, 7, 8)","(0, 1, 2, 3, 4, 6, 7, 8)",0,75,75,0
8,959,useful,2,1.3335123546030212,True,True,0.3605034788854694,1.5332117326459496,1.5332117326459496,0.9730088757175518,0.19969937804292837,0.07440816629562093,0.027826585916997645,0.07121498314247833,0,0,0,0,-1,33.953254594085024,33.953254594085024,0.0,"(0, 1, 3, 4, 5, 6, 7, 8)","(0, 1, 3, 4, 5, 6, 7, 8)",0,76,76,0
8,979,junk,9,0.0492765709101258,False,False,0.0,0.0,0.06495155216879173,0.0492765709101258,0.0492765709101258,0.041477968240773856,0.041477968240773856,0.0,0,0,0,0,-1,31.652048655232548,31.652048655232548,0.0,"(0, 1, 2, 3, 4, 6, 7, 8)","(0, 1, 2, 3, 4, 6, 7, 8)",0,77,77,0
8,999,useful,0,1.1244959011993616,False,False,1.084543911987272,1.084543911987272,1.0586040773813579,0.039951989212089645,0.039951989212089645,0.015012447132424831,0.015012447132424831,0.0,0,0,0,0,-1,31.536223170045627,31.536223170045627,0.0,"(0, 1, 3, 4, 5, 6, 7, 8)","(0, 1, 3, 4, 5, 6, 7, 8)",0,78,78,0
8,1019,junk,11,0.04184954334617589,True,True,2.511315567168762,0.049622045781856916,0.049622045781856916,2.469466023822586,0.0077725024356810266,0.09642051020299627,0.0353721371671075,0.1214040243221772,1,0,1,6,1021,37.81866130434403,38.86805238642519,1.0493910820811578,"(0, 1, 3, 4, 6, 7, 8, 11)","(0, 1, 2, 3, 4, 6, 7, 8)",1,81,79,-2
8,1039,useful,0,1.1807120198661918,False,False,1.150054939900237,1.150054939900237,1.1245893086110779,0.03065707996595468,0.03065707996595468,0.03516035108140185,0.03516035108140185,0.0,0,0,0,0,-1,37.34721637167354,37.34721637167354,0.0,"(0, 1, 3, 4, 5, 6, 7, 8)","(0, 1, 3, 4, 5, 6, 7, 8)",0,80,80,0
8,1059,useful,3,0.8016518304311127,False,False,0.8910979400152095,0.8910979400152095,0.6121456620964816,0.08944610958409682,0.08944610958409682,0.031941563770642854,0.031941563770642854,0.0,0,0,0,0,-1,45.81383816451124,45.81383816451124,0.0,"(0, 1, 3, 4, 5, 6, 7, 8)","(0, 1, 3, 4, 5, 6, 7, 8)",0,80,80,0
8,1079,useful,3,1.082435301891526,True,True,0.22690404380582815,1.2266106907588243,1.2266106907588243,0.8555312580856979,0.1441753888672983,0.06616874411028185,0.019881595367778546,0.05692135224287116,0,0,0,0,-1,53.194196972555496,53.194196972555496,0.0,"(0, 1, 2, 3, 4, 6, 7, 8)","(0, 1, 2, 3, 4, 6, 7, 8)",0,81,81,0
8,1099,critical,8,3.776675490357972,False,False,3.7912330710611157,3.7912330710611157,4.057041857020003,0.014557580703143724,0.014557580703143724,0.03295347000385955,0.03295347000385955,0.0,0,0,0,0,-1,54.7307061420998,54.7307061420998,0.0,"(0, 1, 3, 4, 5, 6, 7, 8)","(0, 1, 3, 4, 5, 6, 7, 8)",0,82,82,0
8,1119,useful,2,1.1326072255805235,False,False,1.1044923536382223,1.1044923536382223,1.272154955911608,0.028114871942301223,0.028114871942301223,0.009352957297394389,0.009352957297394389,0.0,1,1,0,0,-1,55.35102394849662,55.35102394849662,0.0,"(0, 1, 2, 3, 4, 6, 7, 8)","(0, 1, 2, 3, 4, 6, 7, 8)",0,83,83,0
8,1139,useful,2,1.278369661112158,False,False,1.2758770078883908,1.2758770078883908,1.1071927335872782,0.0024926532237672383,0.0024926532237672383,0.023709354832645486,0.023709354832645486,0.0,0,0,0,0,-1,28.885688181249982,28.885688181249982,0.0,"(0, 1, 3, 4, 5, 6, 7, 8)","(0, 1, 3, 4, 5, 6, 7, 8)",0,84,84,0
8,1159,junk,12,0.06639148507414694,False,False,0.11278808419894087,0.11278808419894087,0.06954020001176431,0.046396599124793936,0.046396599124793936,0.03035526354464273,0.03035526354464273,0.0,1,1,0,0,-1,22.537286965761453,22.537286965761453,0.0,"(0, 1, 3, 4, 5, 6, 7, 8)","(0, 1, 3, 4, 5, 6, 7, 8)",0,87,87,0
8,1179,useful,5,1.2910018565937271,False,False,1.3039492224512688,1.3039492224512688,1.5800392229587839,0.012947365857541637,0.012947365857541637,0.019731352904597783,0.019731352904597783,0.0,0,0,0,0,-1,19.344855027765703,19.344855027765703,0.0,"(0, 1, 3, 4, 5, 6, 7, 8)","(0, 1, 3, 4, 5, 6, 7, 8)",0,89,89,0
8,1199,junk,12,0.04785102470598562,False,False,0.05810338254373152,0.05810338254373152,0.30158437382247255,0.010252357837745897,0.010252357837745897,0.029325085096004015,0.029325085096004015,0.0,0,0,0,0,-1,31.122053976770232,31.122053976770232,0.0,"(0, 1, 3, 4, 5, 6, 7, 8)","(0, 1, 3, 4, 5, 6, 7, 8)",0,89,89,0
8,1219,useful,0,1.1823219284786188,False,False,1.1403226589106354,1.1403226589106354,1.205580323849936,0.04199926956798339,0.04199926956798339,0.017793515488757496,0.017793515488757496,0.0,0,0,0,0,-1,43.05398468290183,43.05398468290183,0.0,"(0, 1, 3, 4, 5, 6, 7, 8)","(0, 1, 3, 4, 5, 6, 7, 8)",0,89,89,0
8,1239,critical,6,4.422574435284558,False,False,4.444650768455142,4.444650768455142,4.578811051962425,0.02207633317058466,0.02207633317058466,0.032111423762734466,0.032111423762734466,0.0,0,0,0,0,-1,40.91100214743247,40.91100214743247,0.0,"(0, 1, 3, 4, 5, 6, 7, 8)","(0, 1, 3, 4, 5, 6, 7, 8)",0,89,89,0
8,1259,junk,12,0.04420543642626454,False,False,0.032889807509795546,0.032889807509795546,0.0,0.011315628916468992,0.011315628916468992,0.029794192068475677,0.029794192068475677,0.0,0,0,0,0,-1,37.66033785227536,37.66033785227536,0.0,"(0, 1, 2, 3, 4, 6, 7, 8)","(0, 1, 2, 3, 4, 6, 7, 8)",0,90,90,0
8,1279,transient,10149,0.0,False,False,0.046706780659433005,0.046706780659433005,0.0,0.046706780659433005,0.046706780659433005,0.029262126832495506,0.029262126832495506,0.0,0,0,0,0,-1,34.23005863171054,34.23005863171054,0.0,"(0, 1, 2, 3, 4, 6, 7, 8)","(0, 1, 2, 3, 4, 6, 7, 8)",0,90,90,0
8,1299,critical,7,3.8623368108373772,False,False,3.892201160957779,3.892201160957779,3.7806038490150176,0.029864350120401895,0.029864350120401895,0.023997360274902298,0.023997360274902298,0.0,0,0,0,0,-1,36.54831455985192,36.54831455985192,0.0,"(0, 1, 2, 3, 4, 6, 7, 8)","(0, 1, 2, 3, 4, 6, 7, 8)",0,90,90,0
8,1319,transient,10154,0.0,True,True,2.547258942141554,0.0,0.0,2.547258942141554,0.0,0.09966955168171106,0.026209814622832766,0.12084906771741001,0,0,0,2,1320,48.57826114796951,48.57826114796951,0.0,"(0, 1, 2, 3, 4, 6, 7, 8)","(0, 1, 2, 3, 4, 6, 7, 8)",0,90,90,0
8,1339,junk,12,0.052336880796990004,False,False,0.12830426396242484,0.12830426396242484,0.15477611423335974,0.07596738316543483,0.07596738316543483,0.01908180525204764,0.01908180525204764,0.0,0,0,0,0,-1,56.68450376468255,56.68450376468255,0.0,"(0, 1, 2, 3, 5, 6, 7, 8)","(0, 1, 2, 3, 5, 6, 7, 8)",0,91,91,0
8,1359,junk,9,0.050334939933267236,False,False,0.05329693360256731,0.05329693360256731,0.252898549610654,0.0029619936693000767,0.0029619936693000767,0.02134420092353523,0.02134420092353523,0.0,0,0,0,0,-1,41.00206225442553,41.00206225442553,0.0,"(0, 1, 2, 3, 5, 6, 7, 8)","(0, 1, 2, 3, 5, 6, 7, 8)",0,91,91,0
8,1379,useful,3,0.9201254465622131,False,False,0.9480132526570858,0.9480132526570858,1.168595801407897,0.027887806094872736,0.027887806094872736,0.03326207566816459,0.03326207566816459,0.0,0,0,0,0,-1,25.603873067344963,25.603873067344963,0.0,"(0, 1, 2, 3, 5, 6, 7, 8)","(0, 1, 2, 3, 5, 6, 7, 8)",0,91,91,0
8,1399,useful,2,1.0952435694972353,False,False,1.0520820766360586,1.0520820766360586,1.1745492841724376,0.043161492861176765,0.043161492861176765,0.03006064277601754,0.03006064277601754,0.0,0,0,0,0,-1,0.0,0.0,0.0,"(0, 1, 2, 3, 5, 6, 7, 8)","(0, 1, 2, 3, 5, 6, 7, 8)",0,91,91,0
9,19,useful,5,1.0061884546752868,False,False,0.9268670218930557,0.9268670218930557,1.3335350685459582,0.07932143278223114,0.07932143278223114,0.057222136068525935,0.057222136068525935,0.0,1,1,0,0,-1,14.927876533684621,14.927876533684621,0.0,"(0, 1, 2, 3, 5, 8, 10, 12)","(0, 1, 2, 3, 5, 8, 10, 12)",0,9,9,0
9,39,junk,12,0.05267426862449436,False,False,0.05857743395161759,0.05857743395161759,0.1591720028612316,0.005903165327123226,0.005903165327123226,0.05401878555968578,0.05401878555968578,0.0,0,0,0,0,-1,26.691212984194053,26.691212984194053,0.0,"(0, 2, 3, 4, 5, 7, 8, 12)","(0, 2, 3, 4, 5, 7, 8, 12)",0,9,9,0
9,59,useful,2,0.8808118764681405,False,False,0.8302862866531238,0.8302862866531238,0.9345679292793249,0.05052558981501676,0.05052558981501676,0.04420417110421478,0.04420417110421478,0.0,0,0,0,0,-1,36.221710495050694,36.221710495050694,0.0,"(0, 2, 3, 4, 5, 7, 8, 12)","(0, 2, 3, 4, 5, 7, 8, 12)",0,9,9,0
9,79,critical,8,6.501593796200323,False,False,6.512739375327826,6.512739375327826,6.586201055702212,0.011145579127503247,0.011145579127503247,0.052043003914064793,0.052043003914064793,0.0,0,0,0,0,-1,44.53472632604525,44.53472632604525,0.0,"(0, 1, 2, 3, 4, 5, 7, 8)","(0, 1, 2, 3, 4, 5, 7, 8)",0,10,10,0
9,99,critical,8,3.0086842051364537,False,False,3.02507954714481,3.02507954714481,3.1978611021942838,0.01639534200835646,0.01639534200835646,0.03728690606361266,0.03728690606361266,0.0,0,0,0,0,-1,44.77628966999306,44.77628966999306,0.0,"(0, 1, 2, 3, 4, 6, 7, 8)","(0, 1, 2, 3, 4, 6, 7, 8)",0,11,11,0
9,119,junk,13,0.05187388830208356,False,False,0.1051070848511635,0.1051070848511635,0.16415261900533712,0.053233196549079945,0.053233196549079945,0.04954937823314005,0.04954937823314005,0.0,1,1,0,0,-1,31.46528241833158,31.46528241833158,0.0,"(0, 1, 3, 4, 5, 6, 7, 8)","(0, 1, 3, 4, 5, 6, 7, 8)",0,14,14,0
9,139,useful,3,1.1845444459743393,False,False,1.161728366216766,1.161728366216766,1.0966815312152323,0.022816079757573382,0.022816079757573382,0.028606109900695866,0.028606109900695866,0.0,0,0,0,0,-1,21.177227676655914,21.177227676655914,0.0,"(0, 1, 3, 4, 5, 6, 7, 8)","(0, 1, 3, 4, 5, 6, 7, 8)",0,14,14,0
9,159,junk,12,0.04241974437644413,False,False,0.0,0.0,0.0,0.04241974437644413,0.04241974437644413,0.05150161774125146,0.05150161774125146,0.0,0,0,0,0,-1,39.981524443244936,39.981524443244936,0.0,"(0, 1, 3, 4, 5, 6, 7, 8)","(0, 1, 3, 4, 5, 6, 7, 8)",0,14,14,0
9,179,useful,4,0.9538223262153772,True,False,0.48508794840950237,0.48508794840950237,1.1260814341554175,0.46873437780587485,0.46873437780587485,0.04776722810269785,0.04776722810269785,0.0,0,0,0,0,-1,44.27974687731833,44.27974687731833,0.0,"(0, 2, 3, 4, 5, 6, 7, 8)","(0, 2, 3, 4, 5, 6, 7, 8)",0,15,15,0
9,199,critical,8,5.372075607108808,False,False,5.229813170244849,5.229813170244849,5.436048915475614,0.1422624368639589,0.1422624368639589,0.04073484195011802,0.04073484195011802,0.0,0,0,0,0,-1,50.88826279229271,50.88826279229271,0.0,"(0, 1, 3, 4, 5, 6, 7, 8)","(0, 1, 3, 4, 5, 6, 7, 8)",0,16,16,0
9,219,junk,9,0.04000416783649077,True,True,2.2533126437009563,0.05397003176990128,0.05397003176990128,2.2133084758644657,0.01396586393341051,0.08709097323697006,0.04121496426210977,0.12717116003925605,1,0,1,2,223,40.36130777090925,42.83957681278949,2.478269041880239,"(0, 2, 3, 4, 5, 6, 7, 8)","(0, 2, 3, 4, 5, 6, 7, 8)",0,19,17,-2
9,239,critical,6,3.870538130610397,False,False,3.8551778573021465,3.8551778573021465,4.115627439511387,0.015360273308250516,0.015360273308250516,0.04089767137918284,0.04089767137918284,0.0,0,0,0,0,-1,41.423853859159365,41.423853859159365,0.0,"(0, 1, 2, 3, 4, 6, 7, 8)","(0, 1, 2, 3, 4, 6, 7, 8)",0,18,18,0
9,259,transient,10029,0.0,False,False,0.0,0.0,0.12531563147550398,0.0,0.0,0.047048034418930275,0.047048034418930275,0.0,0,0,0,0,-1,50.19202397288148,50.19202397288148,0.0,"(1, 2, 3, 4, 5, 6, 7, 8)","(1, 2, 3, 4, 5, 6, 7, 8)",0,19,19,0
9,279,junk,11,0.026348182661306542,True,True,2.9715864812326065,0.10378671361899408,0.10378671361899408,2.9452382985713,0.07743853095768755,0.10662683293554841,0.03569669960946989,0.1404938751959208,1,0,1,8,295,46.87774136479264,46.11200953769017,-0.7657318271024707,"(0, 1, 3, 4, 5, 6, 7, 8)","(1, 2, 3, 4, 5, 6, 7, 8)",1,22,21,-1
9,299,useful,2,1.1813076823064192,True,True,0.20227597529320523,0.9804734536455142,0.9804734536455142,0.979031707013214,0.20083422866090506,0.05669069246852161,0.01102652711841529,0.05636004546690926,0,0,0,0,-1,30.215823020973925,30.215823020973925,0.0,"(0, 2, 3, 4, 5, 6, 7, 8)","(0, 2, 3, 4, 5, 6, 7, 8)",0,22,22,0
9,319,junk,11,0.05313288220653493,False,False,0.04674761601690773,0.04674761601690773,0.1298615084724441,0.0063852661896271964,0.0063852661896271964,0.02224555463428972,0.02224555463428972,0.0,0,0,0,0,-1,30.43559781164367,30.43559781164367,0.0,"(0, 2, 3, 4, 5, 6, 7, 8)","(0, 2, 3, 4, 5, 6, 7, 8)",0,22,22,0
9,339,useful,5,0.8891062311638668,False,False,0.897801774223079,0.897801774223079,0.5370235533541232,0.008695543059212274,0.008695543059212274,0.035784628473191867,0.035784628473191867,0.0,0,0,0,0,-1,26.268867835489186,26.268867835489186,0.0,"(1, 2, 3, 4, 5, 6, 7, 8)","(1, 2, 3, 4, 5, 6, 7, 8)",0,23,23,0
9,359,junk,12,0.0308209625658682,True,True,2.706604992598606,0.08818701175021479,0.08818701175021479,2.675784030032738,0.05736604918434659,0.10173790252593576,0.026183240397943904,0.1229788277644521,1,0,1,5,360,37.25344061937963,39.05075647066289,1.7973158512832583,"(0, 2, 3, 4, 5, 6, 7, 8)","(0, 2, 3, 4, 5, 6, 7, 8)",0,26,24,-2
9,379,transient,10047,0.0,False,False,0.0270798616275941,0.0270798616275941,0.0,0.0270798616275941,0.0270798616275941,0.026111276967658942,0.026111276967658942,0.0,0,0,0,0,-1,34.02049519366247,34.02049519366247,0.0,"(1, 2, 3, 4, 5, 6, 7, 8)","(1, 2, 3, 4, 5, 6, 7, 8)",0,25,25,0
9,399,useful,0,1.2314279907990713,False,False,1.3227174488228262,1.3227174488228262,1.185151027509624,0.09128945802375488,0.09128945802375488,0.028942034044203417,0.028942034044203417,0.0,0,0,0,0,-1,45.29679044099095,45.29679044099095,0.0,"(1, 2, 3, 4, 5, 6, 7, 8)","(1, 2, 3, 4, 5, 6, 7, 8)",0,25,25,0
9,419,junk,11,0.042739963070416734,False,False,0.0,0.0,0.0,0.042739963070416734,0.042739963070416734,0.02649570560833891,0.02649570560833891,0.0,0,0,0,0,-1,44.762841752455074,44.762841752455074,0.0,"(1, 2, 3, 4, 5, 6, 7, 8)","(1, 2, 3, 4, 5, 6, 7, 8)",0,25,25,0
9,439,useful,3,1.297157749801861,False,False,1.3093903472017991,1.3093903472017991,1.2489350778331247,0.012232597399938205,0.012232597399938205,0.018641523388274954,0.018641523388274954,0.0,0,0,0,0,-1,30.322071652381776,30.322071652381776,0.0,"(0, 2, 3, 4, 5, 6, 7, 8)","(0, 2, 3, 4, 5, 6, 7, 8)",0,26,26,0
9,459,useful,2,1.037612727885369,False,False,0.903289638567214,0.903289638567214,1.0314818770265521,0.13432308931815506,0.13432308931815506,0.01944151010001951,0.01944151010001951,0.0,0,0,0,0,-1,33.02344178120235,33.02344178120235,0.0,"(0, 1, 3, 4, 5, 6, 7, 8)","(0, 1, 3, 4, 5, 6, 7, 8)",0,27,27,0
9,479,junk,12,0.03900631285552781,False,False,0.0,0.0,0.2753909548149955,0.03900631285552781,0.03900631285552781,0.027503578108414504,0.027503578108414504,0.0,0,0,0,0,-1,27.539193304912537,27.539193304912537,0.0,"(0, 1, 3, 4, 5, 6, 7, 8)","(0, 1, 3, 4, 5, 6, 7, 8)",0,27,27,0
9,499,junk,12,0.07239364813598619,False,False,0.058675396874543706,0.058675396874543706,0.09876885869557826,0.01371825126144248,0.01371825126144248,0.029793956888452662,0.029793956888452662,0.0,0,0,0,0,-1,37.71266070423616,37.71266070423616,0.0,"(0, 1, 2, 3, 4, 6, 7, 8)","(0, 1, 2, 3, 4, 6, 7, 8)",0,29,29,0
9,519,useful,3,1.123518020772081,False,False,1.0649444178390193,1.0649444178390193,1.2302701190327,0.058573602933061686,0.058573602933061686,0.02481702593943596,0.02481702593943596,0.0,0,0,0,0,-1,31.596195822221265,31.596195822221265,0.0,"(0, 2, 3, 4, 5, 6, 7, 8)","(0, 2, 3, 4, 5, 6, 7, 8)",0,30,30,0
9,539,transient,10072,0.0,False,False,0.0,0.0,0.0,0.0,0.0,0.025091897990891184,0.025091897990891184,0.0,0,0,0,0,-1,34.66974580754336,34.66974580754336,0.0,"(0, 1, 2, 3, 4, 6, 7, 8)","(0, 1, 2, 3, 4, 6, 7, 8)",0,31,31,0
9,559,junk,13,0.04682167991010535,False,False,0.0,0.0,0.058425425203303245,0.04682167991010535,0.04682167991010535,0.02126742520748059,0.02126742520748059,0.0,0,0,0,0,-1,44.93855122708773,44.93855122708773,0.0,"(0, 1, 2, 3, 4, 6, 7, 8)","(0, 1, 2, 3, 4, 6, 7, 8)",0,31,31,0
9,579,useful,0,1.0600263289320404,True,True,0.06786639663187166,1.3106308182370938,1.3106308182370938,0.9921599323001687,0.2506044893050534,0.0820096330956134,0.036791664502609275,0.08882352119791821,0,0,0,1,617,40.85418628561384,40.85418628561384,0.0,"(1, 2, 3, 4, 5, 6, 7, 8)","(0, 2, 3, 4, 5, 6, 7, 8)",1,32,32,0
9,599,critical,6,3.6354651486137546,True,True,0.7349294313959601,3.6554787831979785,3.6554787831979785,2.9005357172177946,0.020013634584223894,0.11363244079758654,0.0219430036969418,0.1306542787571427,0,0,0,2,601,41.44933096809933,41.44933096809933,0.0,"(0, 2, 3, 4, 5, 6, 7, 8)","(0, 2, 3, 4, 5, 6, 7, 8)",0,32,32,0
9,619,useful,1,1.0977933861372393,False,False,1.0748348973306792,1.0748348973306792,1.1396269865392048,0.02295848880656015,0.02295848880656015,0.02334784098074264,0.02334784098074264,0.0,0,0,0,0,-1,30.86680376122919,30.86680376122919,0.0,"(0, 1, 2, 3, 4, 6, 7, 8)","(0, 1, 2, 3, 4, 6, 7, 8)",0,33,33,0
9,639,useful,0,1.0447452425306063,False,False,1.0635066845198697,1.0635066845198697,0.8846154749684001,0.01876144198926344,0.01876144198926344,0.027659346409610208,0.027659346409610208,0.0,0,0,0,0,-1,34.41322547993627,34.41322547993627,0.0,"(0, 1, 2, 3, 4, 6, 7, 8)","(0, 1, 2, 3, 4, 6, 7, 8)",0,33,33,0
9,659,junk,10,0.05678401602822203,False,False,0.09202555803769513,0.09202555803769513,0.007344884807795125,0.035241542009473104,0.035241542009473104,0.01452497242027255,0.01452497242027255,0.0,0,0,0,0,-1,28.962465017380975,28.962465017380975,0.0,"(0, 1, 2, 3, 4, 6, 7, 8)","(0, 1, 2, 3, 4, 6, 7, 8)",0,33,33,0
9,679,critical,8,3.305460991537628,False,False,3.3187660611239354,3.3187660611239354,3.4365340446435244,0.013305069586307283,0.013305069586307283,0.018407937406349176,0.018407937406349176,0.0,0,0,0,0,-1,29.427092343399455,29.427092343399455,0.0,"(0, 2, 3, 4, 5, 6, 7, 8)","(0, 2, 3, 4, 5, 6, 7, 8)",0,34,34,0
9,699,useful,2,0.9965800053953242,True,False,0.4484673948654115,0.4484673948654115,0.8273020431639782,0.5481126105299128,0.5481126105299128,0.06907632336460018,0.06907632336460018,0.0,0,0,0,0,-1,32.388607031936075,32.388607031936075,0.0,"(0, 2, 3, 4, 6, 7, 8, 9)","(0, 2, 3, 4, 6, 7, 8, 9)",0,39,39,0
9,719,useful,4,0.7008809799228672,False,False,0.6731943490445533,0.6731943490445533,0.7100934927084248,0.02768663087831391,0.02768663087831391,0.031499184224726605,0.031499184224726605,0.0,0,0,0,0,-1,35.042157936259876,35.042157936259876,0.0,"(0, 3, 4, 6, 7, 8, 10, 13)","(0, 3, 4, 6, 7, 8, 10, 13)",0,42,42,0
9,739,junk,9,0.05583183462161635,False,False,0.03351653841923769,0.03351653841923769,0.00013269711811388085,0.02231529620237866,0.02231529620237866,0.06927536574037224,0.06927536574037224,0.0,0,0,0,0,-1,22.206737360416184,22.206737360416184,0.0,"(0, 2, 4, 6, 7, 8, 12, 13)","(0, 2, 4, 6, 7, 8, 12, 13)",0,45,45,0
9,759,transient,10099,0.0,False,False,0.0919665835445507,0.0919665835445507,0.1139270279163995,0.0919665835445507,0.0919665835445507,0.06373473889999845,0.06373473889999845,0.0,0,0,0,0,-1,21.145245795166762,21.145245795166762,0.0,"(0, 2, 4, 6, 7, 8, 9, 13)","(0, 2, 4, 6, 7, 8, 9, 13)",0,47,47,0
9,779,useful,4,1.0780998976319285,False,False,1.0754253936069633,1.0754253936069633,0.8058811411285007,0.002674504024965163,0.002674504024965163,0.026010079866756835,0.026010079866756835,0.0,0,0,0,0,-1,31.086751008054105,31.086751008054105,0.0,"(0, 2, 4, 6, 7, 8, 12, 13)","(0, 2, 4, 6, 7, 8, 12, 13)",0,48,48,0
9,799,useful,0,1.151926724639872,False,False,1.2428258484409016,1.2428258484409016,1.2208298357973189,0.09089912380102971,0.09089912380102971,0.038486492382910235,0.038486492382910235,0.0,0,0,0,0,-1,36.51528461817792,36.51528461817792,0.0,"(0, 2, 4, 6, 7, 8, 11, 13)","(0, 2, 4, 6, 7, 8, 11, 13)",0,49,49,0
9,819,useful,2,1.053846578415602,True,True,0.0,1.1498815200240686,1.1498815200240686,1.053846578415602,0.0960349416084667,0.05977387768615991,0.03575536496178699,0.0763405457594757,0,0,0,18,824,25.161115068945442,26.746992524194187,1.5858774552487453,"(0, 1, 4, 6, 7, 8, 12, 13)","(0, 2, 4, 6, 7, 8, 12, 13)",1,52,55,3
9,839,transient,10111,0.0,False,False,0.0,0.0,0.0,0.0,0.0,0.053721807501848164,0.053721807501848164,0.0,0,0,0,0,-1,29.59216174161699,29.59216174161699,0.0,"(0, 2, 4, 6, 7, 8, 9, 13)","(0, 2, 4, 6, 7, 8, 9, 13)",0,55,55,0
9,859,junk,12,0.056986693934516275,False,False,0.13125674758299488,0.13125674758299488,0.09350842741743413,0.0742700536484786,0.0742700536484786,0.04792821528653689,0.04792821528653689,0.0,1,1,0,0,-1,21.598801273851794,21.598801273851794,0.0,"(0, 2, 3, 4, 6, 7, 8, 13)","(0, 2, 3, 4, 6, 7, 8, 13)",0,57,57,0
9,879,useful,0,0.7904068522126,False,False,0.8239118867603366,0.8239118867603366,0.8600427488247916,0.03350503454773657,0.03350503454773657,0.021724439537116537,0.021724439537116537,0.0,0,0,0,0,-1,21.929375036916692,21.929375036916692,0.0,"(0, 1, 2, 3, 4, 6, 7, 8)","(0, 1, 2, 3, 4, 6, 7, 8)",0,58,58,0
9,899,useful,2,1.099442580853395,True,True,0.19883081644924094,0.9594345088519567,0.9594345088519567,0.900611764404154,0.14000807200143828,0.0709758160098845,0.01288157263173893,0.07127930648546922,0,0,0,7,922,27.583698258928624,30.00686520756321,2.4231669486345844,"(0, 1, 3, 4, 6, 7, 8, 13)","(0, 1, 2, 3, 4, 6, 7, 8)",1,60,60,0
9,919,useful,0,0.8279627844300936,False,False,0.8315459240165468,0.8315459240165468,0.5721886218158132,0.0035831395864531768,0.0035831395864531768,0.023204853158425433,0.023204853158425433,0.0,0,0,0,0,-1,25.59280672121379,25.59280672121379,0.0,"(0, 1, 2, 3, 4, 6, 7, 8)","(0, 1, 2, 3, 4, 6, 7, 8)",0,62,62,0
9,939,useful,2,1.1869349840159642,True,True,0.015269345078929547,0.8927930194210021,0.8927930194210021,1.1716656389370346,0.2941419645949621,0.07746761072226753,0.026842076595798563,0.06848636153038551,0,0,0,5,964,36.51786952545408,35.07406856257075,-1.44380096288333,"(0, 1, 2, 3, 5, 6, 7, 8)","(0, 1, 2, 3, 4, 6, 7, 8)",1,61,62,1
9,959,junk,12,0.04068744848453521,False,False,0.03701941031004727,0.03701941031004727,0.0,0.0036680381744879434,0.0036680381744879434,0.042190911948147634,0.042190911948147634,0.0,1,1,0,0,-1,50.18479173535679,50.18479173535679,0.0,"(0, 1, 2, 4, 5, 6, 7, 8)","(0, 1, 2, 4, 5, 6, 7, 8)",0,64,64,0
9,979,useful,0,1.1629438142776312,False,False,1.1632160089652874,1.1632160089652874,1.2927361752627156,0.00027219468765626864,0.00027219468765626864,0.01885034282853292,0.01885034282853292,0.0,0,0,0,0,-1,51.33064342222538,51.33064342222538,0.0,"(0, 1, 2, 4, 5, 6, 7, 8)","(0, 1, 2, 4, 5, 6, 7, 8)",0,64,64,0
9,999,junk,13,0.059117143595775495,True,True,2.5193164432396395,0.0,0.0,2.460199299643864,0.059117143595775495,0.09062974120266158,0.0515465648003354,0.11556306437954472,1,1,0,0,-1,43.65402449945711,43.65402449945711,0.0,"(0, 1, 2, 4, 5, 6, 7, 8)","(0, 1, 2, 4, 5, 6, 7, 8)",0,66,66,0
9,1019,junk,10,0.06324732218068557,False,False,0.07641925538865513,0.07641925538865513,0.07021083925426636,0.013171933207969555,0.013171933207969555,0.04439554754455373,0.04439554754455373,0.0,1,1,0,0,-1,41.34341325780939,41.34341325780939,0.0,"(0, 1, 2, 3, 4, 6, 7, 8)","(0, 1, 2, 3, 4, 6, 7, 8)",0,68,68,0
9,1039,junk,12,0.058494652988451246,False,False,0.0924712755662922,0.0924712755662922,0.2509606280543777,0.033976622577840954,0.033976622577840954,0.034382109088918374,0.034382109088918374,0.0,1,1,0,0,-1,42.42280354857417,42.42280354857417,0.0,"(0, 1, 2, 3, 4, 6, 7, 8)","(0, 1, 2, 3, 4, 6, 7, 8)",0,71,71,0
9,1059,junk,10,0.05370255370162308,False,False,0.0,0.0,0.0,0.05370255370162308,0.05370255370162308,0.04115786270300952,0.04115786270300952,0.0,0,0,0,0,-1,37.85648562355122,37.85648562355122,0.0,"(0, 1, 2, 4, 5, 6, 7, 8)","(0, 1, 2, 4, 5, 6, 7, 8)",0,72,72,0
9,1079,useful,0,0.8549148467648608,False,False,0.8895191096495894,0.8895191096495894,0.7828301645907396,0.03460426288472851,0.03460426288472851,0.023168791695468035,0.023168791695468035,0.0,0,0,0,0,-1,45.71770939285298,45.71770939285298,0.0,"(0, 1, 2, 4, 5, 6, 7, 8)","(0, 1, 2, 4, 5, 6, 7, 8)",0,72,72,0
9,1099,junk,10,0.0628108215475515,False,False,0.03399122214130497,0.03399122214130497,0.19438458963187683,0.028819599406246538,0.028819599406246538,0.04300913148692039,0.04300913148692039,0.0,0,0,0,0,-1,40.612650131691,40.612650131691,0.0,"(0, 1, 2, 3, 4, 6, 7, 8)","(0, 1, 2, 3, 4, 6, 7, 8)",0,73,73,0
9,1119,junk,9,0.05725354126647633,False,False,0.0715376071982989,0.0715376071982989,0.0,0.014284065931822562,0.014284065931822562,0.02899592976777567,0.02899592976777567,0.0,0,0,0,0,-1,41.113649882524385,41.113649882524385,0.0,"(0, 1, 2, 4, 5, 6, 7, 8)","(0, 1, 2, 4, 5, 6, 7, 8)",0,74,74,0
9,1139,junk,12,0.04333713583538665,False,False,0.09500587232687839,0.09500587232687839,0.0,0.05166873649149174,0.05166873649149174,0.032271721519113866,0.032271721519113866,0.0,0,0,0,0,-1,38.14026618661839,38.14026618661839,0.0,"(0, 2, 3, 4, 5, 6, 7, 8)","(0, 2, 3, 4, 5, 6, 7, 8)",0,75,75,0
9,1159,useful,0,1.0830405211670404,True,False,0.5640117925210899,0.5640117925210899,0.9363893601740552,0.5190287286459505,0.5190287286459505,0.06991691093871263,0.06991691093871263,0.0,0,0,0,0,-1,42.30509388451637,42.30509388451637,0.0,"(0, 2, 3, 4, 5, 6, 7, 8)","(0, 2, 3, 4, 5, 6, 7, 8)",0,75,75,0
9,1179,transient,10151,0.0,False,False,0.0,0.0,0.32170302085934316,0.0,0.0,0.03803845229194535,0.03803845229194535,0.0,0,0,0,0,-1,33.3153043348708,33.3153043348708,0.0,"(0, 1, 2, 3, 4, 6, 7, 8)","(0, 1, 2, 3, 4, 6, 7, 8)",0,76,76,0
9,1199,transient,10154,0.0,False,False,0.04134216741822344,0.04134216741822344,0.10836381716756364,0.04134216741822344,0.04134216741822344,0.03112534351376986,0.03112534351376986,0.0,0,0,0,0,-1,33.68929866052926,33.68929866052926,0.0,"(0, 1, 2, 3, 4, 6, 7, 8)","(0, 1, 2, 3, 4, 6, 7, 8)",0,76,76,0
9,1219,useful,2,0.7914350994583919,False,False,0.7918755341772484,0.7918755341772484,0.6744014818805315,0.0004404347188565749,0.0004404347188565749,0.02677562923293636,0.02677562923293636,0.0,0,0,0,0,-1,26.110375550568452,26.110375550568452,0.0,"(0, 2, 3, 4, 5, 6, 7, 8)","(0, 2, 3, 4, 5, 6, 7, 8)",0,77,77,0
9,1239,transient,10164,0.0,False,False,0.02386527560031702,0.02386527560031702,0.1691082259037983,0.02386527560031702,0.02386527560031702,0.030328396806201113,0.030328396806201113,0.0,0,0,0,0,-1,16.604848709510307,16.604848709510307,0.0,"(0, 1, 2, 3, 4, 6, 7, 8)","(0, 1, 2, 3, 4, 6, 7, 8)",0,78,78,0
9,1259,useful,0,0.7786233733352648,False,False,0.7919167049637523,0.7919167049637523,0.8581084740015605,0.013293331628487559,0.013293331628487559,0.03784137208074707,0.03784137208074707,0.0,0,0,0,0,-1,30.945509055510684,30.945509055510684,0.0,"(0, 2, 3, 4, 5, 6, 7, 8)","(0, 2, 3, 4, 5, 6, 7, 8)",0,79,79,0
9,1279,useful,2,1.283350218282078,False,False,1.269803625885901,1.269803625885901,1.018491141248107,0.01354659239617706,0.01354659239617706,0.01587649265479269,0.01587649265479269,0.0,0,0,0,0,-1,43.975449310230104,43.975449310230104,0.0,"(0, 2, 3, 4, 5, 6, 7, 8)","(0, 2, 3, 4, 5, 6, 7, 8)",0,79,79,0
9,1299,junk,12,0.047774543755852536,True,True,2.90686733184703,0.2598275428332885,0.2598275428332885,2.8590927880911776,0.21205299907743597,0.09795624773073205,0.029982459534515282,0.12255403690354325,0,0,0,1,1312,43.09146934543262,43.09146934543262,0.0,"(0, 1, 2, 3, 4, 6, 7, 8)","(0, 1, 2, 3, 4, 6, 7, 8)",0,80,80,0
9,1319,transient,10179,0.0,True,True,2.5733944142282965,0.0,0.0,2.5733944142282965,0.0,0.09293712738041356,0.02772251856917732,0.10970492100930822,0,0,0,2,1359,32.09273256502613,32.09273256502613,0.0,"(0, 2, 3, 4, 5, 6, 7, 8)","(0, 2, 3, 4, 5, 6, 7, 8)",0,81,81,0
9,1339,transient,10182,0.0,False,False,0.0039336978284087425,0.0039336978284087425,0.00739292134267588,0.0039336978284087425,0.0039336978284087425,0.03048681293629236,0.03048681293629236,0.0,0,0,0,0,-1,32.33168112283121,32.33168112283121,0.0,"(0, 2, 3, 4, 5, 6, 7, 8)","(0, 2, 3, 4, 5, 6, 7, 8)",0,81,81,0
9,1359,junk,9,0.04648377376140485,False,False,0.09974937926630485,0.09974937926630485,0.12169512127697671,0.053265605504900004,0.053265605504900004,0.024244631919151077,0.024244631919151077,0.0,0,0,0,0,-1,22.183089925205238,22.183089925205238,0.0,"(0, 2, 3, 4, 5, 6, 7, 8)","(0, 2, 3, 4, 5, 6, 7, 8)",0,81,81,0
9,1379,useful,2,1.4457375999165536,False,False,1.5066046613086725,1.5066046613086725,1.552903291702648,0.06086706139211895,0.06086706139211895,0.008416830605145448,0.008416830605145448,0.0,0,0,0,0,-1,12.19362211436946,12.19362211436946,0.0,"(0, 2, 3, 4, 5, 6, 7, 8)","(0, 2, 3, 4, 5, 6, 7, 8)",0,81,81,0
9,1399,transient,10190,0.0,False,False,0.0642856881517842,0.0642856881517842,0.0,0.0642856881517842,0.0642856881517842,0.023229174841777285,0.023229174841777285,0.0,0,0,0,0,-1,0.0,0.0,0.0,"(0, 2, 3, 4, 5, 6, 7, 8)","(0, 2, 3, 4, 5, 6, 7, 8)",0,81,81,0
10,19,critical,7,4.9995071671120686,False,False,4.990479064418898,4.990479064418898,5.183833784060042,0.009028102693170226,0.009028102693170226,0.06383003302079907,0.06383003302079907,0.0,1,1,0,0,-1,26.953645818602133,26.953645818602133,0.0,"(0, 2, 4, 5, 6, 7, 8, 13)","(0, 2, 4, 5, 6, 7, 8, 13)",0,13,13,0
10,39,useful,5,1.1790825499912245,False,False,1.1760328207218564,1.1760328207218564,1.3365020669546055,0.0030497292693680844,0.0030497292693680844,0.03876522290748546,0.03876522290748546,0.0,0,0,0,0,-1,26.893860829121586,26.893860829121586,0.0,"(0, 1, 2, 4, 5, 6, 7, 8)","(0, 1, 2, 4, 5, 6, 7, 8)",0,14,14,0
10,59,junk,12,0.04835367398313503,True,True,2.5250807608717656,0.03612588572411832,0.03612588572411832,2.4767270868886304,0.012227788259016714,0.07636519198968947,0.06300311257251388,0.13913340719778508,1,1,0,15,67,39.12973748533631,43.38319050834217,4.253453023005861,"(0, 2, 3, 5, 6, 7, 8, 9)","(0, 1, 2, 3, 4, 6, 7, 8)",1,22,16,-6
10,79,useful,3,1.0328217976516876,False,False,1.0153962670898617,1.0153962670898617,0.9369590470063214,0.01742553056182583,0.01742553056182583,0.042187123025906666,0.042187123025906666,0.0,0,0,0,0,-1,46.083571368616674,46.083571368616674,0.0,"(0, 1, 2, 3, 5, 6, 7, 8)","(0, 1, 2, 3, 5, 6, 7, 8)",0,17,17,0
10,99,useful,1,0.7661075775497583,False,False,0.7737271279654071,0.7737271279654071,0.821259594113256,0.007619550415648768,0.007619550415648768,0.037942550635193265,0.037942550635193265,0.0,0,0,0,0,-1,46.58604312134032,46.58604312134032,0.0,"(0, 1, 2, 3, 5, 6, 7, 8)","(0, 1, 2, 3, 5, 6, 7, 8)",0,20,20,0
10,119,critical,6,4.4997337168066585,False,False,4.54082998459181,4.54082998459181,4.962826447052565,0.04109626778515185,0.04109626778515185,0.052874812239324324,0.052874812239324324,0.0,0,0,0,0,-1,44.97332669051317,44.97332669051317,0.0,"(0, 1, 2, 3, 5, 6, 7, 8)","(0, 1, 2, 3, 5, 6, 7, 8)",0,20,20,0
10,139,junk,11,0.04787860949578533,False,False,0.03345501186252684,0.03345501186252684,0.19342162011001923,0.01442359763325849,0.01442359763325849,0.04961375006019626,0.04961375006019626,0.0,1,1,0,0,-1,47.67812144632259,47.67812144632259,0.0,"(0, 1, 3, 4, 5, 6, 7, 8)","(0, 1, 3, 4, 5, 6, 7, 8)",0,22,22,0
10,159,junk,12,0.047530503473438075,False,False,0.012098401458858564,0.012098401458858564,0.299135301301162,0.03543210201457951,0.03543210201457951,0.04080971097794948,0.04080971097794948,0.0,1,1,0,0,-1,34.43319384627181,34.43319384627181,0.0,"(0, 1, 3, 4, 5, 6, 7, 8)","(0, 1, 3, 4, 5, 6, 7, 8)",0,25,25,0
10,179,useful,4,1.042148947528375,False,False,1.09603611739413,1.09603611739413,1.3414075744002367,0.053887169865755036,0.053887169865755036,0.02947466849664951,0.02947466849664951,0.0,0,0,0,0,-1,18.897498098202334,18.897498098202334,0.0,"(0, 1, 3, 4, 5, 6, 7, 8)","(0, 1, 3, 4, 5, 6, 7, 8)",0,27,27,0
10,199,useful,4,1.2396127992716275,False,False,1.2038294258354483,1.2038294258354483,1.1266567948764223,0.03578337343617921,0.03578337343617921,0.022655757576784112,0.022655757576784112,0.0,0,0,0,0,-1,37.45875258401905,37.45875258401905,0.0,"(0, 1, 2, 4, 5, 6, 7, 8)","(0, 1, 2, 4, 5, 6, 7, 8)",0,28,28,0
10,219,useful,2,0.8081382299673114,False,False,0.8694886282903533,0.8694886282903533,0.9830885893860298,0.0613503983230419,0.0613503983230419,0.018266722285316204,0.018266722285316204,0.0,1,1,0,0,-1,48.797716418076725,48.797716418076725,0.0,"(0, 1, 2, 4, 5, 6, 7, 8)","(0, 1, 2, 4, 5, 6, 7, 8)",0,28,28,0
10,239,transient,10027,0.0,False,False,0.04355205211873853,0.04355205211873853,0.0,0.04355205211873853,0.04355205211873853,0.04382373551436248,0.04382373551436248,0.0,0,0,0,0,-1,30.8229064335026,30.8229064335026,0.0,"(0, 1, 3, 4, 5, 6, 7, 8)","(0, 1, 3, 4, 5, 6, 7, 8)",0,29,29,0
10,259,junk,11,0.0393519974307641,True,True,2.7751260145047696,0.01871397642403454,0.01871397642403454,2.7357740170740055,0.020638021006729557,0.09203584194419938,0.04151737427677277,0.13182135190587999,1,0,1,2,263,19.835368983548577,21.344563701900743,1.5091947183521661,"(0, 1, 2, 3, 5, 6, 7, 8)","(0, 1, 2, 4, 5, 6, 7, 8)",1,32,30,-2
10,279,useful,0,0.7555499033788784,False,False,0.8499236990630423,0.8499236990630423,0.5173849107943379,0.09437379568416393,0.09437379568416393,0.02283591610787667,0.02283591610787667,0.0,0,0,0,0,-1,18.90700145054306,18.90700145054306,0.0,"(0, 1, 2, 4, 5, 6, 7, 8)","(0, 1, 2, 4, 5, 6, 7, 8)",0,30,30,0
10,299,junk,9,0.04078035276425002,False,False,0.0,0.0,0.0,0.04078035276425002,0.04078035276425002,0.04018921520004292,0.04018921520004292,0.0,0,0,0,0,-1,28.12063433090424,28.12063433090424,0.0,"(0, 1, 2, 4, 5, 6, 7, 8)","(0, 1, 2, 4, 5, 6, 7, 8)",0,30,30,0
10,319,useful,2,0.774624832094259,False,False,0.6659301190723268,0.6659301190723268,0.7524352311200753,0.10869471302193223,0.10869471302193223,0.024381476859928183,0.024381476859928183,0.0,0,0,0,0,-1,40.39237963545041,40.39237963545041,0.0,"(0, 1, 3, 4, 5, 6, 7, 8)","(0, 1, 3, 4, 5, 6, 7, 8)",0,31,31,0
10,339,useful,1,0.7527157972788661,False,False,0.7022845218433362,0.7022845218433362,0.7782717735728958,0.05043127543552983,0.05043127543552983,0.03521530192915568,0.03521530192915568,0.0,0,0,0,0,-1,44.30175740202798,44.30175740202798,0.0,"(0, 1, 2, 4, 5, 6, 7, 8)","(0, 1, 2, 4, 5, 6, 7, 8)",0,32,32,0
10,359,useful,2,0.7915241471815484,False,False,0.8196966372344539,0.8196966372344539,0.9509229315822746,0.028172490052905452,0.028172490052905452,0.01877174724411021,0.01877174724411021,0.0,0,0,0,0,-1,35.47070468923135,35.47070468923135,0.0,"(0, 1, 2, 4, 5, 6, 7, 8)","(0, 1, 2, 4, 5, 6, 7, 8)",0,32,32,0
10,379,useful,1,1.1334659649338565,False,False,1.1846518979269685,1.1846518979269685,1.2342674680213155,0.051185932993111916,0.051185932993111916,0.009422823675044562,0.009422823675044562,0.0,0,0,0,0,-1,40.06706388078586,40.06706388078586,0.0,"(0, 1, 2, 4, 5, 6, 7, 8)","(0, 1, 2, 4, 5, 6, 7, 8)",0,32,32,0
10,399,transient,10050,0.0,False,True,0.0,0.8097314134501151,0.8097314134501151,0.0,0.8097314134501151,0.037994204826373314,0.04297390966828934,0.06604819539391017,0,0,0,0,-1,54.91135705111268,54.91135705111268,0.0,"(0, 1, 3, 4, 5, 6, 7, 8)","(0, 1, 3, 4, 5, 6, 7, 8)",0,33,33,0
10,419,junk,10,0.050963944668901376,False,False,0.02557669899834444,0.02557669899834444,0.08567603772192672,0.025387245670556936,0.025387245670556936,0.03036275871615382,0.03036275871615382,0.0,0,0,0,0,-1,65.14029005971098,65.14029005971098,0.0,"(0, 1, 3, 4, 5, 6, 7, 8)","(0, 1, 3, 4, 5, 6, 7, 8)",0,33,33,0
10,439,useful,1,0.8163235079818533,False,False,0.7799737790739006,0.7799737790739006,0.6326297150852294,0.03634972890795263,0.03634972890795263,0.030368157236122902,0.030368157236122902,0.0,0,0,0,0,-1,48.191372494722955,48.191372494722955,0.0,"(0, 1, 2, 4, 5, 6, 7, 8)","(0, 1, 2, 4, 5, 6, 7, 8)",0,34,34,0
10,459,useful,5,0.6987363025764416,False,False,0.7160615510911509,0.7160615510911509,0.8768468610057844,0.01732524851470929,0.01732524851470929,0.022360449841339364,0.022360449841339364,0.0,0,0,0,0,-1,33.61593099078576,33.61593099078576,0.0,"(0, 1, 2, 4, 5, 6, 7, 8)","(0, 1, 2, 4, 5, 6, 7, 8)",0,34,34,0
10,479,useful,4,0.46109294660754097,False,False,0.39985371146957177,0.39985371146957177,0.30753542749971974,0.061239235137969195,0.061239235137969195,0.030440708622790087,0.030440708622790087,0.0,0,0,0,0,-1,35.15428779678177,35.15428779678177,0.0,"(0, 1, 2, 4, 5, 6, 7, 8)","(0, 1, 2, 4, 5, 6, 7, 8)",0,34,34,0
10,499,junk,12,0.015481043720929578,True,True,2.9254868330840953,0.0,0.0,2.910005789363166,0.015481043720929578,0.10421814364108016,0.042920327109525126,0.14413778135871078,1,0,1,5,501,26.76743843753956,31.001663864720335,4.234225427180775,"(0, 1, 2, 4, 5, 6, 7, 8)","(0, 1, 3, 4, 5, 6, 7, 8)",1,38,35,-3
10,519,useful,4,1.011594538672891,True,True,0.3474964737997219,1.1657963776714166,1.1657963776714166,0.6640980648731691,0.15420183899852558,0.05528710176741112,0.009822189031402239,0.061437600253556546,0,0,0,0,-1,35.94544396665109,35.94544396665109,0.0,"(0, 1, 3, 4, 5, 6, 7, 8)","(0, 1, 3, 4, 5, 6, 7, 8)",0,35,35,0
10,539,useful,3,0.7572732428189336,False,False,0.7909960547118109,0.7909960547118109,0.7441599174236362,0.03372281189287729,0.03372281189287729,0.017345435079665742,0.017345435079665742,0.0,1,1,0,0,-1,35.18502979705481,35.18502979705481,0.0,"(0, 1, 3, 4, 5, 6, 7, 8)","(0, 1, 3, 4, 5, 6, 7, 8)",0,35,35,0
10,559,critical,6,5.204803953795465,False,False,5.282470217931854,5.282470217931854,5.498632010539887,0.077666264136389,0.077666264136389,0.038823089889265895,0.038823089889265895,0.0,0,0,0,0,-1,22.94163637375286,22.94163637375286,0.0,"(0, 1, 3, 4, 5, 6, 7, 8)","(0, 1, 3, 4, 5, 6, 7, 8)",0,37,37,0
10,579,useful,4,1.3254550856169,False,False,1.3515230658185893,1.3515230658185893,1.457725013226916,0.02606798020168921,0.02606798020168921,0.014403154860241222,0.014403154860241222,0.0,0,0,0,0,-1,22.51851765477024,22.51851765477024,0.0,"(0, 1, 2, 3, 5, 6, 7, 8)","(0, 1, 2, 3, 5, 6, 7, 8)",0,38,38,0
10,599,transient,10085,0.0,False,False,0.049301453636935305,0.049301453636935305,0.050487952923806846,0.049301453636935305,0.049301453636935305,0.03382982551325704,0.03382982551325704,0.0,0,0,0,0,-1,32.91587778712998,32.91587778712998,0.0,"(0, 1, 2, 3, 5, 6, 7, 8)","(0, 1, 2, 3, 5, 6, 7, 8)",0,38,38,0
10,619,junk,10,0.0538469066071294,False,False,0.01664245317784277,0.01664245317784277,0.0,0.03720445342928663,0.03720445342928663,0.02839784478481575,0.02839784478481575,0.0,0,0,0,0,-1,36.939252076467426,36.939252076467426,0.0,"(0, 1, 3, 4, 5, 6, 7, 8)","(0, 1, 3, 4, 5, 6, 7, 8)",0,39,39,0
10,639,transient,10091,0.0,False,False,0.08154508257002556,0.08154508257002556,0.45425061923804,0.08154508257002556,0.08154508257002556,0.023172093399317674,0.023172093399317674,0.0,0,0,0,0,-1,44.69129765603059,44.69129765603059,0.0,"(0, 1, 2, 3, 5, 6, 7, 8)","(0, 1, 2, 3, 5, 6, 7, 8)",0,40,40,0
10,659,junk,12,0.042669036554658035,False,False,0.018171999652282333,0.018171999652282333,0.23193186733666588,0.024497036902375702,0.024497036902375702,0.025327805075851757,0.025327805075851757,0.0,0,0,0,0,-1,42.799003097763965,42.799003097763965,0.0,"(0, 1, 2, 3, 5, 6, 7, 8)","(0, 1, 2, 3, 5, 6, 7, 8)",0,40,40,0
10,679,useful,4,0.9098675666306443,False,False,0.8955730341291352,0.8955730341291352,0.8548166864343658,0.014294532501509027,0.014294532501509027,0.019449492826870404,0.019449492826870404,0.0,0,0,0,0,-1,49.69358200510915,49.69358200510915,0.0,"(0, 1, 2, 4, 5, 6, 7, 8)","(0, 1, 2, 4, 5, 6, 7, 8)",0,43,43,0
10,699,junk,9,0.05949677552927836,False,False,0.12686604651825983,0.12686604651825983,0.23143417803508615,0.06736927098898148,0.06736927098898148,0.02380320748627147,0.02380320748627147,0.0,0,0,0,0,-1,44.79970523283985,44.79970523283985,0.0,"(0, 1, 2, 3, 5, 6, 7, 8)","(0, 1, 2, 3, 5, 6, 7, 8)",0,44,44,0
10,719,useful,4,1.1286310217032964,False,False,1.118575210232153,1.118575210232153,1.3568573545892728,0.010055811471143539,0.010055811471143539,0.031787310243156626,0.031787310243156626,0.0,1,1,0,0,-1,27.932361607081514,27.932361607081514,0.0,"(0, 1, 2, 5, 6, 7, 8, 10)","(0, 1, 2, 5, 6, 7, 8, 10)",0,48,48,0
10,739,useful,1,1.060540523777755,True,False,0.2783200838109488,0.2783200838109488,0.9164603582030284,0.7822204399668062,0.7822204399668062,0.06762668605290843,0.06762668605290843,0.0,0,0,0,0,-1,26.833883567717656,26.833883567717656,0.0,"(0, 2, 5, 6, 7, 8, 9, 10)","(0, 2, 5, 6, 7, 8, 9, 10)",0,49,49,0
10,759,junk,13,0.04461057978988444,True,True,2.5282942236280648,0.1073994447806699,0.1073994447806699,2.48368364383818,0.06278886499078545,0.08083370616091877,0.06693228875638901,0.0953737699241591,1,1,0,5,774,36.458009360733485,37.53574336896929,1.077734008235808,"(0, 5, 6, 7, 8, 9, 10, 11)","(0, 2, 5, 6, 7, 8, 9, 11)",1,51,53,2
10,779,transient,10108,0.0,False,False,0.0,0.0,0.019613680346372755,0.0,0.0,0.06818101132408438,0.06818101132408438,0.0,0,0,0,0,-1,41.81865921927805,41.81865921927805,0.0,"(0, 1, 2, 4, 5, 6, 7, 8)","(0, 1, 2, 4, 5, 6, 7, 8)",0,59,59,0
10,799,useful,5,0.7420979309562612,False,False,0.7434595733060724,0.7434595733060724,0.7900475727381446,0.0013616423498111763,0.0013616423498111763,0.02145716292413329,0.02145716292413329,0.0,0,0,0,0,-1,34.25343421392457,34.25343421392457,0.0,"(0, 1, 2, 5, 6, 7, 8, 10)","(0, 1, 2, 5, 6, 7, 8, 10)",0,62,62,0
10,819,junk,10,0.058020188008268705,False,False,0.059612793221231,0.059612793221231,0.23797506232059418,0.0015926052129622975,0.0015926052129622975,0.06168241213704235,0.06168241213704235,0.0,1,1,0,0,-1,24.364838006734356,24.364838006734356,0.0,"(0, 1, 2, 4, 5, 6, 7, 8)","(0, 1, 2, 4, 5, 6, 7, 8)",0,63,63,0
10,839,junk,12,0.04432638645424393,True,True,2.7165467876643867,0.0,0.0,2.6722204012101427,0.04432638645424393,0.09573694461602233,0.057157060900864545,0.13264104364704576,1,1,0,6,844,42.88366886674913,42.771748812354346,-0.11192005439478692,"(0, 1, 2, 5, 6, 7, 8, 10)","(0, 1, 2, 3, 5, 6, 7, 8)",1,68,64,-4
10,859,junk,11,0.05705465161370715,False,False,0.0026225386989265007,0.0026225386989265007,0.0,0.05443211291478065,0.05443211291478065,0.0487691639735647,0.0487691639735647,0.0,0,0,0,0,-1,53.572439926710935,53.572439926710935,0.0,"(0, 1, 2, 4, 5, 6, 7, 8)","(0, 1, 2, 4, 5, 6, 7, 8)",0,65,65,0
10,879,transient,10120,0.0,False,False,0.033088696597192796,0.033088696597192796,0.054869781135401356,0.033088696597192796,0.033088696597192796,0.046935704847224084,0.046935704847224084,0.0,0,0,0,0,-1,51.556144983497255,51.556144983497255,0.0,"(0, 1, 2, 3, 5, 6, 7, 8)","(0, 1, 2, 3, 5, 6, 7, 8)",0,66,66,0
10,899,useful,2,0.47241000091285246,True,False,0.3430201450112501,0.3430201450112501,0.8807604012651937,0.12938985590160235,0.12938985590160235,0.04307988799568428,0.04307988799568428,0.0,0,0,0,0,-1,47.028333505400994,47.028333505400994,0.0,"(0, 1, 2, 3, 5, 6, 7, 8)","(0, 1, 2, 3, 5, 6, 7, 8)",0,66,66,0
10,919,useful,2,0.7230855730255424,False,False,0.671877753685832,0.671877753685832,0.5339708251241229,0.051207819339710414,0.051207819339710414,0.026258731167451175,0.026258731167451175,0.0,0,0,0,0,-1,44.86005208960498,44.86005208960498,0.0,"(0, 1, 2, 4, 5, 6, 7, 8)","(0, 1, 2, 4, 5, 6, 7, 8)",0,67,67,0
10,939,junk,12,0.030532410854316728,False,False,0.0,0.0,0.3035574694388032,0.030532410854316728,0.030532410854316728,0.046903074288284344,0.046903074288284344,0.0,0,0,0,0,-1,37.96203315671191,37.96203315671191,0.0,"(0, 1, 2, 3, 5, 6, 7, 8)","(0, 1, 2, 3, 5, 6, 7, 8)",0,68,68,0
10,959,junk,9,0.04718811748876234,False,False,0.07878045610490936,0.07878045610490936,0.0,0.03159233861614702,0.03159233861614702,0.04476604086306892,0.04476604086306892,0.0,1,1,0,0,-1,24.73645672172468,24.73645672172468,0.0,"(0, 1, 2, 3, 5, 6, 7, 8)","(0, 1, 2, 3, 5, 6, 7, 8)",0,69,69,0
10,979,junk,13,0.05190608877977322,True,True,2.8974600636915127,0.11100364845173444,0.11100364845173444,2.8455539749117396,0.05909755967196122,0.10313207994213713,0.04414984048703289,0.12270127824428463,1,1,0,3,986,28.32295789750761,27.528207620761183,-0.7947502767464272,"(0, 1, 2, 4, 5, 6, 7, 8)","(0, 1, 2, 4, 5, 6, 7, 8)",0,71,71,0
10,999,useful,5,1.0939362198177516,True,True,0.2894070945124333,1.0437319327972723,1.0437319327972723,0.8045291253053183,0.0502042870204793,0.07083942969301867,0.03288189005938043,0.05938295371649336,0,0,0,2,1029,42.3016499595238,43.15493798211296,0.8532880225891617,"(0, 1, 2, 4, 5, 6, 7, 8)","(0, 1, 2, 4, 5, 6, 7, 8)",0,71,71,0
10,1019,critical,6,3.5362441625118084,False,False,3.587793515455173,3.587793515455173,3.596806591802633,0.05154935294336482,0.05154935294336482,0.04088445167410076,0.04088445167410076,0.0,0,0,0,0,-1,41.56949985751662,41.56949985751662,0.0,"(0, 1, 2, 3, 4, 6, 7, 8)","(0, 1, 2, 3, 4, 6, 7, 8)",0,73,73,0
10,1039,transient,10146,0.0,False,False,0.0,0.0,0.0,0.0,0.0,0.04138638539148897,0.04138638539148897,0.0,0,0,0,0,-1,35.65816946719738,35.65816946719738,0.0,"(0, 1, 2, 3, 4, 6, 7, 8)","(0, 1, 2, 3, 4, 6, 7, 8)",0,73,73,0
10,1059,useful,0,1.4906070347039888,False,False,1.5466714606621035,1.5466714606621035,1.5057559640129288,0.05606442595811467,0.05606442595811467,0.01590714224516899,0.01590714224516899,0.0,0,0,0,0,-1,34.10439632206597,34.10439632206597,0.0,"(0, 1, 2, 3, 5, 6, 7, 8)","(0, 1, 2, 3, 5, 6, 7, 8)",0,74,74,0
10,1079,junk,11,0.045484473484065015,False,False,0.03834842855369929,0.03834842855369929,0.0,0.007136044930365723,0.007136044930365723,0.034580554478059036,0.034580554478059036,0.0,0,0,0,0,-1,48.455232005459685,48.455232005459685,0.0,"(0, 1, 2, 3, 5, 6, 7, 8)","(0, 1, 2, 3, 5, 6, 7, 8)",0,74,74,0
10,1099,useful,2,1.0829533373305238,True,True,0.0,1.0098503994194497,1.0098503994194497,1.0829533373305238,0.07310293791107414,0.09430308856213078,0.015636847791061496,0.08254959499888005,0,0,0,0,-1,43.07487291571826,43.07487291571826,0.0,"(0, 1, 2, 3, 5, 6, 7, 8)","(0, 1, 2, 3, 5, 6, 7, 8)",0,74,74,0
10,1119,useful,1,1.0136889405310732,False,False,0.9596091746368866,0.9596091746368866,0.8435972032686901,0.054079765894186616,0.054079765894186616,0.035517023015267005,0.035517023015267005,0.0,0,0,0,0,-1,36.389764883672996,36.389764883672996,0.0,"(0, 1, 2, 3, 4, 6, 7, 8)","(0, 1, 2, 3, 4, 6, 7, 8)",0,75,75,0
10,1139,junk,12,0.048059483188348164,True,True,2.4438435017735087,0.0,0.0,2.3957840185851604,0.048059483188348164,0.09448091007671564,0.035993594740652085,0.11600540094155354,1,0,1,1,1149,36.44625351811243,36.41264822845738,-0.03360528965504983,"(0, 1, 2, 3, 5, 6, 7, 8)","(0, 1, 2, 3, 5, 6, 7, 8)",0,77,76,-1
10,1159,useful,5,1.3476306502132656,False,False,1.322650248058495,1.322650248058495,1.3758177287241613,0.024980402154770598,0.024980402154770598,0.01896913165553604,0.01896913165553604,0.0,0,0,0,0,-1,37.1912267122928,37.1912267122928,0.0,"(0, 1, 2, 3, 4, 6, 7, 8)","(0, 1, 2, 3, 4, 6, 7, 8)",0,77,77,0
10,1179,useful,0,1.2144074652591468,False,False,1.2483350623373441,1.2483350623373441,1.124289697889108,0.03392759707819737,0.03392759707819737,0.033422846403932026,0.033422846403932026,0.0,0,0,0,0,-1,41.94200716372652,41.94200716372652,0.0,"(0, 1, 2, 3, 5, 6, 7, 8)","(0, 1, 2, 3, 5, 6, 7, 8)",0,78,78,0
10,1199,useful,4,1.371879857123818,False,False,1.3709168926115314,1.3709168926115314,1.4769007982799118,0.0009629645122866126,0.0009629645122866126,0.011511504604916815,0.011511504604916815,0.0,0,0,0,0,-1,54.60240946782801,54.60240946782801,0.0,"(0, 1, 2, 3, 5, 6, 7, 8)","(0, 1, 2, 3, 5, 6, 7, 8)",0,78,78,0
10,1219,useful,0,1.0713595246797796,False,False,1.0324901950443375,1.0324901950443375,1.0779808965182895,0.038869329635442096,0.038869329635442096,0.01476586317822532,0.01476586317822532,0.0,0,0,0,0,-1,54.09223002518839,54.09223002518839,0.0,"(0, 1, 2, 3, 4, 6, 7, 8)","(0, 1, 2, 3, 4, 6, 7, 8)",0,79,79,0
10,1239,useful,2,1.3344092366578426,False,False,1.3802965560441862,1.3802965560441862,1.2549499459231275,0.045887319386343606,0.045887319386343606,0.007134170592869333,0.007134170592869333,0.0,0,0,0,0,-1,42.51161253418703,42.51161253418703,0.0,"(0, 1, 2, 3, 5, 6, 7, 8)","(0, 1, 2, 3, 5, 6, 7, 8)",0,80,80,0
10,1259,useful,5,1.2375099665235372,False,False,1.1452732625947208,1.1452732625947208,1.2929406106177472,0.09223670392881633,0.09223670392881633,0.013401751470192163,0.013401751470192163,0.0,0,0,0,0,-1,42.3108636696086,42.3108636696086,0.0,"(0, 1, 2, 3, 4, 6, 7, 8)","(0, 1, 2, 3, 4, 6, 7, 8)",0,81,81,0
10,1279,junk,11,0.03515792535517102,False,False,0.0,0.0,0.0,0.03515792535517102,0.03515792535517102,0.032923116876942986,0.032923116876942986,0.0,0,0,0,0,-1,43.82156177628897,43.82156177628897,0.0,"(0, 1, 2, 3, 4, 6, 7, 8)","(0, 1, 2, 3, 4, 6, 7, 8)",0,83,83,0
10,1299,junk,12,0.046011443528876476,False,False,0.05589595014788898,0.05589595014788898,0.07385955467765798,0.009884506619012502,0.009884506619012502,0.03472353473714149,0.03472353473714149,0.0,0,0,0,0,-1,37.94732384167794,37.94732384167794,0.0,"(0, 1, 2, 3, 4, 6, 7, 8)","(0, 1, 2, 3, 4, 6, 7, 8)",0,83,83,0
10,1319,useful,4,1.0071199830435438,False,False,1.0344721057010795,1.0344721057010795,0.7406283746564992,0.027352122657535727,0.027352122657535727,0.028887643751245536,0.028887643751245536,0.0,0,0,0,0,-1,22.761299291259217,22.761299291259217,0.0,"(0, 1, 2, 3, 4, 6, 7, 8)","(0, 1, 2, 3, 4, 6, 7, 8)",0,83,83,0
10,1339,useful,1,0.8358784939427467,True,False,0.19360216455383486,0.19360216455383486,0.8212469998319346,0.6422763293889119,0.6422763293889119,0.08501793824073944,0.08501793824073944,0.0,0,0,0,0,-1,19.60303515396825,19.60303515396825,0.0,"(0, 1, 2, 3, 5, 6, 7, 8)","(0, 1, 2, 3, 5, 6, 7, 8)",0,84,84,0
10,1359,useful,0,0.8619999527876084,True,True,0.0,1.2175940745288143,1.2175940745288143,0.8619999527876084,0.35559412174120586,0.0707344969710485,0.016154779498055747,0.056358943712132376,0,0,0,2,1390,13.696930371654027,14.795708891403812,1.0987785197497857,"(0, 1, 2, 3, 4, 6, 7, 8)","(0, 1, 2, 3, 4, 6, 7, 8)",0,85,85,0
10,1379,junk,9,0.040756647963476805,False,False,0.0,0.0,0.6402006570482024,0.040756647963476805,0.040756647963476805,0.04307642467884996,0.04307642467884996,0.0,0,0,0,0,-1,8.855310476094251,8.855310476094251,0.0,"(0, 1, 2, 3, 4, 6, 7, 8)","(0, 1, 2, 3, 4, 6, 7, 8)",0,85,85,0
10,1399,junk,10,0.03315137704771314,False,False,0.0232908343565585,0.0232908343565585,0.16370641919510226,0.00986054269115464,0.00986054269115464,0.03532095298599101,0.03532095298599101,0.0,0,0,0,0,-1,0.0,0.0,0.0,"(0, 1, 2, 3, 4, 6, 7, 8)","(0, 1, 2, 3, 4, 6, 7, 8)",0,85,85,0
11,19,junk,10,0.030925836691438637,True,True,2.4681574835379654,0.2611964988159925,0.2611964988159925,2.4372316468465267,0.23027066212455385,0.05671911221155395,0.0601396513816389,0.10683435104927662,0,0,0,11,23,28.65986487594638,28.665913935725005,0.006049059778625576,"(0, 3, 4, 5, 7, 9, 10, 12)","(0, 1, 2, 3, 4, 5, 7)",1,13,7,-6
11,39,junk,13,0.057738996026640024,False,False,0.09161817716128265,0.09161817716128265,0.0,0.033879181134642625,0.033879181134642625,0.06915933937525283,0.06915933937525283,0.0,0,0,0,0,-1,36.943535971078184,36.943535971078184,0.0,"(0, 1, 2, 3, 4, 5, 7)","(0, 1, 2, 3, 4, 5, 7)",0,7,7,0
11,59,junk,13,0.0487716153626937,False,False,0.10959553535621615,0.10959553535621615,0.0,0.06082391999352245,0.06082391999352245,0.05402265683513093,0.05402265683513093,0.0,1,1,0,0,-1,31.507793663703158,31.507793663703158,0.0,"(0, 1, 2, 3, 4, 5, 7, 8)","(0, 1, 2, 3, 4, 5, 7, 8)",0,9,9,0
11,79,junk,9,0.04192289595102708,False,False,0.04718975733223617,0.04718975733223617,0.03301648599561782,0.00526686138120909,0.00526686138120909,0.0490852574005765,0.0490852574005765,0.0,1,1,0,0,-1,39.19071587895212,39.19071587895212,0.0,"(0, 2, 3, 4, 5, 6, 7, 8)","(0, 2, 3, 4, 5, 6, 7, 8)",0,11,11,0
11,99,useful,4,1.181631404965688,False,False,1.1312291950434714,1.1312291950434714,0.7439289131525364,0.050402209922216556,0.050402209922216556,0.04407617805515644,0.04407617805515644,0.0,0,0,0,0,-1,37.63886468807097,37.63886468807097,0.0,"(0, 2, 3, 4, 5, 6, 7, 8)","(0, 2, 3, 4, 5, 6, 7, 8)",0,11,11,0
11,119,transient,10017,0.0,False,False,0.055194150242479895,0.055194150242479895,0.0,0.055194150242479895,0.055194150242479895,0.04954623980093821,0.04954623980093821,0.0,0,0,0,0,-1,37.1329976505987,37.1329976505987,0.0,"(0, 1, 3, 4, 5, 6, 7, 8)","(0, 1, 3, 4, 5, 6, 7, 8)",0,12,12,0
11,139,useful,3,0.9915480357330511,False,False,0.9131877549260412,0.9131877549260412,1.0793290866366938,0.07836028080700985,0.07836028080700985,0.04036978722040387,0.04036978722040387,0.0,0,0,0,0,-1,40.21383211628868,40.21383211628868,0.0,"(1, 2, 3, 4, 5, 6, 7, 8)","(1, 2, 3, 4, 5, 6, 7, 8)",0,13,13,0
11,159,junk,10,0.06770655514967061,False,False,0.051343027331600205,0.051343027331600205,0.054806071897265635,0.016363527818070406,0.016363527818070406,0.04101402610951384,0.04101402610951384,0.0,0,0,0,0,-1,35.108447739566586,35.108447739566586,0.0,"(0, 2, 3, 4, 5, 6, 7, 8)","(0, 2, 3, 4, 5, 6, 7, 8)",0,14,14,0
11,179,useful,2,1.0820287354556746,False,False,1.0280724656193436,1.0280724656193436,0.8142760339641177,0.05395626983633095,0.05395626983633095,0.028433587492523765,0.028433587492523765,0.0,1,1,0,0,-1,38.42719314706826,38.42719314706826,0.0,"(1, 2, 3, 4, 5, 6, 7, 8)","(1, 2, 3, 4, 5, 6, 7, 8)",0,15,15,0
11,199,transient,10029,0.0,False,False,0.02426178473433277,0.02426178473433277,0.0,0.02426178473433277,0.02426178473433277,0.03832260332634337,0.03832260332634337,0.0,0,0,0,0,-1,38.83544654546206,38.83544654546206,0.0,"(1, 2, 3, 4, 5, 6, 7, 8)","(1, 2, 3, 4, 5, 6, 7, 8)",0,15,15,0
11,219,transient,10033,0.0,False,False,0.0,0.0,0.0,0.0,0.0,0.04429375963696068,0.04429375963696068,0.0,0,0,0,0,-1,58.17497623911703,58.17497623911703,0.0,"(0, 2, 3, 4, 5, 6, 7, 8)","(0, 2, 3, 4, 5, 6, 7, 8)",0,16,16,0
11,239,useful,5,1.1072578610627715,False,False,1.0413348282852304,1.0413348282852304,1.3759767844134918,0.06592303277754108,0.06592303277754108,0.025772297285739782,0.025772297285739782,0.0,0,0,0,0,-1,42.95555191118174,42.95555191118174,0.0,"(0, 2, 3, 4, 5, 6, 7, 8)","(0, 2, 3, 4, 5, 6, 7, 8)",0,18,18,0
11,259,critical,6,3.3913747356367745,True,True,0.5904042734261685,3.8499193923082657,3.8499193923082657,2.800970462210606,0.45854465667149125,0.10578361637484436,0.04199370037371789,0.09986716987298776,0,0,0,4,287,36.81952775516664,38.13882274209315,1.3192949869265078,"(1, 2, 3, 4, 5, 6, 7, 8)","(1, 2, 3, 4, 5, 6, 7, 8)",0,19,19,0
11,279,junk,10,0.03593435361126336,True,True,2.3959763552405455,0.0,0.0,2.360042001629282,0.03593435361126336,0.0936605550041349,0.0371834896252061,0.12946290760733498,1,0,1,0,-1,27.318387842879254,27.318387842879254,0.0,"(0, 1, 2, 4, 5, 6, 7, 8)","(0, 1, 2, 4, 5, 6, 7, 8)",0,21,20,-1
11,299,useful,4,1.0206507275817478,False,False,0.994990482578555,0.994990482578555,0.9890291445250292,0.02566024500319275,0.02566024500319275,0.02122823583191851,0.02122823583191851,0.0,0,0,0,0,-1,33.1267783699369,33.1267783699369,0.0,"(0, 1, 2, 4, 5, 6, 7, 8)","(0, 1, 2, 4, 5, 6, 7, 8)",0,20,20,0
11,319,junk,11,0.0663835947937238,False,False,0.15860115504050554,0.15860115504050554,0.19708838432958697,0.09221756024678174,0.09221756024678174,0.03142688229559135,0.03142688229559135,0.0,0,0,0,0,-1,38.454359222152156,38.454359222152156,0.0,"(1, 2, 3, 4, 5, 6, 7, 8)","(1, 2, 3, 4, 5, 6, 7, 8)",0,21,21,0
11,339,junk,11,0.03282713664167251,True,True,2.6290317378847,0.3427897281511755,0.3427897281511755,2.5962046012430275,0.30996259150950295,0.11321547555032979,0.014494727794119299,0.11333107497421781,1,0,1,1,350,39.851197349754095,39.80462121819431,-0.046576131559781686,"(0, 2, 3, 4, 5, 6, 7, 8)","(0, 2, 3, 4, 5, 6, 7, 8)",0,23,22,-1
11,359,useful,3,1.1487170933630066,False,False,1.1380344194491407,1.1380344194491407,0.9271005929570786,0.010682673913865903,0.010682673913865903,0.01762557945626283,0.01762557945626283,0.0,0,0,0,0,-1,41.85388814330169,41.85388814330169,0.0,"(0, 2, 3, 4, 5, 6, 7, 8)","(0, 2, 3, 4, 5, 6, 7, 8)",0,22,22,0
11,379,transient,10051,0.0,False,False,0.0,0.0,0.0,0.0,0.0,0.03323503041373912,0.03323503041373912,0.0,0,0,0,0,-1,32.62359626268535,32.62359626268535,0.0,"(0, 2, 3, 4, 5, 6, 7, 8)","(0, 2, 3, 4, 5, 6, 7, 8)",0,22,22,0
11,399,useful,3,1.536774899659675,True,True,0.0,1.6665422941365484,1.6665422941365484,1.536774899659675,0.12976739447687335,0.09206341914109105,0.0031324068438533586,0.08968492954564858,0,0,0,2,416,38.3039461731129,38.3039461731129,0.0,"(0, 1, 2, 3, 4, 6, 7, 8)","(0, 1, 2, 3, 4, 6, 7, 8)",0,23,23,0
11,419,critical,7,4.130086897178938,False,False,4.167987416947911,4.167987416947911,4.513149979063323,0.03790051976897324,0.03790051976897324,0.03470968179336839,0.03470968179336839,0.0,0,0,0,0,-1,27.9701655024252,27.9701655024252,0.0,"(0, 2, 3, 4, 5, 6, 7, 8)","(0, 2, 3, 4, 5, 6, 7, 8)",0,24,24,0
11,439,useful,4,0.7403465772582849,False,False,0.7831384390696736,0.7831384390696736,0.8026435658328276,0.04279186181138872,0.04279186181138872,0.03635980276891823,0.03635980276891823,0.0,0,0,0,0,-1,25.889546875094055,25.889546875094055,0.0,"(0, 2, 3, 4, 5, 6, 7, 8)","(0, 2, 3, 4, 5, 6, 7, 8)",0,24,24,0
11,459,useful,4,1.042938020648902,False,False,1.0660641305556406,1.0660641305556406,0.9144124887921674,0.02312610990673858,0.02312610990673858,0.03631377928480399,0.03631377928480399,0.0,0,0,0,0,-1,18.589702542100785,18.589702542100785,0.0,"(0, 1, 3, 4, 5, 6, 7, 8)","(0, 1, 3, 4, 5, 6, 7, 8)",0,25,25,0
11,479,useful,4,0.6996799832847724,False,False,0.6344300770114093,0.6344300770114093,0.15311576156811735,0.06524990627336313,0.06524990627336313,0.031051297378085298,0.031051297378085298,0.0,0,0,0,0,-1,31.18979676579906,31.18979676579906,0.0,"(0, 1, 2, 3, 4, 5, 6, 7)","(0, 1, 2, 3, 4, 5, 6, 7)",0,26,26,0
11,499,junk,13,0.059317555417313386,False,False,0.0,0.0,0.09523905867119303,0.059317555417313386,0.059317555417313386,0.028896133998875653,0.028896133998875653,0.0,0,0,0,0,-1,29.84762012035309,29.84762012035309,0.0,"(0, 1, 2, 3, 4, 5, 6, 7)","(0, 1, 2, 3, 4, 5, 6, 7)",0,26,26,0
11,519,useful,0,0.4122136107720141,False,False,0.41869452968968146,0.41869452968968146,0.3933686284654253,0.006480918917667333,0.006480918917667333,0.04454346397837723,0.04454346397837723,0.0,0,0,0,0,-1,29.604814555964232,29.604814555964232,0.0,"(0, 2, 3, 4, 5, 6, 7, 8)","(0, 2, 3, 4, 5, 6, 7, 8)",0,28,28,0
11,539,junk,12,0.025167072121495316,False,False,0.05016119274772608,0.05016119274772608,0.0,0.024994120626230767,0.024994120626230767,0.026535862223218677,0.026535862223218677,0.0,0,0,0,0,-1,33.33493992447706,33.33493992447706,0.0,"(0, 2, 3, 4, 5, 6, 7, 8)","(0, 2, 3, 4, 5, 6, 7, 8)",0,28,28,0
11,559,useful,2,0.8191849771192247,True,False,0.012230846134578477,0.012230846134578477,0.526320062826522,0.8069541309846462,0.8069541309846462,0.0771063996588528,0.0771063996588528,0.0,1,1,0,0,-1,46.92292308282143,46.92292308282143,0.0,"(0, 1, 3, 4, 5, 6, 7, 8)","(0, 1, 3, 4, 5, 6, 7, 8)",0,29,29,0
11,579,useful,4,1.0300619298724003,False,False,1.0333475150661455,1.0333475150661455,1.0979610173275585,0.003285585193745222,0.003285585193745222,0.011197989927246287,0.011197989927246287,0.0,0,0,0,0,-1,57.12304148724931,57.12304148724931,0.0,"(0, 1, 3, 4, 5, 6, 7, 8)","(0, 1, 3, 4, 5, 6, 7, 8)",0,29,29,0
11,599,useful,3,0.7299867957592376,False,False,0.7569781113302013,0.7569781113302013,0.766811813558502,0.02699131557096368,0.02699131557096368,0.017517231549587516,0.017517231549587516,0.0,0,0,0,0,-1,53.39579386808269,53.39579386808269,0.0,"(0, 2, 3, 4, 5, 6, 7, 8)","(0, 2, 3, 4, 5, 6, 7, 8)",0,30,30,0
11,619,useful,1,0.7303488356741172,False,False,0.7297153865483982,0.7297153865483982,0.839708585183409,0.0006334491257190544,0.0006334491257190544,0.02941059551608132,0.02941059551608132,0.0,0,0,0,0,-1,51.13561361198298,51.13561361198298,0.0,"(0, 2, 3, 4, 5, 6, 7, 8)","(0, 2, 3, 4, 5, 6, 7, 8)",0,30,30,0
11,639,junk,12,0.055999758896074864,True,True,2.4831890290203065,0.0,0.0,2.4271892701242317,0.055999758896074864,0.10195127561515793,0.03341320495902793,0.12921616455935367,1,0,1,4,640,37.348928887647304,36.22319084432411,-1.1257380433231958,"(0, 2, 3, 4, 5, 6, 7, 8)","(0, 2, 3, 4, 5, 6, 7, 8)",0,31,30,-1
11,659,junk,12,0.05012485753064763,False,False,0.06707171062147844,0.06707171062147844,0.024449072835265862,0.016946853090830813,0.016946853090830813,0.03228048936394504,0.03228048936394504,0.0,0,0,0,0,-1,40.4535409318072,40.4535409318072,0.0,"(0, 2, 3, 4, 5, 6, 7, 8)","(0, 2, 3, 4, 5, 6, 7, 8)",0,30,30,0
11,679,transient,10080,0.0,False,False,0.0,0.0,0.07175779750535902,0.0,0.0,0.03582848881159534,0.03582848881159534,0.0,0,0,0,0,-1,36.58047361802247,36.58047361802247,0.0,"(0, 4, 5, 6, 7, 8, 9, 11)","(0, 4, 5, 6, 7, 8, 9, 11)",0,33,33,0
11,699,critical,7,4.56998066082175,False,False,4.500965888617157,4.500965888617157,4.447621309392604,0.06901477220459373,0.06901477220459373,0.02882726711500105,0.02882726711500105,0.0,0,0,0,0,-1,32.33140981101317,32.33140981101317,0.0,"(0, 1, 4, 5, 6, 7, 8, 9)","(0, 1, 4, 5, 6, 7, 8, 9)",0,34,34,0
11,719,useful,2,0.7695734204862141,False,False,0.7108464094343093,0.7108464094343093,0.8042243126384107,0.05872701105190481,0.05872701105190481,0.028739485376854477,0.028739485376854477,0.0,0,0,0,0,-1,32.69056778182018,32.69056778182018,0.0,"(3, 4, 5, 6, 7, 8, 9, 13)","(3, 4, 5, 6, 7, 8, 9, 13)",0,37,37,0
11,739,transient,10091,0.0,False,False,0.031776691058255445,0.031776691058255445,0.06112372326404648,0.031776691058255445,0.031776691058255445,0.06461156305409854,0.06461156305409854,0.0,0,0,0,0,-1,37.09538846985057,37.09538846985057,0.0,"(0, 4, 5, 6, 7, 8, 9, 11)","(0, 4, 5, 6, 7, 8, 9, 11)",0,38,38,0
11,759,useful,4,1.0387356809551005,False,False,0.9903901326892613,0.9903901326892613,0.8187699948567789,0.048345548265839144,0.048345548265839144,0.0348929148207763,0.0348929148207763,0.0,0,0,0,0,-1,38.90527835264126,38.90527835264126,0.0,"(0, 4, 5, 6, 7, 8, 9, 10)","(0, 4, 5, 6, 7, 8, 9, 10)",0,42,42,0
11,779,useful,0,1.1126236476161337,False,False,1.1242755016104333,1.1242755016104333,0.7957507466361309,0.011651853994299577,0.011651853994299577,0.035410342028638006,0.035410342028638006,0.0,0,0,0,0,-1,31.748463067583284,31.748463067583284,0.0,"(0, 3, 4, 5, 6, 7, 8, 9)","(0, 3, 4, 5, 6, 7, 8, 9)",0,48,48,0
11,799,junk,11,0.05876893187278734,False,False,0.12784321661118897,0.12784321661118897,0.21598436251225206,0.06907428473840163,0.06907428473840163,0.05626037397313105,0.05626037397313105,0.0,0,0,0,0,-1,38.50230728543312,38.50230728543312,0.0,"(0, 4, 5, 6, 7, 8, 9, 12)","(0, 4, 5, 6, 7, 8, 9, 12)",0,47,47,0
11,819,junk,12,0.05391394199334096,False,False,0.06765124139129874,0.06765124139129874,0.0,0.013737299397957786,0.013737299397957786,0.05524955936210157,0.05524955936210157,0.0,0,0,0,0,-1,41.03399479921294,41.03399479921294,0.0,"(0, 4, 5, 6, 7, 8, 9, 10)","(0, 4, 5, 6, 7, 8, 9, 10)",0,47,47,0
11,839,useful,0,1.053017779234539,False,False,1.0778662198095135,1.0778662198095135,0.8692707645480389,0.024848440574974484,0.024848440574974484,0.018357353283285967,0.018357353283285967,0.0,0,0,0,0,-1,35.48600900890599,35.48600900890599,0.0,"(0, 2, 4, 5, 6, 7, 8, 9)","(0, 2, 4, 5, 6, 7, 8, 9)",0,51,51,0
11,859,useful,5,1.0575388876519252,True,False,0.08382715291946777,0.08382715291946777,0.7945560753340604,0.9737117347324574,0.9737117347324574,0.07568507715421717,0.07568507715421717,0.0,0,0,0,0,-1,28.58430511883209,28.58430511883209,0.0,"(0, 2, 4, 5, 6, 7, 8, 9)","(0, 2, 4, 5, 6, 7, 8, 9)",0,51,51,0
11,879,junk,9,0.056288359813549654,False,False,0.0,0.0,0.0,0.056288359813549654,0.056288359813549654,0.05469732306200495,0.05469732306200495,0.0,0,0,0,0,-1,22.14018482819922,22.14018482819922,0.0,"(0, 1, 4, 5, 6, 7, 8, 9)","(0, 1, 4, 5, 6, 7, 8, 9)",0,53,53,0
11,899,useful,5,0.6964396739548999,False,False,0.6790201960291758,0.6790201960291758,1.022678568257232,0.01741947792572407,0.01741947792572407,0.030819200024442255,0.030819200024442255,0.0,0,0,0,0,-1,34.639264238592666,34.639264238592666,0.0,"(0, 2, 4, 5, 6, 7, 8, 9)","(0, 2, 4, 5, 6, 7, 8, 9)",0,54,54,0
11,919,useful,4,0.6449599416153695,True,False,0.0,0.0,0.7413306807591113,0.6449599416153695,0.6449599416153695,0.06898331250331499,0.06898331250331499,0.0,0,0,0,0,-1,28.51401324816526,28.51401324816526,0.0,"(0, 1, 4, 5, 6, 7, 8, 9)","(0, 1, 4, 5, 6, 7, 8, 9)",0,54,54,0
11,939,useful,1,1.3055976747735605,False,False,1.2417656028152255,1.2417656028152255,1.2880428924482719,0.06383207195833496,0.06383207195833496,0.021948184841121574,0.021948184841121574,0.0,1,1,0,0,-1,31.18445669372067,31.18445669372067,0.0,"(0, 2, 4, 5, 6, 7, 8, 9)","(0, 2, 4, 5, 6, 7, 8, 9)",0,56,56,0
11,959,useful,2,1.3313119606230353,False,False,1.3200920220872607,1.3200920220872607,1.302089044938122,0.01121993853577452,0.01121993853577452,0.031007503297993545,0.031007503297993545,0.0,0,0,0,0,-1,50.54844775117802,50.54844775117802,0.0,"(0, 2, 4, 5, 6, 7, 8, 9)","(0, 2, 4, 5, 6, 7, 8, 9)",0,56,56,0
11,979,useful,2,1.103784661574313,False,True,1.0379228329055676,1.9673360603753154,1.9673360603753154,0.06586182866874535,0.8635513988010024,0.027973841996673986,0.055413841547827046,0.06819234263035519,0,0,0,0,-1,46.73784026222425,46.73784026222425,0.0,"(0, 2, 4, 5, 6, 7, 8, 9)","(0, 2, 4, 5, 6, 7, 8, 9)",0,56,56,0
11,999,useful,2,1.3109265174695497,True,True,0.2659904985654478,1.3600435291047022,1.3600435291047022,1.044936018904102,0.049117011635152474,0.06622266014090611,0.025878676501641846,0.08331306691846962,0,0,0,3,1027,42.40655930656774,43.441201632331676,1.034642325763933,"(0, 4, 5, 6, 7, 8, 9, 10)","(0, 2, 4, 5, 6, 7, 8, 9)",1,58,56,-2
11,1019,junk,12,0.031222131891058016,False,False,0.0,0.0,0.0,0.031222131891058016,0.031222131891058016,0.046678812339025204,0.046678812339025204,0.0,1,1,0,0,-1,20.631975892505114,20.631975892505114,0.0,"(0, 2, 3, 5, 6, 7, 8, 9)","(0, 2, 3, 5, 6, 7, 8, 9)",0,61,61,0
11,1039,useful,4,1.0524683588466515,False,False,0.9935378505029073,0.9935378505029073,1.0280536923850236,0.05893050834374414,0.05893050834374414,0.013627901087677216,0.013627901087677216,0.0,0,0,0,0,-1,42.51579243362153,42.51579243362153,0.0,"(0, 2, 3, 4, 5, 6, 7, 8)","(0, 2, 3, 4, 5, 6, 7, 8)",0,61,61,0
11,1059,useful,1,0.8228256545316095,False,False,0.804592436641261,0.804592436641261,1.1170539047471766,0.018233217890348485,0.018233217890348485,0.03021552624089868,0.03021552624089868,0.0,1,1,0,0,-1,48.10303311287008,48.10303311287008,0.0,"(0, 2, 3, 4, 5, 6, 7, 8)","(0, 2, 3, 4, 5, 6, 7, 8)",0,64,64,0
11,1079,junk,11,0.05136918416235778,True,True,2.5209479398868613,0.16274499141119486,0.16274499141119486,2.4695787557245037,0.11137580724883708,0.08974885994295188,0.03974019659861802,0.11119671649678796,1,1,0,0,-1,40.99234156085999,40.99234156085999,0.0,"(0, 2, 3, 4, 5, 6, 7, 8)","(0, 2, 3, 4, 5, 6, 7, 8)",0,67,67,0
11,1099,useful,3,1.131678371503693,False,False,1.1372861811334656,1.1372861811334656,1.2659861903671856,0.0056078096297724755,0.0056078096297724755,0.018571777279794432,0.018571777279794432,0.0,0,0,0,0,-1,44.63253828148283,44.63253828148283,0.0,"(0, 2, 3, 4, 5, 6, 7, 8)","(0, 2, 3, 4, 5, 6, 7, 8)",0,69,69,0
11,1119,junk,12,0.022143426237646965,True,True,2.7052810139608314,0.11221970460250068,0.11221970460250068,2.6831375877231847,0.09007627836485371,0.08986414151718758,0.03928994062646327,0.11924639440075366,1,1,0,1,1146,40.5922697408023,40.5922697408023,0.0,"(0, 1, 2, 4, 5, 6, 7, 8)","(0, 1, 2, 4, 5, 6, 7, 8)",0,73,72,-1
11,1139,junk,9,0.044029709974271046,False,False,0.02876652960361361,0.02876652960361361,0.04920943670098415,0.015263180370657436,0.015263180370657436,0.039134875433649345,0.039134875433649345,0.0,0,0,0,0,-1,59.20585449127161,59.20585449127161,0.0,"(0, 1, 2, 4, 5, 6, 7, 8)","(0, 1, 2, 4, 5, 6, 7, 8)",0,74,74,0
11,1159,transient,10139,0.0,False,False,0.05253944263433513,0.05253944263433513,0.0,0.05253944263433513,0.05253944263433513,0.036782699350869766,0.036782699350869766,0.0,0,0,0,0,-1,42.83055166450859,42.83055166450859,0.0,"(0, 1, 2, 4, 5, 6, 7, 8)","(0, 1, 2, 4, 5, 6, 7, 8)",0,74,74,0
11,1179,critical,8,5.509698240296275,False,False,5.539743707117316,5.539743707117316,5.649222373151018,0.0300454668210417,0.0300454668210417,0.034466408863027334,0.034466408863027334,0.0,0,0,0,0,-1,23.046367697478626,23.046367697478626,0.0,"(0, 2, 3, 4, 5, 6, 7, 8)","(0, 2, 3, 4, 5, 6, 7, 8)",0,75,75,0
11,1199,junk,10,0.051529245148384084,False,False,0.0,0.0,0.0,0.051529245148384084,0.051529245148384084,0.030967022996199637,0.030967022996199637,0.0,0,0,0,0,-1,22.833408901060572,22.833408901060572,0.0,"(0, 1, 3, 4, 5, 6, 7, 8)","(0, 1, 3, 4, 5, 6, 7, 8)",0,76,76,0
11,1219,useful,0,0.9587836815098995,False,False,0.9413728380752645,0.9413728380752645,1.0388984819974292,0.01741084343463495,0.01741084343463495,0.025604571043088397,0.025604571043088397,0.0,0,0,0,0,-1,24.914284843703367,24.914284843703367,0.0,"(0, 2, 3, 4, 5, 6, 7, 8)","(0, 2, 3, 4, 5, 6, 7, 8)",0,77,77,0
11,1239,transient,10152,0.0,False,False,0.0,0.0,0.0,0.0,0.0,0.02975737737586901,0.02975737737586901,0.0,0,0,0,0,-1,35.52941531424579,35.52941531424579,0.0,"(0, 2, 3, 4, 5, 6, 7, 8)","(0, 2, 3, 4, 5, 6, 7, 8)",0,77,77,0
11,1259,useful,0,0.7902531474098831,False,False,0.7386917051752057,0.7386917051752057,0.8269289156153673,0.0515614422346774,0.0515614422346774,0.04729187128359712,0.04729187128359712,0.0,0,0,0,0,-1,40.01784261444152,40.01784261444152,0.0,"(0, 1, 3, 4, 5, 6, 7, 8)","(0, 1, 3, 4, 5, 6, 7, 8)",0,78,78,0
11,1279,junk,13,0.05385825905085178,False,False,0.0364748118241323,0.0364748118241323,0.32158872190020693,0.01738344722671948,0.01738344722671948,0.028526557575751385,0.028526557575751385,0.0,0,0,0,0,-1,32.64858271559273,32.64858271559273,0.0,"(0, 2, 3, 4, 5, 6, 7, 8)","(0, 2, 3, 4, 5, 6, 7, 8)",0,79,79,0
11,1299,junk,13,0.058253350421790785,False,False,0.0457331137444936,0.0457331137444936,0.07276136977514,0.012520236677297188,0.012520236677297188,0.030449100340122052,0.030449100340122052,0.0,0,0,0,0,-1,32.79384968855722,32.79384968855722,0.0,"(0, 1, 2, 3, 5, 6, 7, 8)","(0, 1, 2, 3, 5, 6, 7, 8)",0,80,80,0
11,1319,transient,10163,0.0,False,False,0.0,0.0,0.0,0.0,0.0,0.023592124514721303,0.023592124514721303,0.0,0,0,0,0,-1,34.521995719372065,34.521995719372065,0.0,"(0, 2, 3, 4, 5, 6, 7, 8)","(0, 2, 3, 4, 5, 6, 7, 8)",0,81,81,0
11,1339,useful,0,0.9617408929160977,False,False,1.0310935629523204,1.0310935629523204,0.9714232213493529,0.0693526700362227,0.0693526700362227,0.031243495231410113,0.031243495231410113,0.0,0,0,0,0,-1,41.90863231595277,41.90863231595277,0.0,"(0, 2, 3, 4, 5, 6, 7, 8)","(0, 2, 3, 4, 5, 6, 7, 8)",0,81,81,0
11,1359,useful,3,1.0252149745610113,False,False,1.0169337983238642,1.0169337983238642,0.6624384832927843,0.008281176237147081,0.008281176237147081,0.015352475596787173,0.015352475596787173,0.0,0,0,0,0,-1,24.270518647847695,24.270518647847695,0.0,"(0, 1, 2, 3, 5, 6, 7, 8)","(0, 1, 2, 3, 5, 6, 7, 8)",0,82,82,0
11,1379,useful,1,1.0805966615516536,True,True,0.16598938572611058,1.1240730043282467,1.1240730043282467,0.914607275825543,0.04347634277659318,0.0747746854491424,0.03393601579090884,0.08155684491719019,0,1,1,2,1393,6.298506748627753,5.727155845509106,-0.5713509031186472,"(0, 2, 3, 4, 5, 6, 7, 8)","(0, 1, 2, 3, 5, 6, 7, 8)",1,81,82,1
11,1399,junk,12,0.054209162787178834,False,False,0.053008224825501944,0.053008224825501944,0.4399565531472686,0.00120093796167689,0.00120093796167689,0.03627122719576199,0.03627122719576199,0.0,0,0,0,0,-1,0.0,0.0,0.0,"(0, 1, 2, 3, 5, 6, 7, 8)","(0, 1, 2, 3, 5, 6, 7, 8)",0,82,82,0
12,19,useful,1,1.2096841109525078,False,False,1.236133038372162,1.236133038372162,1.0731219068235496,0.02644892741965421,0.02644892741965421,0.055501010787231235,0.055501010787231235,0.0,0,0,0,0,-1,25.20232780992561,25.20232780992561,0.0,"(0, 1, 3, 4, 5, 6, 8, 13)","(0, 1, 3, 4, 5, 6, 8, 13)",0,10,10,0
12,39,useful,4,0.838483530830884,False,False,0.8595747552929937,0.8595747552929937,0.7591579823132253,0.021091224462109648,0.021091224462109648,0.054176621523838855,0.054176621523838855,0.0,0,0,0,0,-1,33.30628775410771,33.30628775410771,0.0,"(0, 1, 3, 5, 6, 8, 10, 13)","(0, 1, 3, 5, 6, 8, 10, 13)",0,11,11,0
12,59,junk,13,0.048554848351729,False,False,0.11202893220227947,0.11202893220227947,0.0,0.06347408385055048,0.06347408385055048,0.04970471547497917,0.04970471547497917,0.0,0,0,0,0,-1,22.68393583848424,22.68393583848424,0.0,"(0, 3, 4, 5, 6, 7, 8, 13)","(0, 3, 4, 5, 6, 7, 8, 13)",0,11,11,0
12,79,junk,10,0.037709750240279546,False,False,0.057608924195878305,0.057608924195878305,0.0,0.01989917395559876,0.01989917395559876,0.06127284493799812,0.06127284493799812,0.0,1,1,0,0,-1,19.498618233904665,19.498618233904665,0.0,"(0, 3, 4, 5, 6, 7, 8, 13)","(0, 3, 4, 5, 6, 7, 8, 13)",0,13,13,0
12,99,junk,13,0.04764651350454684,False,False,0.0247436265850939,0.0247436265850939,0.0,0.02290288691945294,0.02290288691945294,0.056501949509270046,0.056501949509270046,0.0,0,0,0,0,-1,21.969225615646955,21.969225615646955,0.0,"(0, 1, 2, 3, 5, 6, 7, 8)","(0, 1, 2, 3, 5, 6, 7, 8)",0,14,14,0
12,119,junk,13,0.06990136243829358,True,True,2.5934928093597525,0.09478674998665623,0.09478674998665623,2.523591446921459,0.024885387548362656,0.08750799185378194,0.048662891955310844,0.13574906779430626,0,0,0,5,125,28.927521700250292,26.02425204590487,-2.903269654345422,"(1, 2, 3, 4, 5, 6, 7, 8)","(0, 1, 2, 3, 5, 6, 7, 8)",1,15,14,-1
12,139,useful,2,1.347430156278837,False,False,1.3255306085600198,1.3255306085600198,1.304140621547651,0.021899547718817303,0.021899547718817303,0.020621669947429533,0.020621669947429533,0.0,0,0,0,0,-1,35.21962211078482,35.21962211078482,0.0,"(0, 1, 2, 3, 5, 6, 7, 8)","(0, 1, 2, 3, 5, 6, 7, 8)",0,16,16,0
12,159,useful,3,1.0308590658117542,True,False,0.3305794160521277,0.3305794160521277,0.5911117495782794,0.7002796497596265,0.7002796497596265,0.05460351354746664,0.05460351354746664,0.0,0,0,0,0,-1,42.31515593541038,42.31515593541038,0.0,"(0, 1, 2, 3, 5, 6, 7, 8)","(0, 1, 2, 3, 5, 6, 7, 8)",0,16,16,0
12,179,junk,12,0.04833226351011181,False,False,0.23326367998234382,0.23326367998234382,0.2929046822160647,0.18493141647223202,0.18493141647223202,0.042941677370126594,0.042941677370126594,0.0,1,1,0,0,-1,49.01711040488085,49.01711040488085,0.0,"(0, 1, 2, 3, 5, 6, 7, 8)","(0, 1, 2, 3, 5, 6, 7, 8)",0,19,19,0
12,199,useful,2,0.7797446346983128,False,False,0.8555215064170824,0.8555215064170824,0.8848869450380972,0.07577687171876957,0.07577687171876957,0.021656752855739606,0.021656752855739606,0.0,0,0,0,0,-1,42.106170604316695,42.106170604316695,0.0,"(0, 1, 2, 3, 5, 6, 7, 8)","(0, 1, 2, 3, 5, 6, 7, 8)",0,19,19,0
12,219,useful,2,1.1732259872295698,False,False,1.0933532729648427,1.0933532729648427,1.4532412103546708,0.07987271426472708,0.07987271426472708,0.017483983429320844,0.017483983429320844,0.0,0,0,0,0,-1,37.945091159293675,37.945091159293675,0.0,"(0, 1, 2, 3, 5, 6, 7, 8)","(0, 1, 2, 3, 5, 6, 7, 8)",0,21,21,0
12,239,useful,3,0.813756026965433,True,False,0.15211735836115364,0.15211735836115364,0.43162128241902153,0.6616386686042794,0.6616386686042794,0.04920846029138096,0.04920846029138096,0.0,0,0,0,0,-1,34.10510785856361,34.10510785856361,0.0,"(1, 2, 3, 4, 5, 6, 7, 8)","(1, 2, 3, 4, 5, 6, 7, 8)",0,22,22,0
12,259,useful,1,1.0439482048304718,False,False,1.0123097207593152,1.0123097207593152,0.819045840053911,0.03163848407115655,0.03163848407115655,0.02005474131391146,0.02005474131391146,0.0,0,0,0,0,-1,33.7888617907526,33.7888617907526,0.0,"(1, 2, 3, 4, 5, 6, 7, 8)","(1, 2, 3, 4, 5, 6, 7, 8)",0,22,22,0
12,279,junk,9,0.04026240168661218,False,False,0.060281367403011835,0.060281367403011835,0.029343501007291203,0.020018965716399655,0.020018965716399655,0.048260876074358125,0.048260876074358125,0.0,0,0,0,0,-1,41.775304406277385,41.775304406277385,0.0,"(1, 2, 3, 4, 5, 6, 7, 8)","(1, 2, 3, 4, 5, 6, 7, 8)",0,22,22,0
12,299,junk,13,0.04704156938966308,False,False,0.08609352325494252,0.08609352325494252,0.25464313618608864,0.03905195386527944,0.03905195386527944,0.04144720347417676,0.04144720347417676,0.0,0,0,0,0,-1,52.64674216245465,52.64674216245465,0.0,"(1, 2, 3, 4, 5, 6, 7, 8)","(1, 2, 3, 4, 5, 6, 7, 8)",0,22,22,0
12,319,junk,12,0.0469279964934902,False,False,0.027697290459037186,0.027697290459037186,0.13140316507013355,0.019230706034453014,0.019230706034453014,0.04052507690905429,0.04052507690905429,0.0,0,0,0,0,-1,51.55912424375479,51.55912424375479,0.0,"(0, 1, 2, 3, 5, 6, 7, 8)","(0, 1, 2, 3, 5, 6, 7, 8)",0,23,23,0
12,339,useful,1,0.9810823062687581,False,False,0.9976607605186893,0.9976607605186893,1.0568876941272078,0.016578454249931207,0.016578454249931207,0.018902074651181024,0.018902074651181024,0.0,0,0,0,0,-1,38.87854959792142,38.87854959792142,0.0,"(0, 1, 2, 3, 5, 6, 7, 8)","(0, 1, 2, 3, 5, 6, 7, 8)",0,23,23,0
12,359,transient,10052,0.0,False,False,0.0,0.0,0.0,0.0,0.0,0.04188963070076896,0.04188963070076896,0.0,0,0,0,0,-1,24.738472139618832,24.738472139618832,0.0,"(1, 2, 3, 4, 5, 6, 7, 8)","(1, 2, 3, 4, 5, 6, 7, 8)",0,24,24,0
12,379,useful,3,0.9957544736647375,False,False,0.8689029709257368,0.8689029709257368,0.838286036216679,0.1268515027390007,0.1268515027390007,0.022990508323105417,0.022990508323105417,0.0,0,0,0,0,-1,22.278541841711807,22.278541841711807,0.0,"(1, 2, 3, 4, 5, 6, 7, 8)","(1, 2, 3, 4, 5, 6, 7, 8)",0,24,24,0
12,399,junk,11,0.05616971450119032,True,True,2.4983079719267955,0.16833857052745424,0.16833857052745424,2.442138257425605,0.11216885602626392,0.09752618586467328,0.03147209696419666,0.12672209817430602,1,0,1,9,400,19.761063960867595,20.67903411819681,0.9179701573292149,"(1, 2, 3, 4, 5, 6, 7, 8)","(0, 1, 2, 3, 5, 6, 7, 8)",1,27,25,-2
12,419,junk,9,0.040218632777248284,False,False,0.0,0.0,0.0,0.040218632777248284,0.040218632777248284,0.030778386289626442,0.030778386289626442,0.0,0,0,0,0,-1,45.91019248316287,45.91019248316287,0.0,"(1, 2, 3, 4, 5, 6, 7, 8)","(1, 2, 3, 4, 5, 6, 7, 8)",0,26,26,0
12,439,junk,10,0.05836320168450613,False,False,0.04545199397142559,0.04545199397142559,0.024317874244611175,0.01291120771308054,0.01291120771308054,0.029640018973198175,0.029640018973198175,0.0,0,0,0,0,-1,45.91630052587889,45.91630052587889,0.0,"(1, 2, 3, 4, 5, 6, 7, 8)","(1, 2, 3, 4, 5, 6, 7, 8)",0,26,26,0
12,459,useful,2,1.0073589563870804,False,False,0.9935269501902434,0.9935269501902434,1.0418109932641175,0.013832006196836999,0.013832006196836999,0.017625756691035162,0.017625756691035162,0.0,0,0,0,0,-1,30.6586772004048,30.6586772004048,0.0,"(0, 1, 2, 3, 5, 6, 7, 8)","(0, 1, 2, 3, 5, 6, 7, 8)",0,27,27,0
12,479,useful,3,1.1192107274414747,True,False,0.29799785432406334,0.29799785432406334,0.9331179426935605,0.8212128731174113,0.8212128731174113,0.05476309404958266,0.05476309404958266,0.0,0,0,0,0,-1,32.285241649357594,32.285241649357594,0.0,"(0, 1, 2, 3, 5, 6, 7, 8)","(0, 1, 2, 3, 5, 6, 7, 8)",0,27,27,0
12,499,useful,1,0.8934836920366218,False,False,0.7853582922198133,0.7853582922198133,0.9147989292338452,0.10812539981680847,0.10812539981680847,0.03505378925448265,0.03505378925448265,0.0,0,0,0,0,-1,39.50789305222886,39.50789305222886,0.0,"(0, 1, 2, 3, 5, 6, 7, 8)","(0, 1, 2, 3, 5, 6, 7, 8)",0,29,29,0
12,519,useful,4,0.557755925400085,False,False,0.5897735914881191,0.5897735914881191,0.5722889896568439,0.032017666088034136,0.032017666088034136,0.019001996770454107,0.019001996770454107,0.0,0,0,0,0,-1,27.53077466183456,27.53077466183456,0.0,"(1, 2, 3, 4, 5, 6, 7, 8)","(1, 2, 3, 4, 5, 6, 7, 8)",0,30,30,0
12,539,critical,8,4.25128254270234,False,False,4.338797345336734,4.338797345336734,4.46318227588424,0.08751480263439415,0.08751480263439415,0.030964198156690145,0.030964198156690145,0.0,0,0,0,0,-1,29.27899565299155,29.27899565299155,0.0,"(1, 2, 3, 4, 5, 6, 7, 8)","(1, 2, 3, 4, 5, 6, 7, 8)",0,30,30,0
12,559,critical,7,5.63152143689173,False,False,5.62543786739967,5.62543786739967,5.679007797573779,0.006083569492060015,0.006083569492060015,0.03283537621451849,0.03283537621451849,0.0,0,0,0,0,-1,25.87680052105225,25.87680052105225,0.0,"(1, 2, 3, 4, 5, 6, 7, 8)","(1, 2, 3, 4, 5, 6, 7, 8)",0,30,30,0
12,579,transient,10079,0.0,False,False,0.031530953726557794,0.031530953726557794,0.033235716125545836,0.031530953726557794,0.031530953726557794,0.03402034331282262,0.03402034331282262,0.0,0,0,0,0,-1,34.43935298076928,34.43935298076928,0.0,"(0, 1, 2, 3, 5, 6, 7, 8)","(0, 1, 2, 3, 5, 6, 7, 8)",0,31,31,0
12,599,useful,3,0.7899580529543383,False,False,0.7556194899803865,0.7556194899803865,0.6919496312167258,0.03433856297395177,0.03433856297395177,0.016135758596180917,0.016135758596180917,0.0,0,0,0,0,-1,44.20586098575515,44.20586098575515,0.0,"(0, 1, 2, 3, 5, 6, 7, 8)","(0, 1, 2, 3, 5, 6, 7, 8)",0,31,31,0
12,619,junk,11,0.04301110091891946,True,True,2.285369273697439,0.0,0.0,2.24235817277852,0.04301110091891946,0.09564985988016428,0.03121226774719558,0.10859612251959354,1,0,1,5,644,44.699548434656556,45.90826045030761,1.2087120156510522,"(1, 2, 3, 5, 6, 7, 8, 11)","(0, 1, 2, 3, 5, 6, 7, 8)",1,32,31,-1
12,639,junk,9,0.06708763496211985,False,False,0.09044056208557696,0.09044056208557696,0.15140739793348695,0.023352927123457115,0.023352927123457115,0.0255548343015647,0.0255548343015647,0.0,0,0,0,0,-1,50.215509620203676,50.215509620203676,0.0,"(1, 2, 3, 4, 5, 6, 7, 8)","(1, 2, 3, 4, 5, 6, 7, 8)",0,32,32,0
12,659,junk,12,0.0467415802404083,False,False,0.06584450622897733,0.06584450622897733,0.0,0.019102925988569032,0.019102925988569032,0.022049495688807232,0.022049495688807232,0.0,0,0,0,0,-1,46.07889998198541,46.07889998198541,0.0,"(1, 2, 3, 4, 5, 6, 7, 8)","(1, 2, 3, 4, 5, 6, 7, 8)",0,32,32,0
12,679,junk,9,0.033607776062195685,False,False,0.06037904994039746,0.06037904994039746,0.0,0.026771273878201773,0.026771273878201773,0.02680558499573957,0.02680558499573957,0.0,0,0,0,0,-1,48.45953925438402,48.45953925438402,0.0,"(0, 1, 2, 3, 5, 6, 7, 8)","(0, 1, 2, 3, 5, 6, 7, 8)",0,34,34,0
12,699,useful,5,0.5709651091861419,False,False,0.5822903670172253,0.5822903670172253,0.6269043441712067,0.011325257831083402,0.011325257831083402,0.031296570290766004,0.031296570290766004,0.0,0,0,0,0,-1,46.16059050597191,46.16059050597191,0.0,"(1, 2, 3, 5, 6, 7, 8, 10)","(1, 2, 3, 5, 6, 7, 8, 10)",0,38,38,0
12,719,junk,13,0.04406979646720184,False,False,0.056464602514069526,0.056464602514069526,0.07007961561081025,0.012394806046867685,0.012394806046867685,0.06700391096670542,0.06700391096670542,0.0,1,1,0,0,-1,34.12781298863537,34.12781298863537,0.0,"(1, 2, 3, 5, 6, 7, 8, 13)","(1, 2, 3, 5, 6, 7, 8, 13)",0,42,42,0
12,739,transient,10096,0.0,False,False,0.0,0.0,0.07006073271075508,0.0,0.0,0.06368682192665111,0.06368682192665111,0.0,0,0,0,0,-1,29.10410653004566,29.10410653004566,0.0,"(1, 2, 3, 5, 6, 7, 8, 13)","(1, 2, 3, 5, 6, 7, 8, 13)",0,42,42,0
12,759,useful,5,0.8909840812250978,False,False,0.9195798839156444,0.9195798839156444,0.6731615786846376,0.028595802690546623,0.028595802690546623,0.03176064280042516,0.03176064280042516,0.0,0,0,0,0,-1,32.84734829880035,32.84734829880035,0.0,"(0, 1, 2, 3, 5, 6, 7, 8)","(0, 1, 2, 3, 5, 6, 7, 8)",0,43,43,0
12,779,useful,2,1.4910011629693618,True,True,0.29285981592707955,1.8863870236185012,1.8863870236185012,1.1981413470422821,0.3953858606491394,0.0799007794421226,0.04973742849633671,0.09571986031596495,0,0,0,8,802,24.819477966550163,24.860463666165835,0.04098569961567122,"(1, 3, 4, 5, 6, 7, 8, 9)","(1, 2, 3, 5, 6, 7, 8, 9)",1,48,47,-1
12,799,useful,3,0.6464277446955905,False,False,0.6563977592491772,0.6563977592491772,0.6158274684538851,0.009970014553586704,0.009970014553586704,0.029094263641509813,0.029094263641509813,0.0,0,0,0,0,-1,22.322627995240204,22.322627995240204,0.0,"(0, 1, 3, 5, 6, 7, 8, 9)","(0, 1, 3, 5, 6, 7, 8, 9)",0,48,48,0
12,819,transient,10107,0.0,False,False,0.08073292909968947,0.08073292909968947,0.0,0.08073292909968947,0.08073292909968947,0.054618803344099714,0.054618803344099714,0.0,0,0,0,0,-1,38.62063108232779,38.62063108232779,0.0,"(1, 2, 3, 4, 5, 6, 7, 8)","(1, 2, 3, 4, 5, 6, 7, 8)",0,48,48,0
12,839,useful,1,0.9112217670429645,False,False,0.9044148496149842,0.9044148496149842,1.1192431647674237,0.006806917427980341,0.006806917427980341,0.030829067628053253,0.030829067628053253,0.0,0,0,0,0,-1,47.07863647022548,47.07863647022548,0.0,"(1, 2, 3, 5, 6, 7, 8, 9)","(1, 2, 3, 5, 6, 7, 8, 9)",0,50,50,0
12,859,useful,4,1.1731830299053576,False,False,1.19723637343994,1.19723637343994,0.8464390486663552,0.02405334353458244,0.02405334353458244,0.03420251558399372,0.03420251558399372,0.0,1,1,0,0,-1,39.895326782802634,39.895326782802634,0.0,"(1, 2, 3, 4, 5, 6, 7, 8)","(1, 2, 3, 4, 5, 6, 7, 8)",0,50,50,0
12,879,useful,0,0.8754912008513446,False,False,0.8481618972451548,0.8481618972451548,0.7582276332730018,0.027329303606189792,0.027329303606189792,0.032282334855783607,0.032282334855783607,0.0,0,0,0,0,-1,29.82735127408713,29.82735127408713,0.0,"(1, 2, 3, 4, 5, 6, 7, 8)","(1, 2, 3, 4, 5, 6, 7, 8)",0,50,50,0
12,899,useful,1,0.960860991989291,False,False,0.9068304342058072,0.9068304342058072,1.3084880203127018,0.05403055778348376,0.05403055778348376,0.022882485626980333,0.022882485626980333,0.0,0,0,0,0,-1,23.10268858108564,23.10268858108564,0.0,"(1, 2, 3, 4, 5, 6, 7, 8)","(1, 2, 3, 4, 5, 6, 7, 8)",0,52,52,0
12,919,useful,4,0.6301840368713734,False,False,0.5760202795534201,0.5760202795534201,0.9508550471546642,0.05416375731795331,0.05416375731795331,0.033693063340660794,0.033693063340660794,0.0,0,0,0,0,-1,38.08238662983555,38.08238662983555,0.0,"(0, 1, 2, 3, 5, 6, 7, 8)","(0, 1, 2, 3, 5, 6, 7, 8)",0,53,53,0
12,939,useful,3,1.3167719318731708,False,False,1.324504046335492,1.324504046335492,1.401560658155022,0.007732114462321249,0.007732114462321249,0.024769734058920485,0.024769734058920485,0.0,0,0,0,0,-1,37.3913942647505,37.3913942647505,0.0,"(1, 2, 3, 4, 5, 6, 7, 8)","(1, 2, 3, 4, 5, 6, 7, 8)",0,54,54,0
12,959,critical,7,5.691813177716879,False,False,5.712348024321933,5.712348024321933,5.638270097445332,0.020534846605054113,0.020534846605054113,0.05153769410155185,0.05153769410155185,0.0,0,0,0,0,-1,33.68572967503272,33.68572967503272,0.0,"(1, 2, 3, 4, 5, 6, 7, 8)","(1, 2, 3, 4, 5, 6, 7, 8)",0,54,54,0
12,979,useful,4,1.1298735636289954,False,False,1.1846338995711687,1.1846338995711687,1.547979679365526,0.05476033594217333,0.05476033594217333,0.02564232697079185,0.02564232697079185,0.0,0,0,0,0,-1,38.84727702215123,38.84727702215123,0.0,"(0, 1, 2, 3, 5, 6, 7, 8)","(0, 1, 2, 3, 5, 6, 7, 8)",0,55,55,0
12,999,junk,12,0.04426302548561985,True,True,2.423271395874114,0.0,0.0,2.3790083703884943,0.04426302548561985,0.09199394653766535,0.043212896340743844,0.11566064078890785,1,1,0,1,1011,56.19995057546248,56.19995057546248,0.0,"(0, 1, 2, 3, 5, 6, 7, 8)","(0, 1, 2, 3, 5, 6, 7, 8)",0,58,57,-1
12,1019,junk,13,0.05092734475062316,False,False,0.06751461807830908,0.06751461807830908,0.0,0.01658727332768592,0.01658727332768592,0.042106248800758056,0.042106248800758056,0.0,1,1,0,0,-1,58.84603594703018,58.84603594703018,0.0,"(0, 1, 2, 3, 5, 6, 7, 8)","(0, 1, 2, 3, 5, 6, 7, 8)",0,58,58,0
12,1039,useful,3,1.073762968382529,False,False,1.0606835087730604,1.0606835087730604,1.0843383583468214,0.013079459609468547,0.013079459609468547,0.03833475269120024,0.03833475269120024,0.0,0,0,0,0,-1,45.793764081102765,45.793764081102765,0.0,"(0, 1, 2, 3, 5, 6, 7, 8)","(0, 1, 2, 3, 5, 6, 7, 8)",0,60,60,0
12,1059,useful,5,1.1527641657238776,False,False,1.0837201168007562,1.0837201168007562,0.9714960555565104,0.06904404892312144,0.06904404892312144,0.015065154750751947,0.015065154750751947,0.0,0,0,0,0,-1,41.39297292682469,41.39297292682469,0.0,"(0, 1, 2, 3, 5, 6, 7, 8)","(0, 1, 2, 3, 5, 6, 7, 8)",0,60,60,0
12,1079,useful,3,0.6348160721905118,True,False,0.14547628338309548,0.14547628338309548,0.7602379686017291,0.48933978880741635,0.48933978880741635,0.0664683899119061,0.0664683899119061,0.0,0,0,0,0,-1,39.64242871810343,39.64242871810343,0.0,"(1, 2, 3, 4, 5, 6, 7, 8)","(1, 2, 3, 4, 5, 6, 7, 8)",0,61,61,0
12,1099,junk,9,0.060988246123966965,False,False,0.1250164228176673,0.1250164228176673,0.08019918759681235,0.06402817669370034,0.06402817669370034,0.04685308729089026,0.04685308729089026,0.0,1,1,0,0,-1,37.6560212439014,37.6560212439014,0.0,"(0, 1, 2, 3, 4, 6, 7, 8)","(0, 1, 2, 3, 4, 6, 7, 8)",0,63,63,0
12,1119,junk,10,0.05668680773518377,False,False,0.13759754743074787,0.13759754743074787,0.33174014149620806,0.0809107396955641,0.0809107396955641,0.03764063872010484,0.03764063872010484,0.0,1,1,0,0,-1,17.62832152241519,17.62832152241519,0.0,"(1, 2, 3, 4, 5, 6, 7, 8)","(1, 2, 3, 4, 5, 6, 7, 8)",0,65,65,0
12,1139,junk,9,0.043475998608793275,False,False,0.038125955483975245,0.038125955483975245,0.012540691347669025,0.00535004312481803,0.00535004312481803,0.03645840210565227,0.03645840210565227,0.0,0,0,0,0,-1,36.475837308890824,36.475837308890824,0.0,"(1, 2, 3, 4, 5, 6, 7, 8)","(1, 2, 3, 4, 5, 6, 7, 8)",0,65,65,0
12,1159,junk,11,0.06665198840219629,False,False,0.021366922573431243,0.021366922573431243,0.0,0.04528506582876504,0.04528506582876504,0.03537116598906167,0.03537116598906167,0.0,0,0,0,0,-1,43.745350861883786,43.745350861883786,0.0,"(0, 1, 2, 3, 5, 6, 7, 8)","(0, 1, 2, 3, 5, 6, 7, 8)",0,66,66,0
12,1179,junk,13,0.04812491715664803,True,True,2.590231113353978,0.18053565716329162,0.18053565716329162,2.54210619619733,0.1324107400066436,0.08809559581528215,0.033538510289396375,0.10466056247469152,1,0,1,5,1187,36.307823979683135,36.0129173904257,-0.29490658925743674,"(1, 2, 3, 4, 5, 6, 7, 8)","(1, 2, 3, 4, 5, 6, 7, 8)",0,68,67,-1
12,1199,junk,11,0.0463721255098889,False,False,0.043340803112542896,0.043340803112542896,0.11607246917328318,0.0030313223973460063,0.0030313223973460063,0.02965128609108429,0.02965128609108429,0.0,0,0,0,0,-1,34.14458342801666,34.14458342801666,0.0,"(1, 2, 3, 4, 5, 6, 7, 8)","(1, 2, 3, 4, 5, 6, 7, 8)",0,67,67,0
12,1219,junk,9,0.05567674478242671,False,False,0.07642344435375449,0.07642344435375449,0.20977744264371218,0.020746699571327784,0.020746699571327784,0.027513327520230883,0.027513327520230883,0.0,0,0,0,0,-1,29.141455606547048,29.141455606547048,0.0,"(1, 2, 3, 4, 5, 6, 7, 8)","(1, 2, 3, 4, 5, 6, 7, 8)",0,67,67,0
12,1239,useful,2,0.6510987346188802,False,False,0.6288011379110909,0.6288011379110909,0.7229356341196778,0.022297596707789302,0.022297596707789302,0.05548997758110698,0.05548997758110698,0.0,0,0,0,0,-1,33.35285209367191,33.35285209367191,0.0,"(0, 1, 2, 3, 5, 6, 7, 8)","(0, 1, 2, 3, 5, 6, 7, 8)",0,70,70,0
12,1259,junk,12,0.052520295414942124,False,False,0.06607672734314908,0.06607672734314908,0.07786396922101581,0.013556431928206956,0.013556431928206956,0.029772734841244784,0.029772734841244784,0.0,0,0,0,0,-1,36.70163918704604,36.70163918704604,0.0,"(0, 1, 2, 3, 5, 6, 7, 8)","(0, 1, 2, 3, 5, 6, 7, 8)",0,70,70,0
12,1279,critical,8,4.098401360718061,False,False,4.067954617435753,4.067954617435753,4.037321046946584,0.03044674328230812,0.03044674328230812,0.037246741414784595,0.037246741414784595,0.0,0,0,0,0,-1,36.79576583897255,36.79576583897255,0.0,"(1, 2, 3, 4, 5, 6, 7, 8)","(1, 2, 3, 4, 5, 6, 7, 8)",0,71,71,0
12,1299,junk,12,0.04543175794940735,False,False,0.09222849724402057,0.09222849724402057,0.0,0.04679673929461323,0.04679673929461323,0.023943144613357777,0.023943144613357777,0.0,0,0,0,0,-1,36.51870498844292,36.51870498844292,0.0,"(1, 2, 3, 4, 5, 6, 7, 8)","(1, 2, 3, 4, 5, 6, 7, 8)",0,71,71,0
12,1319,useful,5,1.7635878039804456,False,False,1.7165635249761197,1.7165635249761197,1.9018809088160828,0.04702427900432582,0.04702427900432582,0.022941951945406772,0.022941951945406772,0.0,0,0,0,0,-1,52.53270864352245,52.53270864352245,0.0,"(0, 1, 2, 3, 5, 6, 7, 8)","(0, 1, 2, 3, 5, 6, 7, 8)",0,72,72,0
12,1339,junk,10,0.04562043983180967,False,False,0.03369839013588935,0.03369839013588935,0.3967358128031692,0.011922049695920318,0.011922049695920318,0.02443933606882748,0.02443933606882748,0.0,0,0,0,0,-1,43.61123924271092,43.61123924271092,0.0,"(0, 1, 2, 3, 5, 6, 7, 8)","(0, 1, 2, 3, 5, 6, 7, 8)",0,72,72,0
12,1359,junk,13,0.057294997262642894,False,False,0.0836250181654489,0.0836250181654489,0.0,0.026330020902806006,0.026330020902806006,0.022875984650545314,0.022875984650545314,0.0,0,0,0,0,-1,31.564744635404118,31.564744635404118,0.0,"(1, 2, 3, 4, 5, 6, 7, 8)","(1, 2, 3, 4, 5, 6, 7, 8)",0,73,73,0
12,1379,transient,10179,0.0,True,True,2.5693712381790057,0.0,0.0,2.5693712381790057,0.0,0.09341746849871764,0.027293752902748516,0.10424690699157982,0,0,0,1,1385,11.582993077151215,11.582993077151215,0.0,"(1, 2, 3, 4, 5, 6, 7, 8)","(1, 2, 3, 4, 5, 6, 7, 8)",0,73,73,0
12,1399,useful,0,1.14371328574278,True,True,0.3548721154807665,1.1855646230168664,1.1855646230168664,0.7888411702620135,0.0418513372740863,0.09651229478651277,0.03175596685751237,0.07083493037115607,0,0,0,0,-1,0.0,0.0,0.0,"(1, 2, 3, 4, 5, 6, 7, 8)","(1, 2, 3, 4, 5, 6, 7, 8)",0,73,73,0
13,19,critical,7,3.974453644424594,False,False,3.9889851478256855,3.9889851478256855,3.7689283124335935,0.014531503401091328,0.014531503401091328,0.052882820119573605,0.052882820119573605,0.0,1,1,0,0,-1,18.336055106560806,18.336055106560806,0.0,"(0, 1, 2, 3, 4, 7, 8)","(0, 1, 2, 3, 4, 7, 8)",0,7,7,0
13,39,useful,3,1.0955981795591172,False,False,1.0964700988674487,1.0964700988674487,1.0167684223749127,0.0008719193083315258,0.0008719193083315258,0.040211995898744156,0.040211995898744156,0.0,1,1,0,0,-1,20.939884271175632,20.939884271175632,0.0,"(0, 1, 2, 3, 4, 5, 7, 8)","(0, 1, 2, 3, 4, 5, 7, 8)",0,8,8,0
13,59,transient,10010,0.0,True,True,2.61429064915496,0.2416880337316257,0.2416880337316257,2.61429064915496,0.2416880337316257,0.0651884870040692,0.057825210193602074,0.11875882200519838,0,0,0,22,60,39.20992853556953,48.296776893931806,9.086848358362275,"(3, 4, 6, 7, 8, 9, 10, 11)","(0, 1, 3, 4, 5, 6, 7, 8)",1,19,9,-10
13,79,useful,4,0.7492395670113199,False,False,0.7085821060338232,0.7085821060338232,1.0179395061445105,0.04065746097749667,0.04065746097749667,0.03864394055342633,0.03864394055342633,0.0,0,0,0,0,-1,50.69182490626193,50.69182490626193,0.0,"(0, 1, 3, 4, 5, 6, 7, 8)","(0, 1, 3, 4, 5, 6, 7, 8)",0,9,9,0
13,99,junk,12,0.04759163305411636,False,False,0.08297914426048868,0.08297914426048868,0.0,0.03538751120637232,0.03538751120637232,0.05925568095082077,0.05925568095082077,0.0,1,1,0,0,-1,49.84427784577627,49.84427784577627,0.0,"(0, 1, 2, 3, 4, 6, 7, 8)","(0, 1, 2, 3, 4, 6, 7, 8)",0,12,12,0
13,119,useful,3,0.5263322325332827,False,False,0.5285818889240298,0.5285818889240298,0.48747481065794174,0.0022496563907471456,0.0022496563907471456,0.04682172787744582,0.04682172787744582,0.0,0,0,0,0,-1,39.820559254015066,39.820559254015066,0.0,"(0, 1, 2, 3, 4, 6, 7, 8)","(0, 1, 2, 3, 4, 6, 7, 8)",0,12,12,0
13,139,useful,0,1.2845225758564482,False,False,1.3071016802239455,1.3071016802239455,1.3462293880065523,0.022579104367497216,0.022579104367497216,0.030396716627898602,0.030396716627898602,0.0,0,0,0,0,-1,51.91285350174998,51.91285350174998,0.0,"(0, 1, 2, 4, 5, 6, 7, 8)","(0, 1, 2, 4, 5, 6, 7, 8)",0,13,13,0
13,159,useful,2,1.0433408129820372,True,True,0.28304488273041073,1.3551281828272035,1.3551281828272035,0.7602959302516265,0.3117873698451663,0.035762320794880904,0.020191194227087518,0.050325681984526256,0,0,0,0,-1,37.48638055527564,37.48638055527564,0.0,"(0, 1, 2, 4, 5, 6, 7, 8)","(0, 1, 2, 4, 5, 6, 7, 8)",0,13,13,0
13,179,useful,1,1.2404009668003124,False,False,1.1618327408912092,1.1618327408912092,1.2809215802847715,0.07856822590910317,0.07856822590910317,0.03659213436484578,0.03659213436484578,0.0,0,0,0,0,-1,15.390895294657097,15.390895294657097,0.0,"(0, 1, 2, 3, 4, 6, 7, 8)","(0, 1, 2, 3, 4, 6, 7, 8)",0,14,14,0
13,199,junk,11,0.04871923240256795,False,False,0.03298742554288417,0.03298742554288417,0.0,0.015731806859683783,0.015731806859683783,0.04255787938322416,0.04255787938322416,0.0,1,1,0,0,-1,23.516130121944293,23.516130121944293,0.0,"(0, 1, 2, 3, 4, 6, 7, 8)","(0, 1, 2, 3, 4, 6, 7, 8)",0,16,16,0
13,219,transient,10029,0.0,True,True,2.314442727778988,0.0,0.0,2.314442727778988,0.0,0.08152010441806955,0.031244215124441466,0.10997669692934899,0,0,0,0,-1,43.22792782611325,43.22792782611325,0.0,"(0, 1, 3, 4, 5, 6, 7, 8)","(0, 1, 3, 4, 5, 6, 7, 8)",0,17,17,0
13,239,junk,10,0.03963436574581683,False,False,0.0,0.0,0.0,0.03963436574581683,0.03963436574581683,0.03308784292281576,0.03308784292281576,0.0,0,0,0,0,-1,55.95622794614442,55.95622794614442,0.0,"(0, 1, 3, 4, 5, 6, 7, 8)","(0, 1, 3, 4, 5, 6, 7, 8)",0,17,17,0
13,259,transient,10034,0.0,False,False,0.04737137692667431,0.04737137692667431,0.0,0.04737137692667431,0.04737137692667431,0.03696191879845385,0.03696191879845385,0.0,0,0,0,0,-1,54.36079388329617,54.36079388329617,0.0,"(0, 1, 2, 4, 5, 6, 7, 8)","(0, 1, 2, 4, 5, 6, 7, 8)",0,18,18,0
13,279,useful,4,1.1377428523438264,False,False,1.1312314673095685,1.1312314673095685,1.2288977821782565,0.006511385034257966,0.006511385034257966,0.03510508532472849,0.03510508532472849,0.0,0,0,0,0,-1,47.14670652746465,47.14670652746465,0.0,"(0, 1, 2, 4, 5, 6, 7, 8)","(0, 1, 2, 4, 5, 6, 7, 8)",0,18,18,0
13,299,useful,3,0.6760363927284436,False,False,0.7214336358219139,0.7214336358219139,0.6930902163247564,0.04539724309347026,0.04539724309347026,0.020413472263955106,0.020413472263955106,0.0,0,0,0,0,-1,54.95116171651556,54.95116171651556,0.0,"(0, 2, 3, 4, 5, 6, 7, 8)","(0, 2, 3, 4, 5, 6, 7, 8)",0,19,19,0
13,319,transient,10038,0.0,False,False,0.0,0.0,0.0,0.0,0.0,0.0350281207503408,0.0350281207503408,0.0,0,0,0,0,-1,47.28710773622811,47.28710773622811,0.0,"(0, 2, 3, 4, 5, 6, 7, 8)","(0, 2, 3, 4, 5, 6, 7, 8)",0,19,19,0
13,339,junk,12,0.03745321108619196,False,False,0.05907365340464343,0.05907365340464343,0.0,0.021620442318451463,0.021620442318451463,0.028065734214668136,0.028065734214668136,0.0,0,0,0,0,-1,30.901559406928772,30.901559406928772,0.0,"(0, 2, 3, 4, 5, 6, 7, 8)","(0, 2, 3, 4, 5, 6, 7, 8)",0,19,19,0
13,359,junk,10,0.04010810620145823,False,False,0.07741226271190996,0.07741226271190996,0.22398466791800226,0.03730415651045173,0.03730415651045173,0.040781968771202125,0.040781968771202125,0.0,0,0,0,0,-1,34.36178857007962,34.36178857007962,0.0,"(0, 1, 2, 4, 5, 6, 7, 8)","(0, 1, 2, 4, 5, 6, 7, 8)",0,20,20,0
13,379,useful,3,0.9864936184515588,False,False,1.0137152046664115,1.0137152046664115,0.9192631207615963,0.02722158621485271,0.02722158621485271,0.018874861444683998,0.018874861444683998,0.0,0,0,0,0,-1,35.23259391790702,35.23259391790702,0.0,"(0, 2, 3, 4, 5, 6, 7, 8)","(0, 2, 3, 4, 5, 6, 7, 8)",0,21,21,0
13,399,useful,5,1.101491926985851,False,False,1.0698048611861848,1.0698048611861848,1.4962591376651864,0.03168706579966618,0.03168706579966618,0.020120371529170504,0.020120371529170504,0.0,0,0,0,0,-1,31.677689076916224,31.677689076916224,0.0,"(0, 1, 2, 4, 5, 6, 7, 8)","(0, 1, 2, 4, 5, 6, 7, 8)",0,22,22,0
13,419,transient,10048,0.0,True,True,2.6931031973486093,0.0,0.0,2.6931031973486093,0.0,0.09836115176699196,0.029340205747439892,0.12100565958586589,0,0,0,1,445,47.33783391915679,47.33783391915679,0.0,"(0, 2, 3, 4, 5, 6, 7, 8)","(0, 2, 3, 4, 5, 6, 7, 8)",0,23,23,0
13,439,transient,10050,0.0,False,False,0.0,0.0,0.0,0.0,0.0,0.02690898620788433,0.02690898620788433,0.0,0,0,0,0,-1,35.87580156182629,35.87580156182629,0.0,"(0, 1, 2, 4, 5, 6, 7, 8)","(0, 1, 2, 4, 5, 6, 7, 8)",0,24,24,0
13,459,transient,10053,0.0,True,True,2.760020868834619,0.0,0.0,2.760020868834619,0.0,0.10466432308699891,0.022303041937760514,0.12190432908073351,0,0,0,4,490,26.84662544652218,26.84662544652218,0.0,"(0, 2, 3, 4, 5, 6, 7, 8)","(0, 2, 3, 4, 5, 6, 7, 8)",0,25,25,0
13,479,junk,9,0.05134723889667806,False,False,0.09217056715325682,0.09217056715325682,0.0900352961513971,0.04082332825657876,0.04082332825657876,0.026869201075488555,0.026869201075488555,0.0,0,0,0,0,-1,36.70000157689782,36.70000157689782,0.0,"(0, 2, 3, 4, 5, 6, 7, 8)","(0, 2, 3, 4, 5, 6, 7, 8)",0,27,27,0
13,499,transient,10058,0.0,False,False,0.006745629047288905,0.006745629047288905,0.025038627736223753,0.006745629047288905,0.006745629047288905,0.03202308896262035,0.03202308896262035,0.0,0,0,0,0,-1,40.23974757748323,40.23974757748323,0.0,"(0, 1, 2, 4, 5, 6, 7, 8)","(0, 1, 2, 4, 5, 6, 7, 8)",0,28,28,0
13,519,critical,6,4.617723797460469,True,True,0.44784204420585116,4.300704935176506,4.300704935176506,4.169881753254618,0.31701886228396337,0.1196985737048635,0.020065808808028808,0.11621628221000314,0,0,0,9,527,45.347480233450504,45.1721226572867,-0.17535757616380465,"(0, 1, 2, 4, 5, 6, 7, 8)","(0, 2, 3, 4, 5, 6, 7, 8)",1,28,29,1
13,539,junk,12,0.06331641926414003,False,False,0.05205668437467939,0.05205668437467939,0.0648737380144302,0.011259734889460637,0.011259734889460637,0.02517864139808115,0.02517864139808115,0.0,0,0,0,0,-1,37.8313993562889,37.8313993562889,0.0,"(0, 1, 2, 4, 5, 6, 7, 8)","(0, 1, 2, 4, 5, 6, 7, 8)",0,30,30,0
13,559,junk,10,0.06259593242995393,False,False,0.0,0.0,0.0,0.06259593242995393,0.06259593242995393,0.013781078401605237,0.013781078401605237,0.0,0,0,0,0,-1,38.83883676895598,38.83883676895598,0.0,"(0, 2, 3, 4, 5, 6, 7, 8)","(0, 2, 3, 4, 5, 6, 7, 8)",0,31,31,0
13,579,junk,11,0.057237075986483754,False,False,0.01355099586669753,0.01355099586669753,0.2807223387554749,0.043686080119786225,0.043686080119786225,0.03589943295850553,0.03589943295850553,0.0,0,0,0,0,-1,24.60234395961103,24.60234395961103,0.0,"(1, 2, 3, 4, 5, 6, 7, 8)","(1, 2, 3, 4, 5, 6, 7, 8)",0,32,32,0
13,599,transient,10070,0.0,False,False,0.08246840971591515,0.08246840971591515,0.04787019255727026,0.08246840971591515,0.08246840971591515,0.02285566253553305,0.02285566253553305,0.0,0,0,0,0,-1,25.48795917806609,25.48795917806609,0.0,"(1, 2, 3, 4, 5, 6, 7, 8)","(1, 2, 3, 4, 5, 6, 7, 8)",0,34,34,0
13,619,junk,13,0.053753868091938745,False,False,0.039992193263172444,0.039992193263172444,0.0,0.0137616748287663,0.0137616748287663,0.0192455795116334,0.0192455795116334,0.0,0,0,0,0,-1,24.68975183847898,24.68975183847898,0.0,"(0, 2, 3, 4, 5, 6, 7, 8)","(0, 2, 3, 4, 5, 6, 7, 8)",0,35,35,0
13,639,useful,1,1.1748184617237365,False,False,1.234289241703402,1.234289241703402,1.3550627539606483,0.059470779979665434,0.059470779979665434,0.03140073770273781,0.03140073770273781,0.0,0,0,0,0,-1,22.08290226594153,22.08290226594153,0.0,"(0, 2, 3, 4, 5, 6, 7, 8)","(0, 2, 3, 4, 5, 6, 7, 8)",0,35,35,0
13,659,critical,8,2.7385200010655106,False,False,2.8568114135501643,2.8568114135501643,2.1236106907125825,0.11829141248465369,0.11829141248465369,0.009917090932601428,0.009917090932601428,0.0,0,0,0,0,-1,26.66378194734431,26.66378194734431,0.0,"(2, 4, 5, 6, 7, 8, 10, 13)","(2, 4, 5, 6, 7, 8, 10, 13)",0,39,39,0
13,679,junk,10,0.04432014970516149,True,True,2.4505263474805954,0.0,0.0,2.406206197775434,0.04432014970516149,0.12018762333109817,0.026054388208474673,0.14309345543358915,0,0,0,8,700,30.16960731244104,28.93477456882864,-1.234832743612401,"(0, 2, 4, 5, 6, 7, 8, 10)","(2, 3, 4, 5, 6, 7, 8, 10)",1,42,40,-2
13,699,useful,2,1.3340386734039322,False,False,1.4315539443354393,1.4315539443354393,1.5269764123704763,0.09751527093150703,0.09751527093150703,0.013973766921771543,0.013973766921771543,0.0,0,0,0,0,-1,22.112073955234212,22.112073955234212,0.0,"(2, 4, 5, 6, 7, 8, 9, 10)","(2, 4, 5, 6, 7, 8, 9, 10)",0,44,44,0
13,719,junk,13,0.05071147360085646,True,True,2.566377512745392,0.2900514889386282,0.2900514889386282,2.5156660391445356,0.23934001533777174,0.10438283887304518,0.0724405041784765,0.08480096200080275,0,0,0,15,733,19.837269522308162,21.007618909511287,1.1703493872031245,"(1, 2, 5, 6, 7, 8, 9, 13)","(2, 4, 5, 6, 7, 8, 9, 10)",1,49,45,-4
13,739,useful,1,0.6745996360850585,False,False,0.7188123339957946,0.7188123339957946,0.5499343817780573,0.04421269791073612,0.04421269791073612,0.03869082634710824,0.03869082634710824,0.0,1,1,0,0,-1,19.89663859366735,19.89663859366735,0.0,"(2, 4, 5, 6, 7, 8, 10, 13)","(2, 4, 5, 6, 7, 8, 10, 13)",0,50,50,0
13,759,transient,10094,0.0,False,False,0.0,0.0,0.09499283070015303,0.0,0.0,0.06640972477361343,0.06640972477361343,0.0,0,0,0,0,-1,25.901162306052093,25.901162306052093,0.0,"(1, 2, 4, 5, 6, 7, 8, 10)","(1, 2, 4, 5, 6, 7, 8, 10)",0,51,51,0
13,779,junk,13,0.04965864365292788,True,True,2.000850173136918,0.0,0.0,1.95119152948399,0.04965864365292788,0.08509497089191113,0.057497013002679107,0.08467164818358289,0,0,0,10,782,29.56970989845276,31.963090547338894,2.393380648886133,"(1, 2, 4, 5, 6, 7, 8, 10)","(1, 2, 4, 5, 6, 7, 8, 10)",0,55,50,-5
13,799,useful,1,1.0710796391111712,True,True,0.22516208532517035,1.136466997395555,1.136466997395555,0.8459175537860009,0.0653873582843838,0.08293706256721628,0.03556959016752045,0.07370828346245338,1,1,0,5,822,46.94531928211541,49.68212859936703,2.7368093172516197,"(2, 4, 5, 6, 7, 8, 10, 11)","(1, 2, 4, 5, 6, 7, 8, 10)",1,53,50,-3
13,819,useful,1,1.1293508268807984,False,False,1.0848414050206177,1.0848414050206177,1.471973784725304,0.0445094218601807,0.0445094218601807,0.03059313397706138,0.03059313397706138,0.0,0,0,0,0,-1,41.13279310482913,41.13279310482913,0.0,"(1, 2, 4, 5, 6, 7, 8, 10)","(1, 2, 4, 5, 6, 7, 8, 10)",0,50,50,0
13,839,junk,9,0.043013833308629755,True,True,2.813224454740226,0.30498049611579886,0.30498049611579886,2.770210621431596,0.2619666628071691,0.10536233630465805,0.048745190100368645,0.11717053964646375,1,1,0,6,846,31.42694086064289,31.2506700240578,-0.1762708365850898,"(1, 2, 4, 5, 6, 7, 8, 13)","(1, 2, 3, 4, 5, 6, 7, 8)",1,55,52,-3
13,859,junk,13,0.0503194912300185,True,True,2.4541958813806146,0.0814601613063036,0.0814601613063036,2.403876390150596,0.0311406700762851,0.09369958850305277,0.04757168046826524,0.11008623336952689,1,1,0,4,897,27.564825487938958,27.36006330431724,-0.2047621836217175,"(1, 2, 3, 4, 5, 6, 7, 8)","(1, 2, 3, 4, 5, 6, 7, 8)",0,56,55,-1
13,879,useful,1,0.8996359430968552,False,False,0.9257089108258143,0.9257089108258143,1.1789629994657342,0.026072967728959062,0.026072967728959062,0.029404484430590603,0.029404484430590603,0.0,0,0,0,0,-1,29.964406732302006,29.964406732302006,0.0,"(1, 2, 3, 4, 5, 6, 7, 8)","(1, 2, 3, 4, 5, 6, 7, 8)",0,55,55,0
13,899,useful,3,1.2782036965396473,False,False,1.2180448879514498,1.2180448879514498,1.3183104239453618,0.06015880858819744,0.06015880858819744,0.021702454344556366,0.021702454344556366,0.0,0,0,0,0,-1,34.9856077759427,34.9856077759427,0.0,"(1, 2, 3, 4, 5, 6, 7, 8)","(1, 2, 3, 4, 5, 6, 7, 8)",0,57,57,0
13,919,useful,4,0.9134690215448106,False,False,1.0258323040137647,1.0258323040137647,0.9966552779294144,0.1123632824689541,0.1123632824689541,0.022481575114566752,0.022481575114566752,0.0,0,0,0,0,-1,34.154429235122784,34.154429235122784,0.0,"(1, 2, 3, 4, 5, 6, 7, 8)","(1, 2, 3, 4, 5, 6, 7, 8)",0,59,59,0
13,939,critical,6,3.0214784935010797,False,False,2.9753391582249,2.9753391582249,3.0955552363911965,0.04613933527617986,0.04613933527617986,0.0371843702037522,0.0371843702037522,0.0,0,0,0,0,-1,34.387698265304785,34.387698265304785,0.0,"(1, 2, 3, 4, 5, 6, 7, 8)","(1, 2, 3, 4, 5, 6, 7, 8)",0,59,59,0
13,959,useful,1,0.6104100674211304,False,False,0.6390713104463072,0.6390713104463072,0.6894531418747036,0.028661243025176808,0.028661243025176808,0.029990103400441306,0.029990103400441306,0.0,0,0,0,0,-1,30.94593282258737,30.94593282258737,0.0,"(0, 2, 3, 4, 5, 6, 7, 8)","(0, 2, 3, 4, 5, 6, 7, 8)",0,60,60,0
13,979,useful,4,1.0750184475922118,False,False,1.0700949280226004,1.0700949280226004,0.8506723887874317,0.004923519569611345,0.004923519569611345,0.026350577917017125,0.026350577917017125,0.0,0,0,0,0,-1,36.301517539098825,36.301517539098825,0.0,"(0, 2, 3, 4, 5, 6, 7, 8)","(0, 2, 3, 4, 5, 6, 7, 8)",0,60,60,0
13,999,junk,11,0.06765096996209646,True,True,2.663898642320782,0.0,0.0,2.5962476723586856,0.06765096996209646,0.09851376799699378,0.04376140902452149,0.12990996327579726,1,0,1,4,1008,48.266721101807065,50.60395207237138,2.3372309705643133,"(0, 2, 3, 4, 5, 6, 7, 8)","(0, 2, 3, 4, 5, 6, 7, 8)",0,62,60,-2
13,1019,junk,9,0.04584257168129876,False,False,0.0594883833851041,0.0594883833851041,0.0,0.013645811703805341,0.013645811703805341,0.04026902387933337,0.04026902387933337,0.0,1,1,0,0,-1,38.90586577879402,38.90586577879402,0.0,"(0, 1, 2, 4, 5, 6, 7, 8)","(0, 1, 2, 4, 5, 6, 7, 8)",0,63,63,0
13,1039,junk,12,0.04935306948926553,False,False,0.030480699608266073,0.030480699608266073,0.23294103415716155,0.018872369880999457,0.018872369880999457,0.03790230782185096,0.03790230782185096,0.0,1,1,0,0,-1,34.76721295859291,34.76721295859291,0.0,"(0, 1, 2, 4, 5, 6, 7, 8)","(0, 1, 2, 4, 5, 6, 7, 8)",0,66,66,0
13,1059,junk,13,0.054387330690741975,False,False,0.1436456684100908,0.1436456684100908,0.28458377603491436,0.08925833771934882,0.08925833771934882,0.029342103346137512,0.029342103346137512,0.0,0,0,0,0,-1,25.70756421905712,25.70756421905712,0.0,"(0, 2, 3, 4, 5, 6, 7, 8)","(0, 2, 3, 4, 5, 6, 7, 8)",0,67,67,0
13,1079,useful,0,0.7458578772190796,False,False,0.791759505709391,0.791759505709391,0.4536395218791693,0.04590162849031143,0.04590162849031143,0.032196986407829996,0.032196986407829996,0.0,0,0,0,0,-1,24.728470675400715,24.728470675400715,0.0,"(0, 2, 3, 4, 5, 6, 7, 8)","(0, 2, 3, 4, 5, 6, 7, 8)",0,69,69,0
13,1099,junk,12,0.05259543817060659,False,False,0.07801736961824808,0.07801736961824808,0.0,0.025421931447641488,0.025421931447641488,0.032935999200874914,0.032935999200874914,0.0,0,0,0,0,-1,33.09403663689629,33.09403663689629,0.0,"(1, 2, 3, 4, 5, 6, 7, 8)","(1, 2, 3, 4, 5, 6, 7, 8)",0,71,71,0
13,1119,junk,12,0.03666839316049896,False,False,0.13180877103736682,0.13180877103736682,0.0,0.09514037787686785,0.09514037787686785,0.031121603586358747,0.031121603586358747,0.0,0,0,0,0,-1,41.99413836996633,41.99413836996633,0.0,"(1, 2, 3, 4, 5, 6, 7, 8)","(1, 2, 3, 4, 5, 6, 7, 8)",0,71,71,0
13,1139,useful,1,1.1711957486982285,True,False,0.39442828034086286,0.39442828034086286,1.0641935362156514,0.7767674683573657,0.7767674683573657,0.08044423884048524,0.08044423884048524,0.0,1,1,0,0,-1,45.07206277156199,45.07206277156199,0.0,"(0, 1, 2, 3, 5, 6, 7, 8)","(0, 1, 2, 3, 5, 6, 7, 8)",0,73,73,0
13,1159,junk,10,0.04000371018457066,True,True,2.5751110489654736,0.05115876084340798,0.05115876084340798,2.535107338780903,0.011155050658837318,0.08963321114795708,0.03225948248284305,0.09483421126390894,1,0,1,1,1173,41.51193762434379,41.44674641921893,-0.06519120512485443,"(0, 1, 2, 3, 5, 6, 7, 8)","(0, 1, 2, 3, 5, 6, 7, 8)",0,74,73,-1
13,1179,useful,5,1.2054543970311136,False,False,1.3289450613797185,1.3289450613797185,1.185329678081359,0.1234906643486049,0.1234906643486049,0.03411105763053756,0.03411105763053756,0.0,0,0,0,0,-1,47.133311698934264,47.133311698934264,0.0,"(0, 1, 2, 3, 5, 6, 7, 8)","(0, 1, 2, 3, 5, 6, 7, 8)",0,73,73,0
13,1199,junk,11,0.023761763050903162,False,False,0.011270030682554496,0.011270030682554496,0.0,0.012491732368348666,0.012491732368348666,0.02882730434226217,0.02882730434226217,0.0,0,0,0,0,-1,30.120000736424156,30.120000736424156,0.0,"(0, 1, 2, 4, 5, 6, 7, 8)","(0, 1, 2, 4, 5, 6, 7, 8)",0,74,74,0
13,1219,transient,10175,0.0,False,False,0.0,0.0,0.05549196065406053,0.0,0.0,0.03564781143042536,0.03564781143042536,0.0,0,0,0,0,-1,29.163231942869608,29.163231942869608,0.0,"(0, 1, 2, 3, 5, 6, 7, 8)","(0, 1, 2, 3, 5, 6, 7, 8)",0,75,75,0
13,1239,junk,13,0.06733544351274819,False,False,0.04823790473407137,0.04823790473407137,0.0,0.019097538778676815,0.019097538778676815,0.029090174604410917,0.029090174604410917,0.0,0,0,0,0,-1,38.20838575572463,38.20838575572463,0.0,"(1, 2, 3, 4, 5, 6, 7, 8)","(1, 2, 3, 4, 5, 6, 7, 8)",0,76,76,0
13,1259,junk,13,0.044731791560074285,False,False,0.0313144630384021,0.0313144630384021,0.0,0.013417328521672184,0.013417328521672184,0.021238022545519125,0.021238022545519125,0.0,0,0,0,0,-1,58.65894930534044,58.65894930534044,0.0,"(1, 2, 3, 4, 5, 6, 7, 8)","(1, 2, 3, 4, 5, 6, 7, 8)",0,76,76,0
13,1279,critical,8,3.6628697230001177,False,False,3.6419227054892405,3.6419227054892405,3.4037129252281133,0.02094701751087724,0.02094701751087724,0.02587032693323776,0.02587032693323776,0.0,0,0,0,0,-1,51.908159877567144,51.908159877567144,0.0,"(1, 2, 3, 4, 5, 6, 7, 8)","(1, 2, 3, 4, 5, 6, 7, 8)",0,76,76,0
13,1299,useful,4,0.7956463722474678,False,False,0.7605313235544083,0.7605313235544083,0.5789124281650595,0.03511504869305948,0.03511504869305948,0.034723363483660334,0.034723363483660334,0.0,0,0,0,0,-1,44.0141089035488,44.0141089035488,0.0,"(1, 2, 3, 4, 5, 6, 7, 8)","(1, 2, 3, 4, 5, 6, 7, 8)",0,76,76,0
13,1319,junk,11,0.06709896376765855,False,False,0.04962535103242534,0.04962535103242534,0.0,0.017473612735233207,0.017473612735233207,0.02143790092223808,0.02143790092223808,0.0,0,0,0,0,-1,33.18899913101502,33.18899913101502,0.0,"(0, 1, 2, 3, 5, 6, 7, 8)","(0, 1, 2, 3, 5, 6, 7, 8)",0,77,77,0
13,1339,transient,10195,0.0,False,False,0.0,0.0,0.22562142315303219,0.0,0.0,0.02616819761946131,0.02616819761946131,0.0,0,0,0,0,-1,28.22669532254396,28.22669532254396,0.0,"(0, 1, 2, 3, 5, 6, 7, 8)","(0, 1, 2, 3, 5, 6, 7, 8)",0,77,77,0
13,1359,junk,12,0.04711050798546952,False,False,0.022084417308241195,0.022084417308241195,0.22565848438841501,0.025026090677228326,0.025026090677228326,0.023668613284860952,0.023668613284860952,0.0,0,0,0,0,-1,24.07277252376119,24.07277252376119,0.0,"(0, 1, 2, 3, 5, 6, 7, 8)","(0, 1, 2, 3, 5, 6, 7, 8)",0,77,77,0
13,1379,useful,4,0.6450746159205512,False,False,0.7011825742550959,0.7011825742550959,0.38548068790966,0.05610795833454474,0.05610795833454474,0.050828744768786446,0.050828744768786446,0.0,0,0,0,0,-1,13.47706232970115,13.47706232970115,0.0,"(0, 1, 2, 3, 5, 6, 7, 8)","(0, 1, 2, 3, 5, 6, 7, 8)",0,77,77,0
13,1399,junk,10,0.05284698246254115,False,False,0.012077461363111351,0.012077461363111351,0.312270966582901,0.0407695210994298,0.0407695210994298,0.023547527528837833,0.023547527528837833,0.0,0,0,0,0,-1,0.0,0.0,0.0,"(0, 1, 2, 3, 5, 6, 7, 8)","(0, 1, 2, 3, 5, 6, 7, 8)",0,77,77,0
14,19,junk,9,0.04403304643128572,False,False,0.0,0.0,0.0,0.04403304643128572,0.04403304643128572,0.06832875880095143,0.06832875880095143,0.0,1,1,0,0,-1,19.220694441271142,19.220694441271142,0.0,"(0, 2, 3, 5, 6, 8, 9, 13)","(0, 2, 3, 5, 6, 8, 9, 13)",0,9,9,0
14,39,junk,13,0.04898682821863762,False,False,0.0,0.0,0.2619995682876074,0.04898682821863762,0.04898682821863762,0.06094775995482968,0.06094775995482968,0.0,1,1,0,0,-1,21.923005367248383,21.923005367248383,0.0,"(0, 1, 2, 3, 5, 6, 7, 8)","(0, 1, 2, 3, 5, 6, 7, 8)",0,11,11,0
14,59,useful,2,1.027334369792435,True,True,0.0,1.0421963248086596,1.0421963248086596,1.027334369792435,0.01486195501622456,0.037933329943649494,0.0303536249223839,0.05948921915665367,0,0,0,4,82,20.661333962498603,23.06660996595975,2.4052760034611467,"(0, 1, 2, 3, 4, 6, 7, 8)","(0, 1, 2, 3, 4, 6, 7, 8)",0,12,12,0
14,79,junk,11,0.052429381820848026,False,False,0.0,0.0,0.10257960208547598,0.052429381820848026,0.052429381820848026,0.05115003937387816,0.05115003937387816,0.0,1,1,0,0,-1,21.031728185786783,21.031728185786783,0.0,"(0, 1, 2, 3, 4, 6, 7, 8)","(0, 1, 2, 3, 4, 6, 7, 8)",0,13,13,0
14,99,useful,1,0.9950357585485601,False,False,0.9623203615838846,0.9623203615838846,1.015039319960322,0.032715396964675514,0.032715396964675514,0.031625495957522246,0.031625495957522246,0.0,0,0,0,0,-1,31.857005684898212,31.857005684898212,0.0,"(0, 1, 2, 3, 4, 6, 7, 8)","(0, 1, 2, 3, 4, 6, 7, 8)",0,13,13,0
14,119,junk,13,0.05784144169916944,False,False,0.031081015548116712,0.031081015548116712,0.02293571916839024,0.026760426151052726,0.026760426151052726,0.03457097378975226,0.03457097378975226,0.0,0,0,0,0,-1,37.920561491297384,37.920561491297384,0.0,"(0, 1, 2, 3, 4, 6, 7, 8)","(0, 1, 2, 3, 4, 6, 7, 8)",0,13,13,0
14,139,useful,5,0.9848238072670221,False,False,1.03772757485944,1.03772757485944,0.7905911117490603,0.05290376759241777,0.05290376759241777,0.0232036219105941,0.0232036219105941,0.0,0,0,0,0,-1,42.52082434410626,42.52082434410626,0.0,"(0, 1, 2, 3, 4, 6, 7, 8)","(0, 1, 2, 3, 4, 6, 7, 8)",0,15,15,0
14,159,useful,2,1.1717731474110071,False,False,1.1103859097537299,1.1103859097537299,1.0799991828185564,0.06138723765727727,0.06138723765727727,0.03088169512527264,0.03088169512527264,0.0,0,0,0,0,-1,42.76975239396243,42.76975239396243,0.0,"(1, 2, 3, 4, 5, 6, 7, 8)","(1, 2, 3, 4, 5, 6, 7, 8)",0,16,16,0
14,179,useful,2,0.7052979951914664,False,False,0.6939029459988713,0.6939029459988713,0.8376016552376085,0.011395049192595152,0.011395049192595152,0.0314915218042251,0.0314915218042251,0.0,0,0,0,0,-1,27.89942954837032,27.89942954837032,0.0,"(1, 2, 3, 4, 5, 6, 7, 8)","(1, 2, 3, 4, 5, 6, 7, 8)",0,18,18,0
14,199,useful,4,1.3159703994686125,False,False,1.3644886459600079,1.3644886459600079,1.780022795897784,0.048518246491395356,0.048518246491395356,0.043256049314166344,0.043256049314166344,0.0,0,0,0,0,-1,23.994951590501405,23.994951590501405,0.0,"(0, 2, 3, 4, 5, 6, 7, 8)","(0, 2, 3, 4, 5, 6, 7, 8)",0,19,19,0
14,219,useful,2,1.214968891630155,True,True,0.07886020018512707,1.159320817228875,1.159320817228875,1.136108691445028,0.05564807440128017,0.05996244692172646,0.021402620089202583,0.07718188006001332,0,0,0,4,233,23.30800175554536,22.01306531742465,-1.2949364381207076,"(0, 1, 3, 4, 5, 6, 7, 8)","(1, 2, 3, 4, 5, 6, 7, 8)",1,19,20,1
14,239,junk,12,0.0668493466662679,False,False,0.07733406289337108,0.07733406289337108,0.29656097022998035,0.010484716227103175,0.010484716227103175,0.041331869495990055,0.041331869495990055,0.0,0,0,0,0,-1,25.2507063339048,25.2507063339048,0.0,"(1, 2, 3, 4, 5, 6, 7, 8)","(1, 2, 3, 4, 5, 6, 7, 8)",0,20,20,0
14,259,useful,5,0.9743618213877266,False,False,1.0472309088724556,1.0472309088724556,1.128469095431395,0.07286908748472898,0.07286908748472898,0.016234205621107722,0.016234205621107722,0.0,0,0,0,0,-1,29.75837424157829,29.75837424157829,0.0,"(1, 2, 3, 4, 5, 6, 7, 8)","(1, 2, 3, 4, 5, 6, 7, 8)",0,20,20,0
14,279,junk,11,0.0649501968912518,False,False,0.029747493181301758,0.029747493181301758,0.14435193532271698,0.03520270370995004,0.03520270370995004,0.038901481650049995,0.038901481650049995,0.0,0,0,0,0,-1,27.600054845438052,27.600054845438052,0.0,"(1, 2, 3, 4, 5, 6, 7, 8)","(1, 2, 3, 4, 5, 6, 7, 8)",0,20,20,0
14,299,transient,10045,0.0,False,False,0.0,0.0,0.0,0.0,0.0,0.04010750835034735,0.04010750835034735,0.0,0,0,0,0,-1,26.94082780054891,26.94082780054891,0.0,"(1, 2, 3, 4, 5, 6, 7, 8)","(1, 2, 3, 4, 5, 6, 7, 8)",0,22,22,0
14,319,junk,9,0.03372625536673729,False,False,0.011584789155828237,0.011584789155828237,0.0,0.022141466210909053,0.022141466210909053,0.031783747290772026,0.031783747290772026,0.0,0,0,0,0,-1,26.694571832897434,26.694571832897434,0.0,"(1, 2, 3, 4, 5, 6, 7, 8)","(1, 2, 3, 4, 5, 6, 7, 8)",0,24,24,0
14,339,useful,1,1.1499291762342105,False,False,1.2925562099868417,1.2925562099868417,1.1518944064071306,0.1426270337526312,0.1426270337526312,0.01793647008285971,0.01793647008285971,0.0,0,0,0,0,-1,36.60409112811133,36.60409112811133,0.0,"(0, 1, 2, 4, 5, 6, 7, 8)","(0, 1, 2, 4, 5, 6, 7, 8)",0,25,25,0
14,359,useful,0,1.1220526535699746,False,False,1.0702889550742036,1.0702889550742036,1.3598787021457663,0.051763698495771004,0.051763698495771004,0.025941818046112876,0.025941818046112876,0.0,0,0,0,0,-1,35.87713040863463,35.87713040863463,0.0,"(1, 2, 3, 4, 5, 6, 7, 8)","(1, 2, 3, 4, 5, 6, 7, 8)",0,26,26,0
14,379,useful,3,1.3486080891638406,False,False,1.3484766631666223,1.3484766631666223,1.4628361041526639,0.00013142599721827075,0.00013142599721827075,0.021751589916663216,0.021751589916663216,0.0,0,0,0,0,-1,22.046020907367332,22.046020907367332,0.0,"(1, 2, 3, 4, 5, 6, 7, 8)","(1, 2, 3, 4, 5, 6, 7, 8)",0,28,28,0
14,399,useful,4,0.905087678647861,False,False,0.8669182113639693,0.8669182113639693,1.016715203051175,0.0381694672838917,0.0381694672838917,0.030796068680978037,0.030796068680978037,0.0,0,0,0,0,-1,43.130592144454255,43.130592144454255,0.0,"(0, 1, 2, 4, 5, 6, 7, 8)","(0, 1, 2, 4, 5, 6, 7, 8)",0,29,29,0
14,419,junk,13,0.05027127293177263,False,False,0.042581622050078906,0.042581622050078906,0.2304363985466274,0.007689650881693724,0.007689650881693724,0.028938369978489364,0.028938369978489364,0.0,0,0,0,0,-1,37.898303098497195,37.898303098497195,0.0,"(1, 2, 3, 4, 5, 6, 7, 8)","(1, 2, 3, 4, 5, 6, 7, 8)",0,30,30,0
14,439,junk,11,0.05105708203018764,False,False,0.0504584629109257,0.0504584629109257,0.0,0.0005986191192619422,0.0005986191192619422,0.028690019817986953,0.028690019817986953,0.0,0,0,0,0,-1,31.679345667329923,31.679345667329923,0.0,"(1, 2, 3, 4, 5, 6, 7, 8)","(1, 2, 3, 4, 5, 6, 7, 8)",0,30,30,0
14,459,useful,3,1.3559141043616698,True,False,0.6313819233480769,0.6313819233480769,1.2880924343477211,0.724532181013593,0.724532181013593,0.05581286671361407,0.05581286671361407,0.0,1,1,0,0,-1,36.031069690152606,36.031069690152606,0.0,"(0, 1, 2, 4, 5, 6, 7, 8)","(0, 1, 2, 4, 5, 6, 7, 8)",0,31,31,0
14,479,junk,9,0.04653115228698622,False,False,0.07868212853935833,0.07868212853935833,0.17099191193173036,0.03215097625237211,0.03215097625237211,0.024061587358536564,0.024061587358536564,0.0,0,0,0,0,-1,45.860898415563184,45.860898415563184,0.0,"(0, 1, 2, 4, 5, 6, 7, 8)","(0, 1, 2, 4, 5, 6, 7, 8)",0,31,31,0
14,499,junk,12,0.05566195496153983,True,True,2.8663462723227573,0.24579640812754436,0.24579640812754436,2.8106843173612175,0.19013445316600452,0.11280912066504474,0.02241356311023224,0.1281625024602326,1,0,1,6,503,33.604317377805124,36.12883731605141,2.5245199382462857,"(0, 1, 2, 3, 4, 6, 7, 8)","(0, 1, 2, 3, 4, 6, 7, 8)",0,34,32,-2
14,519,junk,13,0.04765703935184444,False,False,0.016657921923649417,0.016657921923649417,0.0,0.030999117428195024,0.030999117428195024,0.02932133914405332,0.02932133914405332,0.0,0,0,0,0,-1,40.36764359357237,40.36764359357237,0.0,"(0, 1, 2, 3, 4, 6, 7, 8)","(0, 1, 2, 3, 4, 6, 7, 8)",0,32,32,0
14,539,transient,10078,0.0,False,False,0.0,0.0,0.13434278448573111,0.0,0.0,0.02984698460934088,0.02984698460934088,0.0,0,0,0,0,-1,51.499591768648685,51.499591768648685,0.0,"(0, 1, 2, 4, 5, 6, 7, 8)","(0, 1, 2, 4, 5, 6, 7, 8)",0,33,33,0
14,559,useful,1,0.8384045827760419,False,False,0.8049114263954804,0.8049114263954804,0.762194823322454,0.033493156380561495,0.033493156380561495,0.019560027378686683,0.019560027378686683,0.0,0,0,0,0,-1,57.27435503025568,57.27435503025568,0.0,"(1, 2, 3, 4, 5, 6, 7, 8)","(1, 2, 3, 4, 5, 6, 7, 8)",0,34,34,0
14,579,useful,5,1.3068952143751582,False,False,1.3863900023764424,1.3863900023764424,1.3104776877839546,0.07949478800128418,0.07949478800128418,0.025765950077420965,0.025765950077420965,0.0,1,1,0,0,-1,46.3133472761567,46.3133472761567,0.0,"(1, 2, 3, 4, 5, 6, 7, 8)","(1, 2, 3, 4, 5, 6, 7, 8)",0,34,34,0
14,599,useful,3,1.3018468344538883,False,False,1.2700603154428238,1.2700603154428238,0.8641170905677277,0.03178651901106444,0.03178651901106444,0.017462464914463766,0.017462464914463766,0.0,0,0,0,0,-1,43.45845114616717,43.45845114616717,0.0,"(0, 1, 3, 4, 5, 6, 7, 8)","(0, 1, 3, 4, 5, 6, 7, 8)",0,35,35,0
14,619,junk,12,0.039398020627052145,True,True,2.025925450430261,0.0925488078384063,0.0925488078384063,1.986527429803209,0.053150787211354154,0.09300040496482989,0.022527264770322283,0.10519838887310244,1,0,1,9,621,38.20597730046396,39.94166507301673,1.7356877725527724,"(0, 1, 2, 4, 5, 6, 7, 8)","(0, 1, 3, 4, 5, 6, 7, 8)",1,37,35,-2
14,639,junk,10,0.04881493077172769,False,False,0.05563736939134148,0.05563736939134148,0.0,0.006822438619613791,0.006822438619613791,0.025980908733126938,0.025980908733126938,0.0,0,0,0,0,-1,31.838702342669052,31.838702342669052,0.0,"(0, 1, 2, 3, 5, 6, 7, 8)","(0, 1, 2, 3, 5, 6, 7, 8)",0,36,36,0
14,659,junk,12,0.04796987701810385,False,False,0.0,0.0,0.0039517152651428605,0.04796987701810385,0.04796987701810385,0.02815488579618356,0.02815488579618356,0.0,0,0,0,0,-1,36.14151777797247,36.14151777797247,0.0,"(0, 1, 2, 3, 5, 6, 7, 8)","(0, 1, 2, 3, 5, 6, 7, 8)",0,36,36,0
14,679,useful,0,1.2807312948736007,False,False,1.311475245808837,1.311475245808837,1.0226590085021716,0.030743950935236297,0.030743950935236297,0.014127425962506015,0.014127425962506015,0.0,0,0,0,0,-1,36.921916546608685,36.921916546608685,0.0,"(0, 1, 3, 5, 6, 7, 8, 11)","(0, 1, 3, 5, 6, 7, 8, 11)",0,39,39,0
14,699,junk,13,0.04972440629399513,False,False,0.05887141719766565,0.05887141719766565,0.2500752042585327,0.009147010903670517,0.009147010903670517,0.018736415847443937,0.018736415847443937,0.0,0,0,0,0,-1,47.902716101381145,47.902716101381145,0.0,"(0, 2, 3, 5, 6, 7, 8, 11)","(0, 2, 3, 5, 6, 7, 8, 11)",0,43,43,0
14,719,junk,13,0.04036473188644058,False,False,0.020001928843937665,0.020001928843937665,0.03734804270071443,0.020362803042502917,0.020362803042502917,0.06981724078820171,0.06981724078820171,0.0,1,1,0,0,-1,40.611412459248015,40.611412459248015,0.0,"(0, 3, 5, 6, 7, 8, 9, 11)","(0, 3, 5, 6, 7, 8, 9, 11)",0,43,43,0
14,739,useful,2,0.8503428264431382,True,False,0.14200485453017442,0.14200485453017442,0.85920687369341,0.7083379719129638,0.7083379719129638,0.07503279626908056,0.07503279626908056,0.0,1,1,0,0,-1,34.22766881259752,34.22766881259752,0.0,"(0, 3, 5, 6, 7, 8, 11, 13)","(0, 3, 5, 6, 7, 8, 11, 13)",0,45,45,0
14,759,useful,3,0.8612807532543835,False,False,0.876534566837822,0.876534566837822,1.0390920970917716,0.01525381358343858,0.01525381358343858,0.02502708080238813,0.02502708080238813,0.0,0,0,0,0,-1,17.487844004716926,17.487844004716926,0.0,"(0, 3, 5, 6, 7, 8, 10, 11)","(0, 3, 5, 6, 7, 8, 10, 11)",0,51,51,0
14,779,junk,11,0.058270900418464194,False,False,0.11556435838855826,0.11556435838855826,0.3218322976464799,0.05729345797009407,0.05729345797009407,0.06338013680682349,0.06338013680682349,0.0,0,0,0,0,-1,13.949770480773617,13.949770480773617,0.0,"(0, 3, 4, 5, 6, 7, 8, 11)","(0, 3, 4, 5, 6, 7, 8, 11)",0,52,52,0
14,799,useful,2,1.2146806055143444,False,False,1.2305140550053728,1.2305140550053728,1.327625436104926,0.015833449491028384,0.015833449491028384,0.03730583254733588,0.03730583254733588,0.0,1,1,0,0,-1,22.972228199984812,22.972228199984812,0.0,"(0, 1, 3, 5, 6, 7, 8, 11)","(0, 1, 3, 5, 6, 7, 8, 11)",0,54,54,0
14,819,useful,1,1.2306876351167386,False,False,1.2544151647479505,1.2544151647479505,1.0442832085418292,0.02372752963121183,0.02372752963121183,0.03319868691537689,0.03319868691537689,0.0,0,0,0,0,-1,27.993214277956792,27.993214277956792,0.0,"(0, 1, 3, 5, 6, 7, 8, 11)","(0, 1, 3, 5, 6, 7, 8, 11)",0,57,57,0
14,839,useful,1,0.6359183112872233,False,False,0.6254928777393687,0.6254928777393687,0.7308469815695653,0.010425433547854634,0.010425433547854634,0.02378062195542325,0.02378062195542325,0.0,0,0,0,0,-1,32.051639520236776,32.051639520236776,0.0,"(0, 1, 4, 5, 6, 7, 8, 11)","(0, 1, 4, 5, 6, 7, 8, 11)",0,59,59,0
14,859,useful,5,0.7703233399306447,False,False,0.7727313616280902,0.7727313616280902,0.729186356196926,0.0024080216974454727,0.0024080216974454727,0.017274717951422724,0.017274717951422724,0.0,0,0,0,0,-1,30.052950952575863,30.052950952575863,0.0,"(0, 1, 2, 4, 5, 6, 7, 8)","(0, 1, 2, 4, 5, 6, 7, 8)",0,61,61,0
14,879,critical,8,5.606457522066865,True,True,0.8154356245604641,5.48290579434652,5.48290579434652,4.7910218975064005,0.12355172772034528,0.10620442951611199,0.05933062502887064,0.133420618301533,0,0,0,17,886,22.144187870568338,25.244685785263773,3.100497914695435,"(0, 5, 6, 7, 8, 11, 12, 13)","(0, 3, 4, 5, 6, 7, 8, 11)",1,61,65,4
14,899,useful,0,1.0056146295472943,False,False,1.0288750333710746,1.0288750333710746,1.0645274647944485,0.02326040382378025,0.02326040382378025,0.02753615627338721,0.02753615627338721,0.0,0,0,0,0,-1,25.555575704099294,25.555575704099294,0.0,"(0, 4, 5, 6, 7, 8, 11, 12)","(0, 4, 5, 6, 7, 8, 11, 12)",0,69,69,0
14,919,useful,1,0.7430392980568024,False,False,0.7582234333081811,0.7582234333081811,0.8259006761867597,0.015184135251378739,0.015184135251378739,0.021428355581099245,0.021428355581099245,0.0,0,0,0,0,-1,25.04449521128839,25.04449521128839,0.0,"(0, 2, 4, 5, 6, 7, 8, 11)","(0, 2, 4, 5, 6, 7, 8, 11)",0,70,70,0
14,939,junk,12,0.0611103124301322,False,False,0.008422692804011159,0.008422692804011159,0.07684767746793521,0.05268761962612104,0.05268761962612104,0.053936142090101474,0.053936142090101474,0.0,1,1,0,0,-1,21.450615113970247,21.450615113970247,0.0,"(0, 3, 4, 5, 6, 7, 8, 11)","(0, 3, 4, 5, 6, 7, 8, 11)",0,72,72,0
14,959,useful,1,0.9692249726123146,True,False,0.5261281339245389,0.5261281339245389,0.6918040972314918,0.4430968386877756,0.4430968386877756,0.05241178711461905,0.05241178711461905,0.0,0,0,0,0,-1,31.282983591938848,31.282983591938848,0.0,"(0, 2, 4, 5, 6, 7, 8, 11)","(0, 2, 4, 5, 6, 7, 8, 11)",0,74,74,0
14,979,junk,13,0.05312419413411177,True,True,2.6457512173385704,0.007849754731172415,0.007849754731172415,2.5926270232044586,0.045274439402939355,0.0853005169874638,0.046241155384670406,0.10480258349091424,1,1,0,1,1023,36.036098016432035,36.036098016432035,0.0,"(0, 2, 4, 5, 6, 7, 8, 10)","(0, 2, 3, 4, 5, 6, 7, 8)",1,77,76,-1
14,999,junk,12,0.031950406931347757,False,True,0.01483445768337694,0.8588214403282137,0.8588214403282137,0.017115949247970816,0.826871033396866,0.0416120929010448,0.0494904096931841,0.046856500950274264,1,1,0,0,-1,35.10180956340979,35.10180956340979,0.0,"(0, 1, 3, 4, 5, 6, 7, 8)","(0, 1, 3, 4, 5, 6, 7, 8)",0,78,78,0
14,1019,useful,2,0.9462754793356652,False,False,1.0270648175800896,1.0270648175800896,0.8844800191697537,0.08078933824442436,0.08078933824442436,0.0222779948162108,0.0222779948162108,0.0,0,0,0,0,-1,30.549987602454394,30.549987602454394,0.0,"(0, 1, 3, 4, 5, 6, 7, 8)","(0, 1, 3, 4, 5, 6, 7, 8)",0,78,78,0
14,1039,transient,10139,0.0,True,True,2.2761600015750934,0.0,0.0,2.2761600015750934,0.0,0.07575255930527995,0.04656190954052295,0.10664723087297627,0,0,0,0,-1,34.65437560173113,34.65437560173113,0.0,"(0, 2, 3, 4, 5, 6, 7, 8)","(0, 2, 3, 4, 5, 6, 7, 8)",0,79,79,0
14,1059,useful,0,0.8131317348985175,False,False,0.7438145602075473,0.7438145602075473,0.5832114429354841,0.0693171746909702,0.0693171746909702,0.018600236402485384,0.018600236402485384,0.0,0,0,0,0,-1,39.51079883177731,39.51079883177731,0.0,"(0, 1, 2, 4, 5, 6, 7, 8)","(0, 1, 2, 4, 5, 6, 7, 8)",0,81,81,0
14,1079,critical,6,2.0101706217182795,False,False,1.9785984229402944,1.9785984229402944,2.463640574050165,0.03157219877798512,0.03157219877798512,0.026365183708280546,0.026365183708280546,0.0,0,0,0,0,-1,39.85209109814994,39.85209109814994,0.0,"(0, 1, 3, 4, 5, 6, 7, 8)","(0, 1, 3, 4, 5, 6, 7, 8)",0,82,82,0
14,1099,useful,2,1.1503824434465537,False,False,1.1813519694030412,1.1813519694030412,1.1200110257112048,0.030969525956487498,0.030969525956487498,0.02059149892800314,0.02059149892800314,0.0,0,0,0,0,-1,31.386544408119736,31.386544408119736,0.0,"(0, 1, 2, 3, 4, 6, 7, 8)","(0, 1, 2, 3, 4, 6, 7, 8)",0,85,85,0
14,1119,junk,9,0.05542804000974594,False,False,0.11115193887890806,0.11115193887890806,0.50715528986198,0.055723898869162125,0.055723898869162125,0.038755528203948716,0.038755528203948716,0.0,1,1,0,0,-1,18.73640572435633,18.73640572435633,0.0,"(0, 1, 3, 4, 5, 6, 7, 8)","(0, 1, 3, 4, 5, 6, 7, 8)",0,87,87,0
14,1139,useful,1,1.0495942535996097,False,False,0.993358701374798,0.993358701374798,1.005066712707991,0.05623555222481169,0.05623555222481169,0.020755027967405318,0.020755027967405318,0.0,0,0,0,0,-1,25.842835471671847,25.842835471671847,0.0,"(0, 1, 2, 4, 5, 6, 7, 8)","(0, 1, 2, 4, 5, 6, 7, 8)",0,88,88,0
14,1159,useful,0,0.554318788654903,False,False,0.560411779840852,0.560411779840852,0.9845247890480615,0.0060929911859489705,0.0060929911859489705,0.03265521159753989,0.03265521159753989,0.0,0,0,0,0,-1,31.05736447016264,31.05736447016264,0.0,"(0, 1, 2, 4, 5, 6, 7, 8)","(0, 1, 2, 4, 5, 6, 7, 8)",0,90,90,0
14,1179,useful,3,1.049308575967429,False,False,1.114515451936545,1.114515451936545,1.0914955100060317,0.06520687596911601,0.06520687596911601,0.010816941713941177,0.010816941713941177,0.0,0,0,0,0,-1,35.83040978366973,35.83040978366973,0.0,"(0, 1, 2, 4, 5, 6, 7, 8)","(0, 1, 2, 4, 5, 6, 7, 8)",0,90,90,0
14,1199,junk,10,0.070480876043462,False,False,0.039988779024971395,0.039988779024971395,0.15846005767875004,0.0304920970184906,0.0304920970184906,0.04258054352962846,0.04258054352962846,0.0,1,1,0,0,-1,27.02620976791247,27.02620976791247,0.0,"(0, 1, 2, 4, 5, 6, 7, 8)","(0, 1, 2, 4, 5, 6, 7, 8)",0,93,93,0
14,1219,critical,8,4.164532757392334,False,False,4.175194117855425,4.175194117855425,3.7693547886045975,0.010661360463091185,0.010661360463091185,0.03570747590974853,0.03570747590974853,0.0,0,0,0,0,-1,22.793156468779156,22.793156468779156,0.0,"(0, 1, 2, 4, 5, 6, 7, 8)","(0, 1, 2, 4, 5, 6, 7, 8)",0,95,95,0
14,1239,useful,3,0.7417290610221952,False,False,0.7441813263483631,0.7441813263483631,0.7707688348814222,0.002452265326167935,0.002452265326167935,0.026410450565276963,0.026410450565276963,0.0,0,0,0,0,-1,28.08376157302894,28.08376157302894,0.0,"(0, 1, 2, 4, 5, 6, 7, 8)","(0, 1, 2, 4, 5, 6, 7, 8)",0,95,95,0
14,1259,useful,2,1.0790908113572744,True,True,0.17149882758051901,1.1407848236043432,1.1407848236043432,0.9075919837767553,0.06169401224706883,0.07509641369350294,0.02851963810658887,0.08280038852314696,1,1,0,0,-1,36.0891885308871,36.0891885308871,0.0,"(0, 1, 2, 4, 5, 6, 7, 8)","(0, 1, 2, 4, 5, 6, 7, 8)",0,95,95,0
14,1279,critical,8,4.324952932648376,False,False,4.293130283267136,4.293130283267136,4.365570208064109,0.03182264938124035,0.03182264938124035,0.03584677804597212,0.03584677804597212,0.0,0,0,0,0,-1,48.72392144936428,48.72392144936428,0.0,"(0, 1, 2, 4, 5, 6, 7, 8)","(0, 1, 2, 4, 5, 6, 7, 8)",0,97,97,0
14,1299,transient,10168,0.0,False,False,0.0,0.0,0.0,0.0,0.0,0.03766646491135047,0.03766646491135047,0.0,0,0,0,0,-1,38.52880747515901,38.52880747515901,0.0,"(0, 1, 2, 4, 5, 6, 7, 8)","(0, 1, 2, 4, 5, 6, 7, 8)",0,97,97,0
14,1319,junk,9,0.05308230326606635,False,False,0.017712081014931,0.017712081014931,0.06765277342662614,0.03537022225113535,0.03537022225113535,0.03261400321555416,0.03261400321555416,0.0,0,0,0,0,-1,37.314752310067576,37.314752310067576,0.0,"(0, 1, 2, 3, 5, 6, 7, 8)","(0, 1, 2, 3, 5, 6, 7, 8)",0,98,98,0
14,1339,useful,0,1.010238119480727,True,True,0.06002462007882928,1.0687305168210663,1.0687305168210663,0.9502134994018978,0.058492397340339286,0.09292686145533972,0.012491400623170666,0.09258193674672958,0,0,0,0,-1,25.30884293302226,25.30884293302226,0.0,"(0, 1, 2, 4, 5, 6, 7, 8)","(0, 1, 2, 4, 5, 6, 7, 8)",0,99,99,0
14,1359,critical,6,4.758391969424265,False,False,4.721937348264761,4.721937348264761,4.616644835201243,0.036454621159504264,0.036454621159504264,0.03252543075057795,0.03252543075057795,0.0,0,0,0,0,-1,29.76594336683931,29.76594336683931,0.0,"(0, 2, 3, 4, 5, 6, 7, 8)","(0, 2, 3, 4, 5, 6, 7, 8)",0,100,100,0
14,1379,transient,10180,0.0,False,False,0.03575087791642009,0.03575087791642009,0.2213243612852567,0.03575087791642009,0.03575087791642009,0.026225108594379862,0.026225108594379862,0.0,0,0,0,0,-1,18.28340576503094,18.28340576503094,0.0,"(0, 2, 3, 4, 5, 6, 7, 8)","(0, 2, 3, 4, 5, 6, 7, 8)",0,100,100,0
14,1399,useful,3,1.14052811853747,False,False,1.0835582040572045,1.0835582040572045,1.056104623225052,0.05696991448026556,0.05696991448026556,0.019298223915123116,0.019298223915123116,0.0,0,0,0,0,-1,0.0,0.0,0.0,"(0, 2, 3, 4, 5, 6, 7, 8)","(0, 2, 3, 4, 5, 6, 7, 8)",0,100,100,0
15,19,useful,4,0.6413652431409629,False,False,0.5466633412906693,0.5466633412906693,0.823028122396842,0.09470190185029359,0.09470190185029359,0.05209509033527005,0.05209509033527005,0.0,1,1,0,0,-1,22.891019473086004,22.891019473086004,0.0,"(0, 1, 3, 5, 7, 8, 9, 10)","(0, 1, 3, 5, 7, 8, 9, 10)",0,12,12,0
15,39,transient,10006,0.0,False,False,0.07636361289790108,0.07636361289790108,0.0,0.07636361289790108,0.07636361289790108,0.055366192692654116,0.055366192692654116,0.0,0,0,0,0,-1,26.682588878103658,26.682588878103658,0.0,"(0, 2, 3, 5, 6, 7, 8, 9)","(0, 2, 3, 5, 6, 7, 8, 9)",0,11,11,0
15,59,transient,10008,0.0,False,False,0.0,0.0,0.05876161515913192,0.0,0.0,0.07007973472494983,0.07007973472494983,0.0,0,0,0,0,-1,35.70677225108942,35.70677225108942,0.0,"(0, 2, 3, 4, 5, 6, 7, 8)","(0, 2, 3, 4, 5, 6, 7, 8)",0,12,12,0
15,79,useful,3,0.8202802950444426,False,False,0.7919375783611323,0.7919375783611323,0.878271845677811,0.028342716683310232,0.028342716683310232,0.03141662417129265,0.03141662417129265,0.0,0,0,0,0,-1,31.77413978551954,31.77413978551954,0.0,"(0, 2, 3, 4, 5, 6, 7, 8)","(0, 2, 3, 4, 5, 6, 7, 8)",0,12,12,0
15,99,critical,6,4.08642622185488,False,False,4.138560506749547,4.138560506749547,4.1758471527350824,0.05213428489466754,0.05213428489466754,0.05675883092927559,0.05675883092927559,0.0,0,0,0,0,-1,31.992096102307666,31.992096102307666,0.0,"(0, 2, 3, 4, 5, 6, 7, 8)","(0, 2, 3, 4, 5, 6, 7, 8)",0,14,14,0
15,119,useful,2,1.2559351281277762,True,True,0.46359546503016447,1.4541126180209518,1.4541126180209518,0.7923396630976117,0.19817748989317563,0.030671957620766594,0.031221525069191562,0.06122878221502587,0,0,0,0,-1,29.70669995700122,29.70669995700122,0.0,"(0, 2, 3, 4, 5, 6, 7, 8)","(0, 2, 3, 4, 5, 6, 7, 8)",0,14,14,0
15,139,useful,0,0.7864403673717302,False,False,0.8124696133391744,0.8124696133391744,1.1840969684971259,0.02602924596744427,0.02602924596744427,0.0330031973914119,0.0330031973914119,0.0,0,0,0,0,-1,29.22102141209423,29.22102141209423,0.0,"(0, 1, 2, 3, 4, 6, 7, 8)","(0, 1, 2, 3, 4, 6, 7, 8)",0,15,15,0
15,159,useful,2,1.2868612302545874,False,False,1.2907929534820772,1.2907929534820772,1.2058539611202368,0.003931723227489803,0.003931723227489803,0.028873838856652134,0.028873838856652134,0.0,0,0,0,0,-1,39.44003273806594,39.44003273806594,0.0,"(0, 2, 3, 4, 5, 6, 7, 8)","(0, 2, 3, 4, 5, 6, 7, 8)",0,16,16,0
15,179,junk,12,0.050883859201084826,False,False,0.030757452164361154,0.030757452164361154,0.0,0.02012640703672367,0.02012640703672367,0.04447779743280015,0.04447779743280015,0.0,1,1,0,0,-1,32.261854046916135,32.261854046916135,0.0,"(0, 2, 3, 4, 5, 6, 7, 8)","(0, 2, 3, 4, 5, 6, 7, 8)",0,19,19,0
15,199,transient,10029,0.0,False,False,0.0,0.0,0.09435363155887863,0.0,0.0,0.042249380784052,0.042249380784052,0.0,0,0,0,0,-1,30.31302498004829,30.31302498004829,0.0,"(0, 1, 3, 4, 5, 6, 7, 8)","(0, 1, 3, 4, 5, 6, 7, 8)",0,20,20,0
15,219,junk,11,0.052566682120158165,False,False,0.07086491015905863,0.07086491015905863,0.3677608850155333,0.018298228038900466,0.018298228038900466,0.04070191338613737,0.04070191338613737,0.0,0,0,0,0,-1,32.6638383430918,32.6638383430918,0.0,"(0, 2, 3, 4, 5, 6, 7, 8)","(0, 2, 3, 4, 5, 6, 7, 8)",0,21,21,0
15,239,useful,1,0.5242442796622824,False,False,0.47345987249835236,0.47345987249835236,0.0,0.05078440716393001,0.05078440716393001,0.04231409117887439,0.04231409117887439,0.0,1,1,0,0,-1,46.088023196741396,46.088023196741396,0.0,"(0, 2, 3, 4, 5, 6, 7, 8)","(0, 2, 3, 4, 5, 6, 7, 8)",0,21,21,0
15,259,useful,4,0.983906825721638,False,False,1.0005516437909425,1.0005516437909425,0.9216229416897265,0.016644818069304512,0.016644818069304512,0.0254562301229379,0.0254562301229379,0.0,0,0,0,0,-1,37.68092556139077,37.68092556139077,0.0,"(0, 1, 3, 4, 5, 6, 7, 8)","(0, 1, 3, 4, 5, 6, 7, 8)",0,22,22,0
15,279,junk,13,0.04251603090960218,False,False,0.0,0.0,0.1834101840919451,0.04251603090960218,0.04251603090960218,0.03846625981816724,0.03846625981816724,0.0,0,0,0,0,-1,29.644569776474206,29.644569776474206,0.0,"(0, 1, 2, 3, 4, 5, 6, 8)","(0, 1, 2, 3, 4, 5, 6, 8)",0,23,23,0
15,299,junk,13,0.04423801041029316,False,False,0.026682952436233958,0.026682952436233958,0.16068974916033266,0.017555057974059204,0.017555057974059204,0.036116529387286336,0.036116529387286336,0.0,0,0,0,0,-1,26.326256148484553,26.326256148484553,0.0,"(0, 1, 2, 3, 4, 6, 7, 8)","(0, 1, 2, 3, 4, 6, 7, 8)",0,24,24,0
15,319,useful,1,1.033471664155058,False,False,1.0434467868574528,1.0434467868574528,0.49572337166074465,0.009975122702394756,0.009975122702394756,0.029421762474779428,0.029421762474779428,0.0,0,0,0,0,-1,28.482770542581452,28.482770542581452,0.0,"(0, 1, 2, 3, 4, 6, 7, 8)","(0, 1, 2, 3, 4, 6, 7, 8)",0,24,24,0
15,339,junk,12,0.05379857101472917,False,False,0.05264198940188802,0.05264198940188802,0.0,0.0011565816128411496,0.0011565816128411496,0.033911338073444534,0.033911338073444534,0.0,0,0,0,0,-1,26.60359772652712,26.60359772652712,0.0,"(0, 1, 2, 3, 4, 6, 7, 8)","(0, 1, 2, 3, 4, 6, 7, 8)",0,26,26,0
15,359,transient,10053,0.0,False,False,0.038450289243226195,0.038450289243226195,0.18095882424828283,0.038450289243226195,0.038450289243226195,0.03136198923330529,0.03136198923330529,0.0,0,0,0,0,-1,34.359837148760505,34.359837148760505,0.0,"(0, 2, 3, 4, 5, 6, 7, 8)","(0, 2, 3, 4, 5, 6, 7, 8)",0,27,27,0
15,379,junk,10,0.046605852497842486,False,False,0.0649182508754666,0.0649182508754666,0.0,0.018312398377624113,0.018312398377624113,0.024247206595240284,0.024247206595240284,0.0,0,0,0,0,-1,35.00317783909424,35.00317783909424,0.0,"(0, 1, 2, 3, 5, 6, 7, 8)","(0, 1, 2, 3, 5, 6, 7, 8)",0,28,28,0
15,399,junk,13,0.05492837718533077,False,False,0.05248910209000291,0.05248910209000291,0.0,0.0024392750953278614,0.0024392750953278614,0.027274745162164916,0.027274745162164916,0.0,0,0,0,0,-1,42.790404562144644,42.790404562144644,0.0,"(0, 2, 3, 4, 5, 6, 7, 8)","(0, 2, 3, 4, 5, 6, 7, 8)",0,29,29,0
15,419,junk,12,0.05080250085193915,False,False,0.06252355602599236,0.06252355602599236,0.0,0.011721055174053203,0.011721055174053203,0.024022003118207055,0.024022003118207055,0.0,0,0,0,0,-1,30.67956361538168,30.67956361538168,0.0,"(0, 1, 2, 3, 4, 6, 7, 8)","(0, 1, 2, 3, 4, 6, 7, 8)",0,30,30,0
15,439,useful,4,0.9154900390105717,False,False,0.8462036217199365,0.8462036217199365,0.9726508950057471,0.06928641729063523,0.06928641729063523,0.020079859612906575,0.020079859612906575,0.0,0,0,0,0,-1,24.145502235695826,24.145502235695826,0.0,"(0, 1, 2, 3, 5, 6, 7, 8)","(0, 1, 2, 3, 5, 6, 7, 8)",0,31,31,0
15,459,junk,11,0.05104953978063248,False,False,0.08936831090684016,0.08936831090684016,0.04487924494631951,0.038318771126207685,0.038318771126207685,0.022040100995111278,0.022040100995111278,0.0,0,0,0,0,-1,28.97557606841186,28.97557606841186,0.0,"(0, 1, 2, 3, 5, 6, 7, 8)","(0, 1, 2, 3, 5, 6, 7, 8)",0,31,31,0
15,479,junk,12,0.06889376446701727,False,False,0.0,0.0,0.43105296559290174,0.06889376446701727,0.06889376446701727,0.016369585699713855,0.016369585699713855,0.0,0,0,0,0,-1,31.691195153257382,31.691195153257382,0.0,"(0, 1, 2, 3, 4, 6, 7, 8)","(0, 1, 2, 3, 4, 6, 7, 8)",0,32,32,0
15,499,transient,10073,0.0,False,False,0.0,0.0,0.09591186048861917,0.0,0.0,0.02372444053230703,0.02372444053230703,0.0,0,0,0,0,-1,28.571914904713978,28.571914904713978,0.0,"(0, 1, 2, 3, 5, 6, 7, 8)","(0, 1, 2, 3, 5, 6, 7, 8)",0,33,33,0
15,519,transient,10078,0.0,False,False,0.030441280732668375,0.030441280732668375,0.05658581113004747,0.030441280732668375,0.030441280732668375,0.019541907020326998,0.019541907020326998,0.0,0,0,0,0,-1,25.70651673445241,25.70651673445241,0.0,"(0, 1, 2, 3, 5, 6, 7, 8)","(0, 1, 2, 3, 5, 6, 7, 8)",0,33,33,0
15,539,junk,10,0.05416845415828549,False,False,0.0,0.0,0.2822164689738456,0.05416845415828549,0.05416845415828549,0.015344513596938928,0.015344513596938928,0.0,0,0,0,0,-1,27.70984890933634,27.70984890933634,0.0,"(0, 1, 2, 3, 4, 6, 7, 8)","(0, 1, 2, 3, 4, 6, 7, 8)",0,34,34,0
15,559,useful,2,1.2205486978967277,False,False,1.267302925053477,1.267302925053477,1.305993695654295,0.04675422715674937,0.04675422715674937,0.018539962507649204,0.018539962507649204,0.0,0,0,0,0,-1,47.73996024528721,47.73996024528721,0.0,"(0, 2, 3, 4, 5, 6, 7, 8)","(0, 2, 3, 4, 5, 6, 7, 8)",0,35,35,0
15,579,useful,5,0.8958887993582081,False,False,0.9765214378471861,0.9765214378471861,1.0114643787223316,0.08063263848897806,0.08063263848897806,0.02499223178754847,0.02499223178754847,0.0,0,0,0,0,-1,45.69277216779364,45.69277216779364,0.0,"(0, 2, 3, 4, 5, 6, 7, 8)","(0, 2, 3, 4, 5, 6, 7, 8)",0,35,35,0
15,599,transient,10094,0.0,False,False,0.0595770521043975,0.0595770521043975,0.0,0.0595770521043975,0.0595770521043975,0.01720525157143357,0.01720525157143357,0.0,0,0,0,0,-1,49.527692571322746,49.527692571322746,0.0,"(0, 2, 3, 4, 5, 6, 7, 8)","(0, 2, 3, 4, 5, 6, 7, 8)",0,37,37,0
15,619,transient,10097,0.0,False,False,0.028453621373577844,0.028453621373577844,0.0,0.028453621373577844,0.028453621373577844,0.0248350263218614,0.0248350263218614,0.0,0,0,0,0,-1,34.786112453390835,34.786112453390835,0.0,"(0, 2, 3, 4, 5, 6, 7, 8)","(0, 2, 3, 4, 5, 6, 7, 8)",0,37,37,0
15,639,useful,1,1.0632767973213078,False,False,1.0400821150960646,1.0400821150960646,1.0068277814189774,0.023194682225243124,0.023194682225243124,0.015677912797799926,0.015677912797799926,0.0,0,0,0,0,-1,34.71404336455769,34.71404336455769,0.0,"(0, 2, 3, 4, 5, 6, 7, 8)","(0, 2, 3, 4, 5, 6, 7, 8)",0,37,37,0
15,659,junk,9,0.05295692065165234,False,False,0.0,0.0,0.027819445142241564,0.05295692065165234,0.05295692065165234,0.023812970743237957,0.023812970743237957,0.0,0,0,0,0,-1,37.239371868687456,37.239371868687456,0.0,"(0, 2, 3, 4, 6, 7, 8, 11)","(0, 2, 3, 4, 6, 7, 8, 11)",0,38,38,0
15,679,junk,9,0.04731682976058266,False,False,0.0,0.0,0.02190462846316575,0.04731682976058266,0.04731682976058266,0.01939526988766306,0.01939526988766306,0.0,0,0,0,0,-1,39.58898579052804,39.58898579052804,0.0,"(0, 2, 3, 4, 6, 7, 8, 10)","(0, 2, 3, 4, 6, 7, 8, 10)",0,41,41,0
15,699,useful,2,1.0906154862924635,False,False,1.092577814338982,1.092577814338982,1.1613113953643635,0.0019623280465184134,0.0019623280465184134,0.012728846504245259,0.012728846504245259,0.0,0,0,0,0,-1,35.94682741724072,35.94682741724072,0.0,"(0, 2, 3, 4, 6, 7, 8, 10)","(0, 2, 3, 4, 6, 7, 8, 10)",0,45,45,0
15,719,junk,10,0.060951929411863594,False,False,0.03643527282167022,0.03643527282167022,0.0,0.02451665659019337,0.02451665659019337,0.0715879641804428,0.0715879641804428,0.0,1,1,0,0,-1,32.776105329706475,32.776105329706475,0.0,"(0, 2, 3, 4, 6, 7, 8, 11)","(0, 2, 3, 4, 6, 7, 8, 11)",0,49,49,0
15,739,useful,3,1.087430618339054,False,False,1.006615688870676,1.006615688870676,1.09481170677494,0.08081492946837798,0.08081492946837798,0.03826681586773935,0.03826681586773935,0.0,0,0,0,0,-1,23.049572721370797,23.049572721370797,0.0,"(0, 1, 2, 3, 4, 6, 7, 8)","(0, 1, 2, 3, 4, 6, 7, 8)",0,52,52,0
15,759,useful,2,1.0389883182004807,False,False,1.0525708152785613,1.0525708152785613,1.2925661955325238,0.01358249707808068,0.01358249707808068,0.03909033023883956,0.03909033023883956,0.0,0,0,0,0,-1,26.042663053697638,26.042663053697638,0.0,"(0, 2, 3, 4, 6, 7, 8, 9)","(0, 2, 3, 4, 6, 7, 8, 9)",0,55,55,0
15,779,junk,9,0.039894672152665886,False,False,0.11975079842961216,0.11975079842961216,0.1875729333320431,0.07985612627694627,0.07985612627694627,0.05902961479289662,0.05902961479289662,0.0,1,1,0,0,-1,34.63805127555827,34.63805127555827,0.0,"(0, 2, 3, 4, 6, 7, 8, 11)","(0, 2, 3, 4, 6, 7, 8, 11)",0,55,55,0
15,799,useful,3,1.078593769856833,False,False,1.116032553517907,1.116032553517907,1.103547420898639,0.03743878366107389,0.03743878366107389,0.033309527304395604,0.033309527304395604,0.0,0,0,0,0,-1,52.37102636773537,52.37102636773537,0.0,"(0, 2, 3, 4, 5, 6, 7, 8)","(0, 2, 3, 4, 5, 6, 7, 8)",0,57,57,0
15,819,junk,12,0.04537060273510671,False,False,0.07519629017943008,0.07519629017943008,0.07093439452799,0.029825687444323373,0.029825687444323373,0.05364654605477017,0.05364654605477017,0.0,0,0,0,0,-1,49.11714323081461,49.11714323081461,0.0,"(1, 2, 3, 4, 5, 6, 7, 8)","(1, 2, 3, 4, 5, 6, 7, 8)",0,55,55,0
15,839,useful,4,0.8790202524988858,False,False,0.9191271058686591,0.9191271058686591,0.5437358096718369,0.040106853369773265,0.040106853369773265,0.028777391968570796,0.028777391968570796,0.0,0,0,0,0,-1,37.70914245777768,37.70914245777768,0.0,"(2, 3, 4, 5, 6, 7, 8, 9)","(2, 3, 4, 5, 6, 7, 8, 9)",0,56,56,0
15,859,useful,4,0.8411416343161568,False,False,0.8089203098006736,0.8089203098006736,1.2021771707938187,0.03222132451548321,0.03222132451548321,0.0297344456408964,0.0297344456408964,0.0,0,0,0,0,-1,28.39070443300275,28.39070443300275,0.0,"(1, 2, 3, 4, 5, 6, 7, 8)","(1, 2, 3, 4, 5, 6, 7, 8)",0,57,57,0
15,879,transient,10128,0.0,False,False,0.00029053604279273863,0.00029053604279273863,0.1265799524843102,0.00029053604279273863,0.00029053604279273863,0.051994168408668634,0.051994168408668634,0.0,0,0,0,0,-1,40.50273044079596,40.50273044079596,0.0,"(1, 2, 3, 4, 5, 6, 7, 8)","(1, 2, 3, 4, 5, 6, 7, 8)",0,57,57,0
15,899,junk,10,0.052892494709322106,False,False,0.069266966485237,0.069266966485237,0.1253354639159498,0.016374471775914896,0.016374471775914896,0.047217366409441804,0.047217366409441804,0.0,1,1,0,0,-1,37.53875388127077,37.53875388127077,0.0,"(0, 1, 2, 3, 4, 6, 7, 8)","(0, 1, 2, 3, 4, 6, 7, 8)",0,59,59,0
15,919,transient,10134,0.0,False,False,0.0,0.0,0.0,0.0,0.0,0.05049941416808312,0.05049941416808312,0.0,0,0,0,0,-1,37.12702977237261,37.12702977237261,0.0,"(0, 1, 2, 3, 4, 6, 7, 8)","(0, 1, 2, 3, 4, 6, 7, 8)",0,59,59,0
15,939,junk,12,0.036744673302140325,False,False,0.04861040842287993,0.04861040842287993,0.0,0.011865735120739608,0.011865735120739608,0.039022467188523126,0.039022467188523126,0.0,0,0,0,0,-1,39.497919152620824,39.497919152620824,0.0,"(0, 2, 3, 4, 5, 6, 7, 8)","(0, 2, 3, 4, 5, 6, 7, 8)",0,60,60,0
15,959,critical,8,4.515064484568048,False,False,4.532649494391354,4.532649494391354,4.4687743275573215,0.01758500982330613,0.01758500982330613,0.0393509739763634,0.0393509739763634,0.0,0,0,0,0,-1,42.43752816067766,42.43752816067766,0.0,"(0, 1, 2, 3, 4, 6, 7, 8)","(0, 1, 2, 3, 4, 6, 7, 8)",0,61,61,0
15,979,useful,3,1.2905598701749172,True,True,0.36196184465891923,1.153195632473025,1.153195632473025,0.928598025515998,0.1373642377018922,0.07226382169791087,0.024951301669795225,0.07161950654251112,0,0,0,0,-1,37.582235269303,37.582235269303,0.0,"(0, 1, 2, 3, 4, 6, 7, 8)","(0, 1, 2, 3, 4, 6, 7, 8)",0,61,61,0
15,999,useful,4,0.8404241676708614,False,False,0.8128175262375341,0.8128175262375341,0.6882327361881031,0.02760664143332725,0.02760664143332725,0.03945343789864751,0.03945343789864751,0.0,0,0,0,0,-1,29.559507221610076,29.559507221610076,0.0,"(0, 2, 3, 4, 5, 6, 7, 8)","(0, 2, 3, 4, 5, 6, 7, 8)",0,62,62,0
15,1019,useful,2,0.4611977262993251,False,False,0.3548194296122488,0.3548194296122488,0.3351312870154295,0.10637829668707627,0.10637829668707627,0.06235528596224725,0.06235528596224725,0.0,0,0,0,0,-1,25.087837180557177,25.087837180557177,0.0,"(0, 1, 3, 4, 5, 6, 7, 8)","(0, 1, 3, 4, 5, 6, 7, 8)",0,62,62,0
15,1039,useful,0,0.9899485583893859,False,False,1.0281797492074487,1.0281797492074487,1.0831197955947243,0.03823119081806281,0.03823119081806281,0.014037693620076603,0.014037693620076603,0.0,0,0,0,0,-1,34.44673060337021,34.44673060337021,0.0,"(0, 1, 3, 4, 5, 6, 7, 8)","(0, 1, 3, 4, 5, 6, 7, 8)",0,62,62,0
15,1059,useful,3,0.965010900298126,False,False,0.9238514718264895,0.9238514718264895,1.0965241516139528,0.04115942847163645,0.04115942847163645,0.03520960683528025,0.03520960683528025,0.0,0,0,0,0,-1,37.97757427712147,37.97757427712147,0.0,"(0, 1, 3, 4, 5, 6, 7, 8)","(0, 1, 3, 4, 5, 6, 7, 8)",0,62,62,0
15,1079,useful,0,1.2292451118112486,True,True,0.28887783891351737,1.2009323303474082,1.2009323303474082,0.9403672728977313,0.02831278146384042,0.08600117902000648,0.023833116155119197,0.081163196541749,0,0,0,0,-1,30.313994582000365,30.313994582000365,0.0,"(0, 1, 2, 3, 4, 6, 7, 8)","(0, 1, 2, 3, 4, 6, 7, 8)",0,63,63,0
15,1099,transient,10146,0.0,False,False,0.0,0.0,0.0,0.0,0.0,0.0437687760628281,0.0437687760628281,0.0,0,0,0,0,-1,28.87730136549473,28.87730136549473,0.0,"(0, 1, 2, 3, 4, 6, 7, 8)","(0, 1, 2, 3, 4, 6, 7, 8)",0,63,63,0
15,1119,useful,3,1.426927520523665,False,False,1.4835808346274322,1.4835808346274322,1.2491819751030695,0.05665331410376728,0.05665331410376728,0.027840513907552353,0.027840513907552353,0.0,0,0,0,0,-1,35.83841964732802,35.83841964732802,0.0,"(0, 1, 2, 3, 4, 6, 7, 8)","(0, 1, 2, 3, 4, 6, 7, 8)",0,63,63,0
15,1139,junk,9,0.05552297387281033,False,False,0.0,0.0,0.04586836295657522,0.05552297387281033,0.05552297387281033,0.03975964326322336,0.03975964326322336,0.0,0,0,0,0,-1,56.90801541959583,56.90801541959583,0.0,"(0, 1, 2, 3, 4, 6, 7, 8)","(0, 1, 2, 3, 4, 6, 7, 8)",0,63,63,0
15,1159,junk,10,0.04862107231373306,True,True,2.677921847265467,0.051168439609605786,0.051168439609605786,2.629300774951734,0.002547367295872724,0.10210438853541243,0.035235443379313273,0.12863279033028543,1,0,1,7,1160,57.069973865879035,61.09603643802205,4.026062572143012,"(0, 1, 2, 3, 4, 6, 7, 8)","(0, 1, 2, 3, 4, 6, 7, 8)",0,67,63,-4
15,1179,critical,6,5.285849027137024,False,False,5.345149368224393,5.345149368224393,5.252670648828556,0.05930034108736937,0.05930034108736937,0.03592041001695958,0.03592041001695958,0.0,0,0,0,0,-1,39.08345825615346,39.08345825615346,0.0,"(1, 2, 3, 4, 5, 6, 7, 8)","(1, 2, 3, 4, 5, 6, 7, 8)",0,64,64,0
15,1199,useful,4,0.7549848464208041,False,False,0.8297407728470779,0.8297407728470779,1.1642482836894812,0.07475592642627382,0.07475592642627382,0.026462112551342058,0.026462112551342058,0.0,0,0,0,0,-1,25.303802144662534,25.303802144662534,0.0,"(1, 2, 3, 4, 5, 6, 7, 8)","(1, 2, 3, 4, 5, 6, 7, 8)",0,64,64,0
15,1219,useful,2,1.0259015760783212,False,False,1.0312071800028337,1.0312071800028337,1.1460306436040575,0.005305603924512514,0.005305603924512514,0.021958926084228985,0.021958926084228985,0.0,0,0,0,0,-1,13.61002878750377,13.61002878750377,0.0,"(1, 2, 3, 4, 5, 6, 7, 8)","(1, 2, 3, 4, 5, 6, 7, 8)",0,64,64,0
15,1239,transient,10165,0.0,True,True,2.495637802420935,0.0,0.0,2.495637802420935,0.0,0.08476462980536618,0.031687039966528496,0.09198077674411878,0,0,0,0,-1,25.614846275643828,25.614846275643828,0.0,"(0, 1, 3, 4, 5, 6, 7, 8)","(0, 1, 3, 4, 5, 6, 7, 8)",0,65,65,0
15,1259,useful,4,1.1394308876788315,False,False,1.1680865473568944,1.1680865473568944,1.2772390163906806,0.02865565967806294,0.02865565967806294,0.018846945600051863,0.018846945600051863,0.0,0,0,0,0,-1,35.89783969397307,35.89783969397307,0.0,"(1, 2, 3, 4, 5, 6, 7, 8)","(1, 2, 3, 4, 5, 6, 7, 8)",0,66,66,0
15,1279,transient,10173,0.0,False,False,0.0,0.0,0.22466365000547792,0.0,0.0,0.027650464507644995,0.027650464507644995,0.0,0,0,0,0,-1,38.46412236965868,38.46412236965868,0.0,"(1, 2, 3, 4, 5, 6, 7, 8)","(1, 2, 3, 4, 5, 6, 7, 8)",0,66,66,0
15,1299,critical,8,3.825359380882598,True,True,0.884185193760803,3.6860168281509407,3.6860168281509407,2.941174187121795,0.1393425527316574,0.1068544703442799,0.0377471681554297,0.11076059330818704,0,0,0,0,-1,38.62792349512866,38.62792349512866,0.0,"(0, 1, 3, 4, 5, 6, 7, 8)","(0, 1, 3, 4, 5, 6, 7, 8)",0,67,67,0
15,1319,useful,3,1.1722688685942635,True,False,0.48682918912179685,0.48682918912179685,1.1125716581156317,0.6854396794724666,0.6854396794724666,0.06243985513071367,0.06243985513071367,0.0,0,0,0,0,-1,40.26481322398736,40.26481322398736,0.0,"(0, 1, 3, 4, 5, 6, 7, 8)","(0, 1, 3, 4, 5, 6, 7, 8)",0,67,67,0
15,1339,useful,3,1.1368580385599183,False,False,1.12495086594886,1.12495086594886,1.2904615668047847,0.011907172611058225,0.011907172611058225,0.00986353534732967,0.00986353534732967,0.0,0,0,0,0,-1,45.731057358862884,45.731057358862884,0.0,"(1, 2, 3, 4, 5, 6, 7, 8)","(1, 2, 3, 4, 5, 6, 7, 8)",0,68,68,0
15,1359,junk,12,0.05070638041687604,False,False,0.10480567811528262,0.10480567811528262,0.3236407840349281,0.05409929769840657,0.05409929769840657,0.031794793395870484,0.031794793395870484,0.0,0,0,0,0,-1,44.3138907205649,44.3138907205649,0.0,"(1, 2, 3, 4, 5, 6, 7, 8)","(1, 2, 3, 4, 5, 6, 7, 8)",0,68,68,0
15,1379,useful,5,1.4404191989028137,False,False,1.4780990003468248,1.4780990003468248,1.4139362474916657,0.037679801444011174,0.037679801444011174,0.02385534978780713,0.02385534978780713,0.0,0,0,0,0,-1,24.944104779688555,24.944104779688555,0.0,"(1, 2, 3, 4, 5, 6, 7, 8)","(1, 2, 3, 4, 5, 6, 7, 8)",0,68,68,0
15,1399,critical,8,6.395363485330055,False,False,6.443100720733725,6.443100720733725,6.478077856319299,0.047737235403670475,0.047737235403670475,0.03689449171511683,0.03689449171511683,0.0,0,0,0,0,-1,0.0,0.0,0.0,"(1, 2, 3, 4, 5, 6, 7, 8)","(1, 2, 3, 4, 5, 6, 7, 8)",0,68,68,0
16,19,junk,10,0.051169717602480284,False,False,0.04146949964637297,0.04146949964637297,0.46399319499623903,0.009700217956107315,0.009700217956107315,0.07225701397216298,0.07225701397216298,0.0,0,0,0,0,-1,17.088946221634423,17.088946221634423,0.0,"(0, 1, 2, 4, 5, 7, 8)","(0, 1, 2, 4, 5, 7, 8)",0,7,7,0
16,39,junk,9,0.06480454528508571,True,True,3.1132717912038164,0.14496921735798435,0.14496921735798435,3.0484672459187308,0.08016467207289864,0.076297374669201,0.06516711955997206,0.1411948790385531,1,1,0,7,40,31.738744091081198,33.30377632884359,1.5650322377623915,"(0, 1, 4, 5, 6, 7, 8, 9)","(0, 1, 2, 4, 5, 6, 7, 8)",1,15,11,-4
16,59,transient,10009,0.0,False,False,0.04218575207909842,0.04218575207909842,0.0,0.04218575207909842,0.04218575207909842,0.058140934655811334,0.058140934655811334,0.0,0,0,0,0,-1,46.64612909189632,46.64612909189632,0.0,"(0, 1, 3, 4, 5, 6, 7, 8)","(0, 1, 3, 4, 5, 6, 7, 8)",0,12,12,0
16,79,useful,0,1.122385084656373,False,False,1.1215458686981745,1.1215458686981745,1.2643057074924426,0.0008392159581984693,0.0008392159581984693,0.04102278284051677,0.04102278284051677,0.0,0,0,0,0,-1,39.18169182467464,39.18169182467464,0.0,"(0, 1, 3, 4, 5, 6, 7, 8)","(0, 1, 3, 4, 5, 6, 7, 8)",0,12,12,0
16,99,transient,10011,0.0,False,False,0.0,0.0,0.0,0.0,0.0,0.04366969420785813,0.04366969420785813,0.0,0,0,0,0,-1,22.799489987272782,22.799489987272782,0.0,"(0, 1, 2, 4, 5, 6, 7, 8)","(0, 1, 2, 4, 5, 6, 7, 8)",0,13,13,0
16,119,useful,4,1.161937351886481,False,False,1.1401908767731297,1.1401908767731297,1.2902158337582113,0.02174647511335137,0.02174647511335137,0.02588040296072932,0.02588040296072932,0.0,0,0,0,0,-1,19.584605285297897,19.584605285297897,0.0,"(0, 1, 2, 4, 5, 6, 7, 8)","(0, 1, 2, 4, 5, 6, 7, 8)",0,13,13,0
16,139,useful,4,0.922486532770117,False,False,0.943007226613528,0.943007226613528,0.8109448016340182,0.02052069384341093,0.02052069384341093,0.03766952692497906,0.03766952692497906,0.0,0,0,0,0,-1,31.186737909772752,31.186737909772752,0.0,"(0, 1, 2, 4, 5, 6, 7, 8)","(0, 1, 2, 4, 5, 6, 7, 8)",0,13,13,0
16,159,junk,9,0.05121262704946358,True,True,2.417751709265403,0.0,0.0,2.3665390822159393,0.05121262704946358,0.08009340429254849,0.043879770571860134,0.1123234792448781,1,0,1,8,163,27.416458488029402,27.959036940261353,0.5425784522319503,"(0, 1, 2, 4, 6, 7, 8, 9)","(0, 1, 2, 4, 5, 6, 7, 8)",1,14,13,-1
16,179,critical,8,4.163936361441732,False,False,4.200369177535445,4.200369177535445,4.132313739468188,0.03643281609371307,0.03643281609371307,0.037906431112014395,0.037906431112014395,0.0,0,0,0,0,-1,37.990814990792856,37.990814990792856,0.0,"(1, 2, 3, 4, 5, 6, 7, 8)","(1, 2, 3, 4, 5, 6, 7, 8)",0,14,14,0
16,199,junk,11,0.04498920161169624,False,False,0.10844559057346226,0.10844559057346226,0.11378552622510209,0.06345638896176602,0.06345638896176602,0.036001581534140424,0.036001581534140424,0.0,0,0,0,0,-1,28.05870414075269,28.05870414075269,0.0,"(0, 1, 2, 3, 4, 6, 7, 8)","(0, 1, 2, 3, 4, 6, 7, 8)",0,15,15,0
16,219,useful,5,0.99906832026449,False,False,0.9741578953397192,0.9741578953397192,1.2600296177453698,0.024910424924770802,0.024910424924770802,0.025296958741661192,0.025296958741661192,0.0,0,0,0,0,-1,29.946830651554375,29.946830651554375,0.0,"(0, 1, 2, 3, 4, 6, 7, 8)","(0, 1, 2, 3, 4, 6, 7, 8)",0,15,15,0
16,239,useful,0,0.8138523165672595,False,False,0.8076562501201436,0.8076562501201436,0.568156602733961,0.0061960664471159,0.0061960664471159,0.04276467183499737,0.04276467183499737,0.0,0,0,0,0,-1,17.746925475364307,17.746925475364307,0.0,"(0, 1, 2, 4, 5, 6, 7, 8)","(0, 1, 2, 4, 5, 6, 7, 8)",0,16,16,0
16,259,useful,2,1.0649913359545027,False,False,1.0452666543689435,1.0452666543689435,0.7463282065983323,0.01972468158555918,0.01972468158555918,0.030830278060934264,0.030830278060934264,0.0,0,0,0,0,-1,18.093926607253213,18.093926607253213,0.0,"(0, 1, 2, 4, 5, 6, 7, 8)","(0, 1, 2, 4, 5, 6, 7, 8)",0,16,16,0
16,279,junk,10,0.06581058979810589,True,True,2.9436516323042317,0.0,0.0,2.877841042506126,0.06581058979810589,0.09951871956927584,0.04189383508005559,0.13580932989414995,1,0,1,0,-1,22.060119804060555,22.060119804060555,0.0,"(0, 1, 2, 4, 5, 6, 7, 8)","(0, 1, 2, 4, 5, 6, 7, 8)",0,17,16,-1
16,299,junk,12,0.054483287894457146,False,False,0.08841902243013675,0.08841902243013675,0.12871957980109466,0.0339357345356796,0.0339357345356796,0.034888341599747026,0.034888341599747026,0.0,0,0,0,0,-1,27.8728833375868,27.8728833375868,0.0,"(1, 2, 3, 4, 5, 6, 7, 8)","(1, 2, 3, 4, 5, 6, 7, 8)",0,17,17,0
16,319,useful,5,1.0448747686517605,False,False,1.0788508154078316,1.0788508154078316,0.8706165780816705,0.03397604675607102,0.03397604675607102,0.015926826490692856,0.015926826490692856,0.0,0,0,0,0,-1,38.61044698658147,38.61044698658147,0.0,"(0, 1, 2, 4, 5, 6, 7, 8)","(0, 1, 2, 4, 5, 6, 7, 8)",0,18,18,0
16,339,transient,10054,0.0,False,False,0.0042489888552912905,0.0042489888552912905,0.0,0.0042489888552912905,0.0042489888552912905,0.02854869253645252,0.02854869253645252,0.0,0,0,0,0,-1,32.7634116865192,32.7634116865192,0.0,"(0, 1, 2, 4, 5, 6, 7, 8)","(0, 1, 2, 4, 5, 6, 7, 8)",0,18,18,0
16,359,junk,9,0.040346383097223465,True,True,2.161296017696532,0.0,0.0,2.1209496345993086,0.040346383097223465,0.09698976824340969,0.03603179742209766,0.13002538000018046,1,0,1,2,398,29.66094388073592,29.66094388073592,0.0,"(1, 2, 3, 4, 5, 6, 7, 8)","(1, 2, 3, 4, 5, 6, 7, 8)",0,20,19,-1
16,379,transient,10060,0.0,False,False,0.04628302949569855,0.04628302949569855,0.23916085318283928,0.04628302949569855,0.04628302949569855,0.03179702940590894,0.03179702940590894,0.0,0,0,0,0,-1,28.076881988178506,28.076881988178506,0.0,"(0, 1, 2, 4, 5, 6, 7, 8)","(0, 1, 2, 4, 5, 6, 7, 8)",0,20,20,0
16,399,useful,3,0.7910801719169953,False,False,0.6709528647103493,0.6709528647103493,1.025202723156957,0.120127307206646,0.120127307206646,0.021157962602665708,0.021157962602665708,0.0,0,0,0,0,-1,20.528265943070224,20.528265943070224,0.0,"(1, 2, 3, 4, 5, 6, 7, 8)","(1, 2, 3, 4, 5, 6, 7, 8)",0,21,21,0
16,419,useful,4,1.2155668549391558,False,False,1.1882565712552613,1.1882565712552613,1.2887140715965344,0.027310283683894543,0.027310283683894543,0.02247882801233902,0.02247882801233902,0.0,0,0,0,0,-1,20.482279624780215,20.482279624780215,0.0,"(0, 1, 2, 4, 5, 6, 7, 8)","(0, 1, 2, 4, 5, 6, 7, 8)",0,22,22,0
16,439,transient,10066,0.0,False,False,0.0,0.0,0.0,0.0,0.0,0.040402717819639666,0.040402717819639666,0.0,0,0,0,0,-1,22.241697310959452,22.241697310959452,0.0,"(0, 1, 2, 4, 5, 6, 7, 8)","(0, 1, 2, 4, 5, 6, 7, 8)",0,22,22,0
16,459,transient,10069,0.0,True,True,2.7426488332326886,0.596887648524938,0.596887648524938,2.7426488332326886,0.596887648524938,0.11306814631370903,0.0391914342545741,0.10775195596488514,0,0,0,2,488,26.268466828495246,26.268466828495246,0.0,"(1, 2, 3, 4, 5, 6, 7, 8)","(1, 2, 3, 4, 5, 6, 7, 8)",0,23,23,0
16,479,useful,2,1.2028822789738896,False,False,1.2169441286007303,1.2169441286007303,1.2299713489891673,0.014061849626840761,0.014061849626840761,0.02192951320889815,0.02192951320889815,0.0,0,0,0,0,-1,25.722910756582245,25.722910756582245,0.0,"(1, 2, 3, 4, 5, 6, 7, 8)","(1, 2, 3, 4, 5, 6, 7, 8)",0,23,23,0
16,499,useful,3,0.7813923618145824,False,False,0.8112532298265025,0.8112532298265025,0.13648304283440604,0.029860868011920116,0.029860868011920116,0.025939531262594163,0.025939531262594163,0.0,0,0,0,0,-1,29.936211303896126,29.936211303896126,0.0,"(1, 2, 3, 4, 5, 6, 7, 8)","(1, 2, 3, 4, 5, 6, 7, 8)",0,23,23,0
16,519,junk,12,0.04668518102023789,False,False,0.03052360775003205,0.03052360775003205,0.0,0.016161573270205835,0.016161573270205835,0.02943047704510783,0.02943047704510783,0.0,0,0,0,0,-1,25.48130597856971,25.48130597856971,0.0,"(0, 1, 2, 4, 5, 6, 7, 8)","(0, 1, 2, 4, 5, 6, 7, 8)",0,24,24,0
16,539,useful,3,0.7980310522140215,False,False,0.7164224776298314,0.7164224776298314,0.6903554127638335,0.08160857458419013,0.08160857458419013,0.01755197317993258,0.01755197317993258,0.0,0,0,0,0,-1,23.502640327756716,23.502640327756716,0.0,"(0, 1, 2, 3, 4, 6, 7, 8)","(0, 1, 2, 3, 4, 6, 7, 8)",0,25,25,0
16,559,transient,10088,0.0,False,False,0.0,0.0,0.0,0.0,0.0,0.025132695164774656,0.025132695164774656,0.0,0,0,0,0,-1,21.01282792185859,21.01282792185859,0.0,"(0, 1, 2, 4, 5, 6, 7, 8)","(0, 1, 2, 4, 5, 6, 7, 8)",0,26,26,0
16,579,useful,1,0.8390828289219852,False,False,0.8962065553479599,0.8962065553479599,0.8745119096986187,0.05712372642597474,0.05712372642597474,0.03160351063064997,0.03160351063064997,0.0,0,0,0,0,-1,25.5213994648461,25.5213994648461,0.0,"(0, 1, 2, 3, 4, 6, 7, 8)","(0, 1, 2, 3, 4, 6, 7, 8)",0,27,27,0
16,599,useful,4,1.1418471126493466,False,False,1.2322299634960305,1.2322299634960305,1.4600975625618446,0.09038285084668396,0.09038285084668396,0.026242552590912006,0.026242552590912006,0.0,0,0,0,0,-1,29.51983395191231,29.51983395191231,0.0,"(0, 1, 2, 3, 4, 6, 7, 8)","(0, 1, 2, 3, 4, 6, 7, 8)",0,29,29,0
16,619,useful,1,1.164087613027215,False,False,1.1165821906650597,1.1165821906650597,1.4378711450328427,0.04750542236215538,0.04750542236215538,0.018267529041451586,0.018267529041451586,0.0,0,0,0,0,-1,34.528822609077274,34.528822609077274,0.0,"(0, 1, 2, 4, 5, 6, 7, 8)","(0, 1, 2, 4, 5, 6, 7, 8)",0,30,30,0
16,639,junk,9,0.04122138328268615,True,True,2.417736440413582,0.0,0.0,2.376515057130896,0.04122138328268615,0.10056151630607177,0.031885610719252874,0.11202308608523211,1,0,1,0,-1,25.808851821079948,25.808851821079948,0.0,"(0, 1, 2, 4, 5, 6, 7, 8)","(0, 1, 2, 4, 5, 6, 7, 8)",0,31,30,-1
16,659,useful,2,1.1284964290388373,False,False,1.1038513954055857,1.1038513954055857,0.9943175267874147,0.024645033633251545,0.024645033633251545,0.019070489873186734,0.019070489873186734,0.0,0,0,0,0,-1,25.837808267389235,25.837808267389235,0.0,"(0, 1, 2, 4, 5, 6, 7, 8)","(0, 1, 2, 4, 5, 6, 7, 8)",0,30,30,0
16,679,junk,13,0.04662436054239425,False,False,0.019400410959936165,0.019400410959936165,0.0,0.027223949582458086,0.027223949582458086,0.027549195084727137,0.027549195084727137,0.0,0,0,0,0,-1,28.764874737382396,28.764874737382396,0.0,"(0, 1, 2, 4, 6, 7, 8, 10)","(0, 1, 2, 4, 6, 7, 8, 10)",0,31,31,0
16,699,junk,13,0.04035943475789602,False,False,0.0,0.0,0.39446586227964175,0.04035943475789602,0.04035943475789602,0.020795669169829688,0.020795669169829688,0.0,0,0,0,0,-1,29.564369428513537,29.564369428513537,0.0,"(1, 2, 3, 4, 6, 7, 8, 10)","(1, 2, 3, 4, 6, 7, 8, 10)",0,36,36,0
16,719,transient,10112,0.0,True,True,2.66011879988404,0.37638880744939285,0.37638880744939285,2.66011879988404,0.37638880744939285,0.09502652514246471,0.06563075468530125,0.10903172368721921,0,0,0,12,726,27.458438837026417,25.93074211759792,-1.5276967194284978,"(2, 4, 6, 7, 8, 10, 11, 12)","(1, 2, 4, 5, 6, 7, 8, 10)",1,42,42,0
16,739,critical,6,6.91970028289967,False,False,6.865931705636724,6.865931705636724,6.916645519846596,0.053768577262945705,0.053768577262945705,0.07196993052004093,0.07196993052004093,0.0,0,0,0,0,-1,19.689888072613307,19.689888072613307,0.0,"(2, 3, 4, 6, 7, 8, 9, 13)","(2, 3, 4, 6, 7, 8, 9, 13)",0,47,47,0
16,759,useful,4,0.9428359343100052,False,False,0.9312419995532869,0.9312419995532869,0.9042663293096125,0.011593934756718327,0.011593934756718327,0.029822279608222944,0.029822279608222944,0.0,0,0,0,0,-1,24.22873261207115,24.22873261207115,0.0,"(0, 2, 4, 6, 7, 8, 10, 13)","(0, 2, 4, 6, 7, 8, 10, 13)",0,50,50,0
16,779,useful,4,0.9684162473074212,True,False,0.30460671575103027,0.30460671575103027,1.0493814537114674,0.6638095315563909,0.6638095315563909,0.051320549992921856,0.051320549992921856,0.0,0,0,0,0,-1,29.018353612345262,29.018353612345262,0.0,"(1, 2, 4, 6, 7, 8, 10, 11)","(1, 2, 4, 6, 7, 8, 10, 11)",0,56,56,0
16,799,useful,4,0.6628546303803264,False,False,0.6918319172876859,0.6918319172876859,0.9210094098597698,0.028977286907359456,0.028977286907359456,0.03186231450665573,0.03186231450665573,0.0,0,0,0,0,-1,26.971429650884755,26.971429650884755,0.0,"(2, 4, 6, 7, 8, 10, 11, 13)","(2, 4, 6, 7, 8, 10, 11, 13)",0,59,59,0
16,819,useful,4,0.7120467102599504,True,False,0.3431561843029042,0.3431561843029042,0.533027703412826,0.3688905259570462,0.3688905259570462,0.03980034669734665,0.03980034669734665,0.0,0,0,0,0,-1,20.45177379957628,20.45177379957628,0.0,"(2, 6, 7, 8, 9, 10, 11, 12)","(2, 6, 7, 8, 9, 10, 11, 12)",0,65,65,0
16,839,junk,11,0.051537349959751726,True,True,2.580679976152267,0.0,0.0,2.5291426261925154,0.051537349959751726,0.08657725008108687,0.06581922915389608,0.1173742603438173,0,0,0,19,846,13.221470258473076,15.18018800704811,1.958717748575035,"(2, 3, 6, 7, 8, 9, 11, 13)","(2, 6, 7, 8, 10, 11, 12, 13)",1,71,69,-2
16,859,junk,13,0.05714450777881787,False,False,0.0,0.0,0.0,0.05714450777881787,0.05714450777881787,0.05594402301719858,0.05594402301719858,0.0,1,1,0,0,-1,14.408155608815578,14.408155608815578,0.0,"(0, 1, 2, 6, 7, 8, 9, 11)","(0, 1, 2, 6, 7, 8, 9, 11)",0,71,71,0
16,879,transient,10128,0.0,True,True,2.5687437582841373,0.0,0.0,2.5687437582841373,0.0,0.08569131884061741,0.05459315209845243,0.10182139805705154,0,0,0,12,880,8.078063704903872,9.343472405232157,1.265408700328285,"(1, 2, 4, 6, 7, 8, 11, 13)","(0, 1, 2, 6, 7, 8, 9, 11)",1,79,72,-7
16,899,useful,1,0.8295828577325354,False,False,0.7877237533985757,0.7877237533985757,0.5022288659019918,0.041859104333959674,0.041859104333959674,0.029865986673407664,0.029865986673407664,0.0,1,1,0,0,-1,16.601145095250637,16.601145095250637,0.0,"(0, 2, 3, 4, 6, 7, 8, 11)","(0, 2, 3, 4, 6, 7, 8, 11)",0,74,74,0
16,919,transient,10133,0.0,False,False,0.032626266990938776,0.032626266990938776,0.17379495385983926,0.032626266990938776,0.032626266990938776,0.05061811689884449,0.05061811689884449,0.0,0,0,0,0,-1,22.546052774297177,22.546052774297177,0.0,"(0, 2, 3, 4, 5, 6, 7, 8)","(0, 2, 3, 4, 5, 6, 7, 8)",0,75,75,0
16,939,useful,4,1.1308840836891023,True,True,0.26003579731956533,1.4801212875168768,1.4801212875168768,0.870848286369537,0.34923720382777446,0.08314710047516762,0.02264857148667146,0.09059161025032332,0,0,0,2,970,25.76458315162119,26.976641449629764,1.212058298008575,"(0, 2, 4, 5, 6, 7, 8, 11)","(0, 2, 3, 4, 5, 6, 7, 8)",1,75,75,0
16,959,junk,12,0.0519520755672578,False,False,0.049385439687590904,0.049385439687590904,0.10978426221660993,0.0025666358796668926,0.0025666358796668926,0.04417654257327036,0.04417654257327036,0.0,1,1,0,0,-1,23.508997376627743,23.508997376627743,0.0,"(0, 2, 4, 5, 6, 7, 8, 11)","(0, 2, 4, 5, 6, 7, 8, 11)",0,79,79,0
16,979,junk,9,0.042422694247849016,False,False,0.09950795903993699,0.09950795903993699,0.06106991369436547,0.057085264792087975,0.057085264792087975,0.03954210394622097,0.03954210394622097,0.0,1,1,0,0,-1,27.037001461048064,27.037001461048064,0.0,"(0, 2, 3, 4, 6, 7, 8, 11)","(0, 2, 3, 4, 6, 7, 8, 11)",0,81,81,0
16,999,useful,2,0.8917551790763316,False,False,0.9252696815297745,0.9252696815297745,0.7679192714411562,0.033514502453442896,0.033514502453442896,0.03552542705979874,0.03552542705979874,0.0,0,0,0,0,-1,20.011595729867167,20.011595729867167,0.0,"(1, 2, 3, 4, 5, 6, 7, 8)","(1, 2, 3, 4, 5, 6, 7, 8)",0,84,84,0
16,1019,useful,4,1.1065795051412752,True,True,0.4915594508406926,1.9150068443559092,1.9150068443559092,0.6150200543005826,0.8084273392146339,0.06118929418541872,0.04832010382644954,0.07511334945925936,0,0,0,7,1037,20.591512889582194,20.394582091516597,-0.19693079806559766,"(0, 2, 3, 4, 5, 6, 7, 8)","(0, 2, 3, 4, 5, 6, 7, 8)",0,85,85,0
16,1039,junk,10,0.05804263049722155,False,False,0.17274581614831394,0.17274581614831394,0.13060552606733283,0.11470318565109239,0.11470318565109239,0.035494870947454946,0.035494870947454946,0.0,0,0,0,0,-1,27.597897198883974,27.597897198883974,0.0,"(0, 2, 3, 4, 5, 6, 7, 8)","(0, 2, 3, 4, 5, 6, 7, 8)",0,85,85,0
16,1059,useful,0,1.1025925900210496,False,False,1.1255967689607531,1.1255967689607531,1.0515356110589742,0.023004178939703523,0.023004178939703523,0.010863342991212364,0.010863342991212364,0.0,1,1,0,0,-1,28.833392637908386,28.833392637908386,0.0,"(0, 2, 3, 4, 5, 6, 7, 8)","(0, 2, 3, 4, 5, 6, 7, 8)",0,87,87,0
16,1079,critical,8,4.2457973757388,False,True,4.160533945353867,5.004459534698101,5.004459534698101,0.08526343038493245,0.758662158959301,0.038631190106901366,0.05830521563608937,0.027727534445398366,0,0,0,0,-1,26.888141924099813,26.888141924099813,0.0,"(0, 2, 3, 4, 5, 6, 7, 8)","(0, 2, 3, 4, 5, 6, 7, 8)",0,87,87,0
16,1099,useful,4,1.2616934432416596,False,False,1.2813536327917392,1.2813536327917392,1.4688634013837256,0.019660189550079643,0.019660189550079643,0.0062416436227447835,0.0062416436227447835,0.0,0,0,0,0,-1,29.145068794663135,29.145068794663135,0.0,"(0, 1, 2, 3, 4, 6, 7, 8)","(0, 1, 2, 3, 4, 6, 7, 8)",0,88,88,0
16,1119,junk,13,0.04875706611564933,False,False,0.0,0.0,0.0,0.04875706611564933,0.04875706611564933,0.03493508244769272,0.03493508244769272,0.0,1,1,0,0,-1,32.092584153617835,32.092584153617835,0.0,"(1, 2, 3, 4, 5, 6, 7, 8)","(1, 2, 3, 4, 5, 6, 7, 8)",0,89,89,0
16,1139,useful,5,0.8868813335262147,False,False,0.8637984463234427,0.8637984463234427,0.9831901541237146,0.023082887202771962,0.023082887202771962,0.034426372325873034,0.034426372325873034,0.0,0,0,0,0,-1,31.91748462142386,31.91748462142386,0.0,"(0, 1, 2, 3, 4, 6, 7, 8)","(0, 1, 2, 3, 4, 6, 7, 8)",0,90,90,0
16,1159,useful,3,0.6336086494816027,False,False,0.5714093991725645,0.5714093991725645,0.6826034826153854,0.06219925030903817,0.06219925030903817,0.05081063991582163,0.05081063991582163,0.0,0,0,0,0,-1,24.251001399651432,24.251001399651432,0.0,"(0, 1, 2, 3, 4, 6, 7, 8)","(0, 1, 2, 3, 4, 6, 7, 8)",0,90,90,0
16,1179,junk,9,0.06168988104604454,False,False,0.09421753909131664,0.09421753909131664,0.18748636238949892,0.0325276580452721,0.0325276580452721,0.03582610010934167,0.03582610010934167,0.0,1,1,0,0,-1,25.26012459653151,25.26012459653151,0.0,"(1, 2, 3, 4, 5, 6, 7, 8)","(1, 2, 3, 4, 5, 6, 7, 8)",0,92,92,0
16,1199,transient,10176,0.0,False,False,0.0,0.0,0.0,0.0,0.0,0.032104555665742385,0.032104555665742385,0.0,0,0,0,0,-1,28.046874917031086,28.046874917031086,0.0,"(0, 1, 2, 3, 4, 6, 7, 8)","(0, 1, 2, 3, 4, 6, 7, 8)",0,93,93,0
16,1219,useful,4,1.3699613764303267,False,False,1.3480550133459501,1.3480550133459501,1.2897344242484536,0.021906363084376546,0.021906363084376546,0.013663682078838838,0.013663682078838838,0.0,0,0,0,0,-1,33.50226405255941,33.50226405255941,0.0,"(0, 2, 3, 4, 5, 6, 7, 8)","(0, 2, 3, 4, 5, 6, 7, 8)",0,94,94,0
16,1239,critical,7,4.4672696348826335,False,False,4.402560584051511,4.402560584051511,4.303762820100212,0.0647090508311221,0.0647090508311221,0.030989261704317865,0.030989261704317865,0.0,0,0,0,0,-1,29.503708429700662,29.503708429700662,0.0,"(0, 1, 2, 3, 4, 6, 7, 8)","(0, 1, 2, 3, 4, 6, 7, 8)",0,95,95,0
16,1259,useful,5,1.0892703913480124,False,False,1.056439738436253,1.056439738436253,0.8980794137441933,0.03283065291175946,0.03283065291175946,0.020505527433512048,0.020505527433512048,0.0,0,0,0,0,-1,35.95921097414685,35.95921097414685,0.0,"(0, 1, 2, 3, 4, 6, 7, 8)","(0, 1, 2, 3, 4, 6, 7, 8)",0,95,95,0
16,1279,useful,0,1.1108710311375392,True,True,0.048946848679364496,1.131935864547654,1.131935864547654,1.0619241824581747,0.02106483341011489,0.07944882069417696,0.02133948004384876,0.08011283023292742,0,0,0,0,-1,51.657102531737074,51.657102531737074,0.0,"(1, 2, 3, 4, 5, 6, 7, 8)","(1, 2, 3, 4, 5, 6, 7, 8)",0,96,96,0
16,1299,useful,1,1.0472567197309486,False,False,1.1004081572763886,1.1004081572763886,1.1814095448945703,0.05315143754544005,0.05315143754544005,0.03638873961675652,0.03638873961675652,0.0,0,0,0,0,-1,51.53438500029722,51.53438500029722,0.0,"(0, 1, 2, 3, 4, 6, 7, 8)","(0, 1, 2, 3, 4, 6, 7, 8)",0,97,97,0
16,1319,transient,10195,0.0,False,False,0.12161388671577188,0.12161388671577188,0.0,0.12161388671577188,0.12161388671577188,0.02912392259777513,0.02912392259777513,0.0,0,0,0,0,-1,39.100362188638165,39.100362188638165,0.0,"(0, 1, 2, 3, 4, 6, 7, 8)","(0, 1, 2, 3, 4, 6, 7, 8)",0,97,97,0
16,1339,useful,0,0.717177034688381,False,False,0.7274700886223823,0.7274700886223823,0.42151013278186605,0.010293053934001262,0.010293053934001262,0.03735990446244258,0.03735990446244258,0.0,1,1,0,0,-1,28.80933612594307,28.80933612594307,0.0,"(0, 1, 2, 3, 5, 6, 7, 8)","(0, 1, 2, 3, 5, 6, 7, 8)",0,99,99,0
16,1359,junk,11,0.04681443711465728,False,False,0.14732466625632082,0.14732466625632082,0.0,0.10051022914166355,0.10051022914166355,0.03153108438808493,0.03153108438808493,0.0,0,0,0,0,-1,23.473886962182114,23.473886962182114,0.0,"(1, 2, 3, 4, 5, 6, 7, 8)","(1, 2, 3, 4, 5, 6, 7, 8)",0,100,100,0
16,1379,junk,10,0.05233954750813036,False,False,0.07533694265584273,0.07533694265584273,0.0,0.022997395147712374,0.022997395147712374,0.026493032381570088,0.026493032381570088,0.0,0,0,0,0,-1,10.070743646028266,10.070743646028266,0.0,"(1, 2, 3, 4, 5, 6, 7, 8)","(1, 2, 3, 4, 5, 6, 7, 8)",0,100,100,0
16,1399,useful,1,1.5395509506718357,False,False,1.6120352936347926,1.6120352936347926,1.565095941390073,0.07248434296295692,0.07248434296295692,0.01832200009848169,0.01832200009848169,0.0,0,0,0,0,-1,0.0,0.0,0.0,"(1, 2, 3, 4, 5, 6, 7, 8)","(1, 2, 3, 4, 5, 6, 7, 8)",0,100,100,0
17,19,useful,5,0.8204602535832658,True,False,0.0,0.0,0.46407633097666495,0.8204602535832658,0.8204602535832658,0.052565377800047795,0.052565377800047795,0.0,0,0,0,0,-1,28.14249966981578,28.14249966981578,0.0,"(0, 1, 2, 3, 6, 7, 11, 12)","(0, 1, 2, 3, 6, 7, 11, 12)",0,11,11,0
17,39,junk,11,0.033617948895538964,False,False,0.0,0.0,0.0,0.033617948895538964,0.033617948895538964,0.06771277646952881,0.06771277646952881,0.0,0,0,0,0,-1,23.91337665996607,23.91337665996607,0.0,"(1, 2, 3, 5, 6, 7, 11, 12)","(1, 2, 3, 5, 6, 7, 11, 12)",0,10,10,0
17,59,junk,11,0.049507057875136276,False,False,0.05109114674279932,0.05109114674279932,0.0009871845401043591,0.001584088867663043,0.001584088867663043,0.06582626323752536,0.06582626323752536,0.0,0,0,0,0,-1,24.602477245511874,24.602477245511874,0.0,"(0, 1, 2, 3, 4, 6, 7, 12)","(0, 1, 2, 3, 4, 6, 7, 12)",0,10,10,0
17,79,transient,10007,0.0,False,False,0.0,0.0,0.13226110558253013,0.0,0.0,0.06280930792652564,0.06280930792652564,0.0,0,0,0,0,-1,28.761119860885636,28.761119860885636,0.0,"(0, 1, 2, 3, 4, 5, 6, 7)","(0, 1, 2, 3, 4, 5, 6, 7)",0,11,11,0
17,99,junk,11,0.05336966703532994,True,True,2.329617594647649,0.09536385914569173,0.09536385914569173,2.276247927612319,0.04199419211036179,0.07081644139307708,0.052453915332836096,0.12147512591861084,1,0,1,10,106,28.55263391330178,32.27527461422633,3.722640700924554,"(0, 1, 2, 3, 4, 6, 7, 11)","(0, 1, 2, 3, 4, 5, 6, 7)",1,14,11,-3
17,119,transient,10012,0.0,False,False,0.01816904930115003,0.01816904930115003,0.16210300140119907,0.01816904930115003,0.01816904930115003,0.05565717922674584,0.05565717922674584,0.0,0,0,0,0,-1,27.408974834515167,27.408974834515167,0.0,"(0, 2, 3, 4, 5, 6, 7, 8)","(0, 2, 3, 4, 5, 6, 7, 8)",0,12,12,0
17,139,junk,11,0.029006385236800738,False,False,0.0,0.0,0.0,0.029006385236800738,0.029006385236800738,0.043724375803433996,0.043724375803433996,0.0,0,0,0,0,-1,46.58312474795531,46.58312474795531,0.0,"(0, 1, 3, 4, 5, 6, 7, 8)","(0, 1, 3, 4, 5, 6, 7, 8)",0,13,13,0
17,159,useful,3,1.7600204427521806,True,True,0.5061909484093207,2.0400307049072786,2.0400307049072786,1.25382949434286,0.28001026215509794,0.06408211885077504,0.01852447665281684,0.07483325768571718,0,0,0,0,-1,52.0665869678773,52.0665869678773,0.0,"(0, 1, 2, 4, 5, 6, 7, 8)","(1, 2, 3, 4, 5, 6, 7, 8)",1,14,14,0
17,179,useful,4,0.7999138012726573,False,False,0.7652390935105089,0.7652390935105089,0.3437750810314326,0.03467470776214843,0.03467470776214843,0.03908379896391748,0.03908379896391748,0.0,0,0,0,0,-1,53.769529814471866,53.769529814471866,0.0,"(1, 2, 3, 4, 5, 6, 7, 8)","(1, 2, 3, 4, 5, 6, 7, 8)",0,14,14,0
17,199,useful,2,0.9396124030813706,False,False,0.9403158553155528,0.9403158553155528,0.9298307797675069,0.0007034522341822225,0.0007034522341822225,0.024397813438739372,0.024397813438739372,0.0,1,1,0,0,-1,33.37989877397014,33.37989877397014,0.0,"(0, 1, 3, 4, 5, 6, 7, 8)","(0, 1, 3, 4, 5, 6, 7, 8)",0,15,15,0
17,219,useful,4,1.2375681541851706,False,False,1.138571557363564,1.138571557363564,1.2129115916730164,0.09899659682160666,0.09899659682160666,0.03610755773326536,0.03610755773326536,0.0,0,0,0,0,-1,37.91528041063225,37.91528041063225,0.0,"(1, 2, 3, 4, 5, 6, 7, 8)","(1, 2, 3, 4, 5, 6, 7, 8)",0,16,16,0
17,239,useful,5,0.6606250626748854,False,False,0.6167334377958165,0.6167334377958165,1.111566667643726,0.04389162487906895,0.04389162487906895,0.026990985600869506,0.026990985600869506,0.0,0,0,0,0,-1,50.458296598567095,50.458296598567095,0.0,"(1, 2, 3, 4, 5, 6, 7, 8)","(1, 2, 3, 4, 5, 6, 7, 8)",0,16,16,0
17,259,transient,10031,0.0,False,False,0.0012152338593518445,0.0012152338593518445,0.0,0.0012152338593518445,0.0012152338593518445,0.048133649550694775,0.048133649550694775,0.0,0,0,0,0,-1,65.0904422931939,65.0904422931939,0.0,"(1, 2, 3, 4, 5, 6, 7, 8)","(1, 2, 3, 4, 5, 6, 7, 8)",0,16,16,0
17,279,useful,1,0.7352819653867653,True,False,0.45642879357508637,0.45642879357508637,0.7576884001754961,0.2788531718116789,0.2788531718116789,0.03570845919089888,0.03570845919089888,0.0,0,0,0,0,-1,56.08759545396116,56.08759545396116,0.0,"(1, 2, 3, 4, 5, 6, 7, 8)","(1, 2, 3, 4, 5, 6, 7, 8)",0,16,16,0
17,299,useful,3,1.2252973001485983,True,True,0.04831935153759964,1.1399281563747898,1.1399281563747898,1.1769779486109986,0.08536914377380844,0.07518516347465415,0.021124934142416188,0.0757200340225832,0,0,0,0,-1,48.519530158573076,48.519530158573076,0.0,"(0, 1, 2, 3, 5, 6, 7, 8)","(0, 1, 2, 3, 5, 6, 7, 8)",0,17,17,0
17,319,junk,13,0.03970823768862103,False,False,0.014223874469746389,0.014223874469746389,0.0,0.02548436321887464,0.02548436321887464,0.034130378707275054,0.034130378707275054,0.0,0,0,0,0,-1,43.98450284898418,43.98450284898418,0.0,"(0, 1, 3, 4, 5, 6, 7, 8)","(0, 1, 3, 4, 5, 6, 7, 8)",0,18,18,0
17,339,critical,7,3.5596646685771915,False,False,3.513784860611184,3.513784860611184,3.3981459863595527,0.04587980796600766,0.04587980796600766,0.034864131147352775,0.034864131147352775,0.0,0,0,0,0,-1,37.42724751472686,37.42724751472686,0.0,"(1, 2, 3, 4, 5, 6, 7, 8)","(1, 2, 3, 4, 5, 6, 7, 8)",0,19,19,0
17,359,junk,12,0.057135902215056766,False,False,0.014178715828570658,0.014178715828570658,0.0,0.04295718638648611,0.04295718638648611,0.03840822813623758,0.03840822813623758,0.0,0,0,0,0,-1,24.10101054792499,24.10101054792499,0.0,"(1, 2, 3, 4, 5, 6, 7, 8)","(1, 2, 3, 4, 5, 6, 7, 8)",0,21,21,0
17,379,critical,6,5.208889471143291,True,True,1.0213042151731786,5.206462805246192,5.206462805246192,4.187585255970112,0.0024266658970990562,0.1057634802450723,0.026069048112037547,0.11838405827843883,0,0,0,6,394,28.724457393884983,26.322895985202678,-2.401561408682305,"(0, 1, 3, 4, 5, 6, 7, 8)","(0, 1, 3, 4, 5, 6, 7, 8)",0,20,22,2
17,399,junk,13,0.05178469320691023,False,False,0.05648701954949006,0.05648701954949006,0.4891778183267783,0.004702326342579825,0.004702326342579825,0.022211386050163217,0.022211386050163217,0.0,0,0,0,0,-1,27.437426883613863,27.437426883613863,0.0,"(0, 2, 3, 4, 5, 6, 7, 8)","(0, 2, 3, 4, 5, 6, 7, 8)",0,23,23,0
17,419,useful,1,1.31076836593188,False,False,1.280264880822526,1.280264880822526,0.5811597908854157,0.030503485109353967,0.030503485109353967,0.017645995255748892,0.017645995255748892,0.0,0,0,0,0,-1,28.900266688980356,28.900266688980356,0.0,"(0, 2, 3, 4, 5, 6, 7, 8)","(0, 2, 3, 4, 5, 6, 7, 8)",0,23,23,0
17,439,useful,1,1.2434336090858467,False,False,1.2065195936951087,1.2065195936951087,1.2290771596806809,0.03691401539073791,0.03691401539073791,0.016387498023661684,0.016387498023661684,0.0,0,0,0,0,-1,32.06884579878596,32.06884579878596,0.0,"(0, 1, 3, 4, 5, 6, 7, 8)","(0, 1, 3, 4, 5, 6, 7, 8)",0,24,24,0
17,459,transient,10058,0.0,False,False,0.01700377855891901,0.01700377855891901,0.0,0.01700377855891901,0.01700377855891901,0.02490468796735266,0.02490468796735266,0.0,0,0,0,0,-1,37.05858521448649,37.05858521448649,0.0,"(0, 1, 3, 4, 5, 6, 7, 8)","(0, 1, 3, 4, 5, 6, 7, 8)",0,24,24,0
17,479,useful,5,1.0243557892227386,False,False,1.0002824883349812,1.0002824883349812,1.0539357838365901,0.024073300887757387,0.024073300887757387,0.022107356977433438,0.022107356977433438,0.0,0,0,0,0,-1,39.4855716574395,39.4855716574395,0.0,"(0, 1, 3, 4, 5, 6, 7, 8)","(0, 1, 3, 4, 5, 6, 7, 8)",0,24,24,0
17,499,useful,0,0.4505191128602065,False,False,0.4734731886946258,0.4734731886946258,0.3814724488479979,0.022954075834419274,0.022954075834419274,0.04267325882815827,0.04267325882815827,0.0,0,0,0,0,-1,48.082573724945334,48.082573724945334,0.0,"(0, 1, 3, 4, 5, 6, 7, 8)","(0, 1, 3, 4, 5, 6, 7, 8)",0,24,24,0
17,519,useful,3,1.1729919291109674,True,True,0.23624454721217006,1.1543497316650628,1.1543497316650628,0.9367473818987974,0.018642197445904563,0.07483490406933745,0.01572113500531877,0.08227015728155336,0,0,0,0,-1,49.975996269611805,49.975996269611805,0.0,"(0, 1, 2, 4, 5, 6, 7, 8)","(0, 1, 2, 4, 5, 6, 7, 8)",0,25,25,0
17,539,transient,10070,0.0,False,False,0.0,0.0,0.0,0.0,0.0,0.025232381135921696,0.025232381135921696,0.0,0,0,0,0,-1,45.397346231591776,45.397346231591776,0.0,"(0, 1, 2, 4, 5, 6, 7, 8)","(0, 1, 2, 4, 5, 6, 7, 8)",0,25,25,0
17,559,useful,1,1.0202843948712366,False,False,1.0855613160348503,1.0855613160348503,1.110646845811103,0.06527692116361372,0.06527692116361372,0.019885173338320433,0.019885173338320433,0.0,0,0,0,0,-1,44.00586700704835,44.00586700704835,0.0,"(0, 1, 2, 4, 5, 6, 7, 8)","(0, 1, 2, 4, 5, 6, 7, 8)",0,27,27,0
17,579,useful,5,1.425412287919696,False,False,1.4376055273224229,1.4376055273224229,1.1520249716429052,0.012193239402726874,0.012193239402726874,0.008119454997812213,0.008119454997812213,0.0,0,0,0,0,-1,48.01118704249165,48.01118704249165,0.0,"(0, 1, 2, 4, 5, 6, 7, 8)","(0, 1, 2, 4, 5, 6, 7, 8)",0,27,27,0
17,599,useful,0,1.1076146815088725,True,False,0.4018449353311072,0.4018449353311072,1.0258670311327667,0.7057697461777653,0.7057697461777653,0.06529470673718824,0.06529470673718824,0.0,0,0,0,0,-1,43.64414567185041,43.64414567185041,0.0,"(1, 2, 3, 4, 5, 6, 7, 8)","(1, 2, 3, 4, 5, 6, 7, 8)",0,28,28,0
17,619,critical,6,3.8480903892412286,False,False,3.88677218379883,3.88677218379883,3.8108071284510214,0.03868179455760146,0.03868179455760146,0.027662708684779273,0.027662708684779273,0.0,0,0,0,0,-1,38.79590842010145,38.79590842010145,0.0,"(1, 2, 3, 4, 5, 6, 7, 8)","(1, 2, 3, 4, 5, 6, 7, 8)",0,28,28,0
17,639,useful,1,0.9189639598274489,True,False,0.20780325257889065,0.20780325257889065,0.8445652362582153,0.7111607072485583,0.7111607072485583,0.05903503869493892,0.05903503869493892,0.0,0,0,0,0,-1,38.212827730278065,38.212827730278065,0.0,"(0, 2, 3, 4, 5, 6, 7, 8)","(0, 2, 3, 4, 5, 6, 7, 8)",0,29,29,0
17,659,useful,2,0.9525767305002348,False,False,0.9250595271878876,0.9250595271878876,0.5053721124662183,0.027517203312347194,0.027517203312347194,0.023341226443111263,0.023341226443111263,0.0,0,0,0,0,-1,33.12265190555833,33.12265190555833,0.0,"(1, 2, 3, 4, 5, 6, 7, 8)","(1, 2, 3, 4, 5, 6, 7, 8)",0,30,30,0
17,679,useful,4,1.383417364965894,False,False,1.274663055267848,1.274663055267848,1.4295471613479998,0.10875430969804611,0.10875430969804611,0.00855919922909543,0.00855919922909543,0.0,0,0,0,0,-1,28.109901361684507,28.109901361684507,0.0,"(1, 2, 3, 4, 6, 7, 8, 10)","(1, 2, 3, 4, 6, 7, 8, 10)",0,32,32,0
17,699,junk,13,0.05451050424017154,False,False,0.0037428546853510714,0.0037428546853510714,0.4158581741481232,0.050767649554820465,0.050767649554820465,0.038595669383028226,0.038595669383028226,0.0,0,0,0,0,-1,37.93492542107288,37.93492542107288,0.0,"(2, 3, 4, 6, 7, 8, 11, 13)","(2, 3, 4, 6, 7, 8, 11, 13)",0,35,35,0
17,719,useful,2,1.2482636848902664,True,True,0.23823109257672823,1.1141935846202022,1.1141935846202022,1.0100325923135383,0.13407010027006416,0.07548346614745766,0.049480586022530144,0.06747489189063847,0,0,0,8,723,34.56948573871496,33.0245113577957,-1.5449743809192569,"(2, 3, 4, 6, 7, 8, 9, 13)","(2, 3, 4, 6, 7, 8, 9, 13)",0,37,36,-1
17,739,useful,5,0.835573142001828,False,False,0.9027982965189775,0.9027982965189775,0.8000019564107271,0.0672251545171495,0.0672251545171495,0.029685458394863164,0.029685458394863164,0.0,1,1,0,0,-1,32.864251533773704,32.864251533773704,0.0,"(1, 2, 3, 4, 6, 7, 8, 13)","(1, 2, 3, 4, 6, 7, 8, 13)",0,41,41,0
17,759,useful,5,0.6507609127366468,False,False,0.6400790399865869,0.6400790399865869,0.8302757838690338,0.01068187275005994,0.01068187275005994,0.027614087524054278,0.027614087524054278,0.0,0,0,0,0,-1,35.602924003732674,35.602924003732674,0.0,"(2, 3, 4, 6, 7, 8, 12, 13)","(2, 3, 4, 6, 7, 8, 12, 13)",0,43,43,0
17,779,transient,10099,0.0,False,False,0.022698132135213503,0.022698132135213503,0.039597005452855764,0.022698132135213503,0.022698132135213503,0.06491918176401937,0.06491918176401937,0.0,0,0,0,0,-1,29.03794003691603,29.03794003691603,0.0,"(2, 4, 6, 7, 8, 9, 12, 13)","(2, 4, 6, 7, 8, 9, 12, 13)",0,44,44,0
17,799,junk,12,0.02987842817491961,True,True,2.7192727106434407,0.18757983545510667,0.18757983545510667,2.689394282468521,0.15770140728018706,0.0871829984400947,0.056598268542995024,0.11166889548536497,0,0,0,10,810,28.370278252292486,29.20375372112605,0.8334754688335622,"(2, 3, 6, 7, 8, 9, 12, 13)","(2, 3, 4, 6, 7, 8, 12, 13)",1,47,45,-2
17,819,useful,2,0.405835885914949,False,False,0.38378786382521396,0.38378786382521396,0.8216797249901175,0.022048022089735053,0.022048022089735053,0.033791622437651526,0.033791622437651526,0.0,0,0,0,0,-1,35.30864099488791,35.30864099488791,0.0,"(2, 3, 5, 6, 7, 8, 12, 13)","(2, 3, 5, 6, 7, 8, 12, 13)",0,46,46,0
17,839,junk,11,0.0571785962266697,True,True,2.8731921312609914,0.0,0.0,2.8160135350343216,0.0571785962266697,0.0862783485038431,0.05696622530322046,0.1037337672874423,1,1,0,5,858,27.79996963395847,27.000692303562936,-0.7992773303955332,"(2, 5, 6, 7, 8, 10, 12, 13)","(2, 3, 4, 6, 7, 8, 12, 13)",1,51,49,-2
17,859,critical,7,4.515986392348793,False,False,4.5119204395955395,4.5119204395955395,4.762697599105527,0.004065952753253832,0.004065952753253832,0.05333472383687051,0.05333472383687051,0.0,0,0,0,0,-1,27.563638099916037,27.563638099916037,0.0,"(0, 1, 2, 3, 6, 7, 8, 13)","(0, 1, 2, 3, 6, 7, 8, 13)",0,52,52,0
17,879,useful,0,1.0303534062690733,False,False,0.9725284801188038,0.9725284801188038,0.8364402088599308,0.05782492615026957,0.05782492615026957,0.016843396015365206,0.016843396015365206,0.0,0,0,0,0,-1,33.962447290129326,33.962447290129326,0.0,"(1, 2, 4, 5, 6, 7, 8, 13)","(1, 2, 4, 5, 6, 7, 8, 13)",0,54,54,0
17,899,junk,13,0.05804246459270205,False,False,0.14285787605481404,0.14285787605481404,0.14008001274315895,0.084815411462112,0.084815411462112,0.04446639494317789,0.04446639494317789,0.0,0,0,0,0,-1,41.69337401583687,41.69337401583687,0.0,"(0, 1, 2, 5, 6, 7, 8, 13)","(0, 1, 2, 5, 6, 7, 8, 13)",0,56,56,0
17,919,junk,13,0.04620891816977066,False,False,0.018135306195792844,0.018135306195792844,0.0,0.028073611973977813,0.028073611973977813,0.0444686069430079,0.0444686069430079,0.0,0,0,0,0,-1,40.06966289342978,40.06966289342978,0.0,"(0, 1, 2, 5, 6, 7, 8, 13)","(0, 1, 2, 5, 6, 7, 8, 13)",0,56,56,0
17,939,critical,7,4.417211478466091,True,True,1.1797747467799082,4.239508944444928,4.239508944444928,3.2374367316861825,0.17770253402116243,0.08921388632620994,0.04283266538263311,0.11428163526231276,0,0,0,5,945,38.79752252621363,36.07704120796506,-2.7204813182485736,"(0, 1, 2, 3, 5, 6, 7, 8)","(0, 1, 2, 3, 5, 6, 7, 8)",0,56,58,2
17,959,junk,12,0.04105013530607998,False,False,0.027760409154652416,0.027760409154652416,0.027200304374341976,0.013289726151427567,0.013289726151427567,0.03653847468260593,0.03653847468260593,0.0,0,0,0,0,-1,34.110000443014656,34.110000443014656,0.0,"(0, 1, 2, 3, 4, 6, 7, 8)","(0, 1, 2, 3, 4, 6, 7, 8)",0,59,59,0
17,979,useful,3,0.6905873438216297,False,False,0.7403213135240185,0.7403213135240185,1.459253142516912,0.04973396970238886,0.04973396970238886,0.03207794768288265,0.03207794768288265,0.0,1,1,0,0,-1,39.90912918654144,39.90912918654144,0.0,"(1, 2, 3, 4, 5, 6, 7, 8)","(1, 2, 3, 4, 5, 6, 7, 8)",0,61,61,0
17,999,useful,0,0.8306683340328526,False,False,0.843134195429901,0.843134195429901,0.8343401802825864,0.012465861397048417,0.012465861397048417,0.02643856017492968,0.02643856017492968,0.0,0,0,0,0,-1,44.8714081632021,44.8714081632021,0.0,"(1, 2, 3, 4, 5, 6, 7, 8)","(1, 2, 3, 4, 5, 6, 7, 8)",0,61,61,0
17,1019,useful,1,1.2187373812329716,True,True,0.4396186912953173,1.26686853121891,1.26686853121891,0.7791186899376543,0.04813114998593848,0.07247634472568973,0.026007327321418305,0.0589719930471846,0,0,0,8,1026,31.863531081497594,34.352492120763344,2.4889610392657495,"(0, 1, 2, 3, 5, 6, 7, 8)","(0, 1, 2, 3, 5, 6, 7, 8)",0,62,62,0
17,1039,critical,6,4.280641705535899,False,False,4.312102404935372,4.312102404935372,4.574855982085156,0.0314606993994726,0.0314606993994726,0.03804587455081644,0.03804587455081644,0.0,0,0,0,0,-1,25.632100455862105,25.632100455862105,0.0,"(1, 2, 3, 4, 5, 6, 7, 8)","(1, 2, 3, 4, 5, 6, 7, 8)",0,63,63,0
17,1059,useful,5,0.8588929418684965,False,False,0.859754227410713,0.859754227410713,0.9477746755936135,0.0008612855422164278,0.0008612855422164278,0.02769022762537552,0.02769022762537552,0.0,0,0,0,0,-1,21.094768298965406,21.094768298965406,0.0,"(1, 2, 3, 4, 5, 6, 7, 8)","(1, 2, 3, 4, 5, 6, 7, 8)",0,65,65,0
17,1079,useful,5,0.8709619870694959,False,False,0.8565920484103132,0.8565920484103132,0.7656600791415733,0.01436993865918268,0.01436993865918268,0.023936870193193047,0.023936870193193047,0.0,0,0,0,0,-1,29.151199728466562,29.151199728466562,0.0,"(1, 2, 3, 4, 5, 6, 7, 8)","(1, 2, 3, 4, 5, 6, 7, 8)",0,67,67,0
17,1099,junk,10,0.041861058494112396,True,True,2.5170445564741057,0.07592845021009792,0.07592845021009792,2.475183497979993,0.03406739171598552,0.08927472589301191,0.03815343056119616,0.11533240969659077,1,1,0,2,1114,37.67927061937568,39.90278720141699,2.223516582041313,"(0, 1, 2, 4, 5, 6, 7, 8)","(0, 1, 2, 4, 5, 6, 7, 8)",0,69,68,-1
17,1119,useful,1,0.7871379015017316,False,False,0.6977501148531507,0.6977501148531507,1.1249644528154192,0.08938778664858082,0.08938778664858082,0.02378752717069808,0.02378752717069808,0.0,0,0,0,0,-1,34.64502456394099,34.64502456394099,0.0,"(0, 1, 2, 4, 5, 6, 7, 8)","(0, 1, 2, 4, 5, 6, 7, 8)",0,68,68,0
17,1139,junk,9,0.04596343960686202,True,True,3.1745564061056295,0.0,0.0,3.1285929664987675,0.04596343960686202,0.10425383742902829,0.03913243919540173,0.13239759856819375,1,0,1,7,1142,29.83870238044669,32.77418069141486,2.935478310968172,"(0, 1, 2, 5, 6, 7, 8, 10)","(0, 1, 2, 3, 5, 6, 7, 8)",1,72,69,-3
17,1159,useful,3,1.0402556830224454,False,False,1.0484012724584308,1.0484012724584308,0.7692866978556295,0.008145589435985423,0.008145589435985423,0.01758984897984884,0.01758984897984884,0.0,0,0,0,0,-1,37.66517409235713,37.66517409235713,0.0,"(0, 1, 2, 3, 5, 6, 7, 8)","(0, 1, 2, 3, 5, 6, 7, 8)",0,69,69,0
17,1179,junk,13,0.04732992838577267,True,True,2.560855417210998,0.0,0.0,2.513525488825225,0.04732992838577267,0.0980396340547927,0.036122559403044346,0.12299380812722185,1,0,1,4,1182,32.63356521595687,34.688489615784825,2.0549243998279536,"(0, 1, 2, 4, 5, 6, 7, 8)","(0, 1, 2, 3, 5, 6, 7, 8)",1,73,71,-2
17,1199,junk,13,0.052548051052201755,True,True,2.798918879158233,0.02161612258811445,0.02161612258811445,2.746370828106031,0.030931928464087304,0.10265622078623528,0.03311988117950817,0.126955401825932,1,0,1,3,1207,31.169094923882728,30.26210100356249,-0.9069939203202395,"(0, 1, 2, 3, 5, 6, 7, 8)","(0, 1, 2, 3, 5, 6, 7, 8)",0,72,71,-1
17,1219,useful,0,0.8305013625022621,False,False,0.8638749456055715,0.8638749456055715,0.728641175931452,0.0333735831033094,0.0333735831033094,0.03214912294673514,0.03214912294673514,0.0,0,0,0,0,-1,34.24069549151658,34.24069549151658,0.0,"(1, 2, 3, 4, 5, 6, 7, 8)","(1, 2, 3, 4, 5, 6, 7, 8)",0,72,72,0
17,1239,transient,10165,0.0,True,True,2.2404159324665294,0.2969366503155429,0.2969366503155429,2.2404159324665294,0.2969366503155429,0.08717767949462293,0.02911998015878828,0.08741359414532751,0,0,0,0,-1,33.08542870556937,33.08542870556937,0.0,"(0, 1, 2, 4, 5, 6, 7, 8)","(0, 1, 2, 4, 5, 6, 7, 8)",0,73,73,0
17,1259,critical,8,4.5813931203819065,False,False,4.585276925015872,4.585276925015872,4.089324203261528,0.0038838046339657595,0.0038838046339657595,0.03159539788178027,0.03159539788178027,0.0,0,0,0,0,-1,36.8646088204322,36.8646088204322,0.0,"(0, 1, 2, 4, 5, 6, 7, 8)","(0, 1, 2, 4, 5, 6, 7, 8)",0,73,73,0
17,1279,transient,10170,0.0,True,True,2.8482043969327284,0.0,0.0,2.8482043969327284,0.0,0.10198670645005653,0.02598727635884684,0.12511428426415921,0,0,0,0,-1,43.62864616972956,43.62864616972956,0.0,"(0, 1, 2, 4, 5, 6, 7, 8)","(0, 1, 2, 4, 5, 6, 7, 8)",0,73,73,0
17,1299,useful,0,0.8373739356340933,False,False,0.8567308534980453,0.8567308534980453,0.9669196873376544,0.019356917863951995,0.019356917863951995,0.032110339245450384,0.032110339245450384,0.0,0,0,0,0,-1,35.073605977382236,35.073605977382236,0.0,"(1, 2, 3, 4, 5, 6, 7, 8)","(1, 2, 3, 4, 5, 6, 7, 8)",0,74,74,0
17,1319,junk,11,0.0383646583394856,True,True,2.8916533302762075,0.023512771327923978,0.023512771327923978,2.853288671936722,0.014851887011561624,0.1012362103777539,0.027071881221568977,0.12269820790520622,1,0,1,5,1330,35.93203444647159,35.365128954041985,-0.5669054924296049,"(0, 1, 2, 4, 5, 6, 7, 8)","(0, 1, 2, 4, 5, 6, 7, 8)",0,76,75,-1
17,1339,transient,10180,0.0,False,False,0.01986529981460468,0.01986529981460468,0.027537663895935923,0.01986529981460468,0.01986529981460468,0.02817075581706401,0.02817075581706401,0.0,0,0,0,0,-1,32.05891474669597,32.05891474669597,0.0,"(1, 2, 3, 4, 5, 6, 7, 8)","(1, 2, 3, 4, 5, 6, 7, 8)",0,76,76,0
17,1359,useful,3,1.2052306800806767,False,False,1.2266844889602198,1.2266844889602198,0.724529001195669,0.021453808879543068,0.021453808879543068,0.03877332033140467,0.03877332033140467,0.0,0,0,0,0,-1,33.57549416883474,33.57549416883474,0.0,"(1, 2, 3, 4, 5, 6, 7, 8)","(1, 2, 3, 4, 5, 6, 7, 8)",0,76,76,0
17,1379,junk,13,0.03597847117157358,False,False,0.0,0.0,0.19407708314903463,0.03597847117157358,0.03597847117157358,0.024323126235829235,0.024323126235829235,0.0,0,0,0,0,-1,14.59436495587195,14.59436495587195,0.0,"(1, 2, 3, 4, 5, 6, 7, 8)","(1, 2, 3, 4, 5, 6, 7, 8)",0,76,76,0
17,1399,critical,8,6.898356081477198,False,False,6.90412993397401,6.90412993397401,6.637724013858644,0.005773852496812282,0.005773852496812282,0.02588810557362902,0.02588810557362902,0.0,0,0,0,0,-1,0.0,0.0,0.0,"(1, 2, 3, 4, 5, 6, 7, 8)","(1, 2, 3, 4, 5, 6, 7, 8)",0,76,76,0
18,19,junk,10,0.028082029425616273,False,False,0.08520057370711925,0.08520057370711925,0.16127752717541993,0.05711854428150298,0.05711854428150298,0.06734425247840922,0.06734425247840922,0.0,0,0,0,0,-1,22.37638544091191,22.37638544091191,0.0,"(0, 1, 2, 3, 4, 5, 7, 8)","(0, 1, 2, 3, 4, 5, 7, 8)",0,8,8,0
18,39,transient,10004,0.0,False,False,0.005253306267625327,0.005253306267625327,0.1771692649188657,0.005253306267625327,0.005253306267625327,0.04640451502321597,0.04640451502321597,0.0,0,0,0,0,-1,21.390829623385677,21.390829623385677,0.0,"(0, 1, 2, 3, 4, 5, 7, 8)","(0, 1, 2, 3, 4, 5, 7, 8)",0,8,8,0
18,59,useful,5,1.2663932305337453,False,False,1.2028005958457157,1.2028005958457157,1.23438785677501,0.06359263468802956,0.06359263468802956,0.040932546000139604,0.040932546000139604,0.0,1,1,0,0,-1,21.292453650677032,21.292453650677032,0.0,"(0, 1, 3, 4, 5, 6, 7, 8)","(0, 1, 3, 4, 5, 6, 7, 8)",0,9,9,0
18,79,useful,4,0.9348410250936967,False,False,0.9671049729846457,0.9671049729846457,1.0404970921315173,0.032263947890948996,0.032263947890948996,0.031473210250046194,0.031473210250046194,0.0,0,0,0,0,-1,18.720622418704053,18.720622418704053,0.0,"(0, 1, 3, 4, 5, 6, 7, 8)","(0, 1, 3, 4, 5, 6, 7, 8)",0,9,9,0
18,99,useful,0,0.9413547126820533,True,False,0.2392030513660769,0.2392030513660769,0.9634283360046271,0.7021516613159764,0.7021516613159764,0.02934456895790247,0.02934456895790247,0.0,0,0,0,0,-1,29.647892246428604,29.647892246428604,0.0,"(0, 1, 2, 3, 4, 6, 7, 8)","(0, 1, 2, 3, 4, 6, 7, 8)",0,10,10,0
18,119,transient,10019,0.0,True,True,2.6062124489834373,0.0,0.0,2.6062124489834373,0.0,0.07256789458607862,0.0469290919754225,0.11493067929831079,0,0,0,10,122,24.97892162740743,27.805951848045986,2.827030220638555,"(0, 1, 3, 4, 5, 6, 7, 8)","(0, 1, 2, 3, 4, 6, 7, 8)",1,13,10,-3
18,139,critical,8,3.943129407705258,True,True,0.8754759341378751,3.949214258553739,3.949214258553739,3.0676534735673826,0.006084850848480983,0.08281251134062431,0.044212973849043616,0.12321558061821376,0,0,0,7,143,19.60090805723073,23.722509812055364,4.121601754824635,"(0, 1, 3, 4, 5, 6, 7, 8)","(0, 1, 2, 3, 4, 6, 7, 8)",1,9,10,1
18,159,junk,11,0.04099359698390946,False,False,0.019037383985485087,0.019037383985485087,0.15591814695806827,0.021956212998424374,0.021956212998424374,0.04940210351223051,0.04940210351223051,0.0,1,1,0,0,-1,26.25129076809896,26.25129076809896,0.0,"(1, 2, 3, 4, 5, 6, 7, 8)","(1, 2, 3, 4, 5, 6, 7, 8)",0,13,13,0
18,179,useful,3,1.0333716913149051,False,False,0.9511750411060496,0.9511750411060496,1.0752332571644911,0.08219665020885558,0.08219665020885558,0.04134437210121271,0.04134437210121271,0.0,0,0,0,0,-1,32.27754857539323,32.27754857539323,0.0,"(0, 1, 2, 3, 4, 6, 7, 8)","(0, 1, 2, 3, 4, 6, 7, 8)",0,14,14,0
18,199,useful,5,0.8009044665812515,False,False,0.8178936921795096,0.8178936921795096,0.6999859374202513,0.016989225598258106,0.016989225598258106,0.027438464914339756,0.027438464914339756,0.0,1,1,0,0,-1,27.948685147034826,27.948685147034826,0.0,"(0, 1, 2, 3, 4, 6, 7, 8)","(0, 1, 2, 3, 4, 6, 7, 8)",0,14,14,0
18,219,useful,1,1.23246852746885,False,False,1.2885742682088317,1.2885742682088317,0.8146888812822368,0.05610574073998165,0.05610574073998165,0.020047031499642712,0.020047031499642712,0.0,0,0,0,0,-1,33.83043616719668,33.83043616719668,0.0,"(0, 1, 2, 4, 5, 6, 7, 8)","(0, 1, 2, 4, 5, 6, 7, 8)",0,15,15,0
18,239,junk,9,0.05586395186265985,False,False,0.15425371897827053,0.15425371897827053,0.17407546595380702,0.09838976711561068,0.09838976711561068,0.03593075498444527,0.03593075498444527,0.0,0,0,0,0,-1,44.91940074683097,44.91940074683097,0.0,"(0, 1, 2, 4, 5, 6, 7, 8)","(0, 1, 2, 4, 5, 6, 7, 8)",0,15,15,0
18,259,useful,0,1.2450610149671573,False,False,1.2424828211445924,1.2424828211445924,1.4279640509328058,0.002578193822564856,0.002578193822564856,0.017874090278087163,0.017874090278087163,0.0,0,0,0,0,-1,38.175564107488256,38.175564107488256,0.0,"(0, 1, 2, 4, 5, 6, 7, 8)","(0, 1, 2, 4, 5, 6, 7, 8)",0,15,15,0
18,279,junk,10,0.06497837353450812,False,False,0.09132393127920783,0.09132393127920783,0.0,0.02634555774469971,0.02634555774469971,0.03425781789808293,0.03425781789808293,0.0,0,0,0,0,-1,32.54298707315972,32.54298707315972,0.0,"(0, 1, 2, 3, 4, 6, 7, 8)","(0, 1, 2, 3, 4, 6, 7, 8)",0,16,16,0
18,299,junk,12,0.047786077161204976,False,False,0.031068183204799486,0.031068183204799486,0.0,0.01671789395640549,0.01671789395640549,0.03542802619777835,0.03542802619777835,0.0,0,0,0,0,-1,34.895009449249926,34.895009449249926,0.0,"(0, 1, 2, 4, 5, 6, 7, 8)","(0, 1, 2, 4, 5, 6, 7, 8)",0,17,17,0
18,319,junk,13,0.049298802866125424,False,False,0.00581574915863825,0.00581574915863825,0.5782644400356666,0.043483053707487174,0.043483053707487174,0.03435000957637864,0.03435000957637864,0.0,0,0,0,0,-1,32.02529148377581,32.02529148377581,0.0,"(0, 1, 3, 4, 5, 6, 7, 8)","(0, 1, 3, 4, 5, 6, 7, 8)",0,18,18,0
18,339,useful,2,1.0392646645882933,True,True,0.005623502963237659,1.0811485795494886,1.0811485795494886,1.0336411616250556,0.04188391496119537,0.07337723660595855,0.020401193510664915,0.08341486465559625,0,0,0,2,374,32.819701699518255,33.597955696135244,0.7782539966169892,"(0, 1, 2, 4, 5, 6, 7, 8)","(0, 1, 2, 4, 5, 6, 7, 8)",0,19,19,0
18,359,useful,5,0.6680058904508931,False,False,0.6960398077926923,0.6960398077926923,0.30756397714068845,0.028033917341799164,0.028033917341799164,0.046039944717232495,0.046039944717232495,0.0,0,0,0,0,-1,35.12183043173851,35.12183043173851,0.0,"(0, 1, 3, 4, 5, 6, 7, 8)","(0, 1, 3, 4, 5, 6, 7, 8)",0,20,20,0
18,379,useful,2,0.7782539966169867,False,False,0.7501326240069784,0.7501326240069784,0.9472090177166365,0.028121372610008244,0.028121372610008244,0.036573034155218245,0.036573034155218245,0.0,0,0,0,0,-1,45.68836043341158,45.68836043341158,0.0,"(0, 1, 2, 4, 5, 6, 7, 8)","(0, 1, 2, 4, 5, 6, 7, 8)",0,21,21,0
18,399,useful,3,1.2449996993984347,False,True,1.199684444398723,0.4455136930485132,0.4455136930485132,0.045315254999711785,0.7994860063499215,0.012950842314027695,0.039978596220138475,0.05257653735552252,0,0,0,0,-1,29.804145136951888,29.804145136951888,0.0,"(0, 1, 2, 3, 4, 6, 7, 8)","(0, 1, 2, 3, 4, 6, 7, 8)",0,22,22,0
18,419,transient,10053,0.0,False,False,0.027811544916388306,0.027811544916388306,0.0,0.027811544916388306,0.027811544916388306,0.0379552976566848,0.0379552976566848,0.0,0,0,0,0,-1,26.37656238356895,26.37656238356895,0.0,"(0, 1, 2, 3, 4, 6, 7, 8)","(0, 1, 2, 3, 4, 6, 7, 8)",0,22,22,0
18,439,useful,0,1.005036986581931,False,False,0.9646481240000803,0.9646481240000803,0.7412344699146495,0.040388862581850815,0.040388862581850815,0.024355271734331763,0.024355271734331763,0.0,0,0,0,0,-1,35.32939418299579,35.32939418299579,0.0,"(0, 1, 2, 3, 4, 6, 7, 8)","(0, 1, 2, 3, 4, 6, 7, 8)",0,22,22,0
18,459,junk,12,0.06958576167162482,False,False,0.03391362276372673,0.03391362276372673,0.14590613130700408,0.03567213890789809,0.03567213890789809,0.038442797285318256,0.038442797285318256,0.0,0,0,0,0,-1,38.968198136303506,38.968198136303506,0.0,"(0, 1, 2, 3, 5, 6, 7, 8)","(0, 1, 2, 3, 5, 6, 7, 8)",0,23,23,0
18,479,critical,7,3.553005956258348,True,True,0.6982699520284954,3.724664942893933,3.724664942893933,2.8547360042298524,0.1716589866355851,0.11152035782987015,0.026941695973801142,0.11901481398099094,0,0,0,1,516,26.68876478748201,26.68876478748201,0.0,"(0, 1, 2, 3, 5, 6, 7, 8)","(0, 1, 2, 3, 5, 6, 7, 8)",0,23,23,0
18,499,useful,5,1.073355052508657,True,True,0.0,1.3014997277067932,1.3014997277067932,1.073355052508657,0.2281446751981362,0.07838155104877625,0.021126961507591108,0.08644803959083547,1,1,0,0,-1,24.979151223584232,24.979151223584232,0.0,"(0, 1, 2, 3, 4, 6, 7, 8)","(0, 1, 2, 3, 4, 6, 7, 8)",0,24,24,0
18,519,junk,13,0.04108386521035976,False,False,0.0,0.0,0.14380268854102582,0.04108386521035976,0.04108386521035976,0.034695151304062866,0.034695151304062866,0.0,0,0,0,0,-1,34.169073423316036,34.169073423316036,0.0,"(0, 1, 2, 3, 4, 6, 7, 8)","(0, 1, 2, 3, 4, 6, 7, 8)",0,24,24,0
18,539,junk,11,0.049913968021156115,False,False,0.033596204227633264,0.033596204227633264,0.0,0.01631776379352285,0.01631776379352285,0.027320490832216975,0.027320490832216975,0.0,0,0,0,0,-1,43.70910904766515,43.70910904766515,0.0,"(0, 1, 2, 4, 5, 6, 7, 8)","(0, 1, 2, 4, 5, 6, 7, 8)",0,25,25,0
18,559,junk,9,0.04799330667529472,True,True,2.7474665645038665,0.0,0.0,2.6994732578285716,0.04799330667529472,0.11537502593444818,0.025010630806137003,0.13972404939435826,1,0,1,6,565,28.486529166560615,31.141297007494337,2.6547678409337223,"(0, 1, 2, 3, 4, 6, 7, 8)","(0, 1, 2, 3, 4, 6, 7, 8)",0,28,26,-2
18,579,transient,10084,0.0,False,False,0.0,0.0,0.43237724461767585,0.0,0.0,0.023868263792568182,0.023868263792568182,0.0,0,0,0,0,-1,23.884706959641168,23.884706959641168,0.0,"(0, 1, 2, 3, 4, 6, 7, 8)","(0, 1, 2, 3, 4, 6, 7, 8)",0,26,26,0
18,599,junk,9,0.05177407680552566,True,True,2.8943902427609842,0.08342123301534035,0.08342123301534035,2.8426161659554587,0.03164715620981469,0.11104577153656947,0.016278901262195836,0.12337250498458083,1,0,1,10,602,38.3431231421568,42.111934403412306,3.7688112612555074,"(0, 1, 2, 3, 4, 6, 7, 8)","(0, 1, 2, 3, 4, 6, 7, 8)",0,29,26,-3
18,619,junk,11,0.03963821810685625,False,False,0.0,0.0,0.0,0.03963821810685625,0.03963821810685625,0.024352504023327712,0.024352504023327712,0.0,0,0,0,0,-1,51.65311990059688,51.65311990059688,0.0,"(0, 1, 2, 3, 4, 6, 7, 8)","(0, 1, 2, 3, 4, 6, 7, 8)",0,26,26,0
18,639,critical,6,3.6575277427559443,False,False,3.6959383331726787,3.6959383331726787,3.6671451142256855,0.03841059041673445,0.03841059041673445,0.01837857983042876,0.01837857983042876,0.0,0,0,0,0,-1,41.38985651976773,41.38985651976773,0.0,"(0, 1, 2, 3, 4, 6, 7, 8)","(0, 1, 2, 3, 4, 6, 7, 8)",0,26,26,0
18,659,junk,10,0.06140026640726165,True,True,2.5590014504705145,0.0,0.0,2.497601184063253,0.06140026640726165,0.10368252008828595,0.03804722566934964,0.11290833701948498,1,0,1,8,660,35.62143410701573,36.21279886317063,0.5913647561549027,"(1, 2, 3, 4, 6, 7, 8, 9)","(0, 1, 2, 4, 6, 7, 8, 9)",1,31,28,-3
18,679,useful,1,1.0401809300574598,False,False,1.0476749764680784,1.0476749764680784,1.0561225005171875,0.007494046410618571,0.007494046410618571,0.0284492333193151,0.0284492333193151,0.0,0,0,0,0,-1,21.597135245978357,21.597135245978357,0.0,"(0, 1, 2, 4, 6, 7, 8, 11)","(0, 1, 2, 4, 6, 7, 8, 11)",0,31,31,0
18,699,useful,4,0.5586921456288167,False,False,0.5728028046027553,0.5728028046027553,0.4712451577697461,0.014110658973938595,0.014110658973938595,0.038050667138150585,0.038050667138150585,0.0,0,0,0,0,-1,24.635856018841583,24.635856018841583,0.0,"(0, 1, 2, 4, 5, 6, 7, 8)","(0, 1, 2, 4, 5, 6, 7, 8)",0,35,35,0
18,719,junk,9,0.03946292285682005,False,False,0.0,0.0,0.23773763860249847,0.03946292285682005,0.03946292285682005,0.06852757634694036,0.06852757634694036,0.0,0,0,0,0,-1,22.269500172398295,22.269500172398295,0.0,"(0, 1, 2, 4, 6, 7, 8, 9)","(0, 1, 2, 4, 6, 7, 8, 9)",0,36,36,0
18,739,useful,2,0.7991921195021754,False,False,0.826677078432634,0.826677078432634,0.8074242051980742,0.02748495893045866,0.02748495893045866,0.022511260490390254,0.022511260490390254,0.0,0,0,0,0,-1,26.41954604072087,26.41954604072087,0.0,"(0, 1, 2, 4, 6, 7, 8, 9)","(0, 1, 2, 4, 6, 7, 8, 9)",0,40,40,0
18,759,useful,2,1.128933524000809,False,False,1.038832132264503,1.038832132264503,1.3477938582636355,0.09010139173630582,0.09010139173630582,0.02886798235874783,0.02886798235874783,0.0,0,0,0,0,-1,38.964137234279974,38.964137234279974,0.0,"(0, 1, 2, 6, 7, 8, 10, 12)","(0, 1, 2, 6, 7, 8, 10, 12)",0,43,43,0
18,779,junk,11,0.03283077008385057,True,True,2.289263008996053,0.0292920230230096,0.0292920230230096,2.2564322389122022,0.003538747060840966,0.09323670409513761,0.05964243271886403,0.10439933326717891,0,0,0,13,784,47.9627938141851,51.78737444538416,3.824580631199062,"(0, 1, 2, 3, 6, 7, 8, 12)","(0, 1, 2, 3, 4, 6, 7, 8)",1,49,42,-7
18,799,critical,7,5.9991690764013965,True,True,0.8936740748128298,5.34235527880269,5.34235527880269,5.105495001588567,0.6568137975987067,0.11065693585860896,0.07696457398504652,0.09921972364001497,0,0,0,8,812,46.51051385267181,46.34477154787116,-0.165742304800645,"(0, 1, 2, 4, 6, 7, 8, 12)","(0, 1, 2, 4, 5, 6, 7, 8)",1,40,42,2
18,819,useful,4,0.8602601620464714,True,True,0.0,0.8094797741291435,0.8094797741291435,0.8602601620464714,0.05078038791732786,0.069372539745548,0.05601655803075283,0.06661196436418725,0,0,0,4,847,28.058602736285586,28.058602736285586,0.0,"(0, 1, 2, 4, 6, 7, 8, 12)","(0, 1, 2, 4, 5, 6, 7, 8)",1,44,44,0
18,839,useful,0,1.0667949607380687,False,False,1.0423672251218996,1.0423672251218996,1.1050779509218966,0.024427735616169066,0.024427735616169066,0.024604708595684283,0.024604708595684283,0.0,0,0,0,0,-1,24.104931113376725,24.104931113376725,0.0,"(0, 1, 2, 4, 6, 7, 8, 9)","(0, 1, 2, 4, 6, 7, 8, 9)",0,45,45,0
18,859,useful,5,0.7570677572431073,False,False,0.8407349865590593,0.8407349865590593,0.6586796765823897,0.08366722931595205,0.08366722931595205,0.02999004915710652,0.02999004915710652,0.0,0,0,0,0,-1,33.7024124725544,33.7024124725544,0.0,"(0, 1, 2, 4, 5, 6, 7, 8)","(0, 1, 2, 4, 5, 6, 7, 8)",0,47,47,0
18,879,useful,4,1.101554169675577,False,False,1.1226848137215988,1.1226848137215988,1.0776693726577549,0.021130644046021718,0.021130644046021718,0.02703934364156374,0.02703934364156374,0.0,0,0,0,0,-1,38.568673535898164,38.568673535898164,0.0,"(0, 1, 2, 4, 6, 7, 8, 13)","(0, 1, 2, 4, 6, 7, 8, 13)",0,48,48,0
18,899,useful,5,1.2395550703313225,False,False,1.2204103851262587,1.2204103851262587,1.2959907984693326,0.01914468520506385,0.01914468520506385,0.02563629033618251,0.02563629033618251,0.0,1,1,0,0,-1,32.100515938906256,32.100515938906256,0.0,"(0, 1, 2, 4, 5, 6, 7, 8)","(0, 1, 2, 4, 5, 6, 7, 8)",0,50,50,0
18,919,junk,9,0.0680493327513384,True,True,2.4903518998600354,0.0,0.0,2.422302567108697,0.0680493327513384,0.08366367238185059,0.052056726145556544,0.1167127041715937,0,0,0,14,924,19.317899146345567,21.485437371531777,2.1675382251862096,"(0, 1, 2, 3, 4, 6, 7, 8)","(0, 1, 2, 3, 4, 6, 7, 8)",0,58,51,-7
18,939,useful,3,0.9992001891520105,False,False,1.032678182705012,1.032678182705012,0.7734571982398382,0.03347799355300152,0.03347799355300152,0.010690484826654452,0.010690484826654452,0.0,0,0,0,0,-1,26.96189838544945,26.96189838544945,0.0,"(0, 1, 2, 4, 5, 6, 7, 8)","(0, 1, 2, 4, 5, 6, 7, 8)",0,53,53,0
18,959,useful,3,0.6742335039596055,False,False,0.7077296319799459,0.7077296319799459,0.6198336225393267,0.03349612802034041,0.03349612802034041,0.025395202791390827,0.025395202791390827,0.0,1,1,0,0,-1,27.83700528105958,27.83700528105958,0.0,"(0, 1, 2, 4, 5, 6, 7, 8)","(0, 1, 2, 4, 5, 6, 7, 8)",0,53,53,0
18,979,useful,4,0.8875949051225137,False,False,0.9418407935653281,0.9418407935653281,1.1759367151895557,0.054245888442814416,0.054245888442814416,0.015823028017591275,0.015823028017591275,0.0,0,0,0,0,-1,38.877400855957525,38.877400855957525,0.0,"(0, 1, 2, 3, 4, 6, 7, 8)","(0, 1, 2, 3, 4, 6, 7, 8)",0,54,54,0
18,999,transient,10143,0.0,False,False,0.04567594461069251,0.04567594461069251,0.024682614507186784,0.04567594461069251,0.04567594461069251,0.04391255066361311,0.04391255066361311,0.0,0,0,0,0,-1,32.24667417668802,32.24667417668802,0.0,"(0, 1, 2, 3, 4, 6, 7, 8)","(0, 1, 2, 3, 4, 6, 7, 8)",0,54,54,0
18,1019,critical,8,4.671117888150465,False,False,4.645750090014363,4.645750090014363,4.8044258248592655,0.025367798136102238,0.025367798136102238,0.049498416946748086,0.049498416946748086,0.0,0,0,0,0,-1,43.929402447117326,43.929402447117326,0.0,"(0, 1, 2, 4, 5, 6, 7, 8)","(0, 1, 2, 4, 5, 6, 7, 8)",0,55,55,0
18,1039,junk,12,0.038649688565311424,False,False,0.007050335520568864,0.007050335520568864,0.2366390783938437,0.03159935304474256,0.03159935304474256,0.04049868087677839,0.04049868087677839,0.0,1,1,0,0,-1,49.2571641130949,49.2571641130949,0.0,"(0, 1, 2, 4, 5, 6, 7, 8)","(0, 1, 2, 4, 5, 6, 7, 8)",0,58,58,0
18,1059,junk,11,0.061554298547736724,False,False,0.07891371067220279,0.07891371067220279,0.0,0.017359412124466067,0.017359412124466067,0.03456757235213981,0.03456757235213981,0.0,0,0,0,0,-1,40.201854212562864,40.201854212562864,0.0,"(0, 1, 2, 4, 5, 6, 7, 8)","(0, 1, 2, 4, 5, 6, 7, 8)",0,58,58,0
18,1079,junk,10,0.03786011640904627,False,False,0.04761788876341004,0.04761788876341004,0.0,0.009757772354363772,0.009757772354363772,0.03304962096822158,0.03304962096822158,0.0,0,0,0,0,-1,33.7553081209422,33.7553081209422,0.0,"(1, 2, 3, 4, 5, 6, 7, 8)","(1, 2, 3, 4, 5, 6, 7, 8)",0,60,60,0
18,1099,junk,13,0.047461539306070444,False,False,0.09149675790802811,0.09149675790802811,0.02070765712118225,0.044035218601957665,0.044035218601957665,0.027684417266618223,0.027684417266618223,0.0,0,0,0,0,-1,28.97101710404698,28.97101710404698,0.0,"(1, 2, 3, 4, 5, 6, 7, 8)","(1, 2, 3, 4, 5, 6, 7, 8)",0,60,60,0
18,1119,useful,5,0.9875449727955782,False,False,0.9864227166897596,0.9864227166897596,0.9770829072590491,0.0011222561058186198,0.0011222561058186198,0.027299987189718482,0.027299987189718482,0.0,0,0,0,0,-1,36.858728923435976,36.858728923435976,0.0,"(0, 1, 3, 4, 5, 6, 7, 8)","(0, 1, 3, 4, 5, 6, 7, 8)",0,61,61,0
18,1139,transient,10164,0.0,False,False,0.0,0.0,0.0,0.0,0.0,0.031545611679097446,0.031545611679097446,0.0,0,0,0,0,-1,39.85514693198682,39.85514693198682,0.0,"(1, 2, 3, 4, 5, 6, 7, 8)","(1, 2, 3, 4, 5, 6, 7, 8)",0,62,62,0
18,1159,transient,10167,0.0,False,False,0.010052808151990191,0.010052808151990191,0.0,0.010052808151990191,0.010052808151990191,0.030386522786808336,0.030386522786808336,0.0,0,0,0,0,-1,25.762850386322924,25.762850386322924,0.0,"(0, 1, 3, 4, 5, 6, 7, 8)","(0, 1, 3, 4, 5, 6, 7, 8)",0,63,63,0
18,1179,useful,2,1.0601965158696787,False,False,1.1172608891388005,1.1172608891388005,1.3510044987650995,0.05706437326912184,0.05706437326912184,0.0339584800506773,0.0339584800506773,0.0,1,1,0,0,-1,25.276157002195042,25.276157002195042,0.0,"(0, 1, 2, 3, 4, 6, 7, 8)","(0, 1, 2, 3, 4, 6, 7, 8)",0,64,64,0
18,1199,junk,9,0.03897421938481029,False,False,0.021402595146359695,0.021402595146359695,0.0,0.017571624238450597,0.017571624238450597,0.029899772741891387,0.029899772741891387,0.0,0,0,0,0,-1,42.97275660080564,42.97275660080564,0.0,"(1, 2, 3, 4, 5, 6, 7, 8)","(1, 2, 3, 4, 5, 6, 7, 8)",0,65,65,0
18,1219,useful,3,1.0054135354241174,False,False,1.020639871819849,1.020639871819849,0.5678682497659775,0.015226336395731677,0.015226336395731677,0.045467656353630787,0.045467656353630787,0.0,0,0,0,0,-1,56.91269273561274,56.91269273561274,0.0,"(0, 1, 3, 4, 5, 6, 7, 8)","(0, 1, 3, 4, 5, 6, 7, 8)",0,66,66,0
18,1239,transient,10179,0.0,False,False,0.0784993314732634,0.0784993314732634,0.599605244816989,0.0784993314732634,0.0784993314732634,0.028294656717020413,0.028294656717020413,0.0,0,0,0,0,-1,51.386044507206556,51.386044507206556,0.0,"(1, 2, 3, 4, 5, 6, 7, 8)","(1, 2, 3, 4, 5, 6, 7, 8)",0,67,67,0
18,1259,junk,12,0.03635462829050407,False,False,0.03154453424508802,0.03154453424508802,0.0,0.004810094045416054,0.004810094045416054,0.026967341466805995,0.026967341466805995,0.0,0,0,0,0,-1,48.91333282403168,48.91333282403168,0.0,"(1, 2, 3, 4, 5, 6, 7, 8)","(1, 2, 3, 4, 5, 6, 7, 8)",0,67,67,0
18,1279,junk,9,0.06268583385055458,False,False,0.0,0.0,0.04115502770128088,0.06268583385055458,0.06268583385055458,0.022751433105743245,0.022751433105743245,0.0,0,0,0,0,-1,45.80425447860555,45.80425447860555,0.0,"(1, 2, 3, 4, 5, 6, 7, 8)","(1, 2, 3, 4, 5, 6, 7, 8)",0,67,67,0
18,1299,junk,13,0.04489975665922398,False,False,0.025347449692024186,0.025347449692024186,0.07999968159414193,0.019552306967199794,0.019552306967199794,0.026368049244630824,0.026368049244630824,0.0,0,0,0,0,-1,43.314203969949304,43.314203969949304,0.0,"(1, 2, 3, 4, 5, 6, 7, 8)","(1, 2, 3, 4, 5, 6, 7, 8)",0,67,67,0
18,1319,junk,12,0.053707822068454175,False,False,0.013139084668811085,0.013139084668811085,0.0,0.04056873739964309,0.04056873739964309,0.022345806426653517,0.022345806426653517,0.0,0,0,0,0,-1,37.471520461545616,37.471520461545616,0.0,"(0, 1, 3, 4, 5, 6, 7, 8)","(0, 1, 3, 4, 5, 6, 7, 8)",0,68,68,0
18,1339,useful,2,0.8263767366078156,False,False,0.6888921251115323,0.6888921251115323,1.2242120641605365,0.13748461149628333,0.13748461149628333,0.04125682182804811,0.04125682182804811,0.0,0,0,0,0,-1,40.263769984605126,40.263769984605126,0.0,"(1, 2, 3, 4, 5, 6, 7, 8)","(1, 2, 3, 4, 5, 6, 7, 8)",0,69,69,0
18,1359,useful,5,0.858879236776706,False,False,0.8382982672268251,0.8382982672268251,1.0594774914824001,0.020580969549880868,0.020580969549880868,0.03868292218697402,0.03868292218697402,0.0,0,0,0,0,-1,30.655525878920784,30.655525878920784,0.0,"(0, 1, 3, 4, 5, 6, 7, 8)","(0, 1, 3, 4, 5, 6, 7, 8)",0,70,70,0
18,1379,critical,7,4.155732553430551,False,False,4.1800010454426575,4.1800010454426575,3.8285409774500287,0.02426849201210679,0.02426849201210679,0.025627582178637257,0.025627582178637257,0.0,0,0,0,0,-1,14.077445348404195,14.077445348404195,0.0,"(0, 1, 3, 4, 5, 6, 7, 8)","(0, 1, 3, 4, 5, 6, 7, 8)",0,70,70,0
18,1399,useful,2,0.9814010286571547,True,True,0.016438787731790472,1.1616237831594232,1.1616237831594232,0.9649622409253642,0.18022275450226843,0.09192575445948585,0.022937352383588332,0.09117334166021915,0,0,0,0,-1,0.0,0.0,0.0,"(0, 1, 3, 4, 5, 6, 7, 8)","(0, 1, 3, 4, 5, 6, 7, 8)",0,70,70,0
19,19,junk,11,0.05445897900109706,False,False,0.10676232797136193,0.10676232797136193,0.0,0.05230334897026487,0.05230334897026487,0.0626737257583139,0.0626737257583139,0.0,1,1,0,0,-1,25.768995253392866,25.768995253392866,0.0,"(0, 1, 2, 3, 4, 5, 6, 7)","(0, 1, 2, 3, 4, 5, 6, 7)",0,9,9,0
19,39,junk,12,0.03918343508531291,False,False,0.007549875493907045,0.007549875493907045,0.05942402121447605,0.03163355959140587,0.03163355959140587,0.0713188658901432,0.0713188658901432,0.0,1,1,0,0,-1,24.07566950817338,24.07566950817338,0.0,"(0, 1, 2, 3, 4, 6, 7, 8)","(0, 1, 2, 3, 4, 6, 7, 8)",0,11,11,0
19,59,useful,5,0.8448848417017027,False,False,0.778372234673149,0.778372234673149,0.7904032512576332,0.06651260702855377,0.06651260702855377,0.0552781500475207,0.0552781500475207,0.0,0,0,0,0,-1,31.17322792996641,31.17322792996641,0.0,"(0, 1, 3, 4, 5, 6, 7, 8)","(0, 1, 3, 4, 5, 6, 7, 8)",0,13,13,0
19,79,junk,10,0.0651317221994503,False,False,0.08915519003611978,0.08915519003611978,0.0,0.024023467836669476,0.024023467836669476,0.052124556180777125,0.052124556180777125,0.0,1,1,0,0,-1,43.76580768362336,43.76580768362336,0.0,"(0, 1, 3, 4, 5, 6, 7, 8)","(0, 1, 3, 4, 5, 6, 7, 8)",0,15,15,0
19,99,junk,10,0.054955625665354446,False,False,0.0369051607098778,0.0369051607098778,0.0,0.018050464955476644,0.018050464955476644,0.05531266910429848,0.05531266910429848,0.0,0,0,0,0,-1,49.358748279482704,49.358748279482704,0.0,"(0, 1, 2, 4, 5, 6, 7, 8)","(0, 1, 2, 4, 5, 6, 7, 8)",0,16,16,0
19,119,junk,13,0.06326930083298701,False,False,0.07335608952273893,0.07335608952273893,0.23868166912680722,0.010086788689751922,0.010086788689751922,0.04464310348569625,0.04464310348569625,0.0,0,0,0,0,-1,48.35905068415716,48.35905068415716,0.0,"(1, 2, 3, 4, 5, 6, 7, 8)","(1, 2, 3, 4, 5, 6, 7, 8)",0,18,18,0
19,139,junk,13,0.03688641395515658,True,True,2.632289259436412,0.027411026704079015,0.027411026704079015,2.595402845481255,0.009475387251077563,0.0834761314876693,0.044878567732099146,0.12543600312533423,1,0,1,1,140,42.30178654884005,42.24401682353716,-0.05776972530289015,"(1, 2, 3, 4, 5, 6, 7, 8)","(1, 2, 3, 4, 5, 6, 7, 8)",0,19,18,-1
19,159,useful,3,1.1811880619076058,True,True,0.2008098776524193,1.1988064660654958,1.1988064660654958,0.9803781842551865,0.017618404157889955,0.06622521326955651,0.027645302650242367,0.06785297886307769,0,0,0,5,165,31.748889387934554,36.54904754795743,4.800158160022875,"(1, 2, 3, 4, 5, 6, 7, 8)","(1, 2, 3, 4, 5, 6, 7, 8)",0,20,18,-2
19,179,useful,4,0.8732976119629212,False,False,0.8406921035649574,0.8406921035649574,0.6570628904458826,0.032605508397963834,0.032605508397963834,0.03948225889856814,0.03948225889856814,0.0,0,0,0,0,-1,22.9270977930449,22.9270977930449,0.0,"(0, 1, 2, 4, 5, 6, 7, 8)","(0, 1, 2, 4, 5, 6, 7, 8)",0,19,19,0
19,199,transient,10026,0.0,False,False,0.0,0.0,0.23657230838854776,0.0,0.0,0.042381280451057914,0.042381280451057914,0.0,0,0,0,0,-1,24.43227410946184,24.43227410946184,0.0,"(0, 1, 3, 4, 5, 6, 7, 8)","(0, 1, 3, 4, 5, 6, 7, 8)",0,21,21,0
19,219,junk,9,0.0637990130577699,False,False,0.06620750999304989,0.06620750999304989,0.0,0.0024084969352799884,0.0024084969352799884,0.029992933727706325,0.029992933727706325,0.0,0,0,0,0,-1,30.88484438241771,30.88484438241771,0.0,"(1, 2, 3, 4, 5, 6, 7, 8)","(1, 2, 3, 4, 5, 6, 7, 8)",0,22,22,0
19,239,transient,10035,0.0,True,True,2.723696370904467,0.0,0.0,2.723696370904467,0.0,0.10018815772848672,0.032843338228980376,0.13212622204266208,0,0,0,1,252,39.82447682854982,39.82447682854982,0.0,"(1, 2, 3, 4, 5, 6, 7, 8)","(1, 2, 3, 4, 5, 6, 7, 8)",0,22,22,0
19,259,useful,1,1.049539916410213,False,False,0.9834264037263506,0.9834264037263506,1.2703501389283125,0.06611351268386245,0.06611351268386245,0.030197711725087194,0.030197711725087194,0.0,0,0,0,0,-1,51.61510714752053,51.61510714752053,0.0,"(1, 2, 3, 4, 5, 6, 7, 8)","(1, 2, 3, 4, 5, 6, 7, 8)",0,22,22,0
19,279,junk,10,0.0594250554915951,True,True,2.0642294431244848,0.0,0.0,2.00480438763289,0.0594250554915951,0.08231561986255957,0.042917235178828284,0.1033975730802452,1,0,1,3,282,31.56065688718104,33.16483493349766,1.604178046316619,"(1, 2, 3, 4, 5, 6, 7, 8)","(1, 2, 3, 4, 5, 6, 7, 8)",0,24,22,-2
19,299,useful,4,0.919848947306362,False,False,0.8735139765327251,0.8735139765327251,0.8710127556910271,0.04633497077363691,0.04633497077363691,0.01572089173805728,0.01572089173805728,0.0,0,0,0,0,-1,39.230904880761756,39.230904880761756,0.0,"(1, 2, 3, 4, 5, 6, 7, 8)","(1, 2, 3, 4, 5, 6, 7, 8)",0,22,22,0
19,319,transient,10047,0.0,False,False,0.03031180905759744,0.03031180905759744,0.21025923842180078,0.03031180905759744,0.03031180905759744,0.03376618609392697,0.03376618609392697,0.0,0,0,0,0,-1,35.380807221732944,35.380807221732944,0.0,"(0, 1, 2, 4, 5, 6, 7, 8)","(0, 1, 2, 4, 5, 6, 7, 8)",0,23,23,0
19,339,transient,10052,0.0,False,False,0.06501594311037702,0.06501594311037702,0.25589850649456863,0.06501594311037702,0.06501594311037702,0.026866401411460662,0.026866401411460662,0.0,0,0,0,0,-1,38.641648591701504,38.641648591701504,0.0,"(0, 1, 2, 4, 5, 6, 7, 8)","(0, 1, 2, 4, 5, 6, 7, 8)",0,23,23,0
19,359,useful,2,0.7822270342446209,True,False,0.46088581600056544,0.46088581600056544,0.7144374746322321,0.3213412182440555,0.3213412182440555,0.04890489477758402,0.04890489477758402,0.0,0,0,0,0,-1,29.425490310516906,29.425490310516906,0.0,"(1, 2, 3, 4, 5, 6, 7, 8)","(1, 2, 3, 4, 5, 6, 7, 8)",0,24,24,0
19,379,useful,4,0.9781084375729355,False,False,1.0316722486864174,1.0316722486864174,0.9989624144989011,0.05356381111348185,0.05356381111348185,0.007454677221674565,0.007454677221674565,0.0,0,0,0,0,-1,25.27600968297642,25.27600968297642,0.0,"(1, 2, 3, 4, 5, 6, 7, 8)","(1, 2, 3, 4, 5, 6, 7, 8)",0,24,24,0
19,399,junk,11,0.05685855248185759,False,False,0.0,0.0,0.0,0.05685855248185759,0.05685855248185759,0.02891415802809352,0.02891415802809352,0.0,0,0,0,0,-1,34.9341330841702,34.9341330841702,0.0,"(1, 2, 3, 4, 5, 6, 7, 8)","(1, 2, 3, 4, 5, 6, 7, 8)",0,26,26,0
19,419,junk,11,0.045944533117887154,False,False,0.050524172497151666,0.050524172497151666,0.0,0.004579639379264512,0.004579639379264512,0.025708659535382174,0.025708659535382174,0.0,0,0,0,0,-1,37.92487258980882,37.92487258980882,0.0,"(1, 2, 3, 4, 5, 6, 7, 8)","(1, 2, 3, 4, 5, 6, 7, 8)",0,28,28,0
19,439,critical,8,5.940783765935527,False,False,5.920062256441447,5.920062256441447,5.8057292963502745,0.020721509494079804,0.020721509494079804,0.03009057945849557,0.03009057945849557,0.0,0,0,0,0,-1,34.50958060329341,34.50958060329341,0.0,"(1, 2, 3, 4, 5, 6, 7, 8)","(1, 2, 3, 4, 5, 6, 7, 8)",0,28,28,0
19,459,useful,4,0.9565741539710682,False,False,1.075228880341416,1.075228880341416,1.1026362507030276,0.11865472637034791,0.11865472637034791,0.02035483063760534,0.02035483063760534,0.0,0,0,0,0,-1,33.88961401013387,33.88961401013387,0.0,"(1, 2, 3, 4, 5, 6, 7, 8)","(1, 2, 3, 4, 5, 6, 7, 8)",0,28,28,0
19,479,useful,5,0.45390359989760165,False,False,0.49980673919148116,0.49980673919148116,0.24690933409224425,0.045903139293879514,0.045903139293879514,0.03356275206863355,0.03356275206863355,0.0,0,0,0,0,-1,35.96101415103545,35.96101415103545,0.0,"(0, 1, 2, 4, 5, 6, 7, 8)","(0, 1, 2, 4, 5, 6, 7, 8)",0,29,29,0
19,499,useful,3,0.952295290209913,False,False,0.954109943517572,0.954109943517572,0.8197001233128642,0.0018146533076589533,0.0018146533076589533,0.03266288323229941,0.03266288323229941,0.0,0,0,0,0,-1,34.19286133808695,34.19286133808695,0.0,"(0, 1, 2, 4, 5, 6, 7, 8)","(0, 1, 2, 4, 5, 6, 7, 8)",0,31,31,0
19,519,transient,10085,0.0,True,True,2.393009507968437,0.3089060522813853,0.3089060522813853,2.393009507968437,0.3089060522813853,0.11256486143676937,0.019700575583472376,0.1101698762217082,0,0,0,0,-1,47.96568316071912,47.96568316071912,0.0,"(0, 1, 2, 4, 5, 6, 7, 8)","(0, 1, 2, 4, 5, 6, 7, 8)",0,31,31,0
19,539,useful,5,0.7871015813323851,False,False,0.7840281707290342,0.7840281707290342,0.7218548881781635,0.003073410603350868,0.003073410603350868,0.016979683324538766,0.016979683324538766,0.0,0,0,0,0,-1,45.11403510079896,45.11403510079896,0.0,"(0, 1, 2, 4, 5, 6, 7, 8)","(0, 1, 2, 4, 5, 6, 7, 8)",0,31,31,0
19,559,junk,9,0.04415816006186444,False,False,0.06387973241962558,0.06387973241962558,0.0,0.01972157235776114,0.01972157235776114,0.024130620196525152,0.024130620196525152,0.0,0,0,0,0,-1,39.31633203940149,39.31633203940149,0.0,"(1, 2, 3, 4, 5, 6, 7, 8)","(1, 2, 3, 4, 5, 6, 7, 8)",0,32,32,0
19,579,useful,2,1.2653884876578654,False,False,1.346229871930441,1.346229871930441,1.333901800445062,0.0808413842725757,0.0808413842725757,0.026745095674995556,0.026745095674995556,0.0,0,0,0,0,-1,45.31952423418964,45.31952423418964,0.0,"(0, 1, 2, 4, 5, 6, 7, 8)","(0, 1, 2, 4, 5, 6, 7, 8)",0,33,33,0
19,599,useful,2,1.2210658556026823,True,False,0.021746171065884723,0.021746171065884723,0.6025157583354505,1.1993196845367975,1.1993196845367975,0.0918700526012884,0.0918700526012884,0.0,0,0,0,0,-1,39.671886669055226,39.671886669055226,0.0,"(0, 1, 2, 4, 5, 6, 7, 8)","(0, 1, 2, 4, 5, 6, 7, 8)",0,35,35,0
19,619,useful,0,1.3279310323594338,False,False,1.4235382824050493,1.4235382824050493,1.2534770232793218,0.09560725004561554,0.09560725004561554,0.011461410582638418,0.011461410582638418,0.0,1,1,0,0,-1,43.39939210166694,43.39939210166694,0.0,"(1, 2, 3, 4, 5, 6, 7, 8)","(1, 2, 3, 4, 5, 6, 7, 8)",0,36,36,0
19,639,useful,3,1.1373206896614851,False,False,1.1616017205967872,1.1616017205967872,1.0298083053430627,0.024281030935302095,0.024281030935302095,0.02185090938520683,0.02185090938520683,0.0,0,0,0,0,-1,29.484950489129663,29.484950489129663,0.0,"(1, 2, 3, 4, 5, 6, 7, 8)","(1, 2, 3, 4, 5, 6, 7, 8)",0,36,36,0
19,659,transient,10098,0.0,False,False,0.0,0.0,0.0,0.0,0.0,0.03136126002163627,0.03136126002163627,0.0,0,0,0,0,-1,32.874058647261,32.874058647261,0.0,"(1, 2, 3, 4, 5, 6, 7, 8)","(1, 2, 3, 4, 5, 6, 7, 8)",0,36,36,0
19,679,useful,5,1.038750975401452,False,False,1.0213229561040744,1.0213229561040744,1.178634680970024,0.017428019297377473,0.017428019297377473,0.021806521721274823,0.021806521721274823,0.0,0,0,0,0,-1,32.643400931902306,32.643400931902306,0.0,"(1, 2, 3, 5, 6, 7, 8, 13)","(1, 2, 3, 5, 6, 7, 8, 13)",0,38,38,0
19,699,junk,11,0.04573019314359235,True,True,2.4215314163378503,0.3887988904959037,0.3887988904959037,2.375801223194258,0.3430686973523114,0.09774680001214732,0.02592249677798345,0.09776015284252633,1,0,1,14,704,33.78075482157441,30.004268038076454,-3.7764867834979583,"(0, 2, 3, 5, 6, 7, 8, 11)","(1, 2, 4, 5, 6, 7, 8, 9)",1,41,41,0
19,719,junk,11,0.023627759087947432,False,False,0.0,0.0,0.0,0.023627759087947432,0.023627759087947432,0.07004340692301117,0.07004340692301117,0.0,1,1,0,0,-1,27.34472200039173,27.34472200039173,0.0,"(2, 4, 5, 6, 7, 8, 10, 13)","(2, 4, 5, 6, 7, 8, 10, 13)",0,44,44,0
19,739,transient,10110,0.0,False,False,0.04441166308618279,0.04441166308618279,0.4319608846036342,0.04441166308618279,0.04441166308618279,0.0629179096763563,0.0629179096763563,0.0,0,0,0,0,-1,33.04148776008592,33.04148776008592,0.0,"(0, 1, 2, 4, 5, 6, 7, 8)","(0, 1, 2, 4, 5, 6, 7, 8)",0,47,47,0
19,759,transient,10113,0.0,False,False,0.003725083461526734,0.003725083461526734,0.0,0.003725083461526734,0.003725083461526734,0.05615131620107447,0.05615131620107447,0.0,0,0,0,0,-1,41.74221148821137,41.74221148821137,0.0,"(0, 1, 2, 4, 5, 6, 7, 8)","(0, 1, 2, 4, 5, 6, 7, 8)",0,45,45,0
19,779,useful,3,1.137831975567978,False,False,1.1187641350775657,1.1187641350775657,1.463119487928894,0.019067840490412324,0.019067840490412324,0.024449323897858793,0.024449323897858793,0.0,1,1,0,0,-1,38.81679886718125,38.81679886718125,0.0,"(1, 2, 3, 4, 5, 6, 7, 8)","(1, 2, 3, 4, 5, 6, 7, 8)",0,46,46,0
19,799,junk,11,0.04246765339023403,False,False,0.08101503005863067,0.08101503005863067,0.24525583690043484,0.038547376668396645,0.038547376668396645,0.05066803600045968,0.05066803600045968,0.0,1,1,0,0,-1,34.006301056387194,34.006301056387194,0.0,"(0, 1, 2, 4, 5, 6, 7, 8)","(0, 1, 2, 4, 5, 6, 7, 8)",0,48,48,0
19,819,junk,13,0.057686543133200964,False,False,0.015780898935029597,0.015780898935029597,0.19224296329589913,0.04190564419817137,0.04190564419817137,0.04648621367953523,0.04648621367953523,0.0,1,1,0,0,-1,27.299461529128116,27.299461529128116,0.0,"(1, 2, 3, 4, 5, 6, 7, 8)","(1, 2, 3, 4, 5, 6, 7, 8)",0,50,50,0
19,839,critical,8,3.1716413836296984,False,False,3.222958710200689,3.222958710200689,3.3524949341936603,0.05131732657099075,0.05131732657099075,0.05016956224149566,0.05016956224149566,0.0,0,0,0,0,-1,26.42685097872047,26.42685097872047,0.0,"(0, 1, 2, 4, 5, 6, 7, 8)","(0, 1, 2, 4, 5, 6, 7, 8)",0,51,51,0
19,859,useful,3,1.0342975275115984,False,False,0.9656678349971132,0.9656678349971132,1.1208134683633224,0.06862969251448525,0.06862969251448525,0.027400489178254384,0.027400489178254384,0.0,1,1,0,0,-1,28.871048692114012,28.871048692114012,0.0,"(1, 2, 3, 4, 5, 6, 7, 8)","(1, 2, 3, 4, 5, 6, 7, 8)",0,52,52,0
19,879,junk,11,0.043192772711821176,False,False,0.014370130015591925,0.014370130015591925,0.021125449966145623,0.02882264269622925,0.02882264269622925,0.04392633135100577,0.04392633135100577,0.0,0,0,0,0,-1,35.1893907467935,35.1893907467935,0.0,"(0, 1, 3, 4, 5, 6, 7, 8)","(0, 1, 3, 4, 5, 6, 7, 8)",0,53,53,0
19,899,useful,3,1.3219189459909848,False,False,1.3561022993372074,1.3561022993372074,1.286479325263635,0.03418335334622258,0.03418335334622258,0.021118265083386538,0.021118265083386538,0.0,0,0,0,0,-1,33.1716680959273,33.1716680959273,0.0,"(0, 1, 2, 4, 5, 6, 7, 8)","(0, 1, 2, 4, 5, 6, 7, 8)",0,54,54,0
19,919,junk,12,0.03664371888431078,True,True,2.458604589061744,0.0,0.0,2.421960870177433,0.03664371888431078,0.08457822250990882,0.05117729464456434,0.09105484862849988,1,1,0,2,939,32.13119212124137,31.120012341921452,-1.0111797793199173,"(0, 1, 3, 4, 5, 6, 7, 8)","(0, 1, 3, 4, 5, 6, 7, 8)",0,57,57,0
19,939,useful,0,0.782504691039836,False,False,0.7479425141811181,0.7479425141811181,0.8459166420616615,0.034562176858717875,0.034562176858717875,0.04732088652080152,0.04732088652080152,0.0,1,1,0,0,-1,30.765808027836847,30.765808027836847,0.0,"(0, 1, 3, 4, 5, 6, 7, 8)","(0, 1, 3, 4, 5, 6, 7, 8)",0,57,57,0
19,959,junk,13,0.06528090609572897,True,True,2.7616306416917804,0.04130401585166641,0.04130401585166641,2.6963497355960513,0.023976890244062556,0.09362919506032658,0.03828487739585955,0.12212852124140348,1,0,1,0,-1,43.805510624909246,43.805510624909246,0.0,"(1, 2, 3, 4, 5, 6, 7, 8)","(1, 2, 3, 4, 5, 6, 7, 8)",0,59,58,-1
19,979,useful,1,0.9297575426796101,True,True,0.15494054704650742,1.1817294247401642,1.1817294247401642,0.7748169956331027,0.2519718820605541,0.0748017132259831,0.030824733471655336,0.06945014864620347,0,0,0,2,1001,48.96189590691656,50.087563677016846,1.1256677701002857,"(1, 2, 3, 4, 5, 6, 7, 8)","(1, 2, 3, 4, 5, 6, 7, 8)",0,58,58,0
19,999,critical,6,5.498270316550917,False,False,5.527583087311738,5.527583087311738,5.409664779151841,0.029312770760821394,0.029312770760821394,0.04046105904595559,0.04046105904595559,0.0,0,0,0,0,-1,34.55723799651313,34.55723799651313,0.0,"(1, 2, 3, 4, 5, 6, 7, 8)","(1, 2, 3, 4, 5, 6, 7, 8)",0,58,58,0
19,1019,junk,13,0.052638708113480315,False,False,0.04127082963598037,0.04127082963598037,0.033827330570973604,0.011367878477499947,0.011367878477499947,0.04090940629185677,0.04090940629185677,0.0,0,0,0,0,-1,29.31664518469438,29.31664518469438,0.0,"(0, 1, 2, 4, 5, 6, 7, 8)","(0, 1, 2, 4, 5, 6, 7, 8)",0,59,59,0
19,1039,useful,3,0.8405620165357282,False,False,0.9226024846458091,0.9226024846458091,0.8696849140017148,0.08204046811008092,0.08204046811008092,0.025831778071537484,0.025831778071537484,0.0,0,0,0,0,-1,28.390434285531143,28.390434285531143,0.0,"(0, 1, 2, 4, 5, 6, 7, 8)","(0, 1, 2, 4, 5, 6, 7, 8)",0,61,61,0
19,1059,useful,2,0.9842063116779833,False,False,0.986490383599502,0.986490383599502,1.0901691601513963,0.0022840719215186933,0.0022840719215186933,0.025156521219066977,0.025156521219066977,0.0,0,0,0,0,-1,28.494782285586364,28.494782285586364,0.0,"(1, 2, 3, 4, 5, 6, 7, 8)","(1, 2, 3, 4, 5, 6, 7, 8)",0,62,62,0
19,1079,useful,5,1.143230042974698,True,False,0.3941536373747465,0.3941536373747465,0.9835521067431161,0.7490764055999515,0.7490764055999515,0.08115638117518253,0.08115638117518253,0.0,0,0,0,0,-1,40.54178831646168,40.54178831646168,0.0,"(1, 2, 3, 4, 5, 6, 7, 8)","(1, 2, 3, 4, 5, 6, 7, 8)",0,62,62,0
19,1099,useful,3,1.0820977451001716,True,True,0.09142031501693015,0.9754281935636913,0.9754281935636913,0.9906774300832415,0.10666955153648039,0.08532592395996931,0.03825683694517309,0.07049186694751491,0,0,0,3,1126,43.097461343587206,40.63204589526928,-2.465415448317927,"(0, 1, 2, 4, 5, 6, 7, 8)","(0, 1, 2, 4, 5, 6, 7, 8)",0,61,63,2
19,1119,transient,10160,0.0,True,True,2.803157857694101,0.2989451225137748,0.2989451225137748,2.803157857694101,0.2989451225137748,0.09457100235946216,0.03375033469101084,0.11147367753787979,0,0,0,0,-1,31.739168393927912,31.739168393927912,0.0,"(0, 1, 2, 4, 5, 6, 7, 8)","(0, 1, 2, 4, 5, 6, 7, 8)",0,63,63,0
19,1139,junk,13,0.04290460619433904,False,False,0.0,0.0,0.0,0.04290460619433904,0.04290460619433904,0.040333122050875525,0.040333122050875525,0.0,0,0,0,0,-1,41.607139352727025,41.607139352727025,0.0,"(0, 1, 2, 3, 4, 6, 7, 8)","(0, 1, 2, 3, 4, 6, 7, 8)",0,64,64,0
19,1159,transient,10166,0.0,False,False,0.05339402655593254,0.05339402655593254,0.0,0.05339402655593254,0.05339402655593254,0.037297630953831304,0.037297630953831304,0.0,0,0,0,0,-1,33.34246268723797,33.34246268723797,0.0,"(0, 1, 2, 3, 4, 6, 7, 8)","(0, 1, 2, 3, 4, 6, 7, 8)",0,64,64,0
19,1179,critical,7,3.098492190760269,False,False,3.0864115210713146,3.0864115210713146,3.2380879833869813,0.012080669688954604,0.012080669688954604,0.026744586272405908,0.026744586272405908,0.0,0,0,0,0,-1,28.40627362779646,28.40627362779646,0.0,"(0, 1, 2, 3, 4, 6, 7, 8)","(0, 1, 2, 3, 4, 6, 7, 8)",0,64,64,0
19,1199,junk,9,0.05217569154502216,False,False,0.027065269329848873,0.027065269329848873,0.08314327716054423,0.02511042221517329,0.02511042221517329,0.03558818570210337,0.03558818570210337,0.0,0,0,0,0,-1,31.93591296921307,31.93591296921307,0.0,"(0, 1, 2, 4, 5, 6, 7, 8)","(0, 1, 2, 4, 5, 6, 7, 8)",0,65,65,0
19,1219,junk,9,0.061901492949852636,False,False,0.08285211355724315,0.08285211355724315,0.0,0.02095062060739051,0.02095062060739051,0.027396760774243783,0.027396760774243783,0.0,0,0,0,0,-1,30.972897915996676,30.972897915996676,0.0,"(0, 1, 2, 4, 5, 6, 7, 8)","(0, 1, 2, 4, 5, 6, 7, 8)",0,65,65,0
19,1239,junk,10,0.057779102573093655,False,False,0.0,0.0,0.0,0.057779102573093655,0.057779102573093655,0.03266374923834016,0.03266374923834016,0.0,0,0,0,0,-1,34.89310390272201,34.89310390272201,0.0,"(0, 1, 2, 4, 5, 6, 7, 8)","(0, 1, 2, 4, 5, 6, 7, 8)",0,65,65,0
19,1259,junk,11,0.06076883157560986,False,False,0.04226332253635992,0.04226332253635992,0.21455177842281858,0.01850550903924994,0.01850550903924994,0.025295467490111582,0.025295467490111582,0.0,0,0,0,0,-1,29.01213960520655,29.01213960520655,0.0,"(0, 1, 2, 3, 4, 6, 7, 8)","(0, 1, 2, 3, 4, 6, 7, 8)",0,66,66,0
19,1279,junk,9,0.036404179572771284,False,False,0.08656282104663451,0.08656282104663451,0.2583334872298771,0.05015864147386323,0.05015864147386323,0.023213217824995636,0.023213217824995636,0.0,0,0,0,0,-1,35.44466369551022,35.44466369551022,0.0,"(0, 1, 2, 3, 4, 6, 7, 8)","(0, 1, 2, 3, 4, 6, 7, 8)",0,66,66,0
19,1299,junk,13,0.054545779339787215,False,False,0.0,0.0,0.1541670291766369,0.054545779339787215,0.054545779339787215,0.025745880626796572,0.025745880626796572,0.0,0,0,0,0,-1,36.263997402797685,36.263997402797685,0.0,"(0, 1, 2, 4, 5, 6, 7, 8)","(0, 1, 2, 4, 5, 6, 7, 8)",0,67,67,0
19,1319,junk,13,0.055148736079443456,False,False,0.05594836208816448,0.05594836208816448,0.0,0.0007996260087210216,0.0007996260087210216,0.0185700915680852,0.0185700915680852,0.0,0,0,0,0,-1,33.37388043421818,33.37388043421818,0.0,"(0, 1, 2, 3, 4, 6, 7, 8)","(0, 1, 2, 3, 4, 6, 7, 8)",0,68,68,0
19,1339,useful,0,0.9563794211368449,False,False,1.0140276603034026,1.0140276603034026,1.1829555406699588,0.0576482391665577,0.0576482391665577,0.04392383685674023,0.04392383685674023,0.0,0,0,0,0,-1,32.91611400125446,32.91611400125446,0.0,"(0, 1, 2, 3, 4, 6, 7, 8)","(0, 1, 2, 3, 4, 6, 7, 8)",0,68,68,0
19,1359,useful,1,0.9245546567675023,False,False,0.9246313118997944,0.9246313118997944,0.8176957484753317,7.665513229215826e-05,7.665513229215826e-05,0.030917267453059068,0.030917267453059068,0.0,0,0,0,0,-1,28.418181186057655,28.418181186057655,0.0,"(0, 1, 2, 3, 4, 6, 7, 8)","(0, 1, 2, 3, 4, 6, 7, 8)",0,68,68,0
19,1379,critical,6,3.814530747302432,False,False,3.782801015140363,3.782801015140363,3.728059228899483,0.03172973216206909,0.03172973216206909,0.023273017629747924,0.023273017629747924,0.0,0,0,0,0,-1,17.920239152509446,17.920239152509446,0.0,"(0, 1, 2, 3, 4, 6, 7, 8)","(0, 1, 2, 3, 4, 6, 7, 8)",0,68,68,0
19,1399,transient,10206,0.0,False,False,0.018175944349742134,0.018175944349742134,0.06323556909189897,0.018175944349742134,0.018175944349742134,0.02439463345042265,0.02439463345042265,0.0,0,0,0,0,-1,0.0,0.0,0.0,"(0, 1, 2, 3, 4, 6, 7, 8)","(0, 1, 2, 3, 4, 6, 7, 8)",0,68,68,0
20,19,junk,13,0.030812869306989146,False,False,0.0716863379199637,0.0716863379199637,0.0,0.040873468612974556,0.040873468612974556,0.06287774625543094,0.06287774625543094,0.0,1,1,0,0,-1,28.883922009753007,28.883922009753007,0.0,"(0, 1, 2, 3, 4, 7, 11, 13)","(0, 1, 2, 3, 4, 7, 11, 13)",0,8,8,0
20,39,transient,10002,0.0,False,False,0.00959202833444684,0.00959202833444684,0.0,0.00959202833444684,0.00959202833444684,0.07189249768933907,0.07189249768933907,0.0,0,0,0,0,-1,32.73721416886714,32.73721416886714,0.0,"(0, 1, 2, 3, 4, 5, 7, 11)","(0, 1, 2, 3, 4, 5, 7, 11)",0,9,9,0
20,59,junk,11,0.055009725835129114,False,False,0.059931737657035244,0.059931737657035244,0.011697201595342571,0.00492201182190613,0.00492201182190613,0.04670305104956715,0.04670305104956715,0.0,0,0,0,0,-1,28.785160145517196,28.785160145517196,0.0,"(0, 1, 2, 3, 4, 6, 7, 11)","(0, 1, 2, 3, 4, 6, 7, 11)",0,10,10,0
20,79,useful,4,0.9413337507243226,True,False,0.20910511481821237,0.20910511481821237,0.7362287533986273,0.7322286359061102,0.7322286359061102,0.0452208618199315,0.0452208618199315,0.0,0,0,0,0,-1,28.19427554665485,28.19427554665485,0.0,"(0, 1, 2, 3, 4, 5, 6, 7)","(0, 1, 2, 3, 4, 5, 6, 7)",0,11,11,0
20,99,junk,13,0.0446234550980096,False,False,0.053701748746402815,0.053701748746402815,0.18259596359760125,0.009078293648393215,0.009078293648393215,0.054672183107728714,0.054672183107728714,0.0,0,0,0,0,-1,23.808660925733317,23.808660925733317,0.0,"(0, 1, 2, 3, 4, 6, 7, 8)","(0, 1, 2, 3, 4, 6, 7, 8)",0,13,13,0
20,119,junk,12,0.045105590008142654,True,True,2.6915559245231804,0.0,0.0,2.6464503345150376,0.045105590008142654,0.07734145701320157,0.05250273258091181,0.12471289161665075,1,0,1,5,121,28.989769428180594,30.68752878957561,1.6977593613950148,"(1, 2, 3, 4, 5, 6, 7, 8)","(1, 2, 3, 4, 5, 6, 7, 8)",0,16,14,-2
20,139,junk,10,0.05191039872879225,False,False,0.15252648129462396,0.15252648129462396,0.31532856041123436,0.10061608256583171,0.10061608256583171,0.04646462218902804,0.04646462218902804,0.0,0,0,0,0,-1,25.94407160650979,25.94407160650979,0.0,"(0, 2, 3, 4, 5, 6, 7, 8)","(0, 2, 3, 4, 5, 6, 7, 8)",0,15,15,0
20,159,useful,1,1.0715075097307734,False,False,1.0644945172357985,1.0644945172357985,1.0899044083102232,0.00701299249497489,0.00701299249497489,0.030023666677939886,0.030023666677939886,0.0,0,0,0,0,-1,37.15767852639098,37.15767852639098,0.0,"(1, 2, 3, 4, 5, 6, 7, 8)","(1, 2, 3, 4, 5, 6, 7, 8)",0,16,16,0
20,179,junk,13,0.05398192339369448,False,False,0.0,0.0,0.3467939256612478,0.05398192339369448,0.05398192339369448,0.03712340251150703,0.03712340251150703,0.0,0,0,0,0,-1,37.78493366501149,37.78493366501149,0.0,"(1, 2, 3, 4, 5, 6, 7, 8)","(1, 2, 3, 4, 5, 6, 7, 8)",0,16,16,0
20,199,critical,7,4.246175485155139,True,True,0.49568816941297594,3.9298823393635676,3.9298823393635676,3.750487315742163,0.31629314579157164,0.09259303599035984,0.027073498194691417,0.10861040417406552,0,0,0,5,231,35.820986362268115,35.75206190577535,-0.06892445649276624,"(1, 2, 3, 4, 5, 6, 7, 8)","(0, 1, 2, 3, 4, 6, 7, 8)",1,16,17,1
20,219,junk,9,0.044495670740881066,False,False,0.010148640406705989,0.010148640406705989,0.11359393078381183,0.03434703033417508,0.03434703033417508,0.025964521352605244,0.025964521352605244,0.0,0,0,0,0,-1,37.01820145381306,37.01820145381306,0.0,"(0, 1, 2, 3, 4, 5, 7, 8)","(0, 1, 2, 3, 4, 5, 7, 8)",0,18,18,0
20,239,useful,0,0.46216041087067616,True,False,0.25422323500285937,0.25422323500285937,0.49541254039081656,0.2079371758678168,0.2079371758678168,0.04951990315917426,0.04951990315917426,0.0,0,0,0,0,-1,27.047622742709,27.047622742709,0.0,"(0, 1, 2, 3, 4, 5, 7, 8)","(0, 1, 2, 3, 4, 5, 7, 8)",0,18,18,0
20,259,transient,10042,0.0,False,False,0.04142607771691914,0.04142607771691914,0.04347231541117195,0.04142607771691914,0.04142607771691914,0.04264486689201165,0.04264486689201165,0.0,0,0,0,0,-1,28.640785980329827,28.640785980329827,0.0,"(0, 1, 2, 3, 4, 5, 7, 8)","(0, 1, 2, 3, 4, 5, 7, 8)",0,18,18,0
20,279,useful,5,1.330641743232195,True,True,0.4679625526489688,1.3848651323510568,1.3848651323510568,0.8626791905832263,0.05422338911886171,0.07037446659634895,0.022404441948012468,0.08155241325039353,0,0,0,2,312,32.13030614052141,32.13030614052141,0.0,"(0, 1, 2, 3, 4, 6, 7, 8)","(0, 1, 2, 3, 4, 6, 7, 8)",0,19,19,0
20,299,useful,4,0.8461980461203474,False,False,0.8897150491671333,0.8897150491671333,0.7483304912697777,0.04351700304678585,0.04351700304678585,0.02604052045563691,0.02604052045563691,0.0,0,0,0,0,-1,25.591445931548765,25.591445931548765,0.0,"(0, 1, 2, 4, 5, 6, 7, 8)","(0, 1, 2, 4, 5, 6, 7, 8)",0,21,21,0
20,319,critical,6,4.405612177970813,False,False,4.394584002106687,4.394584002106687,4.250560088937788,0.011028175864125522,0.011028175864125522,0.03496140264270188,0.03496140264270188,0.0,0,0,0,0,-1,39.15682903824002,39.15682903824002,0.0,"(0, 1, 2, 4, 5, 6, 7, 8)","(0, 1, 2, 4, 5, 6, 7, 8)",0,21,21,0
20,339,useful,4,1.0534010469165567,False,False,1.1219134219664848,1.1219134219664848,0.5263485249464205,0.06851237504992813,0.06851237504992813,0.024084076831361483,0.024084076831361483,0.0,0,0,0,0,-1,37.15137725377099,37.15137725377099,0.0,"(0, 1, 2, 4, 5, 6, 7, 8)","(0, 1, 2, 4, 5, 6, 7, 8)",0,21,21,0
20,359,junk,13,0.057740773483903864,False,False,0.13174820985964047,0.13174820985964047,0.39178926520912666,0.07400743637573662,0.07400743637573662,0.025051798526036922,0.025051798526036922,0.0,0,0,0,0,-1,41.824779157169,41.824779157169,0.0,"(1, 2, 3, 4, 5, 6, 7, 8)","(1, 2, 3, 4, 5, 6, 7, 8)",0,22,22,0
20,379,junk,10,0.06720620436476084,False,False,0.04513637431130908,0.04513637431130908,0.0,0.022069830053451756,0.022069830053451756,0.025785736211049518,0.025785736211049518,0.0,0,0,0,0,-1,31.61475577734923,31.61475577734923,0.0,"(0, 1, 3, 4, 5, 6, 7, 8)","(0, 1, 3, 4, 5, 6, 7, 8)",0,24,24,0
20,399,transient,10056,0.0,False,False,0.0,0.0,0.0,0.0,0.0,0.029293788088351973,0.029293788088351973,0.0,0,0,0,0,-1,19.777650823098217,19.777650823098217,0.0,"(0, 1, 2, 4, 5, 6, 7, 8)","(0, 1, 2, 4, 5, 6, 7, 8)",0,25,25,0
20,419,junk,13,0.04206724393767425,False,False,0.043203498873598305,0.043203498873598305,0.34856104203102445,0.0011362549359240567,0.0011362549359240567,0.035493800375056915,0.035493800375056915,0.0,0,0,0,0,-1,29.09570888275118,29.09570888275118,0.0,"(0, 1, 2, 4, 5, 6, 7, 8)","(0, 1, 2, 4, 5, 6, 7, 8)",0,25,25,0
20,439,junk,11,0.04290687965693682,True,True,2.849835895259212,0.38852659511510546,0.38852659511510546,2.8069290156022753,0.3456197154581686,0.10960592467072812,0.01746466657395498,0.10435930635590517,1,0,1,7,443,33.459144856245594,34.05335984013097,0.5942149838853794,"(0, 1, 3, 4, 5, 6, 7, 8)","(0, 1, 3, 4, 5, 6, 7, 8)",0,27,26,-1
20,459,useful,5,1.0949582783013072,False,False,1.0617211868638692,1.0617211868638692,1.049808514505538,0.03323709143743803,0.03323709143743803,0.013669244141341484,0.013669244141341484,0.0,0,0,0,0,-1,34.1165233565912,34.1165233565912,0.0,"(0, 1, 3, 4, 5, 6, 7, 8)","(0, 1, 3, 4, 5, 6, 7, 8)",0,26,26,0
20,479,useful,5,0.9579520952906094,True,False,0.3021588193720345,0.3021588193720345,0.9361756225991683,0.655793275918575,0.655793275918575,0.07178899815134834,0.07178899815134834,0.0,0,0,0,0,-1,35.82982483620271,35.82982483620271,0.0,"(0, 1, 3, 4, 5, 6, 7, 8)","(0, 1, 3, 4, 5, 6, 7, 8)",0,26,26,0
20,499,junk,13,0.044799676085528733,False,False,0.10521837699470943,0.10521837699470943,0.07265367018110719,0.060418700909180695,0.060418700909180695,0.037247122582216595,0.037247122582216595,0.0,0,0,0,0,-1,36.408506670499314,36.408506670499314,0.0,"(0, 1, 2, 4, 5, 6, 7, 8)","(0, 1, 2, 4, 5, 6, 7, 8)",0,27,27,0
20,519,junk,9,0.040235559316821594,False,False,0.0,0.0,0.03800197978171617,0.040235559316821594,0.040235559316821594,0.031110472852061352,0.031110472852061352,0.0,0,0,0,0,-1,32.85890328681999,32.85890328681999,0.0,"(0, 1, 3, 4, 5, 6, 7, 8)","(0, 1, 3, 4, 5, 6, 7, 8)",0,28,28,0
20,539,useful,2,1.196839319268186,False,False,1.1397407076050703,1.1397407076050703,1.5004554199202311,0.057098611663115806,0.057098611663115806,0.02214161400786028,0.02214161400786028,0.0,0,0,0,0,-1,36.45995576409535,36.45995576409535,0.0,"(0, 1, 2, 4, 5, 6, 7, 8)","(0, 1, 2, 4, 5, 6, 7, 8)",0,29,29,0
20,559,critical,6,4.84499032526197,False,False,4.790471053228013,4.790471053228013,4.895582998401909,0.05451927203395712,0.05451927203395712,0.025991182242627375,0.025991182242627375,0.0,0,0,0,0,-1,36.46371443357425,36.46371443357425,0.0,"(0, 1, 2, 4, 5, 6, 7, 8)","(0, 1, 2, 4, 5, 6, 7, 8)",0,29,29,0
20,579,useful,2,1.2017297721010631,False,False,1.223860271002964,1.223860271002964,1.2352976118165613,0.022130498901900886,0.022130498901900886,0.020876419684184563,0.020876419684184563,0.0,0,0,0,0,-1,28.50644666996683,28.50644666996683,0.0,"(1, 2, 3, 4, 5, 6, 7, 8)","(1, 2, 3, 4, 5, 6, 7, 8)",0,30,30,0
20,599,junk,13,0.04516228056505784,False,False,0.07324792291419246,0.07324792291419246,0.0,0.028085642349134625,0.028085642349134625,0.02534378743654528,0.02534378743654528,0.0,0,0,0,0,-1,35.004928664876424,35.004928664876424,0.0,"(1, 2, 3, 4, 5, 6, 7, 8)","(1, 2, 3, 4, 5, 6, 7, 8)",0,30,30,0
20,619,useful,1,1.1068807036918251,False,False,1.1003600140506902,1.1003600140506902,1.0496215495509844,0.006520689641134947,0.006520689641134947,0.026662272004126245,0.026662272004126245,0.0,0,0,0,0,-1,27.892290572825416,27.892290572825416,0.0,"(0, 1, 2, 4, 5, 6, 7, 8)","(0, 1, 2, 4, 5, 6, 7, 8)",0,31,31,0
20,639,transient,10091,0.0,False,False,0.027282481176115765,0.027282481176115765,0.0,0.027282481176115765,0.027282481176115765,0.03106978483693087,0.03106978483693087,0.0,0,0,0,0,-1,36.307880977629566,36.307880977629566,0.0,"(0, 1, 3, 4, 5, 6, 7, 8)","(0, 1, 3, 4, 5, 6, 7, 8)",0,32,32,0
20,659,useful,4,0.6339325833249752,True,False,0.46528604376919847,0.46528604376919847,0.8041156872768256,0.1686465395557767,0.1686465395557767,0.03367535090176942,0.03367535090176942,0.0,0,0,0,0,-1,38.2465038878752,38.2465038878752,0.0,"(0, 1, 3, 4, 5, 6, 7, 8)","(0, 1, 3, 4, 5, 6, 7, 8)",0,32,32,0
20,679,useful,2,1.0505659375502718,False,False,1.0930895717177824,1.0930895717177824,1.0488609582665782,0.04252363416751059,0.04252363416751059,0.024414143237261075,0.024414143237261075,0.0,0,0,0,0,-1,49.56719818792813,49.56719818792813,0.0,"(1, 4, 5, 6, 7, 8, 9, 11)","(1, 4, 5, 6, 7, 8, 9, 11)",0,36,36,0
20,699,useful,4,1.2206837884993555,True,False,0.5139367215118463,0.5139367215118463,1.1699578343043608,0.7067470669875092,0.7067470669875092,0.04808033886903814,0.04808033886903814,0.0,0,0,0,0,-1,37.68415668150594,37.68415668150594,0.0,"(1, 2, 4, 5, 6, 7, 8, 11)","(1, 2, 4, 5, 6, 7, 8, 11)",0,38,38,0
20,719,junk,9,0.0407193070096102,False,False,0.09078219197431614,0.09078219197431614,0.05888496808808831,0.05006288496470594,0.05006288496470594,0.06839502283368759,0.06839502283368759,0.0,1,1,0,0,-1,35.644365596659945,35.644365596659945,0.0,"(1, 4, 5, 6, 7, 8, 11, 13)","(1, 4, 5, 6, 7, 8, 11, 13)",0,41,41,0
20,739,junk,11,0.049510778163733886,True,True,2.7247255089663422,0.0,0.0,2.675214730802608,0.049510778163733886,0.099518223725308,0.06543656631481647,0.13471810796230627,0,0,0,14,751,29.23893838759557,33.4058810604906,4.166942672895029,"(1, 5, 6, 7, 8, 9, 11, 13)","(1, 4, 5, 6, 7, 8, 10, 11)",1,45,42,-3
20,759,junk,13,0.06913830185467097,False,False,0.042190056224377256,0.042190056224377256,0.08753901280492714,0.026948245630293716,0.026948245630293716,0.05747726872812481,0.05747726872812481,0.0,1,1,0,0,-1,40.19277936959204,40.19277936959204,0.0,"(1, 3, 4, 5, 6, 7, 8, 11)","(1, 3, 4, 5, 6, 7, 8, 11)",0,41,41,0
20,779,junk,13,0.041048805533403544,False,False,0.03653427870285893,0.03653427870285893,0.18389279035866207,0.004514526830544617,0.004514526830544617,0.05195268548524904,0.05195268548524904,0.0,1,1,0,0,-1,38.91605329539752,38.91605329539752,0.0,"(0, 1, 2, 4, 5, 6, 7, 8)","(0, 1, 2, 4, 5, 6, 7, 8)",0,46,46,0
20,799,junk,13,0.05431501515003413,False,False,0.0,0.0,0.06949507499336155,0.05431501515003413,0.05431501515003413,0.05128672536702788,0.05128672536702788,0.0,0,0,0,0,-1,48.852078899015446,48.852078899015446,0.0,"(0, 1, 3, 4, 5, 6, 7, 8)","(0, 1, 3, 4, 5, 6, 7, 8)",0,47,47,0
20,819,junk,12,0.03910411060403702,True,True,2.9324203732674428,0.0,0.0,2.8933162626634057,0.03910411060403702,0.09564905957967793,0.04569712575632068,0.10351255000214157,1,1,0,6,827,30.397349107931387,33.526049670211044,3.1287005622796578,"(0, 1, 3, 4, 5, 6, 7, 8)","(0, 1, 3, 4, 5, 6, 7, 8)",0,49,47,-2
20,839,useful,3,0.5576303980587032,False,False,0.5459468031358834,0.5459468031358834,0.5761986673174689,0.011683594922819784,0.011683594922819784,0.03453740204939067,0.03453740204939067,0.0,1,1,0,0,-1,32.82557442539425,32.82557442539425,0.0,"(0, 1, 2, 4, 5, 6, 7, 8)","(0, 1, 2, 4, 5, 6, 7, 8)",0,48,48,0
20,859,transient,10126,0.0,False,False,0.007100496411452072,0.007100496411452072,0.09641067839558186,0.007100496411452072,0.007100496411452072,0.04479928017889063,0.04479928017889063,0.0,0,0,0,0,-1,29.051742703798975,29.051742703798975,0.0,"(0, 1, 2, 3, 5, 6, 7, 8)","(0, 1, 2, 3, 5, 6, 7, 8)",0,49,49,0
20,879,transient,10130,0.0,True,True,2.518587812563653,0.0,0.0,2.518587812563653,0.0,0.09429477303087427,0.03983564701044984,0.10596427511156058,0,0,0,0,-1,46.623664958302186,46.623664958302186,0.0,"(0, 1, 2, 3, 5, 6, 7, 8)","(0, 1, 2, 3, 5, 6, 7, 8)",0,49,49,0
20,899,junk,9,0.03193390614848733,True,True,2.7929392512731126,0.06882931308498944,0.06882931308498944,2.7610053451246253,0.036895406936502104,0.10540932050265865,0.03942597213068648,0.12878744705994302,1,0,1,0,-1,44.97746473265333,44.97746473265333,0.0,"(0, 1, 2, 4, 5, 6, 7, 8)","(0, 1, 2, 4, 5, 6, 7, 8)",0,51,50,-1
20,919,junk,12,0.03402656368105355,False,False,0.03655296762031009,0.03655296762031009,0.1339935648319997,0.002526403939256537,0.002526403939256537,0.035621894901269074,0.035621894901269074,0.0,0,0,0,0,-1,53.43334196238605,53.43334196238605,0.0,"(0, 1, 2, 3, 5, 6, 7, 8)","(0, 1, 2, 3, 5, 6, 7, 8)",0,51,51,0
20,939,useful,5,0.5613936737645366,False,False,0.5783571802753615,0.5783571802753615,0.5475045596885313,0.0169635065108249,0.0169635065108249,0.04421689943091999,0.04421689943091999,0.0,0,0,0,0,-1,36.013598477184416,36.013598477184416,0.0,"(0, 1, 2, 3, 5, 6, 7, 8)","(0, 1, 2, 3, 5, 6, 7, 8)",0,51,51,0
20,959,junk,9,0.0560821315104649,False,False,0.19606736081082538,0.19606736081082538,0.30161813152385486,0.13998522930036048,0.13998522930036048,0.032646691426798005,0.032646691426798005,0.0,0,0,0,0,-1,25.878857569761546,25.878857569761546,0.0,"(0, 1, 2, 4, 5, 6, 7, 8)","(0, 1, 2, 4, 5, 6, 7, 8)",0,52,52,0
20,979,useful,3,0.7400649649583062,False,False,0.849699480387231,0.849699480387231,0.5730114668529026,0.10963451542892477,0.10963451542892477,0.03489733635072358,0.03489733635072358,0.0,0,0,0,0,-1,18.46921712194388,18.46921712194388,0.0,"(0, 1, 2, 4, 5, 6, 7, 8)","(0, 1, 2, 4, 5, 6, 7, 8)",0,52,52,0
20,999,junk,9,0.04077247351169876,True,True,2.3752757803524154,0.0,0.0,2.3345033068407166,0.04077247351169876,0.09276661019727253,0.03362350726250441,0.10733718658692903,1,0,1,4,1001,21.83152061280919,21.556078080144637,-0.27544253266455243,"(0, 1, 3, 4, 5, 6, 7, 8)","(0, 1, 3, 4, 5, 6, 7, 8)",0,54,53,-1
20,1019,useful,4,1.3098013204466041,True,True,0.09996919765578388,1.54275376278212,1.54275376278212,1.2098321227908202,0.23295244233551582,0.0848542314335091,0.020711982095056126,0.07723052317298812,0,0,0,2,1062,19.444039295996404,20.260534270291288,0.8164949742948835,"(0, 1, 2, 4, 5, 6, 7, 8)","(0, 1, 2, 4, 5, 6, 7, 8)",0,54,54,0
20,1039,transient,10150,0.0,False,False,0.0,0.0,0.590787641131775,0.0,0.0,0.034708181374276614,0.034708181374276614,0.0,0,0,0,0,-1,36.09007713341395,36.09007713341395,0.0,"(0, 1, 2, 4, 5, 6, 7, 8)","(0, 1, 2, 4, 5, 6, 7, 8)",0,54,54,0
20,1059,junk,10,0.04676810228008847,True,True,2.6757032174635524,0.0,0.0,2.628935115183464,0.04676810228008847,0.09379632974694038,0.034667205632347424,0.10604780104470593,1,0,1,0,-1,42.012616040345456,42.012616040345456,0.0,"(0, 1, 2, 4, 5, 6, 7, 8)","(0, 1, 2, 4, 5, 6, 7, 8)",0,55,54,-1
20,1079,junk,11,0.03769697582079285,False,False,0.02037775397619047,0.02037775397619047,0.0,0.01731922184460238,0.01731922184460238,0.02890621600427443,0.02890621600427443,0.0,0,0,0,0,-1,34.61635329615293,34.61635329615293,0.0,"(0, 1, 3, 4, 5, 6, 7, 8)","(0, 1, 3, 4, 5, 6, 7, 8)",0,55,55,0
20,1099,useful,0,1.1617586775488435,False,False,1.123237622377054,1.123237622377054,1.3148721808976034,0.03852105517178961,0.03852105517178961,0.011669298170454753,0.011669298170454753,0.0,0,0,0,0,-1,29.342543628994598,29.342543628994598,0.0,"(0, 1, 3, 4, 5, 6, 7, 8)","(0, 1, 3, 4, 5, 6, 7, 8)",0,57,57,0
20,1119,junk,10,0.05161639147742528,False,False,0.07838067123104692,0.07838067123104692,0.0,0.02676427975362164,0.02676427975362164,0.025670922292826654,0.025670922292826654,0.0,0,0,0,0,-1,36.79885986780915,36.79885986780915,0.0,"(0, 1, 3, 4, 5, 6, 7, 8)","(0, 1, 3, 4, 5, 6, 7, 8)",0,57,57,0
20,1139,junk,13,0.04872073663872641,False,False,0.12439743302654663,0.12439743302654663,0.048771466614544956,0.07567669638782021,0.07567669638782021,0.02171540315808856,0.02171540315808856,0.0,0,0,0,0,-1,43.795689777848224,43.795689777848224,0.0,"(1, 2, 3, 4, 5, 6, 7, 8)","(1, 2, 3, 4, 5, 6, 7, 8)",0,58,58,0
20,1159,transient,10171,0.0,False,False,0.0,0.0,0.0,0.0,0.0,0.030786162667210418,0.030786162667210418,0.0,0,0,0,0,-1,44.797911296759274,44.797911296759274,0.0,"(1, 2, 3, 4, 5, 6, 7, 8)","(1, 2, 3, 4, 5, 6, 7, 8)",0,58,58,0
20,1179,useful,5,0.8031563744468478,False,False,0.7467690895209158,0.7467690895209158,0.6532548783516633,0.056387284925932035,0.056387284925932035,0.03497851724627085,0.03497851724627085,0.0,0,0,0,0,-1,44.09348316213312,44.09348316213312,0.0,"(0, 1, 3, 4, 5, 6, 7, 8)","(0, 1, 3, 4, 5, 6, 7, 8)",0,59,59,0
20,1199,junk,13,0.05135826679185851,True,True,2.4357999380006063,0.1211768639946422,0.1211768639946422,2.384441671208748,0.06981859720278369,0.10521935010839112,0.01943897588626733,0.1161394041616958,1,0,1,2,1215,32.982476436425316,32.927591118323704,-0.05488531810161135,"(0, 1, 3, 4, 5, 6, 7, 8)","(0, 1, 3, 4, 5, 6, 7, 8)",0,60,59,-1
20,1219,useful,5,0.8326086051830979,False,False,0.766352018472339,0.766352018472339,0.8626509018274199,0.06625658671075885,0.06625658671075885,0.03999393987055771,0.03999393987055771,0.0,0,0,0,0,-1,37.31274083912902,37.31274083912902,0.0,"(0, 1, 3, 4, 5, 6, 7, 8)","(0, 1, 3, 4, 5, 6, 7, 8)",0,59,59,0
20,1239,transient,10185,0.0,False,False,0.0854449489579032,0.0854449489579032,0.0,0.0854449489579032,0.0854449489579032,0.02436412137966651,0.02436412137966651,0.0,0,0,0,0,-1,32.06139205718081,32.06139205718081,0.0,"(0, 1, 2, 3, 4, 6, 7, 8)","(0, 1, 2, 3, 4, 6, 7, 8)",0,60,60,0
20,1259,junk,9,0.04457382603930473,True,True,2.8696454028311655,0.30586072908694195,0.30586072908694195,2.825071576791861,0.26128690304763724,0.11290622688587156,0.017156607879344594,0.12229393489064286,0,0,0,5,1275,26.17329790552535,27.401880769665727,1.2285828641403782,"(0, 1, 2, 3, 4, 6, 7, 8)","(0, 1, 2, 3, 4, 6, 7, 8)",0,62,60,-2
20,1279,junk,12,0.050913487307978435,False,False,0.05449699041446862,0.05449699041446862,0.1137577205321337,0.0035835031064901865,0.0035835031064901865,0.02309305020578698,0.02309305020578698,0.0,0,0,0,0,-1,28.69681832479246,28.69681832479246,0.0,"(0, 1, 2, 3, 4, 6, 7, 8)","(0, 1, 2, 3, 4, 6, 7, 8)",0,60,60,0
20,1299,useful,0,0.5964194974498425,False,False,0.5531290376551649,0.5531290376551649,1.07071408949965,0.043290459794677605,0.043290459794677605,0.046337831431676864,0.046337831431676864,0.0,0,0,0,0,-1,43.34350730660963,43.34350730660963,0.0,"(0, 1, 2, 3, 4, 6, 7, 8)","(0, 1, 2, 3, 4, 6, 7, 8)",0,60,60,0
20,1319,critical,8,3.6764742665117867,False,False,3.587000923503933,3.587000923503933,3.4686540550834493,0.08947334300785359,0.08947334300785359,0.026135469209399582,0.026135469209399582,0.0,0,0,0,0,-1,37.48483130043947,37.48483130043947,0.0,"(0, 1, 3, 4, 5, 6, 7, 8)","(0, 1, 3, 4, 5, 6, 7, 8)",0,61,61,0
20,1339,transient,10190,0.0,False,False,0.0,0.0,0.0,0.0,0.0,0.02323168187859463,0.02323168187859463,0.0,0,0,0,0,-1,34.47327549221785,34.47327549221785,0.0,"(0, 1, 3, 4, 5, 6, 7, 8)","(0, 1, 3, 4, 5, 6, 7, 8)",0,61,61,0
20,1359,useful,5,0.9256081316836774,False,False,0.9152189251215034,0.9152189251215034,0.9753276996621097,0.010389206562174014,0.010389206562174014,0.03205336183616063,0.03205336183616063,0.0,0,0,0,0,-1,20.001943671823486,20.001943671823486,0.0,"(0, 1, 3, 4, 5, 6, 7, 8)","(0, 1, 3, 4, 5, 6, 7, 8)",0,61,61,0
20,1379,useful,1,0.8284979763128313,False,False,0.8234423547097492,0.8234423547097492,0.582536442788285,0.005055621603082039,0.005055621603082039,0.04752886401358698,0.04752886401358698,0.0,0,0,0,0,-1,8.192253444985724,8.192253444985724,0.0,"(0, 1, 3, 4, 5, 6, 7, 8)","(0, 1, 3, 4, 5, 6, 7, 8)",0,61,61,0
20,1399,useful,5,1.0678370970359092,False,False,1.1085095226658046,1.1085095226658046,0.9637785638415357,0.04067242562989537,0.04067242562989537,0.017855001061304374,0.017855001061304374,0.0,0,0,0,0,-1,0.0,0.0,0.0,"(0, 1, 3, 4, 5, 6, 7, 8)","(0, 1, 3, 4, 5, 6, 7, 8)",0,61,61,0
21,19,junk,13,0.05086519491657755,False,False,0.0,0.0,0.651462095762168,0.05086519491657755,0.05086519491657755,0.07124747304206835,0.07124747304206835,0.0,0,0,0,0,-1,12.150811173416002,12.150811173416002,0.0,"(0, 1, 2, 3, 4, 6, 13)","(0, 1, 2, 3, 4, 6, 13)",0,7,7,0
21,39,transient,10003,0.0,False,False,0.0,0.0,0.0,0.0,0.0,0.05601901857708448,0.05601901857708448,0.0,0,0,0,0,-1,21.6395234099396,21.6395234099396,0.0,"(0, 1, 2, 3, 4, 6, 13)","(0, 1, 2, 3, 4, 6, 13)",0,7,7,0
21,59,useful,4,0.7857255946097743,False,False,0.905097678457772,0.905097678457772,0.8007325941056238,0.11937208384799769,0.11937208384799769,0.03777172365241075,0.03777172365241075,0.0,0,0,0,0,-1,33.23790465354399,33.23790465354399,0.0,"(0, 1, 2, 3, 4, 5, 6, 13)","(0, 1, 2, 3, 4, 5, 6, 13)",0,8,8,0
21,79,useful,2,0.9741302225483353,False,False,0.9609830492354143,0.9609830492354143,0.6144828691191397,0.013147173312920923,0.013147173312920923,0.03653430531828987,0.03653430531828987,0.0,0,0,0,0,-1,31.944618086666132,31.944618086666132,0.0,"(0, 1, 2, 3, 4, 5, 6, 13)","(0, 1, 2, 3, 4, 5, 6, 13)",0,8,8,0
21,99,junk,11,0.054689741810741946,True,True,3.0783520084075646,0.0,0.0,3.0236622665968227,0.054689741810741946,0.07633118751081476,0.05184705391495181,0.12548871336979409,1,1,0,0,-1,32.51753161425296,32.51753161425296,0.0,"(0, 1, 2, 3, 4, 5, 6, 11)","(0, 1, 2, 3, 4, 5, 6, 11)",0,9,9,0
21,119,useful,3,1.0248542290012523,True,True,0.0,1.2451998348233393,1.2451998348233393,1.0248542290012523,0.22034560582208695,0.04795172526375884,0.03424582171198081,0.07926263842259065,0,0,0,0,-1,24.10506945169348,24.10506945169348,0.0,"(0, 1, 2, 3, 4, 5, 6, 11)","(0, 1, 2, 3, 4, 5, 6, 11)",0,9,9,0
21,139,critical,6,4.128440876083127,False,False,4.165291367728804,4.165291367728804,4.243891016093282,0.03685049164567644,0.03685049164567644,0.04093899467522341,0.04093899467522341,0.0,0,0,0,0,-1,27.59593096642737,27.59593096642737,0.0,"(0, 1, 2, 3, 4, 5, 6, 8)","(0, 1, 2, 3, 4, 5, 6, 8)",0,10,10,0
21,159,junk,9,0.05518890107845495,True,True,2.246876608351564,0.17979441004392208,0.17979441004392208,2.1916877072731094,0.12460550896546713,0.07490763661757921,0.040485885087459164,0.11111928618962533,1,1,0,1,204,33.06617502500271,34.10093713120238,1.034762106199672,"(0, 1, 3, 4, 5, 6, 8, 9)","(0, 1, 2, 3, 4, 5, 6, 8)",1,11,11,0
21,179,useful,4,1.1834293623807055,False,False,1.2170172735580886,1.2170172735580886,1.5405373016070267,0.033587911177383134,0.033587911177383134,0.022860757666261278,0.022860757666261278,0.0,0,0,0,0,-1,38.62074195728941,38.62074195728941,0.0,"(0, 1, 2, 3, 4, 5, 6, 8)","(0, 1, 2, 3, 4, 5, 6, 8)",0,11,11,0
21,199,useful,3,0.8212067150689393,False,False,0.8139686066763119,0.8139686066763119,0.9778419644103716,0.007238108392627396,0.007238108392627396,0.023874804139418577,0.023874804139418577,0.0,0,0,0,0,-1,29.38667055751299,29.38667055751299,0.0,"(0, 1, 3, 4, 5, 6, 7, 8)","(0, 1, 3, 4, 5, 6, 7, 8)",0,12,12,0
21,219,junk,12,0.04670013186415953,False,False,0.011375884714151699,0.011375884714151699,0.25502412305893457,0.03532424715000783,0.03532424715000783,0.04588869747486644,0.04588869747486644,0.0,0,0,0,0,-1,30.24934639576003,30.24934639576003,0.0,"(0, 1, 3, 4, 5, 6, 7, 8)","(0, 1, 3, 4, 5, 6, 7, 8)",0,12,12,0
21,239,junk,9,0.05694283898447683,False,False,0.09373971260885869,0.09373971260885869,0.0,0.03679687362438186,0.03679687362438186,0.036790970256692285,0.036790970256692285,0.0,0,0,0,0,-1,36.89183076508549,36.89183076508549,0.0,"(0, 1, 3, 4, 5, 6, 7, 8)","(0, 1, 3, 4, 5, 6, 7, 8)",0,12,12,0
21,259,junk,13,0.03535966394209641,False,False,0.0689628919635806,0.0689628919635806,0.1425202449483718,0.033603228021484195,0.033603228021484195,0.0356375293653293,0.0356375293653293,0.0,0,0,0,0,-1,34.38440563575201,34.38440563575201,0.0,"(0, 1, 2, 3, 4, 6, 7, 8)","(0, 1, 2, 3, 4, 6, 7, 8)",0,13,13,0
21,279,junk,9,0.043109297362626836,False,False,0.0,0.0,0.0,0.043109297362626836,0.043109297362626836,0.02740804072792876,0.02740804072792876,0.0,0,0,0,0,-1,26.62941098537256,26.62941098537256,0.0,"(0, 1, 2, 3, 4, 6, 7, 8)","(0, 1, 2, 3, 4, 6, 7, 8)",0,13,13,0
21,299,useful,2,1.1924978609888999,False,False,1.2854086894233443,1.2854086894233443,1.5410423955079635,0.09291082843444443,0.09291082843444443,0.025464325821853196,0.025464325821853196,0.0,0,0,0,0,-1,28.89966862989138,28.89966862989138,0.0,"(0, 1, 2, 3, 4, 6, 7, 8)","(0, 1, 2, 3, 4, 6, 7, 8)",0,13,13,0
21,319,transient,10043,0.0,False,False,0.029290057289280653,0.029290057289280653,0.025775358209475418,0.029290057289280653,0.029290057289280653,0.03429262049328352,0.03429262049328352,0.0,0,0,0,0,-1,28.128736081932075,28.128736081932075,0.0,"(1, 2, 3, 4, 5, 6, 7, 8)","(1, 2, 3, 4, 5, 6, 7, 8)",0,14,14,0
21,339,useful,4,1.694313718348162,False,False,1.7749954716260214,1.7749954716260214,1.6708585395251252,0.08068175327785942,0.08068175327785942,0.019097519359442545,0.019097519359442545,0.0,0,0,0,0,-1,39.493328161280445,39.493328161280445,0.0,"(0, 1, 2, 3, 4, 6, 7, 8)","(0, 1, 2, 3, 4, 6, 7, 8)",0,15,15,0
21,359,critical,7,3.9602024181850903,False,False,4.014223448264385,4.014223448264385,3.937859527031825,0.05402103007929471,0.05402103007929471,0.022478990213534708,0.022478990213534708,0.0,0,0,0,0,-1,31.796189390628946,31.796189390628946,0.0,"(0, 1, 2, 3, 4, 6, 7, 8)","(0, 1, 2, 3, 4, 6, 7, 8)",0,15,15,0
21,379,transient,10051,0.0,False,False,0.020915814906602666,0.020915814906602666,0.01859894598153817,0.020915814906602666,0.020915814906602666,0.023395364543945935,0.023395364543945935,0.0,0,0,0,0,-1,35.29893648120006,35.29893648120006,0.0,"(0, 1, 2, 3, 4, 6, 7, 8)","(0, 1, 2, 3, 4, 6, 7, 8)",0,15,15,0
21,399,useful,4,0.7538079031592531,True,True,0.0,1.4708585956121074,1.4708585956121074,0.7538079031592531,0.7170506924528544,0.06433584395412281,0.04017576969506884,0.048522934945457105,0,0,0,2,428,33.73061174702682,33.73061174702682,0.0,"(0, 1, 2, 3, 4, 6, 7, 8)","(0, 1, 2, 3, 4, 6, 7, 8)",0,15,15,0
21,419,useful,3,0.8507582051719649,False,False,0.8656009061835948,0.8656009061835948,0.7554307794543156,0.014842701011629877,0.014842701011629877,0.03344594203018199,0.03344594203018199,0.0,0,0,0,0,-1,34.084728054583096,34.084728054583096,0.0,"(0, 1, 3, 4, 5, 6, 7, 8)","(0, 1, 3, 4, 5, 6, 7, 8)",0,16,16,0
21,439,useful,1,0.946215884581553,True,False,0.42873434448711145,0.42873434448711145,1.0107035042162955,0.5174815400944416,0.5174815400944416,0.04690380864097904,0.04690380864097904,0.0,0,0,0,0,-1,31.83473820608683,31.83473820608683,0.0,"(0, 1, 3, 4, 5, 6, 7, 8)","(0, 1, 3, 4, 5, 6, 7, 8)",0,16,16,0
21,459,transient,10067,0.0,True,True,2.896013480323905,0.007356281313048024,0.007356281313048024,2.896013480323905,0.007356281313048024,0.10607111588425361,0.03544992726020694,0.1375035859616213,0,0,0,1,504,34.23711709574249,34.23711709574249,0.0,"(0, 1, 3, 4, 5, 6, 7, 8)","(0, 1, 3, 4, 5, 6, 7, 8)",0,18,18,0
21,479,junk,11,0.05868526097981043,False,False,0.06157696057750568,0.06157696057750568,0.0,0.002891699597695252,0.002891699597695252,0.02984575043948421,0.02984575043948421,0.0,0,0,0,0,-1,28.701366788628444,28.701366788628444,0.0,"(0, 1, 2, 3, 4, 6, 7, 8)","(0, 1, 2, 3, 4, 6, 7, 8)",0,19,19,0
21,499,useful,5,0.8332460283824386,False,False,0.9289581017298911,0.9289581017298911,1.0130183226917766,0.09571207334745258,0.09571207334745258,0.01771314101058613,0.01771314101058613,0.0,0,0,0,0,-1,29.2749824547775,29.2749824547775,0.0,"(0, 1, 2, 3, 4, 6, 7, 8)","(0, 1, 2, 3, 4, 6, 7, 8)",0,19,19,0
21,519,useful,4,0.8401856683934561,False,False,0.7982730781855061,0.7982730781855061,0.695244265451296,0.04191259020795002,0.04191259020795002,0.030438592650995196,0.030438592650995196,0.0,0,0,0,0,-1,30.47160471875778,30.47160471875778,0.0,"(0, 1, 2, 3, 4, 6, 7, 8)","(0, 1, 2, 3, 4, 6, 7, 8)",0,19,19,0
21,539,junk,11,0.04933310153752727,False,False,0.03798511530716699,0.03798511530716699,0.0,0.011347986230360277,0.011347986230360277,0.030475849215033025,0.030475849215033025,0.0,0,0,0,0,-1,35.47342442556643,35.47342442556643,0.0,"(0, 1, 2, 3, 4, 6, 7, 8)","(0, 1, 2, 3, 4, 6, 7, 8)",0,21,21,0
21,559,useful,4,0.8623029845233162,False,False,0.929563606800802,0.929563606800802,0.9362127037566383,0.06726062227748575,0.06726062227748575,0.019768823172456478,0.019768823172456478,0.0,0,0,0,0,-1,40.40819375712822,40.40819375712822,0.0,"(0, 1, 3, 4, 5, 6, 7, 8)","(0, 1, 3, 4, 5, 6, 7, 8)",0,22,22,0
21,579,useful,5,1.05010982706067,False,False,1.0353315891770942,1.0353315891770942,1.3099167587993552,0.014778237883575684,0.014778237883575684,0.019722933258848788,0.019722933258848788,0.0,1,1,0,0,-1,46.02864087749097,46.02864087749097,0.0,"(0, 1, 3, 4, 5, 6, 7, 8)","(0, 1, 3, 4, 5, 6, 7, 8)",0,22,22,0
21,599,transient,10084,0.0,False,False,0.0,0.0,0.0,0.0,0.0,0.0321954223993798,0.0321954223993798,0.0,0,0,0,0,-1,47.38712225221874,47.38712225221874,0.0,"(0, 1, 2, 3, 4, 6, 7, 8)","(0, 1, 2, 3, 4, 6, 7, 8)",0,23,23,0
21,619,useful,0,0.7737989725797516,False,False,0.7866109445466669,0.7866109445466669,0.9372167712710935,0.012811971966915303,0.012811971966915303,0.0313868637038256,0.0313868637038256,0.0,0,0,0,0,-1,42.47508818381211,42.47508818381211,0.0,"(0, 1, 3, 4, 5, 6, 7, 8)","(0, 1, 3, 4, 5, 6, 7, 8)",0,24,24,0
21,639,junk,11,0.0422935808543548,False,False,0.03814409039041027,0.03814409039041027,0.024013629421951233,0.004149490463944527,0.004149490463944527,0.026034096475434806,0.026034096475434806,0.0,0,0,0,0,-1,34.982887269872165,34.982887269872165,0.0,"(0, 1, 3, 4, 5, 6, 7, 8)","(0, 1, 3, 4, 5, 6, 7, 8)",0,26,26,0
21,659,transient,10094,0.0,False,False,0.0,0.0,0.014718229893347111,0.0,0.0,0.03006869039420264,0.03006869039420264,0.0,0,0,0,0,-1,30.774684368856867,30.774684368856867,0.0,"(0, 3, 4, 5, 6, 7, 8, 10)","(0, 3, 4, 5, 6, 7, 8, 10)",0,27,27,0
21,679,junk,13,0.04682360663587774,False,False,0.11199480894301088,0.11199480894301088,0.0,0.06517120230713314,0.06517120230713314,0.019755789786795663,0.019755789786795663,0.0,0,0,0,0,-1,33.86003826033159,33.86003826033159,0.0,"(0, 3, 4, 5, 6, 7, 8, 13)","(0, 3, 4, 5, 6, 7, 8, 13)",0,30,30,0
21,699,transient,10100,0.0,False,False,0.08022691840853001,0.08022691840853001,0.0,0.08022691840853001,0.08022691840853001,0.018979237993928172,0.018979237993928172,0.0,0,0,0,0,-1,39.44305182876128,39.44305182876128,0.0,"(0, 3, 4, 5, 6, 7, 8, 10)","(0, 3, 4, 5, 6, 7, 8, 10)",0,32,32,0
21,719,junk,11,0.06094725831709552,False,False,0.04831717558336382,0.04831717558336382,0.31861693246693257,0.012630082733731701,0.012630082733731701,0.06834175535924365,0.06834175535924365,0.0,1,1,0,0,-1,32.74203927178656,32.74203927178656,0.0,"(0, 3, 4, 5, 6, 7, 8, 13)","(0, 3, 4, 5, 6, 7, 8, 13)",0,35,35,0
21,739,junk,11,0.04140550388393127,True,True,2.190479375808475,0.0,0.0,2.1490738719245437,0.04140550388393127,0.09682487258284528,0.06355014203196592,0.10575170851561315,0,0,0,6,750,38.39721243941338,38.30885595355497,-0.08835648585841227,"(0, 3, 4, 5, 6, 7, 8, 13)","(0, 3, 4, 5, 6, 7, 8, 13)",0,39,38,-1
21,759,useful,5,0.87560665840202,False,False,0.8808116444129239,0.8808116444129239,0.8958244357319435,0.0052049860109039114,0.0052049860109039114,0.03461571700399355,0.03461571700399355,0.0,0,0,0,0,-1,41.50407946204571,41.50407946204571,0.0,"(0, 3, 4, 5, 6, 7, 8, 10)","(0, 3, 4, 5, 6, 7, 8, 10)",0,41,41,0
21,779,junk,12,0.04729532029500139,False,False,0.015338475684206196,0.015338475684206196,0.029472550284245367,0.0319568446107952,0.0319568446107952,0.054999479074258825,0.054999479074258825,0.0,1,1,0,0,-1,54.20247235800106,54.20247235800106,0.0,"(0, 2, 3, 4, 5, 6, 7, 8)","(0, 2, 3, 4, 5, 6, 7, 8)",0,42,42,0
21,799,useful,0,1.1289200772931203,False,False,1.0365863018374908,1.0365863018374908,1.0231913582369974,0.09233377545562949,0.09233377545562949,0.03493193334138796,0.03493193334138796,0.0,0,0,0,0,-1,33.11311296721089,33.11311296721089,0.0,"(0, 2, 3, 4, 5, 6, 7, 8)","(0, 2, 3, 4, 5, 6, 7, 8)",0,40,40,0
21,819,junk,12,0.06280381446601038,False,False,0.030371138480895427,0.030371138480895427,0.08671900469539902,0.032432675985114956,0.032432675985114956,0.05441723783301886,0.05441723783301886,0.0,1,1,0,0,-1,30.710561583631595,30.710561583631595,0.0,"(0, 2, 3, 4, 5, 6, 7, 8)","(0, 2, 3, 4, 5, 6, 7, 8)",0,42,42,0
21,839,junk,13,0.07082341198669373,False,False,0.06940647972422129,0.06940647972422129,0.0,0.0014169322624724423,0.0014169322624724423,0.04747637116709685,0.04747637116709685,0.0,1,1,0,0,-1,38.872891800675916,38.872891800675916,0.0,"(0, 1, 2, 3, 4, 6, 7, 8)","(0, 1, 2, 3, 4, 6, 7, 8)",0,45,45,0
21,859,useful,2,1.124976437483976,False,False,1.1776811852591393,1.1776811852591393,1.07399171870176,0.05270474777516343,0.05270474777516343,0.02912768018510348,0.02912768018510348,0.0,0,0,0,0,-1,35.91746918574624,35.91746918574624,0.0,"(0, 1, 2, 3, 4, 6, 7, 8)","(0, 1, 2, 3, 4, 6, 7, 8)",0,45,45,0
21,879,useful,2,0.9540788844469412,False,False,0.9360074191979874,0.9360074191979874,0.9219380341332384,0.018071465248953866,0.018071465248953866,0.028162645504806343,0.028162645504806343,0.0,0,0,0,0,-1,29.005212386284462,29.005212386284462,0.0,"(0, 1, 2, 3, 4, 6, 7, 8)","(0, 1, 2, 3, 4, 6, 7, 8)",0,47,47,0
21,899,junk,12,0.07702337893071598,False,False,0.10209770026780515,0.10209770026780515,0.1876002210061903,0.025074321337089173,0.025074321337089173,0.04287817074132487,0.04287817074132487,0.0,1,1,0,0,-1,25.458899514747117,25.458899514747117,0.0,"(0, 1, 2, 3, 4, 6, 7, 8)","(0, 1, 2, 3, 4, 6, 7, 8)",0,49,49,0
21,919,useful,3,1.192720590959015,False,False,1.179870550880302,1.179870550880302,1.0665394359076454,0.012850040078713043,0.012850040078713043,0.028384303060433283,0.028384303060433283,0.0,0,0,0,0,-1,38.05522648992441,38.05522648992441,0.0,"(0, 2, 3, 4, 5, 6, 7, 8)","(0, 2, 3, 4, 5, 6, 7, 8)",0,50,50,0
21,939,junk,11,0.04091873596521121,False,False,0.0,0.0,0.0,0.04091873596521121,0.04091873596521121,0.044375100003189887,0.044375100003189887,0.0,1,1,0,0,-1,43.001129541421896,43.001129541421896,0.0,"(0, 1, 2, 3, 4, 6, 7, 8)","(0, 1, 2, 3, 4, 6, 7, 8)",0,52,52,0
21,959,useful,4,1.2039685222667607,False,False,1.1739308195089297,1.1739308195089297,1.6269803550571607,0.03003770275783091,0.03003770275783091,0.013480461285070038,0.013480461285070038,0.0,0,0,0,0,-1,41.429723072021666,41.429723072021666,0.0,"(0, 2, 3, 4, 5, 6, 7, 8)","(0, 2, 3, 4, 5, 6, 7, 8)",0,53,53,0
21,979,transient,10143,0.0,False,False,0.0,0.0,0.0,0.0,0.0,0.03864586360247098,0.03864586360247098,0.0,0,0,0,0,-1,42.34520423068011,42.34520423068011,0.0,"(0, 2, 3, 4, 5, 6, 7, 8)","(0, 2, 3, 4, 5, 6, 7, 8)",0,53,53,0
21,999,useful,4,1.1296929287093358,False,False,1.1173780904658686,1.1173780904658686,1.03701900115921,0.012314838243467241,0.012314838243467241,0.014751230014485918,0.014751230014485918,0.0,0,0,0,0,-1,45.705519564850306,45.705519564850306,0.0,"(0, 1, 2, 3, 4, 6, 7, 8)","(0, 1, 2, 3, 4, 6, 7, 8)",0,54,54,0
21,1019,transient,10153,0.0,True,True,2.442642589465336,0.0,0.0,2.442642589465336,0.0,0.09199021783856175,0.032997233120285796,0.10487124865504036,0,0,0,0,-1,41.03390009758775,41.03390009758775,0.0,"(0, 2, 3, 4, 5, 6, 7, 8)","(0, 2, 3, 4, 5, 6, 7, 8)",0,55,55,0
21,1039,junk,13,0.06210284633838457,False,False,0.11242212492936254,0.11242212492936254,0.12394672406041046,0.05031927859097798,0.05031927859097798,0.030648192998936123,0.030648192998936123,0.0,0,0,0,0,-1,29.771720473519263,29.771720473519263,0.0,"(0, 2, 3, 4, 5, 6, 7, 8)","(0, 2, 3, 4, 5, 6, 7, 8)",0,55,55,0
21,1059,useful,3,0.8047834166163712,False,False,0.719904914906207,0.719904914906207,0.7415258152319688,0.0848785017101642,0.0848785017101642,0.03501104725832257,0.03501104725832257,0.0,0,0,0,0,-1,27.725871265842954,27.725871265842954,0.0,"(0, 1, 2, 3, 4, 6, 7, 8)","(0, 1, 2, 3, 4, 6, 7, 8)",0,56,56,0
21,1079,junk,10,0.040845036458405655,False,False,0.0798199627282456,0.0798199627282456,0.0,0.03897492626983994,0.03897492626983994,0.03052939490429348,0.03052939490429348,0.0,0,0,0,0,-1,37.983953004619835,37.983953004619835,0.0,"(0, 1, 2, 3, 4, 6, 7, 8)","(0, 1, 2, 3, 4, 6, 7, 8)",0,56,56,0
21,1099,useful,3,0.7739621464129522,False,False,0.7783340007826767,0.7783340007826767,0.7849947814109605,0.004371854369724426,0.004371854369724426,0.027411610263267886,0.027411610263267886,0.0,0,0,0,0,-1,35.290528211815904,35.290528211815904,0.0,"(0, 1, 2, 3, 4, 6, 7, 8)","(0, 1, 2, 3, 4, 6, 7, 8)",0,56,56,0
21,1119,transient,10171,0.0,True,True,2.184086860307333,0.016431322088740197,0.016431322088740197,2.184086860307333,0.016431322088740197,0.08516416884891848,0.033084104058464035,0.10566887473068899,0,0,0,0,-1,34.777729788692774,34.777729788692774,0.0,"(0, 1, 2, 3, 4, 6, 7, 8)","(0, 1, 2, 3, 4, 6, 7, 8)",0,56,56,0
21,1139,junk,10,0.060791220901534396,True,True,2.612318323980912,0.1858442622830604,0.1858442622830604,2.5515271030793776,0.125053041381526,0.09485742861631617,0.028219394949457847,0.10638683000466477,1,0,1,3,1141,39.295540169402614,41.63246882411873,2.336928654716118,"(0, 1, 2, 3, 4, 6, 7, 8)","(0, 1, 2, 3, 4, 6, 7, 8)",0,58,56,-2
21,1159,transient,10177,0.0,False,False,0.06107733341315672,0.06107733341315672,0.0,0.06107733341315672,0.06107733341315672,0.02535225327486088,0.02535225327486088,0.0,0,0,0,0,-1,47.020368403537276,47.020368403537276,0.0,"(0, 1, 2, 3, 4, 6, 7, 8)","(0, 1, 2, 3, 4, 6, 7, 8)",0,58,58,0
21,1179,useful,2,0.76031870544718,False,False,0.6718641388437485,0.6718641388437485,0.951223637815447,0.08845456660343154,0.08845456660343154,0.05142282740890901,0.05142282740890901,0.0,0,0,0,0,-1,40.50830887767326,40.50830887767326,0.0,"(0, 1, 2, 3, 4, 6, 7, 8)","(0, 1, 2, 3, 4, 6, 7, 8)",0,58,58,0
21,1199,junk,13,0.06750347413687594,False,False,0.06921162043927695,0.06921162043927695,0.16532983669809298,0.0017081463024010146,0.0017081463024010146,0.025656102294558638,0.025656102294558638,0.0,0,0,0,0,-1,46.9829370969564,46.9829370969564,0.0,"(0, 2, 3, 4, 5, 6, 7, 8)","(0, 2, 3, 4, 5, 6, 7, 8)",0,59,59,0
21,1219,critical,7,3.550215971515559,True,True,1.0212322841455634,3.400931963690145,3.400931963690145,2.5289836873699953,0.14928400782541384,0.09161429357383212,0.02478018075287589,0.101735808706491,0,0,0,3,1251,33.73503547947216,35.09652750778329,1.3614920283111331,"(0, 1, 2, 3, 4, 6, 7, 8)","(0, 1, 2, 3, 4, 6, 7, 8)",0,60,60,0
21,1239,junk,12,0.04700988864677691,False,False,0.10895741685698158,0.10895741685698158,0.0,0.061947528210204675,0.061947528210204675,0.022430646553271424,0.022430646553271424,0.0,0,0,0,0,-1,48.58160776967234,48.58160776967234,0.0,"(0, 1, 2, 3, 4, 6, 7, 8)","(0, 1, 2, 3, 4, 6, 7, 8)",0,60,60,0
21,1259,useful,1,0.8896002363302782,False,False,0.8427216937894575,0.8427216937894575,0.8367305132652748,0.04687854254082069,0.04687854254082069,0.026311248556850325,0.026311248556850325,0.0,0,0,0,0,-1,50.267795013817704,50.267795013817704,0.0,"(0, 2, 3, 4, 5, 6, 7, 8)","(0, 2, 3, 4, 5, 6, 7, 8)",0,61,61,0
21,1279,critical,7,5.349149112145032,False,False,5.4036974615787265,5.4036974615787265,5.7215536398423295,0.05454834943369491,0.05454834943369491,0.02967310949487143,0.02967310949487143,0.0,0,0,0,0,-1,42.28380747640889,42.28380747640889,0.0,"(0, 1, 2, 3, 4, 6, 7, 8)","(0, 1, 2, 3, 4, 6, 7, 8)",0,62,62,0
21,1299,junk,9,0.049193490542390604,False,False,0.04817080994538518,0.04817080994538518,0.022871625104597507,0.0010226805970054223,0.0010226805970054223,0.024979762023838614,0.024979762023838614,0.0,0,0,0,0,-1,33.55285248230359,33.55285248230359,0.0,"(0, 1, 2, 3, 4, 6, 7, 8)","(0, 1, 2, 3, 4, 6, 7, 8)",0,62,62,0
21,1319,transient,10194,0.0,False,False,0.0,0.0,0.1352820344070465,0.0,0.0,0.02674960307514885,0.02674960307514885,0.0,0,0,0,0,-1,34.16018334538189,34.16018334538189,0.0,"(0, 1, 2, 3, 4, 6, 7, 8)","(0, 1, 2, 3, 4, 6, 7, 8)",0,62,62,0
21,1339,junk,10,0.04806783995751679,False,False,0.05080365239832771,0.05080365239832771,0.2727989507678611,0.0027358124408109197,0.0027358124408109197,0.02117303067690172,0.02117303067690172,0.0,0,0,0,0,-1,34.004398570951224,34.004398570951224,0.0,"(0, 2, 3, 4, 5, 6, 7, 8)","(0, 2, 3, 4, 5, 6, 7, 8)",0,63,63,0
21,1359,useful,5,0.8705547082264011,False,False,0.897781768963495,0.897781768963495,0.8843717659099125,0.02722706073709391,0.02722706073709391,0.028463078181272472,0.028463078181272472,0.0,0,0,0,0,-1,28.780664388111337,28.780664388111337,0.0,"(0, 2, 3, 4, 5, 6, 7, 8)","(0, 2, 3, 4, 5, 6, 7, 8)",0,63,63,0
21,1379,junk,9,0.04759697058188709,False,False,0.09564937835046114,0.09564937835046114,0.08657095367605416,0.04805240776857405,0.04805240776857405,0.021201087263418874,0.021201087263418874,0.0,0,0,0,0,-1,9.70432401795116,9.70432401795116,0.0,"(0, 2, 3, 4, 5, 6, 7, 8)","(0, 2, 3, 4, 5, 6, 7, 8)",0,63,63,0
21,1399,transient,10211,0.0,False,False,0.06166350608068471,0.06166350608068471,0.04226440763583747,0.06166350608068471,0.06166350608068471,0.018895628500251723,0.018895628500251723,0.0,0,0,0,0,-1,0.0,0.0,0.0,"(0, 2, 3, 4, 5, 6, 7, 8)","(0, 2, 3, 4, 5, 6, 7, 8)",0,63,63,0
22,19,junk,10,0.07017470191212276,False,False,0.07035796610087677,0.07035796610087677,0.0,0.00018326418875401485,0.00018326418875401485,0.05763777436467482,0.05763777436467482,0.0,1,1,0,0,-1,17.560484665350398,17.560484665350398,0.0,"(0, 1, 2, 3, 4, 5, 10, 13)","(0, 1, 2, 3, 4, 5, 10, 13)",0,8,8,0
22,39,transient,10008,0.0,False,False,0.06682422015186797,0.06682422015186797,0.0,0.06682422015186797,0.06682422015186797,0.06497146893679662,0.06497146893679662,0.0,0,0,0,0,-1,24.826221348835173,24.826221348835173,0.0,"(0, 1, 2, 3, 4, 5, 8, 10)","(0, 1, 2, 3, 4, 5, 8, 10)",0,8,8,0
22,59,useful,2,0.860859106591812,False,False,0.779100273557004,0.779100273557004,1.1243911959316835,0.08175883303480802,0.08175883303480802,0.05615998280552193,0.05615998280552193,0.0,0,0,0,0,-1,32.4901708589426,32.4901708589426,0.0,"(0, 1, 2, 3, 4, 5, 7, 8)","(0, 1, 2, 3, 4, 5, 7, 8)",0,9,9,0
22,79,junk,10,0.05710972121455006,False,False,0.08459297208715755,0.08459297208715755,0.1908767682821701,0.027483250872607487,0.027483250872607487,0.05386301199804478,0.05386301199804478,0.0,0,0,0,0,-1,30.912310898979428,30.912310898979428,0.0,"(1, 2, 3, 4, 5, 6, 7, 8)","(1, 2, 3, 4, 5, 6, 7, 8)",0,10,10,0
22,99,junk,12,0.0480646358890499,True,True,2.271763648341263,0.22172905018212696,0.22172905018212696,2.223699012452213,0.17366441429307705,0.07064867412761217,0.039847693571604635,0.1058108916318205,1,1,0,0,-1,30.594220107686308,30.594220107686308,0.0,"(1, 2, 3, 4, 5, 6, 7, 8)","(1, 2, 3, 4, 5, 6, 7, 8)",0,13,13,0
22,119,junk,12,0.032350925000232275,False,False,0.045206466142444335,0.045206466142444335,0.04128685401671469,0.01285554114221206,0.01285554114221206,0.04289240672668826,0.04289240672668826,0.0,0,0,0,0,-1,21.162219785216564,21.162219785216564,0.0,"(0, 1, 2, 4, 5, 6, 7, 8)","(0, 1, 2, 4, 5, 6, 7, 8)",0,14,14,0
22,139,useful,3,1.0340193807922942,False,False,1.105891137629151,1.105891137629151,0.804798328643632,0.07187175683685676,0.07187175683685676,0.028250673636293185,0.028250673636293185,0.0,0,0,0,0,-1,37.88792559564734,37.88792559564734,0.0,"(0, 1, 2, 4, 5, 6, 7, 8)","(0, 1, 2, 4, 5, 6, 7, 8)",0,14,14,0
22,159,useful,2,1.2793323322674632,False,False,1.2410971622345275,1.2410971622345275,1.461568178146695,0.03823517003293575,0.03823517003293575,0.03013577849877631,0.03013577849877631,0.0,0,0,0,0,-1,45.89749633143899,45.89749633143899,0.0,"(0, 1, 2, 4, 5, 6, 7, 8)","(0, 1, 2, 4, 5, 6, 7, 8)",0,14,14,0
22,179,useful,3,0.842631481440171,True,False,0.21706016072655357,0.21706016072655357,0.9343812275597916,0.6255713207136174,0.6255713207136174,0.04596265136210235,0.04596265136210235,0.0,0,0,0,0,-1,55.43158886422273,55.43158886422273,0.0,"(0, 1, 2, 4, 5, 6, 7, 8)","(0, 1, 2, 4, 5, 6, 7, 8)",0,14,14,0
22,199,critical,6,3.1610942250317198,False,False,3.124734219947351,3.124734219947351,3.2431756019289746,0.03636000508436865,0.03636000508436865,0.04260160570270598,0.04260160570270598,0.0,0,0,0,0,-1,43.48633981361976,43.48633981361976,0.0,"(0, 1, 2, 4, 5, 6, 7, 8)","(0, 1, 2, 4, 5, 6, 7, 8)",0,16,16,0
22,219,useful,2,1.0839622098439055,False,False,1.087004762003041,1.087004762003041,0.8814012705248079,0.0030425521591355142,0.0030425521591355142,0.02564307566129774,0.02564307566129774,0.0,0,0,0,0,-1,28.983000048476026,28.983000048476026,0.0,"(0, 1, 2, 4, 5, 6, 7, 8)","(0, 1, 2, 4, 5, 6, 7, 8)",0,16,16,0
22,239,useful,3,0.49429391423688296,False,False,0.5214100995202747,0.5214100995202747,0.7432883251771036,0.02711618528339177,0.02711618528339177,0.026461969586849054,0.026461969586849054,0.0,0,0,0,0,-1,33.7217152632876,33.7217152632876,0.0,"(0, 1, 2, 4, 5, 6, 7, 8)","(0, 1, 2, 4, 5, 6, 7, 8)",0,16,16,0
22,259,junk,10,0.051471392729422284,False,False,0.10876419456027767,0.10876419456027767,0.0,0.05729280183085538,0.05729280183085538,0.04512627348567543,0.04512627348567543,0.0,0,0,0,0,-1,38.194394762348004,38.194394762348004,0.0,"(0, 1, 2, 4, 5, 6, 7, 8)","(0, 1, 2, 4, 5, 6, 7, 8)",0,16,16,0
22,279,useful,4,1.082071036513367,False,False,1.0767167688191717,1.0767167688191717,0.7793166109867765,0.005354267694195336,0.005354267694195336,0.025446830424134332,0.025446830424134332,0.0,0,0,0,0,-1,35.12430653891198,35.12430653891198,0.0,"(1, 2, 3, 4, 5, 6, 7, 8)","(1, 2, 3, 4, 5, 6, 7, 8)",0,18,18,0
22,299,junk,9,0.07500004244436731,True,True,2.536516731302865,0.0,0.0,2.461516688858498,0.07500004244436731,0.09074404618002346,0.03964884196238742,0.12445545653219622,1,0,1,6,310,24.853124676544855,25.100021928926207,0.24689725238135196,"(0, 1, 2, 3, 5, 6, 7, 8)","(1, 2, 3, 4, 5, 6, 7, 8)",1,20,18,-2
22,319,useful,4,1.361750313728171,False,False,1.3376183504357062,1.3376183504357062,1.367306799998886,0.02413196329246481,0.02413196329246481,0.018264815891786915,0.018264815891786915,0.0,0,0,0,0,-1,32.47198809871812,32.47198809871812,0.0,"(1, 2, 3, 4, 5, 6, 7, 8)","(1, 2, 3, 4, 5, 6, 7, 8)",0,18,18,0
22,339,useful,2,1.3082044518748004,False,False,1.3625786264448432,1.3625786264448432,1.3867934620754652,0.05437417457004279,0.05437417457004279,0.009979200522666574,0.009979200522666574,0.0,0,0,0,0,-1,37.5866107355799,37.5866107355799,0.0,"(0, 2, 3, 4, 5, 6, 7, 8)","(0, 2, 3, 4, 5, 6, 7, 8)",0,19,19,0
22,359,junk,9,0.037735055033515874,False,False,0.0,0.0,0.0,0.037735055033515874,0.037735055033515874,0.041078179091494735,0.041078179091494735,0.0,0,0,0,0,-1,42.54711988633446,42.54711988633446,0.0,"(1, 2, 3, 4, 5, 6, 7, 8)","(1, 2, 3, 4, 5, 6, 7, 8)",0,20,20,0
22,379,junk,12,0.06223290782508023,False,False,0.0,0.0,0.08393981291205915,0.06223290782508023,0.06223290782508023,0.032021510901446684,0.032021510901446684,0.0,0,0,0,0,-1,30.630344523802155,30.630344523802155,0.0,"(1, 2, 3, 4, 5, 6, 7, 8)","(1, 2, 3, 4, 5, 6, 7, 8)",0,22,22,0
22,399,junk,10,0.06702756800657755,False,False,0.11688031014329589,0.11688031014329589,0.5602406302586902,0.04985274213671834,0.04985274213671834,0.03148300398219726,0.03148300398219726,0.0,0,0,0,0,-1,43.34486365127866,43.34486365127866,0.0,"(1, 2, 3, 4, 5, 6, 7, 8)","(1, 2, 3, 4, 5, 6, 7, 8)",0,22,22,0
22,419,transient,10060,0.0,False,False,0.0,0.0,0.1428295748908641,0.0,0.0,0.031420773736169666,0.031420773736169666,0.0,0,0,0,0,-1,42.12651110336655,42.12651110336655,0.0,"(0, 2, 3, 4, 5, 6, 7, 8)","(0, 2, 3, 4, 5, 6, 7, 8)",0,23,23,0
22,439,critical,6,4.868649384619902,True,True,1.268995296983841,4.914138422849722,4.914138422849722,3.5996540876360608,0.04548903822982009,0.1107409823214407,0.02758707272750607,0.118698126506671,0,0,0,5,463,35.25646777511406,35.25646777511406,0.0,"(0, 2, 3, 4, 5, 6, 7, 8)","(0, 2, 3, 4, 5, 6, 7, 8)",0,23,23,0
22,459,critical,7,5.262668967122285,True,True,1.0891541238297144,5.049983985346137,5.049983985346137,4.173514843292571,0.2126849817761478,0.11692315078564032,0.037354512066063966,0.11799261671324703,0,0,0,4,496,29.247952359019052,26.87570669206762,-2.3722456669514322,"(0, 1, 2, 3, 5, 6, 7, 8)","(0, 2, 3, 4, 5, 6, 7, 8)",1,24,25,1
22,479,junk,9,0.04828693737711768,False,False,0.03563221909420475,0.03563221909420475,0.7375583181467147,0.012654718282912931,0.012654718282912931,0.032552293587163994,0.032552293587163994,0.0,0,0,0,0,-1,22.504638678192762,22.504638678192762,0.0,"(0, 1, 2, 3, 5, 6, 7, 8)","(0, 1, 2, 3, 5, 6, 7, 8)",0,26,26,0
22,499,useful,3,1.2942348297650386,False,False,1.3257373212600818,1.3257373212600818,1.4283698099227953,0.03150249149504325,0.03150249149504325,0.029190733685115978,0.029190733685115978,0.0,0,0,0,0,-1,20.045013459294704,20.045013459294704,0.0,"(0, 1, 2, 3, 5, 6, 7, 8)","(0, 1, 2, 3, 5, 6, 7, 8)",0,26,26,0
22,519,useful,1,0.8410886173956544,False,False,0.8131184839950024,0.8131184839950024,0.7580557502118015,0.02797013340065202,0.02797013340065202,0.02756462224850418,0.02756462224850418,0.0,0,0,0,0,-1,22.834226686676516,22.834226686676516,0.0,"(0, 2, 3, 4, 5, 6, 7, 8)","(0, 2, 3, 4, 5, 6, 7, 8)",0,27,27,0
22,539,useful,1,0.9633812800337845,True,True,0.18410533840859233,1.2882493740744942,1.2882493740744942,0.7792759416251922,0.3248680940407097,0.07909186557692638,0.012621486947197625,0.08486201513458884,0,0,0,2,572,31.411000666735013,31.411000666735013,0.0,"(0, 2, 3, 4, 5, 6, 7, 8)","(0, 2, 3, 4, 5, 6, 7, 8)",0,27,27,0
22,559,transient,10081,0.0,False,False,0.04449220519334518,0.04449220519334518,0.0,0.04449220519334518,0.04449220519334518,0.02698171192017777,0.02698171192017777,0.0,0,0,0,0,-1,34.62247258459186,34.62247258459186,0.0,"(0, 1, 2, 4, 5, 6, 7, 8)","(0, 1, 2, 4, 5, 6, 7, 8)",0,28,28,0
22,579,critical,7,5.566014589940107,False,False,5.54814165520763,5.54814165520763,5.578517406708198,0.017872934732476864,0.017872934732476864,0.022599197533527418,0.022599197533527418,0.0,0,0,0,0,-1,43.913540587282085,43.913540587282085,0.0,"(0, 1, 2, 4, 5, 6, 7, 8)","(0, 1, 2, 4, 5, 6, 7, 8)",0,28,28,0
22,599,useful,4,1.1687245825422357,False,False,1.066080426142035,1.066080426142035,1.1119676361382544,0.10264415640020075,0.10264415640020075,0.03172186292207159,0.03172186292207159,0.0,0,0,0,0,-1,38.18064020235339,38.18064020235339,0.0,"(0, 1, 2, 4, 5, 6, 7, 8)","(0, 1, 2, 4, 5, 6, 7, 8)",0,30,30,0
22,619,critical,6,6.206786102419723,False,False,6.204153658517642,6.204153658517642,6.297384233082244,0.0026324439020806167,0.0026324439020806167,0.02613813586614099,0.02613813586614099,0.0,0,0,0,0,-1,31.89943514543763,31.89943514543763,0.0,"(0, 1, 2, 4, 5, 6, 7, 8)","(0, 1, 2, 4, 5, 6, 7, 8)",0,30,30,0
22,639,junk,9,0.07066747959467631,False,False,0.05603573768087575,0.05603573768087575,0.0,0.014631741913800567,0.014631741913800567,0.016817149337220973,0.016817149337220973,0.0,0,0,0,0,-1,23.141896254804553,23.141896254804553,0.0,"(0, 2, 3, 4, 5, 6, 7, 8)","(0, 2, 3, 4, 5, 6, 7, 8)",0,31,31,0
22,659,junk,13,0.056313464556611785,False,False,0.0,0.0,0.08814509997346526,0.056313464556611785,0.056313464556611785,0.016169303983743714,0.016169303983743714,0.0,0,0,0,0,-1,18.4553369664885,18.4553369664885,0.0,"(0, 1, 2, 3, 4, 6, 7, 8)","(0, 1, 2, 3, 4, 6, 7, 8)",0,32,32,0
22,679,transient,10103,0.0,True,True,2.79222676833814,0.04384079234012374,0.04384079234012374,2.79222676833814,0.04384079234012374,0.11266083548746147,0.01949539545710462,0.12258092446887456,0,0,0,9,705,20.403833529877783,23.59835794951183,3.194524419634046,"(0, 2, 3, 6, 7, 8, 11, 13)","(0, 2, 3, 4, 6, 7, 8, 11)",1,37,36,-1
22,699,useful,2,1.1510358925785922,False,False,1.2118620854777995,1.2118620854777995,1.6739483531469763,0.06082619289920732,0.06082619289920732,0.01248300469447801,0.01248300469447801,0.0,0,0,0,0,-1,31.76284572607639,31.76284572607639,0.0,"(0, 2, 4, 6, 7, 8, 11, 13)","(0, 2, 4, 6, 7, 8, 11, 13)",0,40,40,0
22,719,junk,13,0.05369183676116295,False,False,0.18167757264791448,0.18167757264791448,0.1067399252458964,0.12798573588675152,0.12798573588675152,0.07035482041871935,0.07035482041871935,0.0,1,1,0,0,-1,35.67645520997414,35.67645520997414,0.0,"(0, 4, 6, 7, 8, 10, 11, 13)","(0, 4, 6, 7, 8, 10, 11, 13)",0,41,41,0
22,739,useful,5,1.332465533176349,False,False,1.3051938876707312,1.3051938876707312,1.229429877864939,0.027271645505617892,0.027271645505617892,0.048968995573722536,0.048968995573722536,0.0,0,0,0,0,-1,29.264792286968692,29.264792286968692,0.0,"(0, 3, 6, 7, 8, 9, 10, 11)","(0, 3, 6, 7, 8, 9, 10, 11)",0,44,44,0
22,759,transient,10113,0.0,True,True,2.6402367653432903,0.0,0.0,2.6402367653432903,0.0,0.09061235830267997,0.061611975807319495,0.10179415180231667,0,0,0,12,770,25.989548672035777,30.53035867437562,4.5408100023398426,"(0, 5, 6, 7, 8, 9, 10, 11)","(0, 4, 6, 7, 8, 9, 10, 11)",1,48,49,1
22,779,transient,10116,0.0,False,False,0.0,0.0,0.0,0.0,0.0,0.059204231530754624,0.059204231530754624,0.0,0,0,0,0,-1,21.80065182226767,21.80065182226767,0.0,"(0, 1, 4, 6, 7, 8, 9, 11)","(0, 1, 4, 6, 7, 8, 9, 11)",0,50,50,0
22,799,critical,8,5.430775135471258,False,False,5.4823058575313,5.4823058575313,5.669352755838682,0.0515307220600425,0.0515307220600425,0.054281262325935845,0.054281262325935845,0.0,0,0,0,0,-1,23.91231821361295,23.91231821361295,0.0,"(0, 3, 4, 6, 7, 8, 9, 11)","(0, 3, 4, 6, 7, 8, 9, 11)",0,51,51,0
22,819,junk,9,0.055374164521787554,False,False,0.0,0.0,0.0,0.055374164521787554,0.055374164521787554,0.05068999050513336,0.05068999050513336,0.0,0,0,0,0,-1,36.67815403083505,36.67815403083505,0.0,"(0, 1, 4, 5, 6, 7, 8, 11)","(0, 1, 4, 5, 6, 7, 8, 11)",0,52,52,0
22,839,critical,8,4.078713212851992,False,False,3.9962768449098864,3.9962768449098864,3.8834373739241435,0.08243636794210518,0.08243636794210518,0.0440832834742831,0.0440832834742831,0.0,0,0,0,0,-1,31.297467956350847,31.297467956350847,0.0,"(0, 1, 4, 5, 6, 7, 8, 11)","(0, 1, 4, 5, 6, 7, 8, 11)",0,54,54,0
22,859,transient,10127,0.0,False,False,0.0,0.0,0.0109324447409229,0.0,0.0,0.03958990680812487,0.03958990680812487,0.0,0,0,0,0,-1,33.101750842002794,33.101750842002794,0.0,"(0, 3, 4, 5, 6, 7, 8, 11)","(0, 3, 4, 5, 6, 7, 8, 11)",0,55,55,0
22,879,junk,10,0.05204146540333335,False,False,0.0253119826827337,0.0253119826827337,0.16533168549073468,0.026729482720599648,0.026729482720599648,0.04162411334826127,0.04162411334826127,0.0,0,0,0,0,-1,43.149193206484284,43.149193206484284,0.0,"(0, 1, 4, 5, 6, 7, 8, 11)","(0, 1, 4, 5, 6, 7, 8, 11)",0,57,57,0
22,899,critical,6,2.203072931453228,True,True,0.32135575266195643,2.13979569670461,2.13979569670461,1.8817171787912716,0.06327723474861813,0.09128534675387212,0.026362668101238614,0.1015157692171869,0,0,0,3,921,47.02975569553538,47.924932034857235,0.895176339321857,"(0, 2, 4, 5, 6, 7, 8, 11)","(0, 1, 4, 5, 6, 7, 8, 11)",1,58,59,1
22,919,transient,10134,0.0,False,False,0.0,0.0,0.035039609793940794,0.0,0.0,0.03709897336970779,0.03709897336970779,0.0,0,0,0,0,-1,51.246337053722456,51.246337053722456,0.0,"(0, 3, 4, 5, 6, 7, 8, 11)","(0, 3, 4, 5, 6, 7, 8, 11)",0,60,60,0
22,939,junk,11,0.03813651085496647,False,False,0.0,0.0,0.09213638179364803,0.03813651085496647,0.03813651085496647,0.03479534957014213,0.03479534957014213,0.0,0,0,0,0,-1,51.474094319666854,51.474094319666854,0.0,"(0, 2, 4, 5, 6, 7, 8, 11)","(0, 2, 4, 5, 6, 7, 8, 11)",0,61,61,0
22,959,junk,13,0.057139884272493814,False,False,0.08835694060532544,0.08835694060532544,0.2973012286258378,0.031217056332831623,0.031217056332831623,0.029320724329722523,0.029320724329722523,0.0,0,0,0,0,-1,46.89309424593891,46.89309424593891,0.0,"(0, 2, 4, 5, 6, 7, 8, 11)","(0, 2, 4, 5, 6, 7, 8, 11)",0,61,61,0
22,979,junk,12,0.04662708759513463,False,False,0.0,0.0,0.0,0.04662708759513463,0.04662708759513463,0.027242244011893502,0.027242244011893502,0.0,0,0,0,0,-1,40.23890551311253,40.23890551311253,0.0,"(0, 1, 2, 4, 5, 6, 7, 8)","(0, 1, 2, 4, 5, 6, 7, 8)",0,62,62,0
22,999,useful,1,0.9401261191661539,False,False,0.9934069421676549,0.9934069421676549,0.9610587772323609,0.053280823001501054,0.053280823001501054,0.0335604711037409,0.0335604711037409,0.0,1,1,0,0,-1,44.0275221988755,44.0275221988755,0.0,"(0, 1, 3, 4, 5, 6, 7, 8)","(0, 1, 3, 4, 5, 6, 7, 8)",0,63,63,0
22,1019,junk,12,0.05088904330637374,False,False,0.0475601158870137,0.0475601158870137,0.0,0.003328927419360042,0.003328927419360042,0.026024193832407963,0.026024193832407963,0.0,0,0,0,0,-1,28.042887647645596,28.042887647645596,0.0,"(0, 2, 3, 4, 5, 6, 7, 8)","(0, 2, 3, 4, 5, 6, 7, 8)",0,64,64,0
22,1039,useful,5,0.6974420689949409,False,False,0.6916243960932426,0.6916243960932426,0.8659810318910656,0.005817672901698323,0.005817672901698323,0.04421820153965111,0.04421820153965111,0.0,0,0,0,0,-1,21.590265945327282,21.590265945327282,0.0,"(0, 1, 2, 4, 5, 6, 7, 8)","(0, 1, 2, 4, 5, 6, 7, 8)",0,65,65,0
22,1059,transient,10156,0.0,True,True,2.487991890587965,0.0,0.0,2.487991890587965,0.0,0.10314263465585616,0.03391366882142653,0.11535211819557124,0,0,0,1,1101,34.613662867152726,34.613662867152726,0.0,"(0, 1, 2, 4, 5, 6, 7, 8)","(0, 1, 2, 4, 5, 6, 7, 8)",0,65,65,0
22,1079,useful,0,1.0450766764091062,False,False,1.0241873995311697,1.0241873995311697,1.1171039368863722,0.020889276877936513,0.020889276877936513,0.02876639614707882,0.02876639614707882,0.0,0,0,0,0,-1,43.28898409076828,43.28898409076828,0.0,"(0, 2, 3, 4, 5, 6, 7, 8)","(0, 2, 3, 4, 5, 6, 7, 8)",0,66,66,0
22,1099,junk,11,0.06347310789562527,True,True,2.407852788323795,0.0,0.0,2.3443796804281694,0.06347310789562527,0.10170007639817089,0.027440296987263087,0.12455779765676125,1,0,1,7,1100,44.00271980434929,44.94106140433629,0.9383415999869982,"(0, 2, 3, 4, 5, 6, 7, 8)","(0, 2, 3, 4, 5, 6, 7, 8)",0,67,66,-1
22,1119,critical,6,5.951764719051397,True,True,1.4995927896147823,5.964642717489461,5.964642717489461,4.452171929436615,0.012877998438064253,0.10290489464896946,0.02659376621804254,0.10872122811727558,0,0,0,0,-1,51.81727677449603,51.81727677449603,0.0,"(0, 2, 3, 4, 5, 6, 7, 8)","(0, 2, 3, 4, 5, 6, 7, 8)",0,66,66,0
22,1139,transient,10169,0.0,False,False,0.0,0.0,0.1328529574518821,0.0,0.0,0.026096374828831433,0.026096374828831433,0.0,0,0,0,0,-1,54.18614372178609,54.18614372178609,0.0,"(0, 1, 2, 3, 4, 6, 7, 8)","(0, 1, 2, 3, 4, 6, 7, 8)",0,67,67,0
22,1159,critical,8,4.7863392903425845,False,False,4.783021595857154,4.783021595857154,4.546380618205242,0.0033176944854309554,0.0033176944854309554,0.03140537603923533,0.03140537603923533,0.0,0,0,0,0,-1,49.08687327338238,49.08687327338238,0.0,"(0, 1, 2, 3, 4, 6, 7, 8)","(0, 1, 2, 3, 4, 6, 7, 8)",0,67,67,0
22,1179,junk,13,0.03431044364809232,False,False,0.003522629589199324,0.003522629589199324,0.0,0.030787814058892995,0.030787814058892995,0.023801385168665055,0.023801385168665055,0.0,0,0,0,0,-1,47.68233774733852,47.68233774733852,0.0,"(0, 2, 3, 4, 5, 6, 7, 8)","(0, 2, 3, 4, 5, 6, 7, 8)",0,68,68,0
22,1199,transient,10182,0.0,False,False,0.07535265520246472,0.07535265520246472,0.24680668898219174,0.07535265520246472,0.07535265520246472,0.01811092003180254,0.01811092003180254,0.0,0,0,0,0,-1,50.65077461481799,50.65077461481799,0.0,"(0, 2, 3, 4, 5, 6, 7, 8)","(0, 2, 3, 4, 5, 6, 7, 8)",0,68,68,0
22,1219,useful,3,1.5884096876342846,False,False,1.5560974932231602,1.5560974932231602,1.7280195901499873,0.03231219441112443,0.03231219441112443,0.017410657210417152,0.017410657210417152,0.0,0,0,0,0,-1,41.87750730960797,41.87750730960797,0.0,"(0, 1, 2, 3, 4, 6, 7, 8)","(0, 1, 2, 3, 4, 6, 7, 8)",0,69,69,0
22,1239,useful,4,0.9399121977883205,False,False,0.8845900828801168,0.8845900828801168,0.7967997976905922,0.05532211490820371,0.05532211490820371,0.038517549493901994,0.038517549493901994,0.0,0,0,0,0,-1,54.133436526782646,54.133436526782646,0.0,"(0, 1, 2, 3, 4, 6, 7, 8)","(0, 1, 2, 3, 4, 6, 7, 8)",0,69,69,0
22,1259,critical,6,4.209980909134339,False,False,4.274035494736282,4.274035494736282,4.652359415845158,0.06405458560194255,0.06405458560194255,0.023609607377477207,0.023609607377477207,0.0,0,0,0,0,-1,50.36241578963258,50.36241578963258,0.0,"(0, 1, 2, 3, 4, 6, 7, 8)","(0, 1, 2, 3, 4, 6, 7, 8)",0,71,71,0
22,1279,transient,10193,0.0,False,False,0.0717449081097876,0.0717449081097876,0.22564019969250462,0.0717449081097876,0.0717449081097876,0.017336453115246623,0.017336453115246623,0.0,0,0,0,0,-1,47.117753927771936,47.117753927771936,0.0,"(0, 1, 2, 3, 4, 6, 7, 8)","(0, 1, 2, 3, 4, 6, 7, 8)",0,71,71,0
22,1299,transient,10194,0.0,False,False,0.046377435800360925,0.046377435800360925,0.0,0.046377435800360925,0.046377435800360925,0.017775681832294696,0.017775681832294696,0.0,0,0,0,0,-1,42.77984756545033,42.77984756545033,0.0,"(0, 1, 2, 3, 5, 6, 7, 8)","(0, 1, 2, 3, 5, 6, 7, 8)",0,72,72,0
22,1319,useful,3,0.7520442220635553,False,False,0.7698944496444065,0.7698944496444065,0.6324363482275072,0.017850227580851197,0.017850227580851197,0.035515506124648544,0.035515506124648544,0.0,0,0,0,0,-1,33.71463224588233,33.71463224588233,0.0,"(0, 1, 2, 3, 5, 6, 7, 8)","(0, 1, 2, 3, 5, 6, 7, 8)",0,72,72,0
22,1339,useful,0,0.8767662259354979,False,False,0.914734704213283,0.914734704213283,1.4337279948545296,0.037968478277785045,0.037968478277785045,0.04209351058595279,0.04209351058595279,0.0,0,0,0,0,-1,36.32322113293432,36.32322113293432,0.0,"(0, 1, 2, 3, 5, 6, 7, 8)","(0, 1, 2, 3, 5, 6, 7, 8)",0,72,72,0
22,1359,junk,13,0.04592952655182583,False,False,0.0,0.0,0.0,0.04592952655182583,0.04592952655182583,0.02400762293121685,0.02400762293121685,0.0,0,0,0,0,-1,26.344029179979547,26.344029179979547,0.0,"(0, 2, 3, 4, 5, 6, 7, 8)","(0, 2, 3, 4, 5, 6, 7, 8)",0,73,73,0
22,1379,useful,3,1.280829429791308,False,False,1.2473721037021193,1.2473721037021193,1.8029239600057134,0.03345732608918883,0.03345732608918883,0.03388526171568336,0.03388526171568336,0.0,0,0,0,0,-1,11.324829847227877,11.324829847227877,0.0,"(0, 2, 3, 4, 5, 6, 7, 8)","(0, 2, 3, 4, 5, 6, 7, 8)",0,73,73,0
22,1399,junk,10,0.05428616919078333,False,False,0.03289769428292559,0.03289769428292559,0.14922449272668697,0.021388474907857738,0.021388474907857738,0.02042800370062186,0.02042800370062186,0.0,0,0,0,0,-1,0.0,0.0,0.0,"(0, 2, 3, 4, 5, 6, 7, 8)","(0, 2, 3, 4, 5, 6, 7, 8)",0,73,73,0
23,19,useful,4,1.2587188536709892,False,False,1.2797868006278843,1.2797868006278843,1.5323276972364963,0.021067946956895067,0.021067946956895067,0.048970805887450716,0.048970805887450716,0.0,1,1,0,0,-1,33.48116260353009,33.48116260353009,0.0,"(1, 2, 3, 4, 5, 6, 7, 11)","(1, 2, 3, 4, 5, 6, 7, 11)",0,10,10,0
23,39,useful,2,0.8450132174776208,False,False,0.8475345371745939,0.8475345371745939,1.0482961999924767,0.002521319696973112,0.002521319696973112,0.03185277465208748,0.03185277465208748,0.0,0,0,0,0,-1,40.57918469904087,40.57918469904087,0.0,"(0, 2, 3, 4, 5, 6, 7, 11)","(0, 2, 3, 4, 5, 6, 7, 11)",0,12,12,0
23,59,junk,13,0.06296704679122736,False,False,0.11055800512334113,0.11055800512334113,0.14212619454415382,0.04759095833211377,0.04759095833211377,0.05800150959324133,0.05800150959324133,0.0,1,1,0,0,-1,26.242465843683345,26.242465843683345,0.0,"(0, 1, 2, 3, 4, 5, 6, 7)","(0, 1, 2, 3, 4, 5, 6, 7)",0,12,12,0
23,79,useful,5,1.1241212476645617,False,False,1.1988629877202563,1.1988629877202563,1.1749605278273956,0.07474174005569467,0.07474174005569467,0.034477245322647634,0.034477245322647634,0.0,0,0,0,0,-1,23.890036465895438,23.890036465895438,0.0,"(0, 1, 2, 3, 4, 5, 6, 7)","(0, 1, 2, 3, 4, 5, 6, 7)",0,12,12,0
23,99,junk,12,0.061189027254456546,False,False,0.06920218058484984,0.06920218058484984,0.0,0.008013153330393291,0.008013153330393291,0.05782390601671054,0.05782390601671054,0.0,1,1,0,0,-1,14.461234222114744,14.461234222114744,0.0,"(0, 1, 2, 3, 5, 6, 7, 8)","(0, 1, 2, 3, 5, 6, 7, 8)",0,15,15,0
23,119,useful,1,1.27469007086066,False,False,1.2120094547899445,1.2120094547899445,1.5111677354462139,0.06268061607071562,0.06268061607071562,0.037314156150392915,0.037314156150392915,0.0,0,0,0,0,-1,19.695885774454254,19.695885774454254,0.0,"(0, 1, 2, 3, 5, 6, 7, 8)","(0, 1, 2, 3, 5, 6, 7, 8)",0,15,15,0
23,139,useful,5,1.011312636741328,False,False,0.9834019769440951,0.9834019769440951,1.289304149488562,0.02791065979723295,0.02791065979723295,0.031585281371389794,0.031585281371389794,0.0,0,0,0,0,-1,29.750615719148925,29.750615719148925,0.0,"(0, 1, 2, 3, 5, 6, 7, 8)","(0, 1, 2, 3, 5, 6, 7, 8)",0,17,17,0
23,159,junk,12,0.05234479530113245,False,False,0.11113690901306825,0.11113690901306825,0.0291845084427054,0.058792113711935795,0.058792113711935795,0.04164989009918265,0.04164989009918265,0.0,1,1,0,0,-1,40.56271476130355,40.56271476130355,0.0,"(0, 1, 2, 4, 5, 6, 7, 8)","(0, 1, 2, 4, 5, 6, 7, 8)",0,19,19,0
23,179,critical,8,4.3015799213022,False,False,4.3340034599166515,4.3340034599166515,4.216953678587221,0.03242353861445135,0.03242353861445135,0.04913648185896498,0.04913648185896498,0.0,0,0,0,0,-1,22.212197248597363,22.212197248597363,0.0,"(0, 1, 3, 4, 5, 6, 7, 8)","(0, 1, 3, 4, 5, 6, 7, 8)",0,20,20,0
23,199,transient,10021,0.0,False,False,0.12858579883293092,0.12858579883293092,0.02493548763056417,0.12858579883293092,0.12858579883293092,0.0342506247924854,0.0342506247924854,0.0,0,0,0,0,-1,35.77502141421271,35.77502141421271,0.0,"(0, 1, 2, 4, 5, 6, 7, 8)","(0, 1, 2, 4, 5, 6, 7, 8)",0,21,21,0
23,219,transient,10026,0.0,True,True,2.6612553492391315,0.0,0.0,2.6612553492391315,0.0,0.09163065301647645,0.04670867025695683,0.13729977402781596,0,0,0,0,-1,39.71621625001769,39.71621625001769,0.0,"(0, 1, 2, 4, 5, 6, 7, 8)","(0, 1, 2, 4, 5, 6, 7, 8)",0,21,21,0
23,239,useful,4,1.001480904514004,False,False,1.0150782744997642,1.0150782744997642,1.0651623517279116,0.01359736998576011,0.01359736998576011,0.027297357610581052,0.027297357610581052,0.0,0,0,0,0,-1,33.73254397518601,33.73254397518601,0.0,"(0, 1, 3, 4, 5, 6, 7, 8)","(0, 1, 3, 4, 5, 6, 7, 8)",0,22,22,0
23,259,junk,9,0.05001376160810525,False,False,0.04170835594214972,0.04170835594214972,0.01926304344839787,0.008305405665955529,0.008305405665955529,0.024568815036230734,0.024568815036230734,0.0,0,0,0,0,-1,33.85333169792871,33.85333169792871,0.0,"(0, 1, 3, 4, 5, 6, 7, 8)","(0, 1, 3, 4, 5, 6, 7, 8)",0,24,24,0
23,279,junk,9,0.047593287718742244,False,False,0.07800722367059511,0.07800722367059511,0.12996288669099063,0.030413935951852863,0.030413935951852863,0.035622671697575076,0.035622671697575076,0.0,0,0,0,0,-1,29.54255362595225,29.54255362595225,0.0,"(0, 1, 3, 4, 5, 6, 7, 8)","(0, 1, 3, 4, 5, 6, 7, 8)",0,24,24,0
23,299,useful,2,0.6317461280034138,False,False,0.6423357955447995,0.6423357955447995,0.7342130323437324,0.010589667541385683,0.010589667541385683,0.028309341808251242,0.028309341808251242,0.0,0,0,0,0,-1,36.95639256850251,36.95639256850251,0.0,"(0, 1, 2, 3, 4, 5, 6, 8)","(0, 1, 2, 3, 4, 5, 6, 8)",0,25,25,0
23,319,useful,0,1.3830476281302089,False,False,1.3079068363458963,1.3079068363458963,1.420656595870419,0.07514079178431254,0.07514079178431254,0.025434437024458644,0.025434437024458644,0.0,0,0,0,0,-1,28.054372767619103,28.054372767619103,0.0,"(0, 1, 2, 3, 4, 5, 6, 8)","(0, 1, 2, 3, 4, 5, 6, 8)",0,25,25,0
23,339,critical,8,4.992014039194704,True,True,1.273292533906401,5.002574448300864,5.002574448300864,3.7187215052883027,0.010560409106160407,0.10238412765793058,0.03461840579003415,0.1280935530562282,0,0,0,6,343,26.786319630051022,24.59844371009937,-2.187875919951651,"(0, 1, 3, 4, 5, 6, 7, 8)","(0, 1, 2, 3, 4, 5, 6, 8)",1,24,25,1
23,359,junk,13,0.0406406177715479,False,False,0.06410770552276249,0.06410770552276249,0.0,0.023467087751214588,0.023467087751214588,0.026574808274216544,0.026574808274216544,0.0,0,0,0,0,-1,28.873193143301265,28.873193143301265,0.0,"(0, 1, 2, 3, 4, 5, 6, 8)","(0, 1, 2, 3, 4, 5, 6, 8)",0,25,25,0
23,379,junk,11,0.05229046869332398,False,False,0.0,0.0,0.028356264915193503,0.05229046869332398,0.05229046869332398,0.023508122892478823,0.023508122892478823,0.0,0,0,0,0,-1,31.09037184930776,31.09037184930776,0.0,"(0, 1, 2, 3, 4, 6, 7, 8)","(0, 1, 2, 3, 4, 6, 7, 8)",0,26,26,0
23,399,transient,10043,0.0,True,True,2.696804397920302,0.0,0.0,2.696804397920302,0.0,0.10125651278899951,0.030660129471152174,0.12044281050498747,0,0,0,1,442,31.56350062677158,31.56350062677158,0.0,"(0, 1, 2, 4, 5, 6, 7, 8)","(0, 1, 2, 4, 5, 6, 7, 8)",0,27,27,0
23,419,useful,2,0.781853179861687,False,False,0.7869464708079663,0.7869464708079663,1.2310610995951456,0.005093290946279305,0.005093290946279305,0.03176481478225292,0.03176481478225292,0.0,0,0,0,0,-1,26.32958885570679,26.32958885570679,0.0,"(0, 1, 2, 4, 5, 6, 7, 8)","(0, 1, 2, 4, 5, 6, 7, 8)",0,27,27,0
23,439,junk,9,0.05304609336752152,False,False,0.0025207617433768356,0.0025207617433768356,0.0,0.05052533162414469,0.05052533162414469,0.03587517021703983,0.03587517021703983,0.0,0,0,0,0,-1,37.763754358744,37.763754358744,0.0,"(0, 1, 2, 4, 5, 6, 7, 8)","(0, 1, 2, 4, 5, 6, 7, 8)",0,29,29,0
23,459,junk,13,0.05134167675770355,False,False,0.03247153485318512,0.03247153485318512,0.025398296358121106,0.018870141904518425,0.018870141904518425,0.02891168078754572,0.02891168078754572,0.0,0,0,0,0,-1,35.531254792464935,35.531254792464935,0.0,"(0, 1, 3, 4, 5, 6, 7, 8)","(0, 1, 3, 4, 5, 6, 7, 8)",0,30,30,0
23,479,useful,4,0.9442911570785149,False,False,0.9816517624978138,0.9816517624978138,0.9115063319602659,0.037360605419298976,0.037360605419298976,0.018024448805104794,0.018024448805104794,0.0,0,0,0,0,-1,34.950812280873976,34.950812280873976,0.0,"(0, 1, 3, 4, 5, 6, 7, 8)","(0, 1, 3, 4, 5, 6, 7, 8)",0,32,32,0
23,499,junk,13,0.04840267384258157,False,False,0.0634210686294017,0.0634210686294017,0.0,0.015018394786820127,0.015018394786820127,0.018633676311154018,0.018633676311154018,0.0,0,0,0,0,-1,25.64475833724891,25.64475833724891,0.0,"(0, 1, 3, 4, 5, 6, 7, 8)","(0, 1, 3, 4, 5, 6, 7, 8)",0,32,32,0
23,519,useful,3,1.0186228142383615,False,False,1.1096021521756936,1.1096021521756936,1.0361569090553435,0.09097933793733204,0.09097933793733204,0.03310149698677773,0.03310149698677773,0.0,0,0,0,0,-1,30.097815004950654,30.097815004950654,0.0,"(0, 1, 3, 4, 5, 6, 7, 8)","(0, 1, 3, 4, 5, 6, 7, 8)",0,32,32,0
23,539,junk,9,0.04241704590992207,False,False,0.0,0.0,0.0,0.04241704590992207,0.04241704590992207,0.02194778171747151,0.02194778171747151,0.0,0,0,0,0,-1,30.46877906702378,30.46877906702378,0.0,"(0, 1, 3, 4, 5, 6, 7, 8)","(0, 1, 3, 4, 5, 6, 7, 8)",0,32,32,0
23,559,junk,12,0.047864935242353884,False,False,0.0,0.0,0.18985818936778,0.047864935242353884,0.047864935242353884,0.027588580022736828,0.027588580022736828,0.0,0,0,0,0,-1,48.50822566891932,48.50822566891932,0.0,"(0, 1, 2, 3, 4, 5, 6, 8)","(0, 1, 2, 3, 4, 5, 6, 8)",0,33,33,0
23,579,useful,0,1.1660650742103307,False,False,1.1228823443938214,1.1228823443938214,1.0723701064411513,0.04318272981650928,0.04318272981650928,0.01764388769053488,0.01764388769053488,0.0,0,0,0,0,-1,45.90062302484674,45.90062302484674,0.0,"(0, 1, 2, 3, 5, 6, 7, 8)","(0, 1, 2, 3, 5, 6, 7, 8)",0,35,35,0
23,599,transient,10065,0.0,False,False,0.0,0.0,0.007727717353717515,0.0,0.0,0.027137939571068914,0.027137939571068914,0.0,0,0,0,0,-1,54.83729291096266,54.83729291096266,0.0,"(0, 1, 2, 3, 5, 6, 7, 8)","(0, 1, 2, 3, 5, 6, 7, 8)",0,35,35,0
23,619,junk,12,0.05632868479868158,False,False,0.10148615481959922,0.10148615481959922,0.01474867014321262,0.045157470020917634,0.045157470020917634,0.01864274666504229,0.01864274666504229,0.0,0,0,0,0,-1,57.676313818694,57.676313818694,0.0,"(0, 1, 2, 4, 5, 6, 7, 8)","(0, 1, 2, 4, 5, 6, 7, 8)",0,36,36,0
23,639,junk,11,0.05002551085501799,False,False,0.11932607280062907,0.11932607280062907,0.12641336000228032,0.06930056194561107,0.06930056194561107,0.016728459510509053,0.016728459510509053,0.0,0,0,0,0,-1,37.52778055319594,37.52778055319594,0.0,"(0, 1, 3, 4, 5, 6, 7, 8)","(0, 1, 3, 4, 5, 6, 7, 8)",0,37,37,0
23,659,useful,1,1.1698624292473674,False,False,1.1205269205722646,1.1205269205722646,1.0179227587967792,0.049335508675102835,0.049335508675102835,0.024364059963456374,0.024364059963456374,0.0,0,0,0,0,-1,27.306224452465543,27.306224452465543,0.0,"(0, 1, 4, 5, 6, 7, 8, 13)","(0, 1, 4, 5, 6, 7, 8, 13)",0,39,39,0
23,679,junk,11,0.042404786807786206,False,False,0.011984396627486377,0.011984396627486377,0.0,0.03042039018029983,0.03042039018029983,0.018797372305572258,0.018797372305572258,0.0,0,0,0,0,-1,27.65299127531048,27.65299127531048,0.0,"(0, 1, 4, 5, 6, 7, 8, 11)","(0, 1, 4, 5, 6, 7, 8, 11)",0,45,45,0
23,699,useful,0,0.9369077690324996,False,False,0.9525457260319773,0.9525457260319773,0.9844312334819127,0.015637956999477676,0.015637956999477676,0.018580139634061157,0.018580139634061157,0.0,0,0,0,0,-1,17.544069329963513,17.544069329963513,0.0,"(0, 1, 5, 6, 7, 8, 10, 11)","(0, 1, 5, 6, 7, 8, 10, 11)",0,49,49,0
23,719,junk,11,0.058326328760757634,False,False,0.11082422285129265,0.11082422285129265,0.12761503973267044,0.05249789409053501,0.05249789409053501,0.06922956959330064,0.06922956959330064,0.0,1,1,0,0,-1,14.861533541296716,14.861533541296716,0.0,"(0, 1, 2, 4, 5, 6, 7, 8)","(0, 1, 2, 4, 5, 6, 7, 8)",0,53,53,0
23,739,junk,11,0.05609132495971674,False,False,0.0042929313981361,0.0042929313981361,0.0,0.05179839356158064,0.05179839356158064,0.06618708326993494,0.06618708326993494,0.0,0,0,0,0,-1,24.27206026425121,24.27206026425121,0.0,"(0, 1, 2, 4, 5, 6, 7, 8)","(0, 1, 2, 4, 5, 6, 7, 8)",0,54,54,0
23,759,useful,1,0.9174844910126319,False,False,0.9401275513115289,0.9401275513115289,0.2429294942151642,0.022643060298897066,0.022643060298897066,0.038838714794019055,0.038838714794019055,0.0,0,0,0,0,-1,24.670705564245637,24.670705564245637,0.0,"(0, 1, 4, 5, 6, 7, 8, 10)","(0, 1, 4, 5, 6, 7, 8, 10)",0,55,55,0
23,779,useful,2,0.9222175404928926,False,False,0.9368586986544877,0.9368586986544877,0.8697736483912522,0.014641158161595058,0.014641158161595058,0.014920851278614172,0.014920851278614172,0.0,1,1,0,0,-1,23.195991006596735,23.195991006596735,0.0,"(0, 1, 4, 5, 6, 7, 8, 12)","(0, 1, 4, 5, 6, 7, 8, 12)",0,59,59,0
23,799,useful,2,0.8808667911948864,False,False,0.8519306830503658,0.8519306830503658,0.8608267948698274,0.028936108144520634,0.028936108144520634,0.034863079687538746,0.034863079687538746,0.0,0,0,0,0,-1,31.37857228222665,31.37857228222665,0.0,"(0, 1, 2, 4, 5, 6, 7, 8)","(0, 1, 2, 4, 5, 6, 7, 8)",0,61,61,0
23,819,junk,10,0.042084543799322055,False,False,0.07507812033557074,0.07507812033557074,0.0,0.03299357653624868,0.03299357653624868,0.05596165275403075,0.05596165275403075,0.0,0,0,0,0,-1,46.872757582193856,46.872757582193856,0.0,"(0, 1, 2, 4, 5, 6, 7, 8)","(0, 1, 2, 4, 5, 6, 7, 8)",0,60,60,0
23,839,useful,2,0.872604454205135,False,False,0.8363134146481236,0.8363134146481236,0.730236036542145,0.036291039557011406,0.036291039557011406,0.022448296819856273,0.022448296819856273,0.0,1,1,0,0,-1,55.944141386170166,55.944141386170166,0.0,"(0, 1, 2, 4, 5, 6, 7, 8)","(0, 1, 2, 4, 5, 6, 7, 8)",0,60,60,0
23,859,junk,12,0.039414157358056076,False,False,0.05232822204252717,0.05232822204252717,0.08547438474846784,0.012914064684471094,0.012914064684471094,0.05161001392423115,0.05161001392423115,0.0,0,0,0,0,-1,42.695415203057664,42.695415203057664,0.0,"(0, 1, 3, 4, 5, 6, 7, 8)","(0, 1, 3, 4, 5, 6, 7, 8)",0,61,61,0
23,879,useful,1,1.423149783178856,True,True,0.3992342493491177,1.4421966565819793,1.4421966565819793,1.0239155338297383,0.019046873403123277,0.06658260543486189,0.03293392110149028,0.07826466805310904,0,0,0,2,919,31.680732577043027,32.50383994803902,0.8231073709959951,"(0, 1, 2, 4, 5, 6, 7, 8)","(0, 1, 2, 4, 5, 6, 7, 8)",0,62,62,0
23,899,useful,4,0.7897591035129294,False,False,0.7887783812933585,0.7887783812933585,0.6245937750258922,0.0009807222195709064,0.0009807222195709064,0.03163386620446602,0.03163386620446602,0.0,0,0,0,0,-1,42.769604072932815,42.769604072932815,0.0,"(0, 1, 2, 4, 5, 6, 7, 8)","(0, 1, 2, 4, 5, 6, 7, 8)",0,62,62,0
23,919,useful,2,1.0017698688219847,False,False,1.0147392758479854,1.0147392758479854,1.302341487657992,0.01296940702600069,0.01296940702600069,0.03089256172500658,0.03089256172500658,0.0,1,1,0,0,-1,39.15347297395613,39.15347297395613,0.0,"(0, 1, 2, 4, 5, 6, 7, 8)","(0, 1, 2, 4, 5, 6, 7, 8)",0,62,62,0
23,939,useful,5,1.4237142053629335,False,False,1.4868545024559874,1.4868545024559874,1.5352350514263506,0.06314029709305391,0.06314029709305391,0.025756115614444512,0.025756115614444512,0.0,0,0,0,0,-1,37.62959789617637,37.62959789617637,0.0,"(0, 1, 3, 4, 5, 6, 7, 8)","(0, 1, 3, 4, 5, 6, 7, 8)",0,63,63,0
23,959,useful,5,1.196261046754,False,False,1.1412775211633974,1.1412775211633974,1.6104561581635184,0.0549835255906026,0.0549835255906026,0.029654046092098228,0.029654046092098228,0.0,0,0,0,0,-1,23.58584603869128,23.58584603869128,0.0,"(0, 1, 3, 4, 5, 6, 7, 8)","(0, 1, 3, 4, 5, 6, 7, 8)",0,63,63,0
23,979,junk,11,0.04317345819721594,False,False,0.1226383019365139,0.1226383019365139,0.0,0.07946484373929796,0.07946484373929796,0.042176349245287126,0.042176349245287126,0.0,1,1,0,0,-1,14.64764656858805,14.64764656858805,0.0,"(0, 1, 2, 3, 5, 6, 7, 8)","(0, 1, 2, 3, 5, 6, 7, 8)",0,65,65,0
23,999,useful,3,0.9691988698949217,True,True,0.1542311545121602,0.9902811139591823,0.9902811139591823,0.8149677153827615,0.021082244064260625,0.05535478241426053,0.025458848061157117,0.03681160489078354,0,0,0,2,1031,28.688306764495813,29.972936332586293,1.2846295680904802,"(0, 1, 3, 4, 5, 6, 7, 8)","(0, 1, 3, 4, 5, 6, 7, 8)",0,66,66,0
23,1019,useful,2,1.1177576373504607,False,False,1.0903995397881323,1.0903995397881323,0.992182379905906,0.02735809756232843,0.02735809756232843,0.017781358626801445,0.017781358626801445,0.0,1,1,0,0,-1,37.76909667716458,37.76909667716458,0.0,"(0, 1, 2, 3, 5, 6, 7, 8)","(0, 1, 2, 3, 5, 6, 7, 8)",0,67,67,0
23,1039,critical,7,4.092641403946525,False,False,4.026642110966209,4.026642110966209,3.977470793685106,0.06599929298031526,0.06599929298031526,0.047647283119206976,0.047647283119206976,0.0,0,0,0,0,-1,31.73677770420554,31.73677770420554,0.0,"(0, 1, 2, 3, 5, 6, 7, 8)","(0, 1, 2, 3, 5, 6, 7, 8)",0,67,67,0
23,1059,useful,5,1.0191922860804947,False,False,1.0112131520223941,1.0112131520223941,0.5631933687132433,0.007979134058100579,0.007979134058100579,0.03377885680926378,0.03377885680926378,0.0,0,0,0,0,-1,33.844888431795724,33.844888431795724,0.0,"(0, 2, 3, 4, 5, 6, 7, 8)","(0, 2, 3, 4, 5, 6, 7, 8)",0,68,68,0
23,1079,junk,13,0.056202646641624034,False,False,0.06969625737803364,0.06969625737803364,0.0,0.01349361073640961,0.01349361073640961,0.03891493330810697,0.03891493330810697,0.0,1,1,0,0,-1,27.04616605709017,27.04616605709017,0.0,"(0, 1, 2, 3, 5, 6, 7, 8)","(0, 1, 2, 3, 5, 6, 7, 8)",0,70,70,0
23,1099,useful,4,1.3103235886263027,False,False,1.2506031449017854,1.2506031449017854,0.8936396705923978,0.05972044372451735,0.05972044372451735,0.020728035076934805,0.020728035076934805,0.0,0,0,0,0,-1,28.56575359408583,28.56575359408583,0.0,"(0, 2, 3, 4, 5, 6, 7, 8)","(0, 2, 3, 4, 5, 6, 7, 8)",0,71,71,0
23,1119,junk,13,0.05143572608566959,False,False,0.0585875959586854,0.0585875959586854,0.014597891130328083,0.007151869873015811,0.007151869873015811,0.033304220916327794,0.033304220916327794,0.0,0,0,0,0,-1,19.48141409508617,19.48141409508617,0.0,"(0, 2, 3, 4, 5, 6, 7, 8)","(0, 2, 3, 4, 5, 6, 7, 8)",0,71,71,0
23,1139,junk,12,0.0453447399705876,True,True,2.456889928276002,0.0,0.0,2.4115451883054146,0.0453447399705876,0.08200472241459573,0.0369512058457151,0.0991957002981996,1,1,0,2,1176,20.570110389680956,20.290218687300634,-0.279891702380322,"(0, 1, 2, 4, 5, 6, 7, 8)","(0, 1, 2, 3, 5, 6, 7, 8)",1,74,74,0
23,1159,useful,0,0.7274086236222881,True,True,0.01662651260979195,0.8473578381570117,0.8473578381570117,0.7107821110124961,0.11994921453472362,0.07245872788139233,0.03313338775607763,0.06657048215400056,0,0,0,0,-1,32.331562684103034,32.331562684103034,0.0,"(0, 1, 2, 3, 5, 6, 7, 8)","(0, 1, 2, 3, 5, 6, 7, 8)",0,74,74,0
23,1179,transient,10154,0.0,False,False,0.0,0.0,0.0,0.0,0.0,0.0362040640159719,0.0362040640159719,0.0,0,0,0,0,-1,37.63969548413507,37.63969548413507,0.0,"(0, 1, 3, 4, 5, 6, 7, 8)","(0, 1, 3, 4, 5, 6, 7, 8)",0,75,75,0
23,1199,junk,9,0.051928580391779194,True,True,2.955018849503895,0.011965046643007703,0.011965046643007703,2.903090269112116,0.03996353374877149,0.104523964125619,0.033601562304951045,0.12650150192551496,1,0,1,3,1200,34.918579671854566,36.67896013398362,1.7603804621290564,"(0, 1, 2, 3, 5, 6, 7, 8)","(0, 1, 2, 3, 5, 6, 7, 8)",0,78,76,-2
23,1219,useful,0,1.252511932775881,True,False,0.44951399958480737,0.44951399958480737,0.9322058473206523,0.8029979331910735,0.8029979331910735,0.06700091537224098,0.06700091537224098,0.0,0,0,0,0,-1,36.10464423283388,36.10464423283388,0.0,"(0, 1, 2, 4, 5, 6, 7, 8)","(0, 1, 2, 4, 5, 6, 7, 8)",0,75,75,0
23,1239,junk,11,0.04103865015547753,False,False,0.0821988829340286,0.0821988829340286,0.0,0.041160232778551076,0.041160232778551076,0.03316227123182574,0.03316227123182574,0.0,0,0,0,0,-1,39.26834622043381,39.26834622043381,0.0,"(0, 1, 2, 3, 5, 6, 7, 8)","(0, 1, 2, 3, 5, 6, 7, 8)",0,76,76,0
23,1259,useful,0,1.2415641055985989,False,False,1.2059141059051006,1.2059141059051006,1.2691405164138492,0.03564999969349825,0.03564999969349825,0.032326895857961786,0.032326895857961786,0.0,0,0,0,0,-1,38.58563133852763,38.58563133852763,0.0,"(0, 1, 2, 3, 5, 6, 7, 8)","(0, 1, 2, 3, 5, 6, 7, 8)",0,76,76,0
23,1279,transient,10165,0.0,True,True,2.53361861246183,0.0,0.0,2.53361861246183,0.0,0.09459561387465712,0.03553209902330434,0.12556023313867318,0,0,0,0,-1,48.80129261774866,48.80129261774866,0.0,"(0, 1, 2, 4, 5, 6, 7, 8)","(0, 1, 2, 4, 5, 6, 7, 8)",0,77,77,0
23,1299,useful,0,0.7957068450518221,False,False,0.8666315817021112,0.8666315817021112,0.7895520040040191,0.07092473665028909,0.07092473665028909,0.025632754929598413,0.025632754929598413,0.0,0,0,0,0,-1,57.4311313934212,57.4311313934212,0.0,"(0, 1, 2, 3, 5, 6, 7, 8)","(0, 1, 2, 3, 5, 6, 7, 8)",0,78,78,0
23,1319,junk,9,0.0658394918288936,False,False,0.10870301444503154,0.10870301444503154,0.7381776659381539,0.04286352261613793,0.04286352261613793,0.026825950715152733,0.026825950715152733,0.0,0,0,0,0,-1,59.34293439013697,59.34293439013697,0.0,"(0, 1, 2, 3, 5, 6, 7, 8)","(0, 1, 2, 3, 5, 6, 7, 8)",0,78,78,0
23,1339,useful,4,1.0584313340007798,False,False,1.1735514661147057,1.1735514661147057,1.1284703358471866,0.11512013211392591,0.11512013211392591,0.03761926784671133,0.03761926784671133,0.0,1,1,0,0,-1,55.90170290213713,55.90170290213713,0.0,"(0, 1, 2, 3, 5, 6, 7, 8)","(0, 1, 2, 3, 5, 6, 7, 8)",0,80,80,0
23,1359,useful,3,1.2104121623540922,True,True,0.0,1.4671729905955972,1.4671729905955972,1.2104121623540922,0.25676082824150503,0.07819575538514305,0.030531533760925034,0.0793485184410176,0,0,0,0,-1,34.4425590164262,34.4425590164262,0.0,"(0, 1, 2, 3, 5, 6, 7, 8)","(0, 1, 2, 3, 5, 6, 7, 8)",0,80,80,0
23,1379,useful,0,1.1621167048369523,True,False,0.2701917624612579,0.2701917624612579,1.0040845668960456,0.8919249423756943,0.8919249423756943,0.06450336564466516,0.06450336564466516,0.0,0,0,0,0,-1,17.763058044430856,17.763058044430856,0.0,"(0, 1, 2, 3, 5, 6, 7, 8)","(0, 1, 2, 3, 5, 6, 7, 8)",0,80,80,0
23,1399,transient,10177,0.0,False,False,0.004771849275285747,0.004771849275285747,0.010247221752347433,0.004771849275285747,0.004771849275285747,0.03383415574013728,0.03383415574013728,0.0,0,0,0,0,-1,0.0,0.0,0.0,"(0, 1, 2, 3, 5, 6, 7, 8)","(0, 1, 2, 3, 5, 6, 7, 8)",0,80,80,0
24,19,transient,10001,0.0,False,False,0.03281608165307924,0.03281608165307924,0.15860147632376959,0.03281608165307924,0.03281608165307924,0.06919656194451215,0.06919656194451215,0.0,0,0,0,0,-1,12.973307611699644,12.973307611699644,0.0,"(0, 1, 2, 4, 5, 7, 12)","(0, 1, 2, 4, 5, 7, 12)",0,7,7,0
24,39,useful,0,0.9466643443672828,False,False,0.9511101437016131,0.9511101437016131,0.9862779664270072,0.004445799334330314,0.004445799334330314,0.047400922426504385,0.047400922426504385,0.0,1,1,0,0,-1,29.782771039543146,29.782771039543146,0.0,"(0, 1, 2, 3, 4, 5, 7, 12)","(0, 1, 2, 3, 4, 5, 7, 12)",0,8,8,0
24,59,junk,12,0.04369293250215179,False,False,0.0,0.0,0.3446285471968051,0.04369293250215179,0.04369293250215179,0.061823792572912165,0.061823792572912165,0.0,0,0,0,0,-1,35.00497642076034,35.00497642076034,0.0,"(0, 1, 2, 4, 5, 6, 7, 12)","(0, 1, 2, 4, 5, 6, 7, 12)",0,9,9,0
24,79,useful,1,0.9379236376767845,False,False,0.9585196074823938,0.9585196074823938,0.929144575821066,0.020595969805609293,0.020595969805609293,0.03972269232470471,0.03972269232470471,0.0,0,0,0,0,-1,33.168548656368266,33.168548656368266,0.0,"(0, 1, 2, 3, 4, 5, 6, 7)","(0, 1, 2, 3, 4, 5, 6, 7)",0,9,9,0
24,99,critical,6,3.226318403760918,False,False,3.17430903585251,3.17430903585251,3.0559569585362913,0.052009367908408155,0.052009367908408155,0.04002401704175789,0.04002401704175789,0.0,1,1,0,0,-1,34.366855109994795,34.366855109994795,0.0,"(0, 1, 2, 4, 5, 6, 7, 8)","(0, 1, 2, 4, 5, 6, 7, 8)",0,10,10,0
24,119,critical,6,5.080914551368439,False,False,5.1245795569333845,5.1245795569333845,5.252986625446367,0.04366500556494568,0.04366500556494568,0.0471247802789723,0.0471247802789723,0.0,0,0,0,0,-1,30.207752163109593,30.207752163109593,0.0,"(0, 1, 2, 3, 5, 6, 7, 8)","(0, 1, 2, 3, 5, 6, 7, 8)",0,11,11,0
24,139,transient,10015,0.0,False,False,0.0,0.0,0.0,0.0,0.0,0.048980548185071734,0.048980548185071734,0.0,0,0,0,0,-1,35.39251709153412,35.39251709153412,0.0,"(0, 1, 2, 4, 5, 6, 7, 8)","(0, 1, 2, 4, 5, 6, 7, 8)",0,12,12,0
24,159,useful,5,0.8979974088799172,False,False,0.8874198806719217,0.8874198806719217,1.1240798893973196,0.010577528207995512,0.010577528207995512,0.030485033127550725,0.030485033127550725,0.0,0,0,0,0,-1,42.75661322564411,42.75661322564411,0.0,"(0, 1, 2, 3, 5, 6, 7, 8)","(0, 1, 2, 3, 5, 6, 7, 8)",0,13,13,0
24,179,useful,4,0.8113422751389803,False,False,0.8453340267199583,0.8453340267199583,1.0297760483533995,0.033991751580978,0.033991751580978,0.030363767385514464,0.030363767385514464,0.0,1,1,0,0,-1,40.589929881570576,40.589929881570576,0.0,"(0, 1, 2, 3, 5, 6, 7, 8)","(0, 1, 2, 3, 5, 6, 7, 8)",0,13,13,0
24,199,transient,10022,0.0,False,False,0.08196276684396381,0.08196276684396381,0.024952919468674877,0.08196276684396381,0.08196276684396381,0.03941765501782698,0.03941765501782698,0.0,0,0,0,0,-1,25.633200008415947,25.633200008415947,0.0,"(0, 1, 2, 4, 5, 6, 7, 8)","(0, 1, 2, 4, 5, 6, 7, 8)",0,14,14,0
24,219,transient,10024,0.0,False,False,0.0,0.0,0.0,0.0,0.0,0.04778642300421622,0.04778642300421622,0.0,0,0,0,0,-1,30.158283400791213,30.158283400791213,0.0,"(0, 1, 2, 3, 5, 6, 7, 8)","(0, 1, 2, 3, 5, 6, 7, 8)",0,15,15,0
24,239,junk,13,0.05520202544667452,False,False,0.02292096467084518,0.02292096467084518,0.06741658354270752,0.03228106077582934,0.03228106077582934,0.03548237090892576,0.03548237090892576,0.0,0,0,0,0,-1,26.220500445114393,26.220500445114393,0.0,"(0, 1, 2, 3, 5, 6, 7, 8)","(0, 1, 2, 3, 5, 6, 7, 8)",0,17,17,0
24,259,useful,5,0.7677497267553184,False,False,0.8043428348450924,0.8043428348450924,0.8999652681736456,0.03659310808977401,0.03659310808977401,0.040237981546336614,0.040237981546336614,0.0,0,0,0,0,-1,26.690314376932264,26.690314376932264,0.0,"(0, 1, 2, 4, 5, 6, 7, 8)","(0, 1, 2, 4, 5, 6, 7, 8)",0,18,18,0
24,279,junk,13,0.05111554338414485,False,False,0.02591450178733487,0.02591450178733487,0.057684567432333606,0.025201041596809977,0.025201041596809977,0.038827549934949177,0.038827549934949177,0.0,0,0,0,0,-1,24.75820405771553,24.75820405771553,0.0,"(0, 1, 2, 3, 5, 6, 7, 8)","(0, 1, 2, 3, 5, 6, 7, 8)",0,19,19,0
24,299,useful,5,1.0362427613869853,False,False,1.0332338071921268,1.0332338071921268,1.1906087974189818,0.003008954194858582,0.003008954194858582,0.010935631401536992,0.010935631401536992,0.0,0,0,0,0,-1,25.807507775229904,25.807507775229904,0.0,"(0, 1, 2, 4, 5, 6, 7, 8)","(0, 1, 2, 4, 5, 6, 7, 8)",0,20,20,0
24,319,junk,11,0.05827725518982634,True,True,2.585432088833038,0.39467606886262596,0.39467606886262596,2.5271548336432117,0.3363988136727996,0.10410072708547723,0.02949089494256422,0.11915256702880953,1,0,1,2,332,23.341325265640066,23.341325265640066,0.0,"(0, 1, 2, 4, 5, 6, 7, 8)","(0, 1, 2, 4, 5, 6, 7, 8)",0,21,20,-1
24,339,junk,11,0.03154267451497513,False,False,0.0,0.0,0.0,0.03154267451497513,0.03154267451497513,0.024415009489291876,0.024415009489291876,0.0,0,0,0,0,-1,22.607082542947616,22.607082542947616,0.0,"(0, 1, 2, 4, 5, 6, 7, 8)","(0, 1, 2, 4, 5, 6, 7, 8)",0,22,22,0
24,359,junk,13,0.042291036342136004,False,False,0.0646410397203403,0.0646410397203403,0.5290279792736886,0.022350003378204295,0.022350003378204295,0.030086962691833027,0.030086962691833027,0.0,0,0,0,0,-1,38.380578170852246,38.380578170852246,0.0,"(0, 1, 2, 4, 5, 6, 7, 8)","(0, 1, 2, 4, 5, 6, 7, 8)",0,22,22,0
24,379,useful,0,0.8644306427932666,False,False,0.8563567420250981,0.8563567420250981,0.9339641881375421,0.008073900768168496,0.008073900768168496,0.028053864816003266,0.028053864816003266,0.0,1,1,0,0,-1,46.6318018676204,46.6318018676204,0.0,"(1, 2, 3, 4, 5, 6, 7, 8)","(1, 2, 3, 4, 5, 6, 7, 8)",0,24,24,0
24,399,useful,1,0.7962085089151407,True,True,0.06732881614326038,1.0848604392031975,1.0848604392031975,0.7288796927718804,0.2886519302880568,0.05435132917624027,0.03071734695810278,0.04523546006924258,0,0,0,2,425,34.327012502317,34.327012502317,0.0,"(0, 1, 2, 3, 5, 6, 7, 8)","(0, 1, 2, 3, 5, 6, 7, 8)",0,25,25,0
24,419,useful,3,0.7774478370815099,False,False,0.8827383817218113,0.8827383817218113,0.955822296540296,0.10529054464030141,0.10529054464030141,0.023179307701348427,0.023179307701348427,0.0,0,0,0,0,-1,32.6983910617162,32.6983910617162,0.0,"(1, 2, 3, 4, 5, 6, 7, 8)","(1, 2, 3, 4, 5, 6, 7, 8)",0,26,26,0
24,439,transient,10051,0.0,False,False,0.0,0.0,0.0,0.0,0.0,0.03406030130667393,0.03406030130667393,0.0,0,0,0,0,-1,33.49792631469961,33.49792631469961,0.0,"(0, 1, 2, 3, 5, 6, 7, 8)","(0, 1, 2, 3, 5, 6, 7, 8)",0,27,27,0
24,459,transient,10053,0.0,False,False,0.06924946034645728,0.06924946034645728,0.0,0.06924946034645728,0.06924946034645728,0.022244889772493774,0.022244889772493774,0.0,0,0,0,0,-1,36.669102303338086,36.669102303338086,0.0,"(1, 2, 3, 4, 5, 6, 7, 8)","(1, 2, 3, 4, 5, 6, 7, 8)",0,28,28,0
24,479,useful,3,0.898604697979697,False,False,0.8762516426114126,0.8762516426114126,1.0343249609285334,0.022353055368284358,0.022353055368284358,0.03603118497691916,0.03603118497691916,0.0,0,0,0,0,-1,33.4250402375506,33.4250402375506,0.0,"(0, 1, 2, 3, 5, 6, 7, 8)","(0, 1, 2, 3, 5, 6, 7, 8)",0,29,29,0
24,499,junk,10,0.05523560602795197,False,False,0.06541198450680266,0.06541198450680266,0.0,0.010176378478850695,0.010176378478850695,0.030339348745934552,0.030339348745934552,0.0,0,0,0,0,-1,29.67751522332288,29.67751522332288,0.0,"(0, 1, 2, 3, 5, 6, 7, 8)","(0, 1, 2, 3, 5, 6, 7, 8)",0,29,29,0
24,519,transient,10066,0.0,False,False,0.0101542990180295,0.0101542990180295,0.15727858660949037,0.0101542990180295,0.0101542990180295,0.02256191076616809,0.02256191076616809,0.0,0,0,0,0,-1,29.571282740618226,29.571282740618226,0.0,"(0, 1, 2, 4, 5, 6, 7, 8)","(0, 1, 2, 4, 5, 6, 7, 8)",0,30,30,0
24,539,transient,10072,0.0,False,False,0.09046615917496535,0.09046615917496535,0.0,0.09046615917496535,0.09046615917496535,0.024943492184038622,0.024943492184038622,0.0,0,0,0,0,-1,41.877970536473,41.877970536473,0.0,"(0, 1, 2, 3, 5, 6, 7, 8)","(0, 1, 2, 3, 5, 6, 7, 8)",0,31,31,0
24,559,transient,10076,0.0,False,False,0.05047920368784891,0.05047920368784891,0.0,0.05047920368784891,0.05047920368784891,0.023357429992182478,0.023357429992182478,0.0,0,0,0,0,-1,44.1607293863478,44.1607293863478,0.0,"(0, 1, 2, 3, 5, 6, 7, 8)","(0, 1, 2, 3, 5, 6, 7, 8)",0,31,31,0
24,579,useful,3,0.9173336982863378,False,False,0.9447484006972734,0.9447484006972734,0.7670914270296338,0.027414702410935576,0.027414702410935576,0.033662816455298956,0.033662816455298956,0.0,0,0,0,0,-1,40.98276502008312,40.98276502008312,0.0,"(0, 1, 2, 4, 5, 6, 7, 8)","(0, 1, 2, 4, 5, 6, 7, 8)",0,32,32,0
24,599,transient,10082,0.0,False,False,0.0,0.0,0.0,0.0,0.0,0.02298006555913542,0.02298006555913542,0.0,0,0,0,0,-1,33.56274729337625,33.56274729337625,0.0,"(0, 1, 2, 4, 5, 6, 7, 8)","(0, 1, 2, 4, 5, 6, 7, 8)",0,32,32,0
24,619,junk,11,0.0674896074265407,False,False,0.0,0.0,0.2297155550780902,0.0674896074265407,0.0674896074265407,0.028582099391684962,0.028582099391684962,0.0,0,0,0,0,-1,30.531531437083157,30.531531437083157,0.0,"(0, 1, 2, 4, 5, 6, 7, 8)","(0, 1, 2, 4, 5, 6, 7, 8)",0,32,32,0
24,639,junk,12,0.06184357211756564,False,False,0.15183539245181923,0.15183539245181923,0.026079229192669688,0.0899918203342536,0.0899918203342536,0.015576384840908569,0.015576384840908569,0.0,0,0,0,0,-1,25.286188423422356,25.286188423422356,0.0,"(0, 1, 2, 3, 5, 6, 7, 8)","(0, 1, 2, 3, 5, 6, 7, 8)",0,33,33,0
24,659,junk,10,0.04307190184996469,False,False,0.04676015778256637,0.04676015778256637,0.0,0.003688255932601678,0.003688255932601678,0.022026350297490758,0.022026350297490758,0.0,0,0,0,0,-1,18.818095120173908,18.818095120173908,0.0,"(1, 2, 3, 4, 5, 6, 7, 8)","(1, 2, 3, 4, 5, 6, 7, 8)",0,35,35,0
24,679,junk,12,0.05573778242922728,True,True,2.7533238621790064,0.0,0.0,2.697586079749779,0.05573778242922728,0.11124274912708206,0.014432924868281013,0.10971845483322755,1,0,1,19,680,21.996071169763983,26.60319944798799,4.607128278224007,"(1, 2, 5, 6, 7, 8, 10, 11)","(1, 2, 3, 5, 6, 7, 8, 11)",1,42,40,-2
24,699,transient,10100,0.0,True,True,2.4834102614328293,0.0,0.0,2.4834102614328293,0.0,0.11408078276683234,0.027544119052288603,0.14031904403619788,0,0,0,8,723,21.766562636924853,25.463790083576363,3.6972274466515103,"(1, 2, 5, 6, 7, 8, 9, 11)","(1, 2, 3, 5, 6, 7, 8, 9)",1,43,43,0
24,719,junk,10,0.05468530391350952,False,False,0.0,0.0,0.0,0.05468530391350952,0.05468530391350952,0.07033079120085106,0.07033079120085106,0.0,0,0,0,0,-1,21.429184605465046,21.429184605465046,0.0,"(1, 2, 3, 5, 6, 7, 8, 12)","(1, 2, 3, 5, 6, 7, 8, 12)",0,46,46,0
24,739,junk,12,0.05307225590668857,True,True,2.763717318752975,0.20626566739655405,0.20626566739655405,2.7106450628462864,0.15319341148986548,0.09944905032600192,0.06332725511847861,0.11450557987259308,1,1,0,13,756,18.35500830502849,21.201476014884445,2.846467709855954,"(1, 3, 5, 6, 7, 8, 9, 10)","(1, 2, 3, 5, 6, 7, 8, 10)",1,53,51,-2
24,759,junk,12,0.060174302733801865,False,False,0.09447548352237792,0.09447548352237792,0.2693322571137954,0.03430118078857605,0.03430118078857605,0.059059970309125555,0.059059970309125555,0.0,0,0,0,0,-1,25.612422369305214,25.612422369305214,0.0,"(0, 1, 2, 3, 5, 6, 7, 8)","(0, 1, 2, 3, 5, 6, 7, 8)",0,49,49,0
24,779,junk,10,0.05320023148972313,False,False,0.03502002166039289,0.03502002166039289,0.23673065107158278,0.01818020982933024,0.01818020982933024,0.05530183195297018,0.05530183195297018,0.0,1,1,0,0,-1,26.239827109957965,26.239827109957965,0.0,"(0, 1, 2, 3, 5, 6, 7, 8)","(0, 1, 2, 3, 5, 6, 7, 8)",0,51,51,0
24,799,useful,1,1.2288566910234615,False,False,1.2079137881266828,1.2079137881266828,1.2250366639371502,0.020942902896778692,0.020942902896778692,0.03064124008970957,0.03064124008970957,0.0,0,0,0,0,-1,21.604857256372988,21.604857256372988,0.0,"(1, 2, 3, 4, 5, 6, 7, 8)","(1, 2, 3, 4, 5, 6, 7, 8)",0,52,52,0
24,819,useful,4,0.764422955908217,False,False,0.7385830095354229,0.7385830095354229,0.6040654017692287,0.025839946372794076,0.025839946372794076,0.02848647478905319,0.02848647478905319,0.0,1,1,0,0,-1,32.49754587816481,32.49754587816481,0.0,"(1, 2, 3, 4, 5, 6, 7, 8)","(1, 2, 3, 4, 5, 6, 7, 8)",0,53,53,0
24,839,useful,4,0.9788724021690813,True,True,0.020957135961144097,0.8842046945337406,0.8842046945337406,0.9579152662079372,0.09466770763534071,0.07058905471624882,0.04837285243002582,0.05355749891197463,1,1,0,0,-1,40.726055540001326,40.726055540001326,0.0,"(1, 2, 3, 4, 5, 6, 7, 8)","(1, 2, 3, 4, 5, 6, 7, 8)",0,53,53,0
24,859,junk,12,0.05128421250315407,False,False,0.0,0.0,0.17175527121954895,0.05128421250315407,0.05128421250315407,0.051360310103943346,0.051360310103943346,0.0,1,1,0,0,-1,32.718228378305035,32.718228378305035,0.0,"(1, 2, 3, 4, 5, 6, 7, 8)","(1, 2, 3, 4, 5, 6, 7, 8)",0,55,55,0
24,879,junk,9,0.06300911443096659,False,False,0.05081211649715004,0.05081211649715004,0.11829597696462268,0.012196997933816546,0.012196997933816546,0.045520746358853545,0.045520746358853545,0.0,1,1,0,0,-1,33.016456243704766,33.016456243704766,0.0,"(1, 2, 3, 4, 5, 6, 7, 8)","(1, 2, 3, 4, 5, 6, 7, 8)",0,59,59,0
24,899,useful,5,0.7998679196630103,False,False,0.8152932508896417,0.8152932508896417,0.8220514387911895,0.015425331226631367,0.015425331226631367,0.02068122629557244,0.02068122629557244,0.0,0,0,0,0,-1,23.081752146714216,23.081752146714216,0.0,"(0, 2, 3, 4, 5, 6, 7, 8)","(0, 2, 3, 4, 5, 6, 7, 8)",0,60,60,0
24,919,transient,10128,0.0,False,False,0.0,0.0,0.011434134978069922,0.0,0.0,0.04292880156643579,0.04292880156643579,0.0,0,0,0,0,-1,37.73381138718082,37.73381138718082,0.0,"(0, 2, 3, 4, 5, 6, 7, 8)","(0, 2, 3, 4, 5, 6, 7, 8)",0,60,60,0
24,939,useful,2,0.8916914644935329,False,False,0.9241334862623919,0.9241334862623919,0.6078149454473268,0.03244202176885902,0.03244202176885902,0.022392053974979946,0.022392053974979946,0.0,0,0,0,0,-1,42.62383227729579,42.62383227729579,0.0,"(0, 2, 3, 4, 5, 6, 7, 8)","(0, 2, 3, 4, 5, 6, 7, 8)",0,62,62,0
24,959,useful,4,0.6954371029426605,False,False,0.6875599990394542,0.6875599990394542,0.9276911714395395,0.007877103903206284,0.007877103903206284,0.029284343557397965,0.029284343557397965,0.0,0,0,0,0,-1,46.222488431273355,46.222488431273355,0.0,"(0, 1, 2, 3, 5, 6, 7, 8)","(0, 1, 2, 3, 5, 6, 7, 8)",0,63,63,0
24,979,useful,1,0.8964799725391421,False,False,0.9520075935357297,0.9520075935357297,0.8564240914542517,0.05552762099658759,0.05552762099658759,0.016939453157876493,0.016939453157876493,0.0,0,0,0,0,-1,30.12562841670628,30.12562841670628,0.0,"(0, 1, 2, 3, 5, 6, 7, 8)","(0, 1, 2, 3, 5, 6, 7, 8)",0,63,63,0
24,999,useful,1,0.9675931156404167,False,False,0.9232806479516121,0.9232806479516121,0.9936111841804134,0.04431246768880459,0.04431246768880459,0.028823248283990414,0.028823248283990414,0.0,1,1,0,0,-1,38.86053265004165,38.86053265004165,0.0,"(1, 2, 3, 4, 5, 6, 7, 8)","(1, 2, 3, 4, 5, 6, 7, 8)",0,64,64,0
24,1019,useful,4,0.8846745505226905,False,False,0.869112012382088,0.869112012382088,0.8272855417594411,0.015562538140602489,0.015562538140602489,0.016568872745296597,0.016568872745296597,0.0,0,0,0,0,-1,41.27856547877403,41.27856547877403,0.0,"(0, 1, 2, 3, 5, 6, 7, 8)","(0, 1, 2, 3, 5, 6, 7, 8)",0,65,65,0
24,1039,useful,5,0.8366322783048811,False,False,0.8305493661891846,0.8305493661891846,1.2152169964534911,0.006082912115696448,0.006082912115696448,0.03155574504617159,0.03155574504617159,0.0,0,0,0,0,-1,42.40041109819323,42.40041109819323,0.0,"(0, 2, 3, 4, 5, 6, 7, 8)","(0, 2, 3, 4, 5, 6, 7, 8)",0,66,66,0
24,1059,junk,13,0.04783830544215021,False,False,0.0,0.0,0.2547632958810045,0.04783830544215021,0.04783830544215021,0.04882956684791789,0.04882956684791789,0.0,1,1,0,0,-1,36.544720894863254,36.544720894863254,0.0,"(1, 2, 3, 4, 5, 6, 7, 8)","(1, 2, 3, 4, 5, 6, 7, 8)",0,68,68,0
24,1079,useful,4,0.8838878556723753,True,False,0.3483912955148163,0.3483912955148163,0.8960595203088517,0.535496560157559,0.535496560157559,0.07645187719284895,0.07645187719284895,0.0,0,0,0,0,-1,33.34973128524685,33.34973128524685,0.0,"(0, 2, 3, 4, 5, 6, 7, 8)","(0, 2, 3, 4, 5, 6, 7, 8)",0,69,69,0
24,1099,junk,12,0.04725508931273419,False,False,0.0,0.0,0.0,0.04725508931273419,0.04725508931273419,0.04944786621883281,0.04944786621883281,0.0,1,1,0,0,-1,28.469406202317945,28.469406202317945,0.0,"(1, 2, 3, 4, 5, 6, 7, 8)","(1, 2, 3, 4, 5, 6, 7, 8)",0,71,71,0
24,1119,junk,9,0.070608711160029,True,True,2.8626117169694005,0.0,0.0,2.7920030058093714,0.070608711160029,0.08802159994378908,0.04196580024111222,0.11080510973288443,1,1,0,3,1150,43.78075828149257,46.318363612379706,2.537605330887139,"(0, 1, 2, 3, 5, 6, 7, 8)","(0, 1, 2, 3, 5, 6, 7, 8)",0,74,73,-1
24,1139,junk,10,0.07129894943497232,False,False,0.03435076223987356,0.03435076223987356,0.006172748837450379,0.036948187195098764,0.036948187195098764,0.0384264860281467,0.0384264860281467,0.0,1,1,0,0,-1,37.314354076050854,37.314354076050854,0.0,"(0, 1, 2, 3, 5, 6, 7, 8)","(0, 1, 2, 3, 5, 6, 7, 8)",0,74,74,0
24,1159,useful,0,1.104672389616697,True,False,0.27487109613520133,0.27487109613520133,0.3151046981291905,0.8298012934814957,0.8298012934814957,0.07099453536861695,0.07099453536861695,0.0,1,1,0,0,-1,28.261537867998353,28.261537867998353,0.0,"(0, 1, 2, 3, 5, 6, 7, 8)","(0, 1, 2, 3, 5, 6, 7, 8)",0,74,74,0
24,1179,junk,10,0.04044209469700666,False,False,0.03228589938872331,0.03228589938872331,0.06973433427966569,0.008156195308283348,0.008156195308283348,0.039057526676856726,0.039057526676856726,0.0,0,0,0,0,-1,30.722569111649033,30.722569111649033,0.0,"(1, 2, 3, 4, 5, 6, 7, 8)","(1, 2, 3, 4, 5, 6, 7, 8)",0,75,75,0
24,1199,useful,0,0.474895783965974,True,False,0.25483556654216133,0.25483556654216133,0.3198735751221028,0.22006021742381265,0.22006021742381265,0.06543066850756217,0.06543066850756217,0.0,0,0,0,0,-1,25.29152305757943,25.29152305757943,0.0,"(0, 1, 2, 3, 5, 6, 7, 8)","(0, 1, 2, 3, 5, 6, 7, 8)",0,74,74,0
24,1219,useful,4,0.8817888956630529,False,False,0.9292331755628107,0.9292331755628107,0.749132338903814,0.04744427989975786,0.04744427989975786,0.025451158660048323,0.025451158660048323,0.0,1,1,0,0,-1,33.97684187914282,33.97684187914282,0.0,"(0, 1, 2, 3, 5, 6, 7, 8)","(0, 1, 2, 3, 5, 6, 7, 8)",0,76,76,0
24,1239,junk,13,0.052031095296072985,False,False,0.048127597295222146,0.048127597295222146,0.11554929533470802,0.0039034980008508385,0.0039034980008508385,0.041940142469627587,0.041940142469627587,0.0,0,0,0,0,-1,24.908104385476456,24.908104385476456,0.0,"(0, 2, 3, 4, 5, 6, 7, 8)","(0, 2, 3, 4, 5, 6, 7, 8)",0,79,79,0
24,1259,useful,3,0.5425290311786756,False,False,0.542389757124028,0.542389757124028,0.5460251845417101,0.0001392740546475313,0.0001392740546475313,0.03624684630075677,0.03624684630075677,0.0,0,0,0,0,-1,31.97053783768909,31.97053783768909,0.0,"(0, 2, 3, 4, 5, 6, 7, 8)","(0, 2, 3, 4, 5, 6, 7, 8)",0,79,79,0
24,1279,transient,10171,0.0,False,False,0.03881033976612344,0.03881033976612344,0.20233575519330974,0.03881033976612344,0.03881033976612344,0.03968087031598958,0.03968087031598958,0.0,0,0,0,0,-1,28.71956478929972,28.71956478929972,0.0,"(0, 2, 3, 4, 5, 6, 7, 8)","(0, 2, 3, 4, 5, 6, 7, 8)",0,79,79,0
24,1299,useful,0,0.9618174229588631,False,False,0.9907812741440141,0.9907812741440141,0.9684337587891897,0.02896385118515099,0.02896385118515099,0.011055578535268925,0.011055578535268925,0.0,0,0,0,0,-1,22.423737133913797,22.423737133913797,0.0,"(0, 1, 2, 4, 5, 6, 7, 8)","(0, 1, 2, 4, 5, 6, 7, 8)",0,80,80,0
24,1319,junk,11,0.07920477841971385,False,False,0.12455934061877019,0.12455934061877019,0.005336793149517446,0.04535456219905634,0.04535456219905634,0.04377211876013172,0.04377211876013172,0.0,0,0,0,0,-1,24.043732627225097,24.043732627225097,0.0,"(0, 2, 3, 4, 5, 6, 7, 8)","(0, 2, 3, 4, 5, 6, 7, 8)",0,81,81,0
24,1339,useful,3,1.3683751530747281,False,False,1.334844847755675,1.334844847755675,1.3760187178945005,0.03353030531905321,0.03353030531905321,0.01972113515576704,0.01972113515576704,0.0,0,0,0,0,-1,30.63172617017407,30.63172617017407,0.0,"(0, 2, 3, 4, 5, 6, 7, 8)","(0, 2, 3, 4, 5, 6, 7, 8)",0,81,81,0
24,1359,transient,10184,0.0,True,True,3.172561431946854,0.0,0.0,3.172561431946854,0.0,0.09160477297230159,0.04257188637111374,0.12936179158964953,1,0,1,5,1385,25.252803353440445,24.23073613798677,-1.0220672154536743,"(1, 2, 3, 5, 6, 7, 8, 10184)","(0, 1, 2, 3, 5, 6, 7, 8)",1,83,82,-1
24,1379,useful,3,1.176794884773817,False,False,1.1650573427554223,1.1650573427554223,0.9340515050610732,0.01173754201839472,0.01173754201839472,0.014268664740776676,0.014268664740776676,0.0,0,0,0,0,-1,9.942032249258624,9.942032249258624,0.0,"(0, 1, 2, 3, 5, 6, 7, 8)","(0, 1, 2, 3, 5, 6, 7, 8)",0,82,82,0
24,1399,useful,0,1.048279206715546,False,False,0.9909839936920464,0.9909839936920464,0.9207647650705266,0.0572952130234996,0.0572952130234996,0.012637183851123786,0.012637183851123786,0.0,0,0,0,0,-1,0.0,0.0,0.0,"(0, 1, 2, 3, 5, 6, 7, 8)","(0, 1, 2, 3, 5, 6, 7, 8)",0,82,82,0
25,19,useful,4,1.128452080477064,True,True,0.2939070244489329,1.241753806322894,1.241753806322894,0.834545056028131,0.11330172584582998,0.03297561758978718,0.04789095879083184,0.07666521479887109,0,0,0,19,20,8.970124242307595,16.271196413472712,7.301072171165117,"(0, 2, 5, 6, 9, 10, 11, 13)","(0, 1, 2, 4, 5, 6, 10, 13)",1,11,11,0
25,39,useful,0,1.0734781769474904,False,False,1.0816526602560101,1.0816526602560101,1.0726657064560638,0.008174483308519775,0.008174483308519775,0.05555366523070292,0.05555366523070292,0.0,1,1,0,0,-1,18.34532714730126,18.34532714730126,0.0,"(0, 1, 2, 4, 5, 6, 10, 13)","(0, 1, 2, 4, 5, 6, 10, 13)",0,10,10,0
25,59,useful,0,1.3551360359075741,False,False,1.368935288832349,1.368935288832349,1.5251919605855226,0.013799252924774796,0.013799252924774796,0.04017220088897608,0.04017220088897608,0.0,0,0,0,0,-1,16.338632956813893,16.338632956813893,0.0,"(0, 1, 2, 3, 5, 6, 7, 13)","(0, 1, 2, 3, 5, 6, 7, 13)",0,10,10,0
25,79,transient,10009,0.0,False,False,0.00025298960636675657,0.00025298960636675657,0.20379276880788433,0.00025298960636675657,0.00025298960636675657,0.05781423370074407,0.05781423370074407,0.0,0,0,0,0,-1,22.4291456540609,22.4291456540609,0.0,"(1, 2, 3, 4, 5, 6, 7, 8)","(1, 2, 3, 4, 5, 6, 7, 8)",0,12,12,0
25,99,junk,10,0.05326124465547273,False,False,0.039650960248185575,0.039650960248185575,0.1355314265752681,0.013610284407287156,0.013610284407287156,0.04917903818589907,0.04917903818589907,0.0,1,1,0,0,-1,23.504016553580293,23.504016553580293,0.0,"(0, 2, 4, 5, 6, 7, 8, 13)","(0, 2, 4, 5, 6, 7, 8, 13)",0,17,17,0
25,119,junk,12,0.04606361506983189,False,False,0.0,0.0,0.0,0.04606361506983189,0.04606361506983189,0.04449665031514278,0.04449665031514278,0.0,0,0,0,0,-1,25.422883520306424,25.422883520306424,0.0,"(0, 2, 3, 4, 5, 6, 7, 8)","(0, 2, 3, 4, 5, 6, 7, 8)",0,16,16,0
25,139,junk,9,0.046761441703891155,False,False,0.10879448649464672,0.10879448649464672,0.001821115594670443,0.06203304479075557,0.06203304479075557,0.047082534989791876,0.047082534989791876,0.0,0,0,0,0,-1,29.365835467676884,29.365835467676884,0.0,"(0, 1, 2, 3, 4, 6, 7, 8)","(0, 1, 2, 3, 4, 6, 7, 8)",0,17,17,0
25,159,junk,13,0.029520756907285894,True,True,2.996996016393868,0.294147867635842,0.294147867635842,2.967475259486582,0.2646271107285561,0.08886743756569696,0.024655167105692037,0.10815842027657345,0,0,0,5,163,22.386190717444077,24.653624509452815,2.267433792008738,"(0, 2, 3, 4, 5, 6, 7, 8)","(0, 2, 3, 4, 5, 6, 7, 8)",0,20,18,-2
25,179,useful,1,0.8535345604384608,False,False,0.8838780019330242,0.8838780019330242,0.8290579228017297,0.030343441494563472,0.030343441494563472,0.02978947631264303,0.02978947631264303,0.0,1,1,0,0,-1,26.87163821261899,26.87163821261899,0.0,"(0, 2, 3, 4, 5, 6, 7, 8)","(0, 2, 3, 4, 5, 6, 7, 8)",0,18,18,0
25,199,junk,11,0.05123465426964674,True,True,2.64462447454075,0.2315213719216755,0.2315213719216755,2.593389820271103,0.18028671765202875,0.08851040087614781,0.03379074843660463,0.11926745530736445,1,0,1,2,209,24.63068262325298,26.71934349055707,2.088660867304089,"(0, 2, 3, 4, 5, 6, 7, 8)","(0, 2, 3, 4, 5, 6, 7, 8)",0,22,20,-2
25,219,useful,0,1.001266500939058,False,False,0.9702098857924871,0.9702098857924871,1.0928890023915212,0.031056615146570876,0.031056615146570876,0.030902888802237446,0.030902888802237446,0.0,0,0,0,0,-1,27.93808158582716,27.93808158582716,0.0,"(0, 2, 3, 4, 5, 6, 7, 8)","(0, 2, 3, 4, 5, 6, 7, 8)",0,20,20,0
25,239,junk,10,0.036906152061176534,False,False,0.041688675364283445,0.041688675364283445,0.05067276752403808,0.004782523303106911,0.004782523303106911,0.043175966359161086,0.043175966359161086,0.0,0,0,0,0,-1,29.2334462429093,29.2334462429093,0.0,"(0, 1, 2, 3, 5, 6, 7, 8)","(0, 1, 2, 3, 5, 6, 7, 8)",0,21,21,0
25,259,junk,12,0.06115481492535324,False,False,0.07646564947511267,0.07646564947511267,0.0,0.015310834549759428,0.015310834549759428,0.03332737065270676,0.03332737065270676,0.0,0,0,0,0,-1,38.743796550329634,38.743796550329634,0.0,"(0, 1, 3, 4, 5, 6, 7, 8)","(0, 1, 3, 4, 5, 6, 7, 8)",0,22,22,0
25,279,transient,10038,0.0,True,True,2.6995196335084928,0.1487856311014909,0.1487856311014909,2.6995196335084928,0.1487856311014909,0.10373006153145702,0.02527121793211081,0.1274285898998166,0,0,0,1,306,32.05354562967146,32.05354562967146,0.0,"(0, 1, 3, 4, 5, 6, 7, 8)","(0, 1, 3, 4, 5, 6, 7, 8)",0,22,22,0
25,299,junk,12,0.04844378246673939,False,False,0.0930398488585924,0.0930398488585924,0.24394862822553726,0.04459606639185301,0.04459606639185301,0.025971045791713124,0.025971045791713124,0.0,0,0,0,0,-1,30.425229677976347,30.425229677976347,0.0,"(0, 1, 3, 4, 5, 6, 7, 8)","(0, 1, 3, 4, 5, 6, 7, 8)",0,22,22,0
25,319,critical,7,3.7243012416982872,False,False,3.7079032611894127,3.7079032611894127,3.635609476774629,0.016397980508874532,0.016397980508874532,0.02398710105759474,0.02398710105759474,0.0,0,0,0,0,-1,28.761600133167107,28.761600133167107,0.0,"(0, 1, 3, 4, 5, 6, 7, 8)","(0, 1, 3, 4, 5, 6, 7, 8)",0,24,24,0
25,339,critical,8,3.9538512020458936,False,False,4.021043349661882,4.021043349661882,3.9598280922642375,0.06719214761598868,0.06719214761598868,0.01821373776293447,0.01821373776293447,0.0,0,0,0,0,-1,27.141852721385625,27.141852721385625,0.0,"(1, 2, 3, 4, 5, 6, 7, 8)","(1, 2, 3, 4, 5, 6, 7, 8)",0,25,25,0
25,359,useful,5,1.097681392662364,False,False,1.0867287469336528,1.0867287469336528,1.0801845807334003,0.010952645728711241,0.010952645728711241,0.020133086780596544,0.020133086780596544,0.0,0,0,0,0,-1,26.123946012230444,26.123946012230444,0.0,"(0, 1, 2, 3, 5, 6, 7, 8)","(0, 1, 2, 3, 5, 6, 7, 8)",0,26,26,0
25,379,junk,9,0.03449614638675463,True,True,2.6161258042262006,0.12726130805457916,0.12726130805457916,2.581629657839446,0.09276516166782453,0.09954984046069862,0.022376519872756902,0.11821629848140087,1,0,1,3,383,43.796713680163,43.757994289948854,-0.03871939021414761,"(0, 1, 2, 3, 5, 6, 7, 8)","(0, 1, 2, 3, 5, 6, 7, 8)",0,27,26,-1
25,399,useful,0,0.9216159374022976,False,False,0.9127003688295876,0.9127003688295876,0.8090339719350675,0.008915568572710031,0.008915568572710031,0.04054081433518163,0.04054081433518163,0.0,0,0,0,0,-1,54.95748138783431,54.95748138783431,0.0,"(1, 2, 3, 4, 5, 6, 7, 8)","(1, 2, 3, 4, 5, 6, 7, 8)",0,27,27,0
25,419,useful,1,1.0100391870642107,False,False,0.9521744840402874,0.9521744840402874,0.47975542295334395,0.057864703023923325,0.057864703023923325,0.01434484685152934,0.01434484685152934,0.0,0,0,0,0,-1,47.67539826249085,47.67539826249085,0.0,"(1, 2, 3, 4, 5, 6, 7, 8)","(1, 2, 3, 4, 5, 6, 7, 8)",0,27,27,0
25,439,useful,2,0.9917264869830588,False,False,0.9296352830218793,0.9296352830218793,0.8391165401410203,0.06209120396117951,0.06209120396117951,0.02953033567574076,0.02953033567574076,0.0,0,0,0,0,-1,53.48138730571635,53.48138730571635,0.0,"(1, 2, 3, 4, 5, 6, 7, 8)","(1, 2, 3, 4, 5, 6, 7, 8)",0,29,29,0
25,459,useful,3,1.242728126411829,False,False,1.3008201414953022,1.3008201414953022,1.1358431623171295,0.05809201508347317,0.05809201508347317,0.027750920449496178,0.027750920449496178,0.0,0,0,0,0,-1,53.35055900226365,53.35055900226365,0.0,"(1, 2, 3, 4, 5, 6, 7, 8)","(1, 2, 3, 4, 5, 6, 7, 8)",0,29,29,0
25,479,critical,8,7.1054315177049805,False,False,7.078617361556447,7.078617361556447,6.773366906507747,0.026814156148533108,0.026814156148533108,0.03176737011680392,0.03176737011680392,0.0,0,0,0,0,-1,40.61522854664855,40.61522854664855,0.0,"(1, 2, 3, 4, 5, 6, 7, 8)","(1, 2, 3, 4, 5, 6, 7, 8)",0,31,31,0
25,499,useful,5,0.9453642771271483,False,False,0.9104361725422551,0.9104361725422551,0.9487362816485396,0.03492810458489326,0.03492810458489326,0.03939522342307113,0.03939522342307113,0.0,0,0,0,0,-1,35.137788137941314,35.137788137941314,0.0,"(0, 1, 2, 3, 5, 6, 7, 8)","(0, 1, 2, 3, 5, 6, 7, 8)",0,32,32,0
25,519,transient,10064,0.0,False,False,0.08233610101331756,0.08233610101331756,0.20986347374341507,0.08233610101331756,0.08233610101331756,0.030471019024802974,0.030471019024802974,0.0,0,0,0,0,-1,42.950236391727614,42.950236391727614,0.0,"(0, 1, 2, 3, 5, 6, 7, 8)","(0, 1, 2, 3, 5, 6, 7, 8)",0,34,34,0
25,539,useful,0,0.5876771950949801,False,False,0.5459171143590213,0.5459171143590213,0.6095505253295613,0.041760080735958716,0.041760080735958716,0.06354359136086227,0.06354359136086227,0.0,1,1,0,0,-1,50.506769736759345,50.506769736759345,0.0,"(0, 1, 2, 3, 5, 6, 7, 8)","(0, 1, 2, 3, 5, 6, 7, 8)",0,36,36,0
25,559,useful,0,1.0375439715693644,True,False,0.1726352519695613,0.1726352519695613,0.8622282790821141,0.8649087195998031,0.8649087195998031,0.05894223239255254,0.05894223239255254,0.0,0,0,0,0,-1,54.043683033625456,54.043683033625456,0.0,"(0, 1, 3, 4, 5, 6, 7, 8)","(0, 1, 3, 4, 5, 6, 7, 8)",0,37,37,0
25,579,junk,10,0.05896658113779632,False,False,0.03106714912073234,0.03106714912073234,0.09077950710108357,0.02789943201706398,0.02789943201706398,0.03373100427118386,0.03373100427118386,0.0,0,0,0,0,-1,29.77783058245916,29.77783058245916,0.0,"(0, 1, 3, 4, 5, 6, 7, 8)","(0, 1, 3, 4, 5, 6, 7, 8)",0,37,37,0
25,599,useful,0,1.0792751752862995,False,False,1.0463207767823373,1.0463207767823373,1.1176921369304564,0.0329543985039622,0.0329543985039622,0.019936707885025585,0.019936707885025585,0.0,0,0,0,0,-1,29.792450166938465,29.792450166938465,0.0,"(0, 1, 2, 3, 5, 6, 7, 8)","(0, 1, 2, 3, 5, 6, 7, 8)",0,38,38,0
25,619,useful,5,1.1065347578767264,True,True,0.30021552140168223,1.0969997544498653,1.0969997544498653,0.8063192364750442,0.009535003426861088,0.0554738790040187,0.03163934243732211,0.06701274472756724,0,0,0,0,-1,25.949530966447263,25.949530966447263,0.0,"(0, 1, 3, 4, 5, 6, 7, 8)","(0, 1, 3, 4, 5, 6, 7, 8)",0,39,39,0
25,639,junk,10,0.05988267774213554,False,False,0.0847158192227831,0.0847158192227831,0.060868377514656714,0.024833141480647553,0.024833141480647553,0.0323965979980425,0.0323965979980425,0.0,0,0,0,0,-1,39.08469618444995,39.08469618444995,0.0,"(0, 1, 3, 4, 5, 6, 7, 8)","(0, 1, 3, 4, 5, 6, 7, 8)",0,39,39,0
25,659,junk,13,0.04874409322424003,False,False,0.061066700252044734,0.061066700252044734,0.0,0.012322607027804702,0.012322607027804702,0.029679626070827837,0.029679626070827837,0.0,0,0,0,0,-1,46.24313665611621,46.24313665611621,0.0,"(0, 1, 2, 3, 5, 6, 7, 8)","(0, 1, 2, 3, 5, 6, 7, 8)",0,40,40,0
25,679,useful,0,0.5646234465235298,False,False,0.5829356693920748,0.5829356693920748,0.37933608788871387,0.018312222868544947,0.018312222868544947,0.04302533080005632,0.04302533080005632,0.0,0,0,0,0,-1,48.358978777492254,48.358978777492254,0.0,"(0, 1, 3, 5, 6, 7, 8, 11)","(0, 1, 3, 5, 6, 7, 8, 11)",0,42,42,0
25,699,useful,3,1.1898963621123175,False,False,1.1402035858908504,1.1402035858908504,1.3258646698653842,0.04969277622146717,0.04969277622146717,0.03837173104806616,0.03837173104806616,0.0,0,0,0,0,-1,25.820949534833893,25.820949534833893,0.0,"(1, 3, 5, 6, 7, 8, 11, 12)","(1, 3, 5, 6, 7, 8, 11, 12)",0,45,45,0
25,719,useful,3,1.0580243485298069,False,False,0.9863248985893713,0.9863248985893713,0.7415245669433097,0.07169944994043553,0.07169944994043553,0.04304230276191424,0.04304230276191424,0.0,0,0,0,0,-1,25.046822366703918,25.046822366703918,0.0,"(1, 2, 3, 5, 6, 7, 8, 11)","(1, 2, 3, 5, 6, 7, 8, 11)",0,49,49,0
25,739,transient,10095,0.0,False,False,0.0,0.0,0.0,0.0,0.0,0.07036136233096955,0.07036136233096955,0.0,0,0,0,0,-1,19.255467144847152,19.255467144847152,0.0,"(0, 1, 3, 5, 6, 7, 8, 11)","(0, 1, 3, 5, 6, 7, 8, 11)",0,52,52,0
25,759,useful,1,1.135864397156119,True,True,0.058823328183111395,1.4226370102902914,1.4226370102902914,1.0770410689730077,0.28677261313417235,0.0648378106914687,0.03948077166279943,0.07444552279853409,0,0,0,13,765,18.46384925938294,18.31722942044417,-0.1466198389387685,"(1, 3, 5, 6, 7, 8, 10, 12)","(1, 3, 5, 6, 7, 8, 9, 12)",1,54,57,3
25,779,useful,2,1.0374742364415732,False,False,1.1161541923135287,1.1161541923135287,1.1642744674868806,0.07867995587195553,0.07867995587195553,0.02852885796388029,0.02852885796388029,0.0,0,0,0,0,-1,18.425242001600658,18.425242001600658,0.0,"(1, 3, 4, 5, 6, 7, 8, 9)","(1, 3, 4, 5, 6, 7, 8, 9)",0,62,62,0
25,799,useful,4,1.2942681943412366,False,False,1.2930877751210141,1.2930877751210141,1.3116317139521907,0.001180419220222495,0.001180419220222495,0.030959742930651173,0.030959742930651173,0.0,1,1,0,0,-1,26.532553025320603,26.532553025320603,0.0,"(1, 3, 4, 5, 6, 7, 8, 11)","(1, 3, 4, 5, 6, 7, 8, 11)",0,64,64,0
25,819,useful,1,1.285274841843735,False,False,1.3180629633735808,1.3180629633735808,1.4979750619343102,0.03278812152984578,0.03278812152984578,0.03130997920343142,0.03130997920343142,0.0,0,0,0,0,-1,38.46403644925962,38.46403644925962,0.0,"(1, 2, 3, 4, 5, 6, 7, 8)","(1, 2, 3, 4, 5, 6, 7, 8)",0,67,67,0
25,839,junk,11,0.04249248986973483,False,False,0.0,0.0,0.0,0.04249248986973483,0.04249248986973483,0.05888256319041557,0.05888256319041557,0.0,1,1,0,0,-1,42.72559627354059,42.72559627354059,0.0,"(1, 3, 4, 5, 6, 7, 8, 9)","(1, 3, 4, 5, 6, 7, 8, 9)",0,68,68,0
25,859,junk,10,0.04629938146849682,False,False,0.18457359266866508,0.18457359266866508,0.0,0.13827421120016825,0.13827421120016825,0.048993147544851824,0.048993147544851824,0.0,1,1,0,0,-1,46.38191675684948,46.38191675684948,0.0,"(0, 1, 3, 4, 5, 6, 7, 8)","(0, 1, 3, 4, 5, 6, 7, 8)",0,68,68,0
25,879,junk,9,0.05272191423737871,False,False,0.0,0.0,0.0,0.05272191423737871,0.05272191423737871,0.053700762118345916,0.053700762118345916,0.0,1,1,0,0,-1,39.90007578872254,39.90007578872254,0.0,"(0, 1, 3, 4, 5, 6, 7, 8)","(0, 1, 3, 4, 5, 6, 7, 8)",0,69,69,0
25,899,junk,11,0.0438887442753465,False,False,0.010430645258706274,0.010430645258706274,0.10736894269298686,0.03345809901664023,0.03345809901664023,0.04715191704170935,0.04715191704170935,0.0,1,1,0,0,-1,27.747951361666722,27.747951361666722,0.0,"(1, 2, 3, 4, 5, 6, 7, 8)","(1, 2, 3, 4, 5, 6, 7, 8)",0,72,72,0
25,919,junk,12,0.042394856421334476,False,False,0.03617801236418645,0.03617801236418645,0.06159228774183209,0.0062168440571480285,0.0062168440571480285,0.04286949045239887,0.04286949045239887,0.0,1,1,0,0,-1,33.33992284344656,33.33992284344656,0.0,"(0, 1, 3, 4, 5, 6, 7, 8)","(0, 1, 3, 4, 5, 6, 7, 8)",0,74,74,0
25,939,transient,10124,0.0,False,False,0.04550660429142733,0.04550660429142733,0.01912615796469288,0.04550660429142733,0.04550660429142733,0.03580330337177815,0.03580330337177815,0.0,0,0,0,0,-1,24.16327188849579,24.16327188849579,0.0,"(0, 1, 3, 4, 5, 6, 7, 8)","(0, 1, 3, 4, 5, 6, 7, 8)",0,76,76,0
25,959,useful,0,0.8228462915645316,False,False,0.8794646068627684,0.8794646068627684,0.5567428820002365,0.0566183152982368,0.0566183152982368,0.01806415411165187,0.01806415411165187,0.0,0,0,0,0,-1,20.82419298411296,20.82419298411296,0.0,"(0, 1, 2, 4, 5, 6, 7, 8)","(0, 1, 2, 4, 5, 6, 7, 8)",0,77,77,0
25,979,junk,12,0.05335397225485133,False,False,0.13321328241424923,0.13321328241424923,0.007189298912188231,0.0798593101593979,0.0798593101593979,0.034852251990758865,0.034852251990758865,0.0,0,0,0,0,-1,22.62073658432167,22.62073658432167,0.0,"(0, 1, 2, 4, 5, 6, 7, 8)","(0, 1, 2, 4, 5, 6, 7, 8)",0,77,77,0
25,999,useful,1,1.0857829981595621,False,False,1.084286151703017,1.084286151703017,1.3362974668801355,0.0014968464565452422,0.0014968464565452422,0.01798961870105456,0.01798961870105456,0.0,0,0,0,0,-1,26.265318721946755,26.265318721946755,0.0,"(0, 1, 3, 4, 5, 6, 7, 8)","(0, 1, 3, 4, 5, 6, 7, 8)",0,78,78,0
25,1019,useful,4,1.2010473910496886,True,True,0.28186669859960883,1.2287364274784545,1.2287364274784545,0.9191806924500798,0.027689036428765856,0.0724046062094869,0.0156840068533748,0.08330351611302754,0,0,0,0,-1,27.61078680925699,27.61078680925699,0.0,"(0, 1, 2, 4, 5, 6, 7, 8)","(0, 1, 2, 4, 5, 6, 7, 8)",0,79,79,0
25,1039,useful,0,0.6623517382187605,False,False,0.6303295989255141,0.6303295989255141,0.6398382618864834,0.03202213929324638,0.03202213929324638,0.03641098405750167,0.03641098405750167,0.0,0,0,0,0,-1,29.44745029377792,29.44745029377792,0.0,"(0, 1, 3, 4, 5, 6, 7, 8)","(0, 1, 3, 4, 5, 6, 7, 8)",0,80,80,0
25,1059,critical,8,5.090395007446846,False,False,5.129200876419925,5.129200876419925,5.080144022171352,0.03880586897307925,0.03880586897307925,0.040882907152755193,0.040882907152755193,0.0,0,0,0,0,-1,35.723655103534085,35.723655103534085,0.0,"(0, 1, 2, 4, 5, 6, 7, 8)","(0, 1, 2, 4, 5, 6, 7, 8)",0,81,81,0
25,1079,useful,1,0.9726710181803243,False,False,0.9370954078834268,0.9370954078834268,1.0457606589140294,0.035575610296897486,0.035575610296897486,0.021109188163321784,0.021109188163321784,0.0,0,0,0,0,-1,56.58539706215168,56.58539706215168,0.0,"(0, 1, 3, 4, 5, 6, 7, 8)","(0, 1, 3, 4, 5, 6, 7, 8)",0,82,82,0
25,1099,useful,4,1.2880710064070686,False,False,1.2311678005106563,1.2311678005106563,0.5026745431312851,0.05690320589641229,0.05690320589641229,0.006940703425415255,0.006940703425415255,0.0,0,0,0,0,-1,44.32273608545945,44.32273608545945,0.0,"(0, 1, 2, 4, 5, 6, 7, 8)","(0, 1, 2, 4, 5, 6, 7, 8)",0,83,83,0
25,1119,useful,0,1.2042586293299404,False,False,1.263448099681082,1.263448099681082,0.9052845955853029,0.05918947035114153,0.05918947035114153,0.012357622359572476,0.012357622359572476,0.0,0,0,0,0,-1,40.394009831934326,40.394009831934326,0.0,"(0, 1, 3, 4, 5, 6, 7, 8)","(0, 1, 3, 4, 5, 6, 7, 8)",0,84,84,0
25,1139,transient,10154,0.0,False,False,0.0,0.0,0.013926485803727988,0.0,0.0,0.03859253309203209,0.03859253309203209,0.0,0,0,0,0,-1,35.261361523523505,35.261361523523505,0.0,"(0, 1, 3, 4, 5, 6, 7, 8)","(0, 1, 3, 4, 5, 6, 7, 8)",0,84,84,0
25,1159,transient,10156,0.0,False,False,0.0,0.0,0.0,0.0,0.0,0.03208081402865191,0.03208081402865191,0.0,0,0,0,0,-1,48.79310834196086,48.79310834196086,0.0,"(0, 1, 3, 4, 5, 6, 7, 8)","(0, 1, 3, 4, 5, 6, 7, 8)",0,84,84,0
25,1179,junk,9,0.046204143858654595,False,True,0.06325295164228897,0.9658687782725175,0.9658687782725175,0.01704880778363438,0.9196646344138629,0.034756909880767316,0.04175512914014899,0.04418802647698559,0,1,1,5,1181,45.81708973539785,45.0925249056896,-0.7245648297082496,"(0, 1, 3, 4, 5, 6, 7, 8)","(0, 1, 4, 5, 6, 7, 8, 9)",1,84,85,1
25,1199,junk,10,0.05940926032761468,False,False,0.139326020290444,0.139326020290444,0.10193917044004769,0.07991675996282932,0.07991675996282932,0.025458891149299535,0.025458891149299535,0.0,0,0,0,0,-1,34.24242502889671,34.24242502889671,0.0,"(0, 1, 3, 4, 5, 6, 7, 8)","(0, 1, 3, 4, 5, 6, 7, 8)",0,86,86,0
25,1219,junk,10,0.03765798301126142,True,True,2.4511334562296017,0.10249335899093409,0.10249335899093409,2.41347547321834,0.06483537597967268,0.09431411196049111,0.030907383680866554,0.10026275608265652,1,0,1,3,1224,28.901851990093437,28.90753190964215,0.005679919548711609,"(0, 1, 2, 4, 5, 6, 7, 8)","(0, 1, 2, 4, 5, 6, 7, 8)",0,88,87,-1
25,1239,junk,11,0.04436512514172032,True,True,2.8808365596023755,0.0,0.0,2.836471434460655,0.04436512514172032,0.10371074383122553,0.023894777212842003,0.11773754990044172,1,0,1,2,1245,27.439765940480747,29.173977423212754,1.7342114827320074,"(0, 1, 2, 4, 5, 6, 7, 8)","(0, 1, 2, 4, 5, 6, 7, 8)",0,89,87,-2
25,1259,junk,12,0.030426601626616808,True,True,2.381682069009656,0.16764018938756034,0.16764018938756034,2.351255467383039,0.13721358776094353,0.08774681785553863,0.02171761343472984,0.1040707529918044,1,0,1,6,1260,30.773779289472976,32.723023306962645,1.9492440174896686,"(0, 1, 3, 4, 5, 6, 7, 8)","(0, 2, 3, 4, 5, 6, 7, 8)",1,90,88,-2
25,1279,junk,9,0.05271950293512471,False,False,0.09758730231102872,0.09758730231102872,0.017185017088414613,0.04486779937590401,0.04486779937590401,0.020350330875225375,0.020350330875225375,0.0,0,0,0,0,-1,31.572290432521363,31.572290432521363,0.0,"(0, 2, 3, 4, 5, 6, 7, 8)","(0, 2, 3, 4, 5, 6, 7, 8)",0,88,88,0
25,1299,critical,8,5.141566307977162,False,False,5.169934334440659,5.169934334440659,5.1234936916585205,0.028368026463496676,0.028368026463496676,0.027344772985536676,0.027344772985536676,0.0,0,0,0,0,-1,30.739082841553273,30.739082841553273,0.0,"(0, 1, 2, 4, 5, 6, 7, 8)","(0, 1, 2, 4, 5, 6, 7, 8)",0,89,89,0
25,1319,transient,10181,0.0,True,True,2.5140860357034756,0.0,0.0,2.5140860357034756,0.0,0.09912391062257862,0.024424842200968643,0.12233686142104692,0,0,0,4,1323,32.62352697650801,31.34768102355106,-1.2758459529569492,"(0, 1, 3, 4, 5, 6, 7, 8)","(0, 1, 3, 4, 5, 6, 7, 8)",0,90,91,1
25,1339,useful,1,0.9786162542267759,False,False,0.8472182045026958,0.8472182045026958,0.7431450367800246,0.1313980497240801,0.1313980497240801,0.03848543228703504,0.03848543228703504,0.0,1,1,0,0,-1,28.629242353374966,28.629242353374966,0.0,"(0, 1, 2, 4, 5, 6, 7, 8)","(0, 1, 2, 4, 5, 6, 7, 8)",0,92,92,0
25,1359,transient,10185,0.0,True,True,2.1169614533452306,0.3285934339855346,0.3285934339855346,2.1169614533452306,0.3285934339855346,0.0813640815562104,0.018642681661916002,0.0889856607948676,0,0,0,2,1382,24.51733186434007,24.51733186434007,0.0,"(0, 1, 2, 4, 5, 6, 7, 8)","(0, 1, 2, 4, 5, 6, 7, 8)",0,92,92,0
25,1379,junk,12,0.03922680700787345,False,False,0.08103907711263678,0.08103907711263678,0.0,0.04181227010476333,0.04181227010476333,0.0416002150257209,0.0416002150257209,0.0,0,0,0,0,-1,17.58118706161353,17.58118706161353,0.0,"(0, 1, 2, 4, 5, 6, 7, 8)","(0, 1, 2, 4, 5, 6, 7, 8)",0,92,92,0
25,1399,useful,0,1.185247439780976,False,False,1.1880861183905607,1.1880861183905607,1.0158375231199759,0.002838678609584644,0.002838678609584644,0.02975784599527587,0.02975784599527587,0.0,0,0,0,0,-1,0.0,0.0,0.0,"(0, 1, 2, 4, 5, 6, 7, 8)","(0, 1, 2, 4, 5, 6, 7, 8)",0,92,92,0
26,19,junk,9,0.04655382050785738,False,False,0.1329055271485185,0.1329055271485185,0.0,0.08635170664066112,0.08635170664066112,0.06818410637399386,0.06818410637399386,0.0,0,0,0,0,-1,36.36655249653149,36.36655249653149,0.0,"(0, 1, 2, 4, 5, 7, 8, 13)","(0, 1, 2, 4, 5, 7, 8, 13)",0,9,9,0
26,39,junk,10,0.054049317762779485,True,True,2.3930759486115556,0.26626868225451455,0.26626868225451455,2.339026630848776,0.21221936449173506,0.07441239870668791,0.042515779681588185,0.1167738483897449,1,1,0,6,54,26.06936631539304,26.071379188804173,0.002012873411132432,"(0, 1, 2, 5, 7, 8, 10, 13)","(0, 1, 2, 4, 5, 7, 8, 13)",1,12,10,-2
26,59,useful,4,1.4193760086620788,False,False,1.4290495361843243,1.4290495361843243,1.1310912059204745,0.009673527522245484,0.009673527522245484,0.05121049938865909,0.05121049938865909,0.0,1,1,0,0,-1,29.7419090543403,29.7419090543403,0.0,"(1, 2, 3, 5, 6, 7, 8, 13)","(1, 2, 3, 5, 6, 7, 8, 13)",0,12,12,0
26,79,junk,10,0.05846713489201565,False,False,0.06809965047420533,0.06809965047420533,0.0,0.009632515582189673,0.009632515582189673,0.0565112318254728,0.0565112318254728,0.0,0,0,0,0,-1,48.408465695494485,48.408465695494485,0.0,"(0, 1, 2, 5, 6, 7, 8, 13)","(0, 1, 2, 5, 6, 7, 8, 13)",0,14,14,0
26,99,junk,12,0.0633870427552599,True,True,2.836047750543082,0.11191150266110725,0.11191150266110725,2.7726607077878223,0.04852445990584735,0.08530304143024345,0.04595930459612034,0.1302233342976637,1,1,0,5,118,44.08023574747879,44.140479343477445,0.060243595998656474,"(0, 1, 2, 5, 6, 7, 8, 13)","(1, 2, 4, 5, 6, 7, 8, 13)",1,18,17,-1
26,119,junk,9,0.04659933344209552,False,False,0.08055861578027576,0.08055861578027576,0.09548132947915047,0.03395928233818024,0.03395928233818024,0.04444202557744668,0.04444202557744668,0.0,0,0,0,0,-1,31.736468478730725,31.736468478730725,0.0,"(1, 2, 3, 5, 6, 7, 8, 13)","(1, 2, 3, 5, 6, 7, 8, 13)",0,18,18,0
26,139,junk,13,0.05038939046058907,False,False,0.13288199641141762,0.13288199641141762,0.0,0.08249260595082855,0.08249260595082855,0.03779791445627014,0.03779791445627014,0.0,0,0,0,0,-1,31.00210285131946,31.00210285131946,0.0,"(1, 2, 3, 4, 5, 6, 7, 8)","(1, 2, 3, 4, 5, 6, 7, 8)",0,20,20,0
26,159,junk,10,0.0442817250208439,False,False,0.005506072946727496,0.005506072946727496,0.0,0.0387756520741164,0.0387756520741164,0.03953796974326233,0.03953796974326233,0.0,0,0,0,0,-1,30.274308545862617,30.274308545862617,0.0,"(1, 2, 3, 4, 5, 6, 7, 8)","(1, 2, 3, 4, 5, 6, 7, 8)",0,20,20,0
26,179,critical,8,4.736037445389054,False,False,4.698975520746842,4.698975520746842,4.841547056215483,0.03706192464221214,0.03706192464221214,0.040199351427982866,0.040199351427982866,0.0,0,0,0,0,-1,24.6822498901639,24.6822498901639,0.0,"(0, 2, 3, 4, 5, 6, 7, 8)","(0, 2, 3, 4, 5, 6, 7, 8)",0,21,21,0
26,199,useful,4,1.2267015681968871,False,False,1.173338667169153,1.173338667169153,1.0737115015993153,0.05336290102773411,0.05336290102773411,0.029817160754888262,0.029817160754888262,0.0,0,0,0,0,-1,31.63064248444429,31.63064248444429,0.0,"(0, 2, 3, 4, 5, 6, 7, 8)","(0, 2, 3, 4, 5, 6, 7, 8)",0,21,21,0
26,219,useful,3,1.2236197088003065,False,False,1.3008805393177922,1.3008805393177922,1.1081939998169585,0.07726083051748578,0.07726083051748578,0.02591874774610589,0.02591874774610589,0.0,0,0,0,0,-1,36.94934405541198,36.94934405541198,0.0,"(0, 1, 2, 4, 5, 6, 7, 8)","(0, 1, 2, 4, 5, 6, 7, 8)",0,22,22,0
26,239,useful,1,0.4948752092049029,False,False,0.5207773889555386,0.5207773889555386,0.5283363599584161,0.02590217975063569,0.02590217975063569,0.03310787585957674,0.03310787585957674,0.0,1,1,0,0,-1,34.534364594384044,34.534364594384044,0.0,"(0, 1, 2, 3, 4, 6, 7, 8)","(0, 1, 2, 3, 4, 6, 7, 8)",0,24,24,0
26,259,junk,11,0.04593586169426218,False,False,0.053069648912903965,0.053069648912903965,0.0,0.007133787218641788,0.007133787218641788,0.028068564071276888,0.028068564071276888,0.0,0,0,0,0,-1,38.923929061791455,38.923929061791455,0.0,"(0, 1, 2, 3, 4, 6, 7, 8)","(0, 1, 2, 3, 4, 6, 7, 8)",0,24,24,0
26,279,junk,13,0.04361889978261664,False,False,0.09039069346995277,0.09039069346995277,0.09631363579170216,0.046771793687336125,0.046771793687336125,0.033304482465006946,0.033304482465006946,0.0,0,0,0,0,-1,44.978788822039085,44.978788822039085,0.0,"(0, 2, 3, 4, 5, 6, 7, 8)","(0, 2, 3, 4, 5, 6, 7, 8)",0,25,25,0
26,299,junk,9,0.05423354730973862,False,False,0.05899342059227282,0.05899342059227282,0.1819173032710059,0.004759873282534202,0.004759873282534202,0.031876814947482186,0.031876814947482186,0.0,0,0,0,0,-1,44.48588027353672,44.48588027353672,0.0,"(0, 2, 3, 4, 5, 6, 7, 8)","(0, 2, 3, 4, 5, 6, 7, 8)",0,25,25,0
26,319,useful,0,0.6522756491954552,False,False,0.7144558047133546,0.7144558047133546,0.6014939078730853,0.06218015551789935,0.06218015551789935,0.03378666914951265,0.03378666914951265,0.0,0,0,0,0,-1,41.02868186898444,41.02868186898444,0.0,"(0, 1, 2, 3, 4, 6, 7, 8)","(0, 1, 2, 3, 4, 6, 7, 8)",0,26,26,0
26,339,useful,1,1.0044764889268716,False,False,1.1254572489918149,1.1254572489918149,1.247018145061439,0.1209807600649433,0.1209807600649433,0.020202265606168116,0.020202265606168116,0.0,0,0,0,0,-1,43.971891099917144,43.971891099917144,0.0,"(0, 2, 3, 4, 5, 6, 7, 8)","(0, 2, 3, 4, 5, 6, 7, 8)",0,27,27,0
26,359,useful,5,0.9552147288991698,False,False,0.9272049257289349,0.9272049257289349,0.810669383985213,0.028009803170234937,0.028009803170234937,0.02538998825016632,0.02538998825016632,0.0,0,0,0,0,-1,50.022140674582346,50.022140674582346,0.0,"(0, 2, 3, 4, 5, 6, 7, 8)","(0, 2, 3, 4, 5, 6, 7, 8)",0,27,27,0
26,379,useful,1,0.7062918421448544,False,False,0.6787210829876601,0.6787210829876601,0.7621498932366422,0.027570759157194313,0.027570759157194313,0.02041375041859917,0.02041375041859917,0.0,0,0,0,0,-1,48.093998936165804,48.093998936165804,0.0,"(0, 1, 2, 3, 4, 6, 7, 8)","(0, 1, 2, 3, 4, 6, 7, 8)",0,28,28,0
26,399,useful,2,0.9706210956107014,True,True,0.11806091133385146,1.1817206762683339,1.1817206762683339,0.85256018427685,0.21109958065763246,0.08544084442659765,0.01673165792770774,0.08665260763011692,0,0,0,1,449,29.887827740566596,29.887827740566596,0.0,"(0, 1, 2, 3, 4, 6, 7, 8)","(0, 1, 2, 3, 4, 6, 7, 8)",0,28,28,0
26,419,junk,10,0.07038367431260513,False,False,0.06985363760663245,0.06985363760663245,0.0,0.0005300367059726807,0.0005300367059726807,0.024539362726019292,0.024539362726019292,0.0,0,0,0,0,-1,24.875541038099822,24.875541038099822,0.0,"(0, 2, 3, 4, 5, 6, 7, 8)","(0, 2, 3, 4, 5, 6, 7, 8)",0,31,31,0
26,439,useful,2,0.8606072921490344,True,True,0.0,0.9478783856243831,0.9478783856243831,0.8606072921490344,0.08727109347534867,0.08030982509488789,0.01652246571773381,0.07654739229166789,0,0,0,6,459,20.839731594977135,19.74179555426787,-1.0979360407092642,"(1, 2, 3, 4, 5, 6, 7, 8)","(0, 1, 2, 3, 4, 6, 7, 8)",1,29,30,1
26,459,useful,5,0.5785065469573003,True,False,0.12850688484788378,0.12850688484788378,0.5500032701865447,0.44999966210941655,0.44999966210941655,0.04757051039139477,0.04757051039139477,0.0,1,1,0,0,-1,36.529997939251565,36.529997939251565,0.0,"(0, 1, 2, 3, 4, 6, 7, 8)","(0, 1, 2, 3, 4, 6, 7, 8)",0,32,32,0
26,479,useful,1,1.0020249798518572,True,False,0.0,0.0,0.5128193691961271,1.0020249798518572,1.0020249798518572,0.06890316497083553,0.06890316497083553,0.0,1,1,0,0,-1,43.16837474824354,43.16837474824354,0.0,"(0, 1, 2, 3, 4, 6, 7, 8)","(0, 1, 2, 3, 4, 6, 7, 8)",0,32,32,0
26,499,useful,2,1.1099755683474488,True,False,0.3775764999125783,0.3775764999125783,0.9787816642144412,0.7323990684348705,0.7323990684348705,0.05493336741893749,0.05493336741893749,0.0,0,0,0,0,-1,43.12065318836193,43.12065318836193,0.0,"(0, 1, 2, 3, 4, 6, 7, 8)","(0, 1, 2, 3, 4, 6, 7, 8)",0,32,32,0
26,519,critical,8,4.5025484072733555,False,False,4.470355757445822,4.470355757445822,4.890841105661225,0.03219264982753334,0.03219264982753334,0.03744595400023492,0.03744595400023492,0.0,0,0,0,0,-1,25.115852092278665,25.115852092278665,0.0,"(0, 2, 3, 4, 5, 6, 7, 8)","(0, 2, 3, 4, 5, 6, 7, 8)",0,33,33,0
26,539,useful,5,1.002644104176379,False,False,0.9853589001613833,0.9853589001613833,0.7946788309287464,0.01728520401499567,0.01728520401499567,0.01862508970865037,0.01862508970865037,0.0,1,1,0,0,-1,23.88264040911446,23.88264040911446,0.0,"(0, 1, 3, 4, 5, 6, 7, 8)","(0, 1, 3, 4, 5, 6, 7, 8)",0,35,35,0
26,559,junk,10,0.05293177781093342,False,False,0.058959671995775294,0.058959671995775294,0.0,0.006027894184841877,0.006027894184841877,0.03950365921992732,0.03950365921992732,0.0,0,0,0,0,-1,30.230403332274214,30.230403332274214,0.0,"(0, 1, 2, 4, 5, 6, 7, 8)","(0, 1, 2, 4, 5, 6, 7, 8)",0,36,36,0
26,579,junk,13,0.04487716718948298,False,False,0.04971810969022443,0.04971810969022443,0.13101486319892255,0.004840942500741449,0.004840942500741449,0.03120193081801557,0.03120193081801557,0.0,0,0,0,0,-1,40.89620740162563,40.89620740162563,0.0,"(0, 1, 2, 3, 4, 6, 7, 8)","(0, 1, 2, 3, 4, 6, 7, 8)",0,37,37,0
26,599,transient,10097,0.0,False,False,0.04444368995219963,0.04444368995219963,0.0,0.04444368995219963,0.04444368995219963,0.03433313610164069,0.03433313610164069,0.0,0,0,0,0,-1,38.73663672505555,38.73663672505555,0.0,"(0, 1, 2, 4, 5, 6, 7, 8)","(0, 1, 2, 4, 5, 6, 7, 8)",0,38,38,0
26,619,useful,0,0.8838336046632042,False,False,0.9748692677486253,0.9748692677486253,0.7673998172466054,0.0910356630854211,0.0910356630854211,0.03292278081583647,0.03292278081583647,0.0,0,0,0,0,-1,35.57222919483351,35.57222919483351,0.0,"(0, 1, 2, 3, 4, 6, 7, 8)","(0, 1, 2, 3, 4, 6, 7, 8)",0,39,39,0
26,639,junk,12,0.04916645765041122,False,False,0.13113449306572922,0.13113449306572922,0.0,0.081968035415318,0.081968035415318,0.030827371082480647,0.030827371082480647,0.0,0,0,0,0,-1,38.34181654626852,38.34181654626852,0.0,"(0, 1, 2, 4, 5, 6, 7, 8)","(0, 1, 2, 4, 5, 6, 7, 8)",0,40,40,0
26,659,transient,10105,0.0,True,True,2.656598443552363,0.0,0.0,2.656598443552363,0.0,0.10968469073980991,0.03632056881772337,0.14457442994040326,0,0,0,5,663,29.38216755304827,30.147753532249233,0.7655859792009636,"(0, 1, 2, 4, 6, 7, 8, 13)","(0, 1, 2, 4, 5, 6, 7, 8)",1,42,40,-2
26,679,transient,10107,0.0,False,False,0.0,0.0,0.0,0.0,0.0,0.03010389677899923,0.03010389677899923,0.0,0,0,0,0,-1,28.23916612927394,28.23916612927394,0.0,"(0, 2, 3, 4, 5, 6, 7, 8)","(0, 2, 3, 4, 5, 6, 7, 8)",0,43,43,0
26,699,transient,10112,0.0,False,False,0.0,0.0,0.0,0.0,0.0,0.027448584702005237,0.027448584702005237,0.0,0,0,0,0,-1,36.50902226744778,36.50902226744778,0.0,"(0, 1, 2, 4, 5, 6, 7, 8)","(0, 1, 2, 4, 5, 6, 7, 8)",0,46,46,0
26,719,useful,1,1.1265343385678346,False,False,1.0333611729978678,1.0333611729978678,0.9075891197653412,0.0931731655699668,0.0931731655699668,0.042245686697943576,0.042245686697943576,0.0,1,1,0,0,-1,30.90407866554932,30.90407866554932,0.0,"(0, 4, 5, 6, 7, 8, 12, 13)","(0, 4, 5, 6, 7, 8, 12, 13)",0,51,51,0
26,739,useful,2,1.3211778657905315,False,False,1.3944144822459217,1.3944144822459217,1.2315648650768738,0.07323661645539015,0.07323661645539015,0.04850738014769399,0.04850738014769399,0.0,0,0,0,0,-1,26.099794638100533,26.099794638100533,0.0,"(0, 2, 5, 6, 7, 8, 10, 12)","(0, 2, 5, 6, 7, 8, 10, 12)",0,53,53,0
26,759,useful,1,0.7576432742862597,False,False,0.8339245354250056,0.8339245354250056,0.9930306610987814,0.07628126113874589,0.07628126113874589,0.027521996928262436,0.027521996928262436,0.0,0,0,0,0,-1,23.880656597886823,23.880656597886823,0.0,"(0, 2, 5, 6, 7, 8, 10, 12)","(0, 2, 5, 6, 7, 8, 10, 12)",0,57,57,0
26,779,useful,3,1.136884368626999,False,False,1.0894333232375986,1.0894333232375986,1.113646187642615,0.04745104538940037,0.04745104538940037,0.042292333008287955,0.042292333008287955,0.0,1,1,0,0,-1,28.653223886164444,28.653223886164444,0.0,"(0, 2, 6, 7, 8, 9, 10, 12)","(0, 2, 6, 7, 8, 9, 10, 12)",0,61,61,0
26,799,critical,8,4.601323169018607,False,False,4.643656968728315,4.643656968728315,4.624791652250488,0.04233379970970841,0.04233379970970841,0.06186638539318893,0.06186638539318893,0.0,0,0,0,0,-1,21.152325223304317,21.152325223304317,0.0,"(2, 4, 6, 7, 8, 10, 11, 12)","(2, 4, 6, 7, 8, 10, 11, 12)",0,66,66,0
26,819,critical,6,3.949416738830687,False,False,3.9719735098835183,3.9719735098835183,3.905368665855641,0.02255677105283116,0.02255677105283116,0.05839752058938602,0.05839752058938602,0.0,0,0,0,0,-1,12.308305070624938,12.308305070624938,0.0,"(0, 2, 3, 4, 6, 7, 8, 12)","(0, 2, 3, 4, 6, 7, 8, 12)",0,70,70,0
26,839,junk,13,0.05818081846174475,True,True,2.4961710591567905,0.0,0.0,2.4379902406950458,0.05818081846174475,0.09645756828466777,0.04985619086230544,0.11691529631340641,0,0,0,8,855,25.162261729809696,23.198113189788582,-1.9641485400211138,"(2, 4, 5, 6, 7, 8, 12, 13)","(0, 2, 4, 5, 6, 7, 8, 12)",1,74,71,-3
26,859,useful,0,0.8362448423381039,False,False,0.7897521244211755,0.7897521244211755,0.9047921457291553,0.04649271791692844,0.04649271791692844,0.02644255248352106,0.02644255248352106,0.0,0,0,0,0,-1,39.35787783286047,39.35787783286047,0.0,"(2, 3, 4, 6, 7, 8, 11, 12)","(2, 3, 4, 6, 7, 8, 11, 12)",0,73,73,0
26,879,critical,7,4.32133933155623,False,False,4.337529778352674,4.337529778352674,4.469414623388093,0.016190446796444213,0.016190446796444213,0.04888309823416435,0.04888309823416435,0.0,0,0,0,0,-1,29.532749744964786,29.532749744964786,0.0,"(1, 2, 3, 4, 6, 7, 8, 12)","(1, 2, 3, 4, 6, 7, 8, 12)",0,74,74,0
26,899,junk,10,0.044476220535578384,False,False,0.043768819574454346,0.043768819574454346,0.0,0.0007074009611240384,0.0007074009611240384,0.04457612919887033,0.04457612919887033,0.0,1,1,0,0,-1,24.333521878485346,24.333521878485346,0.0,"(0, 1, 2, 3, 6, 7, 8, 12)","(0, 1, 2, 3, 6, 7, 8, 12)",0,76,76,0
26,919,junk,13,0.06894202575625308,False,False,0.0,0.0,0.1231910267524905,0.06894202575625308,0.06894202575625308,0.04327839615772572,0.04327839615772572,0.0,1,1,0,0,-1,20.541313045019788,20.541313045019788,0.0,"(1, 2, 3, 4, 6, 7, 8, 12)","(1, 2, 3, 4, 6, 7, 8, 12)",0,79,79,0
26,939,junk,11,0.03568274040959534,False,False,0.026234155401228365,0.026234155401228365,0.17782415654057002,0.009448585008366976,0.009448585008366976,0.03724778460468653,0.03724778460468653,0.0,0,0,0,0,-1,24.721229808542052,24.721229808542052,0.0,"(0, 2, 3, 4, 6, 7, 8, 12)","(0, 2, 3, 4, 6, 7, 8, 12)",0,80,80,0
26,959,junk,10,0.035343399782708805,False,False,0.03500280101951518,0.03500280101951518,0.0,0.00034059876319362387,0.00034059876319362387,0.035014820860052594,0.035014820860052594,0.0,0,0,0,0,-1,22.610821044227844,22.610821044227844,0.0,"(1, 2, 3, 4, 6, 7, 8, 12)","(1, 2, 3, 4, 6, 7, 8, 12)",0,81,81,0
26,979,useful,4,1.0168285959906436,True,True,0.006753769357366796,1.2882372448754476,1.2882372448754476,1.0100748266332769,0.271408648884804,0.08815524048253276,0.019945142111873534,0.08592409119295466,0,0,0,0,-1,28.23457255009074,28.23457255009074,0.0,"(1, 2, 3, 4, 6, 7, 8, 12)","(1, 2, 3, 4, 6, 7, 8, 12)",0,81,81,0
26,999,junk,13,0.06725140097830154,False,False,0.060537817688346214,0.060537817688346214,0.17628015028751148,0.006713583289955326,0.006713583289955326,0.04034791113868005,0.04034791113868005,0.0,0,0,0,0,-1,36.72587537665476,36.72587537665476,0.0,"(1, 2, 3, 4, 6, 7, 8, 12)","(1, 2, 3, 4, 6, 7, 8, 12)",0,81,81,0
26,1019,critical,6,4.750817940107495,False,False,4.755761485006241,4.755761485006241,4.593305853835353,0.004943544898746488,0.004943544898746488,0.0352630663974978,0.0352630663974978,0.0,0,0,0,0,-1,30.218429025966554,30.218429025966554,0.0,"(1, 2, 3, 4, 5, 6, 7, 8)","(1, 2, 3, 4, 5, 6, 7, 8)",0,82,82,0
26,1039,junk,13,0.050788379509785465,False,False,0.059028863105214574,0.059028863105214574,0.115462815132408,0.008240483595429109,0.008240483595429109,0.028829327744803273,0.028829327744803273,0.0,0,0,0,0,-1,36.510676515977664,36.510676515977664,0.0,"(0, 1, 2, 3, 4, 6, 7, 8)","(0, 1, 2, 3, 4, 6, 7, 8)",0,83,83,0
26,1059,transient,10155,0.0,False,False,0.0,0.0,0.0,0.0,0.0,0.030007197862451915,0.030007197862451915,0.0,0,0,0,0,-1,44.929231512135026,44.929231512135026,0.0,"(0, 1, 2, 3, 4, 6, 7, 8)","(0, 1, 2, 3, 4, 6, 7, 8)",0,85,85,0
26,1079,useful,0,0.9815983177284267,True,True,0.13565788045993957,1.661037285987241,1.661037285987241,0.8459404372684871,0.6794389682588144,0.08610375397781554,0.05214466504553824,0.08493215593310742,0,0,0,7,1083,42.854949728476015,42.31251873517162,-0.5424309933043929,"(0, 1, 2, 3, 5, 6, 7, 8)","(0, 1, 2, 3, 4, 6, 7, 8)",1,85,85,0
26,1099,useful,0,0.867879145408794,True,False,0.32362126201721686,0.32362126201721686,0.6173093125504503,0.5442578833915771,0.5442578833915771,0.08328016066928322,0.08328016066928322,0.0,0,0,0,0,-1,35.5725650450381,35.5725650450381,0.0,"(0, 1, 2, 3, 5, 6, 7, 8)","(0, 1, 2, 3, 5, 6, 7, 8)",0,86,86,0
26,1119,junk,13,0.052175140756615127,True,True,2.52149258809194,0.5097711040233517,0.5097711040233517,2.4693174473353245,0.45759596326673657,0.10079755458456725,0.028623386142396196,0.09761953752675606,1,1,0,3,1142,32.229064568855314,34.80218941830223,2.5731248494469128,"(0, 1, 2, 3, 5, 6, 7, 8)","(0, 1, 2, 3, 5, 6, 7, 8)",0,89,88,-1
26,1139,junk,10,0.0602263799929707,False,False,0.12261046637655504,0.12261046637655504,0.10810123486607082,0.062384086383584336,0.062384086383584336,0.025195433841926185,0.025195433841926185,0.0,0,0,0,0,-1,30.081090741255228,30.081090741255228,0.0,"(1, 2, 3, 4, 5, 6, 7, 8)","(1, 2, 3, 4, 5, 6, 7, 8)",0,89,89,0
26,1159,transient,10168,0.0,False,False,0.0,0.0,0.045969738224956064,0.0,0.0,0.03638836199920529,0.03638836199920529,0.0,0,0,0,0,-1,25.175412086819883,25.175412086819883,0.0,"(1, 2, 3, 4, 5, 6, 7, 8)","(1, 2, 3, 4, 5, 6, 7, 8)",0,89,89,0
26,1179,junk,12,0.049424702768462545,False,False,0.06339172132968825,0.06339172132968825,0.0,0.013967018561225703,0.013967018561225703,0.027280017403808223,0.027280017403808223,0.0,0,0,0,0,-1,23.309354953228638,23.309354953228638,0.0,"(0, 2, 3, 4, 5, 6, 7, 8)","(0, 2, 3, 4, 5, 6, 7, 8)",0,90,90,0
26,1199,transient,10174,0.0,True,True,2.2548634865280106,0.0,0.0,2.2548634865280106,0.0,0.08535558621964082,0.028544460239510332,0.10237999426009493,0,0,0,2,1240,37.140857321033536,37.140857321033536,0.0,"(0, 2, 3, 4, 5, 6, 7, 8)","(0, 2, 3, 4, 5, 6, 7, 8)",0,90,90,0
26,1219,transient,10178,0.0,False,False,0.0,0.0,0.0,0.0,0.0,0.02630347097688749,0.02630347097688749,0.0,0,0,0,0,-1,45.832101228393554,45.832101228393554,0.0,"(0, 1, 2, 3, 5, 6, 7, 8)","(0, 1, 2, 3, 5, 6, 7, 8)",0,91,91,0
26,1239,junk,13,0.04496406177787637,False,False,0.009734290957868715,0.009734290957868715,0.0,0.03522977082000765,0.03522977082000765,0.02614799459698693,0.02614799459698693,0.0,0,0,0,0,-1,51.62294921796587,51.62294921796587,0.0,"(0, 2, 3, 4, 5, 6, 7, 8)","(0, 2, 3, 4, 5, 6, 7, 8)",0,92,92,0
26,1259,useful,5,1.0311721030701826,False,False,1.0490815306942023,1.0490815306942023,0.9418148470503573,0.017909427624019703,0.017909427624019703,0.03393839190204329,0.03393839190204329,0.0,0,0,0,0,-1,49.83035310217478,49.83035310217478,0.0,"(0, 2, 3, 4, 5, 6, 7, 8)","(0, 2, 3, 4, 5, 6, 7, 8)",0,92,92,0
26,1279,useful,3,0.8217969043046774,False,False,0.8657052871843421,0.8657052871843421,1.1278638891250943,0.0439083828796647,0.0439083828796647,0.033389531905169356,0.033389531905169356,0.0,0,0,0,0,-1,41.506591643438334,41.506591643438334,0.0,"(0, 2, 3, 4, 5, 6, 7, 8)","(0, 2, 3, 4, 5, 6, 7, 8)",0,94,94,0
26,1299,useful,4,1.0550179320457447,False,False,1.05698622409482,1.05698622409482,0.8122487920475825,0.0019682920490753375,0.0019682920490753375,0.018066350420336913,0.018066350420336913,0.0,0,0,0,0,-1,41.305470661504316,41.305470661504316,0.0,"(0, 2, 3, 4, 5, 6, 7, 8)","(0, 2, 3, 4, 5, 6, 7, 8)",0,94,94,0
26,1319,critical,7,4.838071855323785,False,False,4.893159699912842,4.893159699912842,4.853199964097847,0.0550878445890568,0.0550878445890568,0.025594443895544862,0.025594443895544862,0.0,0,0,0,0,-1,33.29080092482802,33.29080092482802,0.0,"(0, 2, 3, 4, 5, 6, 7, 8)","(0, 2, 3, 4, 5, 6, 7, 8)",0,96,96,0
26,1339,junk,13,0.046538730888657884,False,False,0.06308817049205113,0.06308817049205113,0.0,0.01654943960339325,0.01654943960339325,0.02075558637266334,0.02075558637266334,0.0,0,0,0,0,-1,48.01710407898533,48.01710407898533,0.0,"(0, 2, 3, 4, 5, 6, 7, 8)","(0, 2, 3, 4, 5, 6, 7, 8)",0,96,96,0
26,1359,transient,10192,0.0,False,False,0.09127671283446631,0.09127671283446631,0.0,0.09127671283446631,0.09127671283446631,0.0196327689707366,0.0196327689707366,0.0,0,0,0,0,-1,46.66993706086533,46.66993706086533,0.0,"(1, 2, 3, 4, 5, 6, 7, 8)","(1, 2, 3, 4, 5, 6, 7, 8)",0,97,97,0
26,1379,junk,11,0.04153001262669934,False,False,0.057921420012113325,0.057921420012113325,0.054779075955296436,0.016391407385413982,0.016391407385413982,0.01849821653843352,0.01849821653843352,0.0,0,0,0,0,-1,28.860500719131608,28.860500719131608,0.0,"(1, 2, 3, 4, 5, 6, 7, 8)","(1, 2, 3, 4, 5, 6, 7, 8)",0,97,97,0
26,1399,junk,10,0.048934847701087913,False,False,0.109471680814197,0.109471680814197,0.0,0.06053683311310909,0.06053683311310909,0.01801569197609008,0.01801569197609008,0.0,0,0,0,0,-1,0.0,0.0,0.0,"(1, 2, 3, 4, 5, 6, 7, 8)","(1, 2, 3, 4, 5, 6, 7, 8)",0,97,97,0
27,19,useful,5,1.062282434755229,False,False,1.1252799451194808,1.1252799451194808,1.0584750089152772,0.06299751036425172,0.06299751036425172,0.05007864096195623,0.05007864096195623,0.0,1,1,0,0,-1,18.366164896724587,18.366164896724587,0.0,"(0, 1, 2, 3, 4, 5, 6, 12)","(0, 1, 2, 3, 4, 5, 6, 12)",0,8,8,0
27,39,useful,4,1.2969328433763025,False,False,1.2808054926018617,1.2808054926018617,1.1476267292703977,0.01612735077444083,0.01612735077444083,0.048320023918597146,0.048320023918597146,0.0,1,1,0,0,-1,32.453827310832715,32.453827310832715,0.0,"(0, 2, 3, 4, 5, 6, 10, 12)","(0, 2, 3, 4, 5, 6, 10, 12)",0,9,9,0
27,59,useful,2,1.2088132954052417,False,False,1.1455362185040643,1.1455362185040643,1.4947995258579465,0.06327707690117745,0.06327707690117745,0.04580197267958156,0.04580197267958156,0.0,1,1,0,0,-1,27.192074669375703,27.192074669375703,0.0,"(0, 2, 3, 4, 5, 6, 10, 12)","(0, 2, 3, 4, 5, 6, 10, 12)",0,9,9,0
27,79,junk,13,0.04619956674068615,False,False,0.011153928039214424,0.011153928039214424,0.0,0.035045638701471725,0.035045638701471725,0.06769902240194646,0.06769902240194646,0.0,1,1,0,0,-1,31.764099201232675,31.764099201232675,0.0,"(0, 2, 3, 4, 5, 6, 8, 12)","(0, 2, 3, 4, 5, 6, 8, 12)",0,11,11,0
27,99,useful,0,0.985376373311079,False,False,0.9194357103415545,0.9194357103415545,0.8874909409997995,0.0659406629695245,0.0659406629695245,0.04094106766200324,0.04094106766200324,0.0,0,0,0,0,-1,29.130928878558922,29.130928878558922,0.0,"(0, 2, 3, 4, 5, 6, 7, 8)","(0, 2, 3, 4, 5, 6, 7, 8)",0,14,14,0
27,119,critical,8,5.824132432701838,False,False,5.874397372058184,5.874397372058184,5.9454861006475515,0.050264939356346794,0.050264939356346794,0.05108122519892539,0.05108122519892539,0.0,1,1,0,0,-1,34.780426429078055,34.780426429078055,0.0,"(0, 2, 3, 4, 5, 6, 7, 8)","(0, 2, 3, 4, 5, 6, 7, 8)",0,14,14,0
27,139,useful,2,1.2061351262047828,False,False,1.182234945117615,1.182234945117615,1.250868269193075,0.023900181087167738,0.023900181087167738,0.019692096097484353,0.019692096097484353,0.0,0,0,0,0,-1,27.402779798492602,27.402779798492602,0.0,"(0, 2, 3, 4, 5, 6, 7, 8)","(0, 2, 3, 4, 5, 6, 7, 8)",0,14,14,0
27,159,junk,11,0.04026002323727529,True,True,2.596740520847387,0.0,0.0,2.556480497610112,0.04026002323727529,0.0878476654142123,0.04794788865080092,0.1352257940816246,1,0,1,11,161,20.57560621287661,23.33107215077395,2.7554659378973376,"(0, 2, 3, 4, 5, 6, 7, 8)","(0, 2, 3, 4, 5, 6, 7, 8)",0,20,16,-4
27,179,useful,0,1.2297910042070133,False,False,1.2968710132891366,1.2968710132891366,1.1815535450531849,0.0670800090821233,0.0670800090821233,0.037398187354649,0.037398187354649,0.0,0,0,0,0,-1,22.82655106962513,22.82655106962513,0.0,"(0, 2, 3, 4, 5, 6, 7, 8)","(0, 2, 3, 4, 5, 6, 7, 8)",0,16,16,0
27,199,transient,10025,0.0,False,False,0.0005368336907693388,0.0005368336907693388,0.0,0.0005368336907693388,0.0005368336907693388,0.03375282772935545,0.03375282772935545,0.0,0,0,0,0,-1,26.30091507467829,26.30091507467829,0.0,"(0, 1, 2, 4, 5, 6, 7, 8)","(0, 1, 2, 4, 5, 6, 7, 8)",0,18,18,0
27,219,junk,10,0.04900601588631125,False,False,0.06641664154835564,0.06641664154835564,0.1024076780731461,0.01741062566204439,0.01741062566204439,0.03752543320007948,0.03752543320007948,0.0,0,0,0,0,-1,37.32909602067725,37.32909602067725,0.0,"(0, 1, 2, 4, 5, 6, 7, 8)","(0, 1, 2, 4, 5, 6, 7, 8)",0,18,18,0
27,239,useful,3,0.9287498661838527,True,True,0.1636358741553782,0.943065798731591,0.943065798731591,0.7651139920284745,0.01431593254773833,0.04475955719399042,0.018616475236311915,0.03278566185372233,0,0,0,0,-1,45.89372591076739,45.89372591076739,0.0,"(0, 1, 3, 4, 5, 6, 7, 8)","(0, 1, 3, 4, 5, 6, 7, 8)",0,19,19,0
27,259,junk,11,0.0538235919975558,False,False,0.0,0.0,0.2798502469902185,0.0538235919975558,0.0538235919975558,0.03930328485408079,0.03930328485408079,0.0,0,0,0,0,-1,27.929226725851105,27.929226725851105,0.0,"(0, 1, 3, 4, 5, 6, 7, 8)","(0, 1, 3, 4, 5, 6, 7, 8)",0,19,19,0
27,279,useful,5,0.7532246315870061,False,False,0.7826649001001408,0.7826649001001408,0.6464003134007746,0.029440268513134638,0.029440268513134638,0.03156443366893643,0.03156443366893643,0.0,0,0,0,0,-1,34.51267473540862,34.51267473540862,0.0,"(0, 1, 2, 4, 5, 6, 7, 8)","(0, 1, 2, 4, 5, 6, 7, 8)",0,20,20,0
27,299,junk,9,0.05828610524446631,True,True,2.5860819756578555,0.2642615556977115,0.2642615556977115,2.527795870413389,0.20597545045324517,0.10605249151223997,0.019977925577149815,0.11809511651446479,1,0,1,6,303,31.067516410205137,32.38265578845724,1.3151393782521055,"(0, 1, 2, 4, 5, 6, 7, 8)","(0, 1, 3, 4, 5, 6, 7, 8)",1,23,21,-2
27,319,junk,10,0.05736093249853096,False,False,0.16119658173649326,0.16119658173649326,0.16958942714980338,0.10383564923796229,0.10383564923796229,0.026207293347170986,0.026207293347170986,0.0,0,0,0,0,-1,40.60816267829671,40.60816267829671,0.0,"(0, 1, 2, 4, 5, 6, 7, 8)","(0, 1, 2, 4, 5, 6, 7, 8)",0,22,22,0
27,339,junk,9,0.04324636361006257,False,False,0.08941140252608876,0.08941140252608876,0.16016238542404385,0.046165038916026184,0.046165038916026184,0.029873356560489298,0.029873356560489298,0.0,0,0,0,0,-1,43.15911933836012,43.15911933836012,0.0,"(0, 1, 3, 4, 5, 6, 7, 8)","(0, 1, 3, 4, 5, 6, 7, 8)",0,23,23,0
27,359,critical,8,4.461243872464369,True,True,0.7566986155182533,4.684956812190843,4.684956812190843,3.7045452569461155,0.22371293972647432,0.11222896991294631,0.025069289262790055,0.12303732721208298,0,0,0,3,371,36.043371351726066,36.043371351726066,0.0,"(0, 1, 3, 4, 5, 6, 7, 8)","(0, 1, 3, 4, 5, 6, 7, 8)",0,23,23,0
27,379,junk,10,0.05147260217860246,False,False,0.0473554317096478,0.0473554317096478,0.03022001875823561,0.004117170468954656,0.004117170468954656,0.023325985548473902,0.023325985548473902,0.0,0,0,0,0,-1,49.5546287077751,49.5546287077751,0.0,"(0, 1, 2, 3, 4, 6, 7, 8)","(0, 1, 2, 3, 4, 6, 7, 8)",0,24,24,0
27,399,junk,12,0.06639859500196792,True,True,2.503886268006952,0.0,0.0,2.4374876730049837,0.06639859500196792,0.09687608341387502,0.02885001388290945,0.11611866194034609,1,0,1,9,403,43.274343367131635,44.5903785718846,1.3160352047529642,"(0, 1, 3, 4, 5, 6, 7, 8)","(0, 1, 3, 4, 5, 6, 7, 8)",0,27,25,-2
27,419,critical,8,3.740615552335957,False,False,3.779710866260428,3.779710866260428,3.6416313239188134,0.039095313924470965,0.039095313924470965,0.021077519899627025,0.021077519899627025,0.0,0,0,0,0,-1,44.189621099412776,44.189621099412776,0.0,"(0, 1, 2, 3, 4, 6, 7, 8)","(0, 1, 2, 3, 4, 6, 7, 8)",0,26,26,0
27,439,junk,11,0.03904466176627819,False,False,0.12026861818348228,0.12026861818348228,0.0,0.08122395641720409,0.08122395641720409,0.023264211492698063,0.023264211492698063,0.0,0,0,0,0,-1,27.151826270177146,27.151826270177146,0.0,"(0, 1, 2, 3, 4, 6, 7, 8)","(0, 1, 2, 3, 4, 6, 7, 8)",0,26,26,0
27,459,useful,0,0.9086710704872065,False,False,0.9120441652315172,0.9120441652315172,1.0679553083302753,0.0033730947443106896,0.0033730947443106896,0.02658671161204075,0.02658671161204075,0.0,0,0,0,0,-1,31.01196791775962,31.01196791775962,0.0,"(0, 1, 3, 4, 5, 6, 7, 8)","(0, 1, 3, 4, 5, 6, 7, 8)",0,27,27,0
27,479,useful,0,0.9132877147387792,False,False,0.9828627036085746,0.9828627036085746,1.0701953068166192,0.0695749888697954,0.0695749888697954,0.017541103929148705,0.017541103929148705,0.0,0,0,0,0,-1,28.74972335099116,28.74972335099116,0.0,"(0, 1, 3, 4, 5, 6, 7, 8)","(0, 1, 3, 4, 5, 6, 7, 8)",0,27,27,0
27,499,useful,4,1.144269282250046,False,False,1.1394540020564912,1.1394540020564912,0.8138232932700573,0.004815280193554816,0.004815280193554816,0.012567864139223834,0.012567864139223834,0.0,0,0,0,0,-1,29.173648998587975,29.173648998587975,0.0,"(0, 1, 3, 4, 5, 6, 7, 8)","(0, 1, 3, 4, 5, 6, 7, 8)",0,27,27,0
27,519,junk,11,0.057421356541339244,False,False,0.07606578939458108,0.07606578939458108,0.0,0.01864443285324184,0.01864443285324184,0.03029875588133314,0.03029875588133314,0.0,0,0,0,0,-1,23.122338049583114,23.122338049583114,0.0,"(0, 1, 2, 3, 4, 6, 7, 8)","(0, 1, 2, 3, 4, 6, 7, 8)",0,28,28,0
27,539,useful,1,1.0567641876948757,False,False,1.0793173028521168,1.0793173028521168,1.135324991987133,0.02255311515724112,0.02255311515724112,0.021107634712838587,0.021107634712838587,0.0,0,0,0,0,-1,28.308619938497774,28.308619938497774,0.0,"(0, 1, 2, 3, 4, 6, 7, 8)","(0, 1, 2, 3, 4, 6, 7, 8)",0,30,30,0
27,559,useful,1,1.0177857385054936,False,False,0.9947546057375507,0.9947546057375507,1.0389482357843036,0.023031132767942886,0.023031132767942886,0.01736448847529718,0.01736448847529718,0.0,0,0,0,0,-1,29.00159693827274,29.00159693827274,0.0,"(0, 1, 2, 3, 4, 6, 7, 8)","(0, 1, 2, 3, 4, 6, 7, 8)",0,30,30,0
27,579,useful,2,1.3945583380021829,False,False,1.4564556266367081,1.4564556266367081,1.4080970950692893,0.06189728863452526,0.06189728863452526,0.022323134102790312,0.022323134102790312,0.0,1,1,0,0,-1,41.026352892536565,41.026352892536565,0.0,"(0, 1, 2, 4, 5, 6, 7, 8)","(0, 1, 2, 4, 5, 6, 7, 8)",0,31,31,0
27,599,useful,3,0.854685161312818,False,False,0.7750198690753968,0.7750198690753968,0.8970149433658529,0.07966529223742125,0.07966529223742125,0.041266323878586864,0.041266323878586864,0.0,0,0,0,0,-1,40.58415627145669,40.58415627145669,0.0,"(0, 1, 2, 3, 4, 6, 7, 8)","(0, 1, 2, 3, 4, 6, 7, 8)",0,32,32,0
27,619,useful,5,1.2461252347632366,False,False,1.1879968754424217,1.1879968754424217,1.3985457492141304,0.05812835932081484,0.05812835932081484,0.021536705361674333,0.021536705361674333,0.0,1,1,0,0,-1,37.32748680085625,37.32748680085625,0.0,"(0, 1, 3, 4, 5, 6, 7, 8)","(0, 1, 3, 4, 5, 6, 7, 8)",0,32,32,0
27,639,useful,1,0.44703480037133114,False,False,0.4373083415727231,0.4373083415727231,0.16972403294349203,0.009726458798608062,0.009726458798608062,0.033252435675680765,0.033252435675680765,0.0,0,0,0,0,-1,37.50422648902125,37.50422648902125,0.0,"(0, 1, 2, 4, 5, 6, 7, 8)","(0, 1, 2, 4, 5, 6, 7, 8)",0,33,33,0
27,659,useful,5,1.071583352420991,False,False,1.0078360817595124,1.0078360817595124,1.156484405520059,0.06374727066147856,0.06374727066147856,0.0098890946173543,0.0098890946173543,0.0,0,0,0,0,-1,47.607585247984325,47.607585247984325,0.0,"(0, 1, 4, 6, 7, 8, 9, 12)","(0, 1, 4, 6, 7, 8, 9, 12)",0,35,35,0
27,679,junk,12,0.03543625173013807,False,False,0.0,0.0,0.0,0.03543625173013807,0.03543625173013807,0.03149531733777026,0.03149531733777026,0.0,0,0,0,0,-1,49.2258685911663,49.2258685911663,0.0,"(0, 1, 4, 6, 7, 8, 9, 13)","(0, 1, 4, 6, 7, 8, 9, 13)",0,39,39,0
27,699,transient,10099,0.0,False,False,0.0,0.0,0.3715293743742709,0.0,0.0,0.029476273638339184,0.029476273638339184,0.0,0,0,0,0,-1,45.203542016892555,45.203542016892555,0.0,"(0, 1, 2, 4, 6, 7, 8, 12)","(0, 1, 2, 4, 6, 7, 8, 12)",0,42,42,0
27,719,transient,10101,0.0,False,False,0.022020182943614026,0.022020182943614026,0.02124692274039464,0.022020182943614026,0.022020182943614026,0.07044719211915354,0.07044719211915354,0.0,0,0,0,0,-1,34.51234651410307,34.51234651410307,0.0,"(0, 2, 4, 6, 7, 8, 9, 13)","(0, 2, 4, 6, 7, 8, 9, 13)",0,46,46,0
27,739,useful,0,1.0480424319698867,False,False,1.0197599904874644,1.0197599904874644,1.0767569679525293,0.028282441482422316,0.028282441482422316,0.03231190960506254,0.03231190960506254,0.0,0,0,0,0,-1,27.927737147028935,27.927737147028935,0.0,"(0, 2, 4, 6, 7, 8, 11, 13)","(0, 2, 4, 6, 7, 8, 11, 13)",0,50,50,0
27,759,transient,10103,0.0,False,False,0.048654686005868475,0.048654686005868475,0.40585868421089577,0.048654686005868475,0.048654686005868475,0.06504394453613521,0.06504394453613521,0.0,0,0,0,0,-1,29.365668857725595,29.365668857725595,0.0,"(0, 2, 4, 6, 7, 8, 10, 13)","(0, 2, 4, 6, 7, 8, 10, 13)",0,51,51,0
27,779,useful,3,0.8167765488263887,False,False,0.7458088943230243,0.7458088943230243,0.9803985513175208,0.0709676545033644,0.0709676545033644,0.03241500934057827,0.03241500934057827,0.0,1,1,0,0,-1,23.416270104834044,23.416270104834044,0.0,"(0, 2, 4, 6, 7, 8, 10, 13)","(0, 2, 4, 6, 7, 8, 10, 13)",0,56,56,0
27,799,transient,10106,0.0,False,False,0.0,0.0,0.6529291959217429,0.0,0.0,0.0631905769921513,0.0631905769921513,0.0,0,0,0,0,-1,36.681699810452564,36.681699810452564,0.0,"(0, 1, 2, 4, 6, 7, 8, 13)","(0, 1, 2, 4, 6, 7, 8, 13)",0,55,55,0
27,819,junk,12,0.05010666876847211,False,False,0.008408743982451887,0.008408743982451887,0.0,0.041697924786020225,0.041697924786020225,0.05578436789966083,0.05578436789966083,0.0,1,1,0,0,-1,45.11784457345314,45.11784457345314,0.0,"(0, 1, 2, 3, 4, 6, 7, 8)","(0, 1, 2, 3, 4, 6, 7, 8)",0,57,57,0
27,839,useful,5,1.0775647066874035,False,False,1.0666505728536793,1.0666505728536793,0.9630098029668257,0.010914133833724193,0.010914133833724193,0.025449258313141557,0.025449258313141557,0.0,0,0,0,0,-1,50.77427002401382,50.77427002401382,0.0,"(0, 1, 2, 4, 5, 6, 7, 8)","(0, 1, 2, 4, 5, 6, 7, 8)",0,58,58,0
27,859,junk,12,0.04510889003890166,False,False,0.14705249248871682,0.14705249248871682,0.2959287916664867,0.10194360244981517,0.10194360244981517,0.045373990377778624,0.045373990377778624,0.0,1,1,0,0,-1,28.94125181102916,28.94125181102916,0.0,"(0, 1, 2, 3, 5, 6, 7, 8)","(0, 1, 2, 3, 5, 6, 7, 8)",0,61,61,0
27,879,junk,12,0.033478757930821425,False,False,0.06413987245710523,0.06413987245710523,0.0,0.030661114526283804,0.030661114526283804,0.04207311852464375,0.04207311852464375,0.0,0,0,0,0,-1,40.69003072089406,40.69003072089406,0.0,"(0, 1, 2, 3, 5, 6, 7, 8)","(0, 1, 2, 3, 5, 6, 7, 8)",0,61,61,0
27,899,junk,10,0.054581667075122665,False,False,0.0993413046280196,0.0993413046280196,0.31142266255523077,0.044759637552896935,0.044759637552896935,0.039902512342241854,0.039902512342241854,0.0,1,1,0,0,-1,41.33653611892492,41.33653611892492,0.0,"(0, 1, 2, 3, 5, 6, 7, 8)","(0, 1, 2, 3, 5, 6, 7, 8)",0,62,62,0
27,919,transient,10116,0.0,False,False,0.0,0.0,0.0,0.0,0.0,0.04190011968924411,0.04190011968924411,0.0,0,0,0,0,-1,39.299508986423014,39.299508986423014,0.0,"(0, 1, 2, 3, 5, 6, 7, 8)","(0, 1, 2, 3, 5, 6, 7, 8)",0,62,62,0
27,939,useful,0,1.1169054979797224,False,False,1.1263696049680036,1.1263696049680036,0.7405518625866223,0.009464106988281262,0.009464106988281262,0.016300064357888163,0.016300064357888163,0.0,0,0,0,0,-1,38.77025156851927,38.77025156851927,0.0,"(0, 1, 2, 4, 5, 6, 7, 8)","(0, 1, 2, 4, 5, 6, 7, 8)",0,63,63,0
27,959,critical,6,4.769474373114313,False,False,4.915394610075371,4.915394610075371,4.8315095786698485,0.14592023696105727,0.14592023696105727,0.039215132490519056,0.039215132490519056,0.0,0,0,0,0,-1,29.341150828198806,29.341150828198806,0.0,"(0, 1, 2, 4, 5, 6, 7, 8)","(0, 1, 2, 4, 5, 6, 7, 8)",0,63,63,0
27,979,critical,6,4.6674565905763865,False,False,4.712607669818366,4.712607669818366,4.495272425306647,0.04515107924197981,0.04515107924197981,0.033626193108403174,0.033626193108403174,0.0,0,0,0,0,-1,39.535338442462276,39.535338442462276,0.0,"(0, 1, 2, 4, 5, 6, 7, 8)","(0, 1, 2, 4, 5, 6, 7, 8)",0,65,65,0
27,999,junk,10,0.05167079530908517,False,False,0.031168664856130963,0.031168664856130963,0.0,0.02050213045295421,0.02050213045295421,0.02818673589232536,0.02818673589232536,0.0,0,0,0,0,-1,45.55588683708678,45.55588683708678,0.0,"(1, 2, 3, 4, 5, 6, 7, 8)","(1, 2, 3, 4, 5, 6, 7, 8)",0,66,66,0
27,1019,useful,3,0.8140452520904078,False,False,0.8087059310333821,0.8087059310333821,0.768950289461363,0.0053393210570257255,0.0053393210570257255,0.031274872684231694,0.031274872684231694,0.0,1,1,0,0,-1,42.42550452865884,42.42550452865884,0.0,"(1, 2, 3, 4, 5, 6, 7, 8)","(1, 2, 3, 4, 5, 6, 7, 8)",0,66,66,0
27,1039,useful,5,0.9793925882404995,False,False,1.0025053322676731,1.0025053322676731,0.7171392915418722,0.02311274402717367,0.02311274402717367,0.028624408015255093,0.028624408015255093,0.0,0,0,0,0,-1,35.719205974260525,35.719205974260525,0.0,"(0, 1, 2, 4, 5, 6, 7, 8)","(0, 1, 2, 4, 5, 6, 7, 8)",0,67,67,0
27,1059,junk,13,0.045103897575865026,False,False,0.009339606673988678,0.009339606673988678,0.0,0.03576429090187635,0.03576429090187635,0.033394417992894825,0.033394417992894825,0.0,0,0,0,0,-1,36.59509968850024,36.59509968850024,0.0,"(1, 2, 3, 4, 5, 6, 7, 8)","(1, 2, 3, 4, 5, 6, 7, 8)",0,68,68,0
27,1079,useful,3,0.9915803914009268,False,False,1.0568429722856725,1.0568429722856725,0.7804218351424997,0.06526258088474568,0.06526258088474568,0.01699168769442496,0.01699168769442496,0.0,0,0,0,0,-1,42.51185307209823,42.51185307209823,0.0,"(0, 1, 2, 3, 4, 6, 7, 8)","(0, 1, 2, 3, 4, 6, 7, 8)",0,69,69,0
27,1099,transient,10136,0.0,False,False,0.0,0.0,0.06668661894359813,0.0,0.0,0.028851140594729086,0.028851140594729086,0.0,0,0,0,0,-1,36.30566035800902,36.30566035800902,0.0,"(0, 1, 2, 4, 5, 6, 7, 8)","(0, 1, 2, 4, 5, 6, 7, 8)",0,70,70,0
27,1119,transient,10139,0.0,False,False,0.0,0.0,0.0,0.0,0.0,0.031653685396283715,0.031653685396283715,0.0,0,0,0,0,-1,36.30683057207533,36.30683057207533,0.0,"(0, 1, 2, 3, 5, 6, 7, 8)","(0, 1, 2, 3, 5, 6, 7, 8)",0,71,71,0
27,1139,useful,2,0.8774542046657698,True,True,0.0,0.9319925142759554,0.9319925142759554,0.8774542046657698,0.054538309610185576,0.08571762817967066,0.032824947859155525,0.07215734037240255,0,0,0,1,1186,39.50524352049025,39.50524352049025,0.0,"(0, 1, 2, 3, 5, 6, 7, 8)","(0, 1, 2, 3, 5, 6, 7, 8)",0,71,71,0
27,1159,useful,5,0.8851030395011885,False,False,0.8882895751015822,0.8882895751015822,1.0506381471383464,0.003186535600393725,0.003186535600393725,0.02644348110681975,0.02644348110681975,0.0,0,0,0,0,-1,24.20303381590447,24.20303381590447,0.0,"(0, 1, 2, 3, 5, 6, 7, 8)","(0, 1, 2, 3, 5, 6, 7, 8)",0,73,73,0
27,1179,transient,10149,0.0,False,False,0.009370830698123375,0.009370830698123375,0.0,0.009370830698123375,0.009370830698123375,0.03234812228015347,0.03234812228015347,0.0,0,0,0,0,-1,30.43434304463692,30.43434304463692,0.0,"(0, 1, 2, 3, 5, 6, 7, 8)","(0, 1, 2, 3, 5, 6, 7, 8)",0,73,73,0
27,1199,junk,11,0.0486021353047818,False,False,0.06607177182686531,0.06607177182686531,0.290438232501103,0.017469636522083512,0.017469636522083512,0.027439812356335455,0.027439812356335455,0.0,0,0,0,0,-1,33.05007219806728,33.05007219806728,0.0,"(0, 1, 2, 3, 5, 6, 7, 8)","(0, 1, 2, 3, 5, 6, 7, 8)",0,73,73,0
27,1219,critical,7,3.5934648553267077,True,True,0.8498742908673536,3.681205177187754,3.681205177187754,2.743590564459354,0.08774032186104641,0.09953072208976803,0.023973929454066515,0.11357386525995808,0,0,0,2,1247,39.742117544921285,39.742117544921285,0.0,"(1, 2, 3, 4, 5, 6, 7, 8)","(1, 2, 3, 4, 5, 6, 7, 8)",0,74,74,0
27,1239,useful,5,0.8929553548055216,True,True,0.07108596817130197,1.0831892795941964,1.0831892795941964,0.8218693866342196,0.19023392478867485,0.08956304695314163,0.027285096482040576,0.07989981958453968,0,0,0,3,1279,54.96138616855967,55.622779386548956,0.6613932179892856,"(0, 1, 2, 3, 5, 6, 7, 8)","(1, 2, 3, 4, 5, 6, 7, 8)",1,75,74,-1
27,1259,transient,10159,0.0,False,False,0.04435798804026748,0.04435798804026748,0.36436548457859697,0.04435798804026748,0.04435798804026748,0.02556501117855501,0.02556501117855501,0.0,0,0,0,0,-1,53.25597558053913,53.25597558053913,0.0,"(0, 1, 2, 3, 5, 6, 7, 8)","(0, 1, 2, 3, 5, 6, 7, 8)",0,75,75,0
27,1279,useful,0,1.094742182708164,False,False,1.1591466731675903,1.1591466731675903,1.3670869318335388,0.06440449045942631,0.06440449045942631,0.014254633031211092,0.014254633031211092,0.0,0,0,0,0,-1,44.870007246906106,44.870007246906106,0.0,"(0, 1, 2, 3, 5, 6, 7, 8)","(0, 1, 2, 3, 5, 6, 7, 8)",0,75,75,0
27,1299,transient,10165,0.0,False,False,0.08028890044561203,0.08028890044561203,0.0,0.08028890044561203,0.08028890044561203,0.022328950673757612,0.022328950673757612,0.0,0,0,0,0,-1,39.82028679789197,39.82028679789197,0.0,"(1, 2, 3, 4, 5, 6, 7, 8)","(1, 2, 3, 4, 5, 6, 7, 8)",0,76,76,0
27,1319,critical,7,4.95293191953555,False,False,4.848346785972181,4.848346785972181,5.045891281545528,0.1045851335633694,0.1045851335633694,0.03289204742884139,0.03289204742884139,0.0,0,0,0,0,-1,26.854518465486194,26.854518465486194,0.0,"(0, 1, 2, 3, 5, 6, 7, 8)","(0, 1, 2, 3, 5, 6, 7, 8)",0,77,77,0
27,1339,useful,4,1.505691364043773,False,False,1.5886491829881728,1.5886491829881728,1.4505277270224233,0.0829578189443998,0.0829578189443998,0.010893358514490421,0.010893358514490421,0.0,0,0,0,0,-1,27.666483979492238,27.666483979492238,0.0,"(0, 1, 3, 4, 5, 6, 7, 8)","(0, 1, 3, 4, 5, 6, 7, 8)",0,78,78,0
27,1359,junk,13,0.055092224014792426,False,False,0.02438518844867272,0.02438518844867272,0.0,0.030707035566119707,0.030707035566119707,0.022755194569274793,0.022755194569274793,0.0,0,0,0,0,-1,26.30024721117699,26.30024721117699,0.0,"(0, 1, 3, 4, 5, 6, 7, 8)","(0, 1, 3, 4, 5, 6, 7, 8)",0,78,78,0
27,1379,junk,9,0.03439325977085002,False,False,0.004038707670741742,0.004038707670741742,0.15012432109566493,0.030354552100108276,0.030354552100108276,0.021905161944245376,0.021905161944245376,0.0,0,0,0,0,-1,12.121771049238008,12.121771049238008,0.0,"(0, 1, 3, 4, 5, 6, 7, 8)","(0, 1, 3, 4, 5, 6, 7, 8)",0,78,78,0
27,1399,junk,13,0.04625222542103661,False,False,0.04197090151118523,0.04197090151118523,0.32480825081976955,0.004281323909851378,0.004281323909851378,0.017768288937778983,0.017768288937778983,0.0,0,0,0,0,-1,0.0,0.0,0.0,"(0, 1, 3, 4, 5, 6, 7, 8)","(0, 1, 3, 4, 5, 6, 7, 8)",0,78,78,0
28,19,junk,9,0.05835213023398405,False,False,0.0,0.0,0.0,0.05835213023398405,0.05835213023398405,0.07105348895145847,0.07105348895145847,0.0,0,0,0,0,-1,13.927057030738176,13.927057030738176,0.0,"(1, 2, 3, 4, 5, 10)","(1, 2, 3, 4, 5, 10)",0,6,6,0
28,39,useful,2,0.9531814751300869,False,False,0.9566956571796823,0.9566956571796823,0.9055184200999775,0.0035141820495954157,0.0035141820495954157,0.052419087943053985,0.052419087943053985,0.0,0,0,0,0,-1,16.823050736762898,16.823050736762898,0.0,"(0, 1, 2, 3, 4, 5, 10)","(0, 1, 2, 3, 4, 5, 10)",0,7,7,0
28,59,useful,5,1.189735935090687,True,True,0.16622640761285343,1.6546206724234818,1.6546206724234818,1.0235095274778336,0.4648847373327947,0.04684561661372937,0.02324823680856511,0.0679881485127897,1,1,0,1,87,20.444638477142313,20.444638477142313,0.0,"(1, 2, 3, 4, 5, 6, 10)","(0, 1, 2, 3, 4, 5, 6, 10)",1,7,8,1
28,79,junk,12,0.06288989773805391,True,True,2.592673568970517,0.2319796625076334,0.2319796625076334,2.529783671232463,0.1690897647695795,0.07619439278877713,0.05224852892841737,0.12774340004594287,1,1,0,6,109,27.97618714527702,30.512713966111292,2.536526820834272,"(1, 2, 3, 4, 5, 6, 9, 10)","(0, 1, 2, 3, 4, 5, 6, 10)",1,12,9,-3
28,99,junk,13,0.05788697542931759,False,False,0.0997708709680713,0.0997708709680713,0.02775509846311085,0.04188389553875371,0.04188389553875371,0.054301842827489476,0.054301842827489476,0.0,1,1,0,0,-1,28.96787441618369,28.96787441618369,0.0,"(0, 1, 2, 3, 4, 5, 6, 10)","(0, 1, 2, 3, 4, 5, 6, 10)",0,10,10,0
28,119,transient,10027,0.0,False,False,0.059652680358954914,0.059652680358954914,0.0,0.059652680358954914,0.059652680358954914,0.04611336810697478,0.04611336810697478,0.0,0,0,0,0,-1,21.851444051216106,21.851444051216106,0.0,"(0, 1, 2, 3, 4, 5, 6, 10)","(0, 1, 2, 3, 4, 5, 6, 10)",0,10,10,0
28,139,junk,9,0.04339891217944024,True,True,3.003946339891804,0.15277235875438724,0.15277235875438724,2.960547427712364,0.109373446574947,0.08669502965419762,0.04112985651648104,0.12601599800693794,1,0,1,8,147,25.301587134107322,25.09955592545203,-0.202031208655292,"(1, 2, 3, 4, 5, 6, 7, 9)","(1, 2, 3, 4, 5, 6, 7, 10)",1,12,11,-1
28,159,transient,10034,0.0,False,False,0.0,0.0,0.03676689556580367,0.0,0.0,0.05196463762511728,0.05196463762511728,0.0,0,0,0,0,-1,28.466553841252775,28.466553841252775,0.0,"(0, 1, 2, 3, 4, 5, 6, 7)","(0, 1, 2, 3, 4, 5, 6, 7)",0,12,12,0
28,179,junk,13,0.05147183908167799,False,False,0.08579261327807608,0.08579261327807608,0.42171124326494913,0.03432077419639809,0.03432077419639809,0.0371787009129238,0.0371787009129238,0.0,0,0,0,0,-1,36.44083309387386,36.44083309387386,0.0,"(0, 1, 2, 3, 4, 5, 6, 7)","(0, 1, 2, 3, 4, 5, 6, 7)",0,12,12,0
28,199,junk,10,0.047162049039469106,False,False,0.01404406510169335,0.01404406510169335,0.0,0.033117983937775756,0.033117983937775756,0.038257368531981924,0.038257368531981924,0.0,0,0,0,0,-1,30.682931365118733,30.682931365118733,0.0,"(0, 1, 2, 3, 4, 5, 6, 7)","(0, 1, 2, 3, 4, 5, 6, 7)",0,12,12,0
28,219,junk,10,0.03489540941228222,False,False,0.08444877336261394,0.08444877336261394,0.0,0.049553363950331726,0.049553363950331726,0.037107318909544974,0.037107318909544974,0.0,0,0,0,0,-1,35.74385330488347,35.74385330488347,0.0,"(1, 2, 3, 4, 5, 6, 7, 8)","(1, 2, 3, 4, 5, 6, 7, 8)",0,13,13,0
28,239,junk,12,0.06762239203607294,False,False,0.0972818739757159,0.0972818739757159,0.06871263747088834,0.029659481939642962,0.029659481939642962,0.019274153667825478,0.019274153667825478,0.0,0,0,0,0,-1,43.993036491623066,43.993036491623066,0.0,"(1, 2, 3, 4, 5, 6, 7, 8)","(1, 2, 3, 4, 5, 6, 7, 8)",0,13,13,0
28,259,critical,6,3.508358049060978,False,False,3.4707912693012255,3.4707912693012255,3.6794073822272093,0.03756677975975231,0.03756677975975231,0.01820593799676334,0.01820593799676334,0.0,0,0,0,0,-1,42.55174099761648,42.55174099761648,0.0,"(1, 2, 3, 4, 5, 6, 7, 8)","(1, 2, 3, 4, 5, 6, 7, 8)",0,13,13,0
28,279,useful,5,0.7818226818574447,False,False,0.748110850901897,0.748110850901897,0.8801448036326247,0.03371183095554775,0.03371183095554775,0.03460276233755767,0.03460276233755767,0.0,0,0,0,0,-1,39.197906661951095,39.197906661951095,0.0,"(0, 1, 3, 4, 5, 6, 7, 8)","(0, 1, 3, 4, 5, 6, 7, 8)",0,14,14,0
28,299,useful,4,1.1562303619734315,False,False,1.1169803084894352,1.1169803084894352,1.4652014917250589,0.03925005348399635,0.03925005348399635,0.030797763369065544,0.030797763369065544,0.0,0,0,0,0,-1,29.12281923576615,29.12281923576615,0.0,"(0, 1, 3, 4, 5, 6, 7, 8)","(0, 1, 3, 4, 5, 6, 7, 8)",0,14,14,0
28,319,useful,5,1.1031505102774877,False,False,1.2405638214230246,1.2405638214230246,0.8099173141481613,0.1374133111455369,0.1374133111455369,0.020799274250635456,0.020799274250635456,0.0,0,0,0,0,-1,31.660275541531043,31.660275541531043,0.0,"(0, 1, 2, 4, 5, 6, 7, 8)","(0, 1, 2, 4, 5, 6, 7, 8)",0,15,15,0
28,339,useful,5,1.281366578701658,False,False,1.3247715161052616,1.3247715161052616,1.1082693756550026,0.04340493740360363,0.04340493740360363,0.021630335780404592,0.021630335780404592,0.0,0,0,0,0,-1,34.937511526576074,34.937511526576074,0.0,"(0, 1, 3, 4, 5, 6, 7, 8)","(0, 1, 3, 4, 5, 6, 7, 8)",0,16,16,0
28,359,transient,10061,0.0,False,False,0.0,0.0,0.5627342013140129,0.0,0.0,0.03248965472849775,0.03248965472849775,0.0,0,0,0,0,-1,49.091964302327355,49.091964302327355,0.0,"(0, 1, 3, 4, 5, 6, 7, 8)","(0, 1, 3, 4, 5, 6, 7, 8)",0,16,16,0
28,379,junk,11,0.039862181680591274,False,False,0.04709211481340059,0.04709211481340059,0.0414299298320976,0.007229933132809313,0.007229933132809313,0.028243462984511396,0.028243462984511396,0.0,0,0,0,0,-1,42.306801065044134,42.306801065044134,0.0,"(0, 1, 2, 4, 5, 6, 7, 8)","(0, 1, 2, 4, 5, 6, 7, 8)",0,17,17,0
28,399,critical,8,4.1578803070790435,False,False,4.196591440393735,4.196591440393735,4.581223440209371,0.03871113331469189,0.03871113331469189,0.02505903951829897,0.02505903951829897,0.0,0,0,0,0,-1,30.43245314165031,30.43245314165031,0.0,"(0, 1, 2, 4, 5, 6, 7, 8)","(0, 1, 2, 4, 5, 6, 7, 8)",0,17,17,0
28,419,useful,0,1.1335430043740193,False,False,1.087893166153692,1.087893166153692,1.4558970672823968,0.04564983822032742,0.04564983822032742,0.029569140234623963,0.029569140234623963,0.0,0,0,0,0,-1,32.54460366267526,32.54460366267526,0.0,"(0, 1, 3, 4, 5, 6, 7, 8)","(0, 1, 3, 4, 5, 6, 7, 8)",0,18,18,0
28,439,useful,2,0.8229588232275071,True,False,0.2169399792457062,0.2169399792457062,0.6073608979506495,0.606018843981801,0.606018843981801,0.0738900380836041,0.0738900380836041,0.0,0,0,0,0,-1,32.84989988213738,32.84989988213738,0.0,"(0, 1, 2, 4, 5, 6, 7, 8)","(0, 1, 2, 4, 5, 6, 7, 8)",0,19,19,0
28,459,transient,10074,0.0,False,False,0.0021074206359142033,0.0021074206359142033,0.15490129142841036,0.0021074206359142033,0.0021074206359142033,0.03502798408029421,0.03502798408029421,0.0,0,0,0,0,-1,38.402888136446606,38.402888136446606,0.0,"(0, 1, 3, 4, 5, 6, 7, 8)","(0, 1, 3, 4, 5, 6, 7, 8)",0,20,20,0
28,479,useful,4,1.030607485091111,False,False,1.0671618743635314,1.0671618743635314,1.2736733747657394,0.036554389272420273,0.036554389272420273,0.023229663142513728,0.023229663142513728,0.0,0,0,0,0,-1,28.131641917562632,28.131641917562632,0.0,"(0, 1, 2, 4, 5, 6, 7, 8)","(0, 1, 2, 4, 5, 6, 7, 8)",0,21,21,0
28,499,useful,2,0.789907040012551,False,False,0.7387914739467921,0.7387914739467921,0.7512293327315692,0.051115566065758844,0.051115566065758844,0.04726967560586093,0.04726967560586093,0.0,1,1,0,0,-1,38.9910670211129,38.9910670211129,0.0,"(0, 1, 3, 4, 5, 6, 7, 8)","(0, 1, 3, 4, 5, 6, 7, 8)",0,22,22,0
28,519,useful,1,1.0142760689100974,False,False,1.006750084313165,1.006750084313165,1.2510640413925387,0.0075259845969324335,0.0075259845969324335,0.023963467015844907,0.023963467015844907,0.0,0,0,0,0,-1,33.753551172135595,33.753551172135595,0.0,"(0, 1, 2, 4, 5, 6, 7, 8)","(0, 1, 2, 4, 5, 6, 7, 8)",0,23,23,0
28,539,junk,12,0.054933674352295694,False,False,0.013119767226630386,0.013119767226630386,0.34605692153433165,0.04181390712566531,0.04181390712566531,0.03526579215414947,0.03526579215414947,0.0,0,0,0,0,-1,30.553497982331237,30.553497982331237,0.0,"(0, 1, 3, 4, 5, 6, 7, 8)","(0, 1, 3, 4, 5, 6, 7, 8)",0,24,24,0
28,559,junk,10,0.03518093516191677,False,False,0.08514579734650206,0.08514579734650206,0.17228744640033605,0.04996486218458529,0.04996486218458529,0.033035549960293585,0.033035549960293585,0.0,0,0,0,0,-1,21.477189768061347,21.477189768061347,0.0,"(0, 1, 3, 4, 5, 6, 7, 8)","(0, 1, 3, 4, 5, 6, 7, 8)",0,24,24,0
28,579,useful,4,1.2848884290039555,True,True,0.0,1.5837453239725066,1.5837453239725066,1.2848884290039555,0.29885689496855106,0.0851931614869034,0.017449121163433674,0.07097131328943135,0,0,0,7,591,33.129906617600014,31.32455324581084,-1.8053533717891739,"(0, 1, 3, 4, 5, 6, 7, 8)","(0, 1, 3, 4, 5, 6, 7, 8)",0,24,26,2
28,599,useful,1,1.0802723034296897,False,False,1.19124306066318,1.19124306066318,0.7036677586989606,0.11097075723349037,0.11097075723349037,0.017095405733018276,0.017095405733018276,0.0,0,0,0,0,-1,42.43924012658779,42.43924012658779,0.0,"(0, 1, 3, 4, 5, 6, 7, 8)","(0, 1, 3, 4, 5, 6, 7, 8)",0,26,26,0
28,619,critical,7,4.267695465083676,False,False,4.328672502264199,4.328672502264199,4.445724046220897,0.06097703718052294,0.06097703718052294,0.025151861592453927,0.025151861592453927,0.0,0,0,0,0,-1,47.07120748778352,47.07120748778352,0.0,"(0, 1, 3, 4, 5, 6, 7, 8)","(0, 1, 3, 4, 5, 6, 7, 8)",0,28,28,0
28,639,critical,6,4.352639758456111,False,False,4.421382134561632,4.421382134561632,4.29590408967071,0.06874237610552125,0.06874237610552125,0.029885861210176858,0.029885861210176858,0.0,0,0,0,0,-1,37.62402060261789,37.62402060261789,0.0,"(0, 1, 3, 4, 5, 6, 7, 8)","(0, 1, 3, 4, 5, 6, 7, 8)",0,28,28,0
28,659,useful,4,1.039596198032183,True,False,0.39848763534152176,0.39848763534152176,0.944343796451688,0.6411085626906613,0.6411085626906613,0.04609083017166679,0.04609083017166679,0.0,0,0,0,0,-1,29.311129747516468,29.311129747516468,0.0,"(0, 1, 3, 4, 6, 7, 8, 13)","(0, 1, 3, 4, 6, 7, 8, 13)",0,31,31,0
28,679,junk,10,0.060359307516449294,False,False,0.0,0.0,0.0,0.060359307516449294,0.060359307516449294,0.03278689144874883,0.03278689144874883,0.0,0,0,0,0,-1,33.0755378048864,33.0755378048864,0.0,"(0, 1, 3, 4, 6, 7, 8, 10)","(0, 1, 3, 4, 6, 7, 8, 10)",0,32,32,0
28,699,junk,9,0.04194170988312568,False,False,0.007279904873896105,0.007279904873896105,0.0,0.03466180500922957,0.03466180500922957,0.032499773349837294,0.032499773349837294,0.0,0,0,0,0,-1,49.54626266315461,49.54626266315461,0.0,"(0, 1, 2, 3, 4, 6, 7, 8)","(0, 1, 2, 3, 4, 6, 7, 8)",0,33,33,0
28,719,junk,11,0.03213918499531209,False,False,0.032557465515921605,0.032557465515921605,0.13273012181042756,0.00041828052060951387,0.00041828052060951387,0.06859985920189521,0.06859985920189521,0.0,0,0,0,0,-1,58.32563377939188,58.32563377939188,0.0,"(0, 1, 3, 4, 6, 7, 8, 13)","(0, 1, 3, 4, 6, 7, 8, 13)",0,35,35,0
28,739,useful,1,1.387639811994008,False,False,1.382702730107135,1.382702730107135,1.291285279399371,0.004937081886873029,0.004937081886873029,0.04367366634018156,0.04367366634018156,0.0,0,0,0,0,-1,43.577166781292426,43.577166781292426,0.0,"(0, 1, 3, 4, 6, 7, 8, 11)","(0, 1, 3, 4, 6, 7, 8, 11)",0,38,38,0
28,759,junk,10,0.0596474216064027,False,False,0.0,0.0,0.2790273335896119,0.0596474216064027,0.0596474216064027,0.06216908881986375,0.06216908881986375,0.0,0,0,0,0,-1,42.99386157523196,42.99386157523196,0.0,"(0, 1, 2, 3, 4, 6, 7, 8)","(0, 1, 2, 3, 4, 6, 7, 8)",0,41,41,0
28,779,useful,5,1.3491827483388248,True,False,0.430146693518348,0.430146693518348,1.0449384343566566,0.9190360548204768,0.9190360548204768,0.07358661866355329,0.07358661866355329,0.0,0,0,0,0,-1,42.35282263001184,42.35282263001184,0.0,"(0, 1, 3, 4, 6, 7, 8, 12)","(0, 1, 3, 4, 6, 7, 8, 12)",0,40,40,0
28,799,junk,9,0.052976798719646556,False,False,0.06806257603951368,0.06806257603951368,0.20722518376913443,0.015085777319867127,0.015085777319867127,0.05770747816631854,0.05770747816631854,0.0,1,1,0,0,-1,39.4117339481917,39.4117339481917,0.0,"(0, 1, 3, 4, 6, 7, 8, 11)","(0, 1, 3, 4, 6, 7, 8, 11)",0,43,43,0
28,819,useful,3,1.382792461794275,False,False,1.3424016888549921,1.3424016888549921,1.2136478441194494,0.04039077293928295,0.04039077293928295,0.028032231065754247,0.028032231065754247,0.0,0,0,0,0,-1,30.27244183912407,30.27244183912407,0.0,"(1, 3, 4, 6, 7, 8, 10, 13)","(1, 3, 4, 6, 7, 8, 10, 13)",0,46,46,0
28,839,transient,10121,0.0,False,False,0.012200653181526612,0.012200653181526612,0.0,0.012200653181526612,0.012200653181526612,0.051311587159329555,0.051311587159329555,0.0,0,0,0,0,-1,27.349986706372132,27.349986706372132,0.0,"(0, 1, 3, 4, 5, 6, 7, 8)","(0, 1, 3, 4, 5, 6, 7, 8)",0,45,45,0
28,859,useful,1,0.8603582469131535,False,False,0.9615366706716801,0.9615366706716801,0.7663886701307587,0.10117842375852659,0.10117842375852659,0.03125312781374407,0.03125312781374407,0.0,0,0,0,0,-1,26.16480016860786,26.16480016860786,0.0,"(0, 1, 2, 3, 4, 6, 7, 8)","(0, 1, 2, 3, 4, 6, 7, 8)",0,47,47,0
28,879,useful,4,0.674417139074275,False,False,0.7234849571303228,0.7234849571303228,0.6423859253211794,0.04906781805604776,0.04906781805604776,0.02105541277215701,0.02105541277215701,0.0,0,0,0,0,-1,30.24302523070915,30.24302523070915,0.0,"(0, 1, 3, 4, 5, 6, 7, 8)","(0, 1, 3, 4, 5, 6, 7, 8)",0,48,48,0
28,899,useful,3,1.3657346492070208,True,False,0.28205195682277934,0.28205195682277934,0.9745387010720793,1.0836826923842415,1.0836826923842415,0.07615626568831002,0.07615626568831002,0.0,0,0,0,0,-1,22.839697978423047,22.839697978423047,0.0,"(0, 1, 3, 4, 6, 7, 8, 9)","(0, 1, 3, 4, 6, 7, 8, 9)",0,49,49,0
28,919,useful,5,0.7507554174883806,False,False,0.7282040509866938,0.7282040509866938,0.9289347016724081,0.022551366501686765,0.022551366501686765,0.026882009482413843,0.026882009482413843,0.0,1,1,0,0,-1,26.534664482279283,26.534664482279283,0.0,"(0, 1, 2, 4, 6, 7, 8, 9)","(0, 1, 2, 4, 6, 7, 8, 9)",0,50,50,0
28,939,useful,1,0.629372089540614,False,False,0.6764126474797048,0.6764126474797048,0.5253616630355145,0.04704055793909079,0.04704055793909079,0.018964082367951614,0.018964082367951614,0.0,0,0,0,0,-1,24.98952564651227,24.98952564651227,0.0,"(0, 1, 4, 5, 6, 7, 8, 9)","(0, 1, 4, 5, 6, 7, 8, 9)",0,52,52,0
28,959,useful,5,0.9817337520420052,False,False,1.1542944788114144,1.1542944788114144,1.0875184478314996,0.17256072676940926,0.17256072676940926,0.01917002572063352,0.01917002572063352,0.0,0,0,0,0,-1,41.05816188395583,41.05816188395583,0.0,"(0, 1, 4, 5, 6, 7, 8, 9)","(0, 1, 4, 5, 6, 7, 8, 9)",0,52,52,0
28,979,useful,4,0.9838855157201737,False,False,0.973645943243842,0.973645943243842,0.9166383923572695,0.010239572476331671,0.010239572476331671,0.0292339551828149,0.0292339551828149,0.0,0,0,0,0,-1,42.01740378574466,42.01740378574466,0.0,"(0, 1, 4, 5, 6, 7, 8, 9)","(0, 1, 4, 5, 6, 7, 8, 9)",0,54,54,0
28,999,junk,9,0.059858359592053816,False,False,0.1120394348140897,0.1120394348140897,0.034249120841092565,0.05218107522203589,0.05218107522203589,0.05053642667776526,0.05053642667776526,0.0,0,0,0,0,-1,39.751002180998015,39.751002180998015,0.0,"(0, 1, 2, 4, 5, 6, 7, 8)","(0, 1, 2, 4, 5, 6, 7, 8)",0,55,55,0
28,1019,useful,2,1.0394526739803738,False,False,1.13513336129153,1.13513336129153,0.8344680318745528,0.0956806873111562,0.0956806873111562,0.022039293073382937,0.022039293073382937,0.0,1,1,0,0,-1,38.24336267514622,38.24336267514622,0.0,"(0, 2, 3, 4, 5, 6, 7, 8)","(0, 2, 3, 4, 5, 6, 7, 8)",0,56,56,0
28,1039,useful,2,0.8279300711102876,False,False,0.923629633238821,0.923629633238821,1.009749669397359,0.09569956212853337,0.09569956212853337,0.022307229010760488,0.022307229010760488,0.0,0,0,0,0,-1,25.208950527720216,25.208950527720216,0.0,"(0, 2, 3, 4, 5, 6, 7, 8)","(0, 2, 3, 4, 5, 6, 7, 8)",0,56,56,0
28,1059,useful,5,0.9526493035981308,False,False,0.9324732926478704,0.9324732926478704,0.9575339700487076,0.020176010950260448,0.020176010950260448,0.022287080425607814,0.022287080425607814,0.0,0,0,0,0,-1,20.96751578995452,20.96751578995452,0.0,"(0, 1, 2, 4, 5, 6, 7, 8)","(0, 1, 2, 4, 5, 6, 7, 8)",0,57,57,0
28,1079,transient,10152,0.0,False,False,0.0036302614012508,0.0036302614012508,0.03921735557731227,0.0036302614012508,0.0036302614012508,0.051581675361016745,0.051581675361016745,0.0,0,0,0,0,-1,24.26193466219504,24.26193466219504,0.0,"(0, 1, 2, 3, 4, 6, 7, 8)","(0, 1, 2, 3, 4, 6, 7, 8)",0,58,58,0
28,1099,useful,2,1.2177010835354598,True,False,0.4744195067245231,0.4744195067245231,1.1455430741656585,0.7432815768109367,0.7432815768109367,0.057971790078378965,0.057971790078378965,0.0,0,0,0,0,-1,36.2729764634417,36.2729764634417,0.0,"(0, 1, 2, 3, 4, 6, 7, 8)","(0, 1, 2, 3, 4, 6, 7, 8)",0,58,58,0
28,1119,junk,11,0.0457393426191651,False,False,0.019553448530913776,0.019553448530913776,0.17178601745241975,0.026185894088251328,0.026185894088251328,0.04503474889685785,0.04503474889685785,0.0,1,1,0,0,-1,36.17835068655408,36.17835068655408,0.0,"(0, 1, 2, 3, 4, 6, 7, 8)","(0, 1, 2, 3, 4, 6, 7, 8)",0,61,61,0
28,1139,critical,8,5.037766632922984,False,False,5.066463915953363,5.066463915953363,4.993017006404908,0.028697283030378884,0.028697283030378884,0.049005382262274064,0.049005382262274064,0.0,0,0,0,0,-1,28.448016349851663,28.448016349851663,0.0,"(0, 1, 2, 3, 4, 6, 7, 8)","(0, 1, 2, 3, 4, 6, 7, 8)",0,63,63,0
28,1159,junk,9,0.05869526095730106,False,False,0.040256572053125904,0.040256572053125904,0.0,0.018438688904175153,0.018438688904175153,0.037516562099816526,0.037516562099816526,0.0,1,1,0,0,-1,31.97053759121653,31.97053759121653,0.0,"(0, 1, 2, 3, 4, 6, 7, 8)","(0, 1, 2, 3, 4, 6, 7, 8)",0,64,64,0
28,1179,critical,6,4.665984024650594,False,False,4.655570033157945,4.655570033157945,4.6901967992496,0.010413991492649544,0.010413991492649544,0.03978458119869035,0.03978458119869035,0.0,0,0,0,0,-1,31.599346466921936,31.599346466921936,0.0,"(0, 1, 2, 3, 4, 6, 7, 8)","(0, 1, 2, 3, 4, 6, 7, 8)",0,64,64,0
28,1199,useful,2,1.249767324023237,False,False,1.2564233928816226,1.2564233928816226,1.2182817110939863,0.006656068858385655,0.006656068858385655,0.02170370765154377,0.02170370765154377,0.0,0,0,0,0,-1,27.653428047927214,27.653428047927214,0.0,"(0, 1, 2, 3, 4, 6, 7, 8)","(0, 1, 2, 3, 4, 6, 7, 8)",0,64,64,0
28,1219,useful,1,0.7308430633622821,False,False,0.6345291859227772,0.6345291859227772,0.9428216678939996,0.09631387743950492,0.09631387743950492,0.04511989106692258,0.04511989106692258,0.0,0,0,0,0,-1,25.13817694132855,25.13817694132855,0.0,"(0, 1, 2, 3, 4, 6, 7, 8)","(0, 1, 2, 3, 4, 6, 7, 8)",0,66,66,0
28,1239,junk,12,0.026806570742631566,False,False,0.0,0.0,0.00085356276372478,0.026806570742631566,0.026806570742631566,0.03512413381350499,0.03512413381350499,0.0,0,0,0,0,-1,38.927511494333736,38.927511494333736,0.0,"(1, 2, 3, 4, 5, 6, 7, 8)","(1, 2, 3, 4, 5, 6, 7, 8)",0,67,67,0
28,1259,junk,9,0.04471316514615043,False,False,0.05724407167180113,0.05724407167180113,0.11525326002874281,0.012530906525650698,0.012530906525650698,0.039472992268754614,0.039472992268754614,0.0,0,0,0,0,-1,43.670170896099435,43.670170896099435,0.0,"(0, 1, 2, 3, 4, 6, 7, 8)","(0, 1, 2, 3, 4, 6, 7, 8)",0,68,68,0
28,1279,useful,2,0.9473665908177636,True,True,0.28051936700242663,1.48280723102167,1.48280723102167,0.666847223815337,0.5354406402039064,0.07911007171842636,0.03755877660621973,0.09209601867609424,0,0,0,7,1285,37.1142988993807,37.200318615312405,0.08601971593170532,"(0, 1, 2, 3, 4, 6, 7, 8)","(0, 1, 2, 3, 4, 6, 7, 8)",0,68,68,0
28,1299,critical,6,5.125056736492383,True,True,0.9936995979490053,5.050782234743317,5.050782234743317,4.131357138543378,0.07427450174906625,0.09030958196036487,0.03936073992912621,0.12247795265719211,0,0,0,5,1319,32.570708591083445,32.450558662986516,-0.1201499280969287,"(0, 1, 2, 3, 4, 6, 7, 8)","(0, 1, 2, 3, 4, 6, 7, 8)",0,68,70,2
28,1319,useful,5,1.2272403657246118,True,True,0.0,1.2867635346968784,1.2867635346968784,1.2272403657246118,0.059523168972266616,0.0770279584270569,0.023351943096078652,0.07571435364623605,1,1,0,5,1339,31.98505598447868,31.408848148742997,-0.5762078357356835,"(0, 1, 2, 3, 4, 6, 7, 8)","(1, 2, 3, 4, 5, 6, 7, 8)",1,70,71,1
28,1339,useful,0,0.8822388203177364,False,False,0.9102722777338672,0.9102722777338672,0.7827006835808961,0.028033457416130836,0.028033457416130836,0.027858316412997665,0.027858316412997665,0.0,1,1,0,0,-1,28.791898869844598,28.791898869844598,0.0,"(0, 1, 2, 3, 4, 6, 7, 8)","(0, 1, 2, 3, 4, 6, 7, 8)",0,72,72,0
28,1359,junk,9,0.05515114001484864,False,False,0.03940925617363035,0.03940925617363035,0.2207426229047975,0.015741883841218288,0.015741883841218288,0.03743777409977554,0.03743777409977554,0.0,0,0,0,0,-1,18.899106072930664,18.899106072930664,0.0,"(1, 2, 3, 4, 5, 6, 7, 8)","(1, 2, 3, 4, 5, 6, 7, 8)",0,73,73,0
28,1379,useful,4,0.982991933721958,False,False,0.9812625717081301,0.9812625717081301,0.9655297886747018,0.0017293620138278953,0.0017293620138278953,0.016371351527458024,0.016371351527458024,0.0,0,0,0,0,-1,5.545465818794625,5.545465818794625,0.0,"(1, 2, 3, 4, 5, 6, 7, 8)","(1, 2, 3, 4, 5, 6, 7, 8)",0,73,73,0
28,1399,useful,5,1.3991805908047175,False,False,1.3794342867579061,1.3794342867579061,0.936502218262768,0.019746304046811325,0.019746304046811325,0.028650957921095864,0.028650957921095864,0.0,1,1,0,0,-1,0.0,0.0,0.0,"(1, 2, 3, 4, 5, 6, 7, 8)","(1, 2, 3, 4, 5, 6, 7, 8)",0,73,73,0
29,19,transient,10003,0.0,False,False,0.0,0.0,0.0,0.0,0.0,0.07530285088595899,0.07530285088595899,0.0,0,0,0,0,-1,13.463998231308333,13.463998231308333,0.0,"(1, 2, 3, 4, 5, 7, 12)","(1, 2, 3, 4, 5, 7, 12)",0,7,7,0
29,39,junk,10,0.02721689102551818,False,False,0.07441675106544492,0.07441675106544492,0.0,0.04719986003992674,0.04719986003992674,0.05899530484427219,0.05899530484427219,0.0,1,1,0,0,-1,23.52346680212143,23.52346680212143,0.0,"(0, 1, 3, 4, 5, 7, 8, 12)","(0, 1, 3, 4, 5, 7, 8, 12)",0,10,10,0
29,59,junk,9,0.05957242751418669,False,False,0.021236064841152168,0.021236064841152168,0.09211627480188911,0.03833636267303452,0.03833636267303452,0.06037216397502595,0.06037216397502595,0.0,1,1,0,0,-1,30.133871617305893,30.133871617305893,0.0,"(0, 1, 2, 3, 4, 7, 8, 12)","(0, 1, 2, 3, 4, 7, 8, 12)",0,12,12,0
29,79,critical,7,4.884808572564122,False,False,4.958125944002547,4.958125944002547,4.835223771052494,0.0733173714384252,0.0733173714384252,0.04709438717360394,0.04709438717360394,0.0,0,0,0,0,-1,32.105678810088136,32.105678810088136,0.0,"(0, 1, 2, 3, 4, 6, 7, 8)","(0, 1, 2, 3, 4, 6, 7, 8)",0,14,14,0
29,99,junk,11,0.04912820547961485,False,False,0.0,0.0,0.0,0.04912820547961485,0.04912820547961485,0.05315795315397744,0.05315795315397744,0.0,0,0,0,0,-1,42.107189346146406,42.107189346146406,0.0,"(0, 1, 3, 4, 5, 6, 7, 8)","(0, 1, 3, 4, 5, 6, 7, 8)",0,15,15,0
29,119,useful,2,1.1497198407374036,False,False,1.1117544931740133,1.1117544931740133,1.3631937327856882,0.03796534756339032,0.03796534756339032,0.034170634548504546,0.034170634548504546,0.0,0,0,0,0,-1,31.651928274531674,31.651928274531674,0.0,"(0, 2, 3, 4, 5, 6, 7, 8)","(0, 2, 3, 4, 5, 6, 7, 8)",0,16,16,0
29,139,useful,5,1.436036932147343,False,False,1.397886539835388,1.397886539835388,1.370018849343411,0.03815039231195505,0.03815039231195505,0.03225864586999495,0.03225864586999495,0.0,0,0,0,0,-1,40.64290056755959,40.64290056755959,0.0,"(0, 2, 3, 4, 5, 6, 7, 8)","(0, 2, 3, 4, 5, 6, 7, 8)",0,16,16,0
29,159,junk,11,0.04078025256336777,False,False,0.054917643888119254,0.054917643888119254,0.0,0.014137391324751482,0.014137391324751482,0.03866349526804574,0.03866349526804574,0.0,0,0,0,0,-1,36.094127370870986,36.094127370870986,0.0,"(0, 2, 3, 4, 5, 6, 7, 8)","(0, 2, 3, 4, 5, 6, 7, 8)",0,16,16,0
29,179,junk,10,0.040785996342232234,False,False,0.0,0.0,0.2180935837126037,0.040785996342232234,0.040785996342232234,0.045243185925797784,0.045243185925797784,0.0,0,0,0,0,-1,39.648019430024874,39.648019430024874,0.0,"(0, 1, 2, 3, 4, 6, 7, 8)","(0, 1, 2, 3, 4, 6, 7, 8)",0,17,17,0
29,199,junk,12,0.04724102063904099,False,False,0.07081919110784514,0.07081919110784514,0.10193833334640316,0.02357817046880415,0.02357817046880415,0.029868215881078755,0.029868215881078755,0.0,0,0,0,0,-1,29.5687410709463,29.5687410709463,0.0,"(0, 2, 3, 4, 5, 6, 7, 8)","(0, 2, 3, 4, 5, 6, 7, 8)",0,18,18,0
29,219,useful,4,1.1520681881572128,False,False,1.1896934821332759,1.1896934821332759,1.4432976895276544,0.03762529397606307,0.03762529397606307,0.0269833814431377,0.0269833814431377,0.0,0,0,0,0,-1,25.200045224295007,25.200045224295007,0.0,"(0, 1, 2, 3, 4, 6, 7, 8)","(0, 1, 2, 3, 4, 6, 7, 8)",0,19,19,0
29,239,junk,13,0.03022570536397691,False,False,0.0,0.0,0.1767912545442643,0.03022570536397691,0.03022570536397691,0.03474302869230202,0.03474302869230202,0.0,0,0,0,0,-1,27.22226786935525,27.22226786935525,0.0,"(0, 2, 3, 4, 5, 6, 7, 8)","(0, 2, 3, 4, 5, 6, 7, 8)",0,20,20,0
29,259,useful,1,0.8204891121349149,False,False,0.8296504056066252,0.8296504056066252,0.9757942608832255,0.009161293471710241,0.009161293471710241,0.026934058172185943,0.026934058172185943,0.0,1,1,0,0,-1,49.65179179611423,49.65179179611423,0.0,"(0, 2, 3, 4, 5, 6, 7, 8)","(0, 2, 3, 4, 5, 6, 7, 8)",0,20,20,0
29,279,junk,12,0.055933449523768025,False,False,0.0,0.0,0.043441794674190085,0.055933449523768025,0.055933449523768025,0.022658835193978558,0.022658835193978558,0.0,0,0,0,0,-1,54.35219152162677,54.35219152162677,0.0,"(1, 2, 3, 4, 5, 6, 7, 8)","(1, 2, 3, 4, 5, 6, 7, 8)",0,21,21,0
29,299,transient,10045,0.0,False,False,0.0,0.0,0.0,0.0,0.0,0.03584567628620753,0.03584567628620753,0.0,0,0,0,0,-1,52.15791041677305,52.15791041677305,0.0,"(1, 2, 3, 4, 5, 6, 7, 8)","(1, 2, 3, 4, 5, 6, 7, 8)",0,21,21,0
29,319,useful,5,0.9146106970931984,False,False,0.9529325410985756,0.9529325410985756,0.9203462300920563,0.03832184400537719,0.03832184400537719,0.02321323733867957,0.02321323733867957,0.0,0,0,0,0,-1,33.6190507433087,33.6190507433087,0.0,"(1, 2, 3, 4, 5, 6, 7, 8)","(1, 2, 3, 4, 5, 6, 7, 8)",0,21,21,0
29,339,junk,11,0.06849838310461018,False,False,0.1516608732025043,0.1516608732025043,0.19499049604575153,0.08316249009789412,0.08316249009789412,0.0300639103547083,0.0300639103547083,0.0,0,0,0,0,-1,28.30607109046756,28.30607109046756,0.0,"(0, 2, 3, 4, 5, 6, 7, 8)","(0, 2, 3, 4, 5, 6, 7, 8)",0,22,22,0
29,359,transient,10054,0.0,False,False,0.04843814096283568,0.04843814096283568,0.0,0.04843814096283568,0.04843814096283568,0.028283706123194648,0.028283706123194648,0.0,0,0,0,0,-1,27.458398550091232,27.458398550091232,0.0,"(0, 1, 2, 3, 4, 6, 7, 8)","(0, 1, 2, 3, 4, 6, 7, 8)",0,23,23,0
29,379,transient,10060,0.0,False,False,0.03556758255802489,0.03556758255802489,0.07044300163380791,0.03556758255802489,0.03556758255802489,0.025511137462577993,0.025511137462577993,0.0,0,0,0,0,-1,37.55732839340672,37.55732839340672,0.0,"(0, 2, 3, 4, 5, 6, 7, 8)","(0, 2, 3, 4, 5, 6, 7, 8)",0,24,24,0
29,399,junk,11,0.05722668213606429,True,True,2.430811934552418,0.2054476421581672,0.2054476421581672,2.373585252416354,0.1482209600221029,0.10438768515255997,0.019947825334506324,0.1198610194086963,1,0,1,10,400,33.31353781385844,34.78939904315589,1.4758612292974504,"(0, 2, 3, 4, 5, 6, 7, 8)","(0, 2, 3, 4, 5, 6, 7, 8)",0,26,24,-2
29,419,junk,10,0.05469707727156772,False,False,0.019726342023948247,0.019726342023948247,0.030751697513385984,0.034970735247619476,0.034970735247619476,0.020189467646996702,0.020189467646996702,0.0,0,0,0,0,-1,32.08175570914812,32.08175570914812,0.0,"(0, 2, 3, 4, 5, 6, 7, 8)","(0, 2, 3, 4, 5, 6, 7, 8)",0,26,26,0
29,439,junk,10,0.046596403333451865,False,False,0.0,0.0,0.19501239682629662,0.046596403333451865,0.046596403333451865,0.026359525701873786,0.026359525701873786,0.0,0,0,0,0,-1,24.129602895407174,24.129602895407174,0.0,"(0, 1, 2, 3, 4, 6, 7, 8)","(0, 1, 2, 3, 4, 6, 7, 8)",0,27,27,0
29,459,junk,10,0.04992012396271153,False,False,0.02552379323721227,0.02552379323721227,0.12096026402332877,0.024396330725499262,0.024396330725499262,0.022222419412167023,0.022222419412167023,0.0,0,0,0,0,-1,16.409149591834428,16.409149591834428,0.0,"(0, 1, 2, 3, 4, 6, 7, 8)","(0, 1, 2, 3, 4, 6, 7, 8)",0,27,27,0
29,479,junk,9,0.048110688771752785,False,False,0.0,0.0,0.04113945020797219,0.048110688771752785,0.048110688771752785,0.024111453066329537,0.024111453066329537,0.0,0,0,0,0,-1,24.361761332610392,24.361761332610392,0.0,"(1, 2, 3, 4, 5, 6, 7, 8)","(1, 2, 3, 4, 5, 6, 7, 8)",0,28,28,0
29,499,junk,13,0.05236229962971439,False,False,0.0892755938821482,0.0892755938821482,0.31666334616912273,0.03691329425243381,0.03691329425243381,0.013835513537609714,0.013835513537609714,0.0,0,0,0,0,-1,34.987431167949865,34.987431167949865,0.0,"(1, 2, 3, 4, 5, 6, 7, 8)","(1, 2, 3, 4, 5, 6, 7, 8)",0,28,28,0
29,519,useful,4,1.3294508328797812,False,False,1.323628352484125,1.323628352484125,1.6519668882557104,0.005822480395656138,0.005822480395656138,0.009415848506667513,0.009415848506667513,0.0,0,0,0,0,-1,42.94498932888652,42.94498932888652,0.0,"(0, 1, 2, 3, 4, 6, 7, 8)","(0, 1, 2, 3, 4, 6, 7, 8)",0,29,29,0
29,539,useful,1,1.2589849333998226,False,False,1.2548596800085474,1.2548596800085474,1.0607372826362753,0.00412525339127523,0.00412525339127523,0.020893543473069057,0.020893543473069057,0.0,0,0,0,0,-1,46.27665630934087,46.27665630934087,0.0,"(1, 2, 3, 4, 5, 6, 7, 8)","(1, 2, 3, 4, 5, 6, 7, 8)",0,30,30,0
29,559,transient,10079,0.0,True,True,2.646617912777382,0.0,0.0,2.646617912777382,0.0,0.11129096839736677,0.021280925466605163,0.13166946186846729,0,0,0,1,588,56.83150296609525,56.83150296609525,0.0,"(1, 2, 3, 4, 5, 6, 7, 8)","(1, 2, 3, 4, 5, 6, 7, 8)",0,30,30,0
29,579,useful,5,1.4067624871319646,False,False,1.3763108764475904,1.3763108764475904,1.5387253262577427,0.030451610684374186,0.030451610684374186,0.027129415743850846,0.027129415743850846,0.0,0,0,0,0,-1,42.64050394169963,42.64050394169963,0.0,"(0, 2, 3, 4, 5, 6, 7, 8)","(0, 2, 3, 4, 5, 6, 7, 8)",0,31,31,0
29,599,useful,2,0.43736734207191996,False,False,0.4250862389257976,0.4250862389257976,0.8100652211137277,0.012281103146122352,0.012281103146122352,0.04008574869612842,0.04008574869612842,0.0,0,0,0,0,-1,42.940716186458815,42.940716186458815,0.0,"(0, 1, 2, 4, 5, 6, 7, 8)","(0, 1, 2, 4, 5, 6, 7, 8)",0,32,32,0
29,619,transient,10086,0.0,False,False,0.10595681320730684,0.10595681320730684,0.03413010703381877,0.10595681320730684,0.10595681320730684,0.022867002619167246,0.022867002619167246,0.0,0,0,0,0,-1,41.71957822105601,41.71957822105601,0.0,"(0, 1, 2, 4, 5, 6, 7, 8)","(0, 1, 2, 4, 5, 6, 7, 8)",0,32,32,0
29,639,junk,13,0.042887894540419,True,True,3.021760461722646,0.14215213345027444,0.14215213345027444,2.978872567182227,0.09926423890985545,0.11343393106296244,0.013380972916023267,0.12106368764026731,1,0,1,10,640,30.74061602369703,33.736373254973245,2.9957572312762153,"(0, 1, 2, 4, 6, 7, 8, 13)","(0, 2, 3, 4, 5, 6, 7, 8)",1,36,33,-3
29,659,useful,2,1.0680824849157982,False,False,1.1113683462422954,1.1113683462422954,0.8625025871451256,0.043285861326497255,0.043285861326497255,0.013090443055676344,0.013090443055676344,0.0,0,0,0,0,-1,36.02940984463518,36.02940984463518,0.0,"(0, 2, 4, 5, 6, 7, 8, 11)","(0, 2, 4, 5, 6, 7, 8, 11)",0,35,35,0
29,679,transient,10095,0.0,False,False,0.0,0.0,0.0,0.0,0.0,0.018714487721099647,0.018714487721099647,0.0,0,0,0,0,-1,37.4995183283103,37.4995183283103,0.0,"(0, 2, 4, 5, 6, 7, 8, 10)","(0, 2, 4, 5, 6, 7, 8, 10)",0,39,39,0
29,699,junk,13,0.04651283794644094,False,False,0.02616828617378611,0.02616828617378611,0.13521739420432483,0.02034455177265483,0.02034455177265483,0.020680640996808494,0.020680640996808494,0.0,0,0,0,0,-1,37.988795094269506,37.988795094269506,0.0,"(0, 2, 3, 4, 5, 6, 7, 8)","(0, 2, 3, 4, 5, 6, 7, 8)",0,41,41,0
29,719,useful,3,1.3579435661549988,False,False,1.3481546687810266,1.3481546687810266,1.3448507454963299,0.00978889737397215,0.00978889737397215,0.05212427865815341,0.05212427865815341,0.0,1,1,0,0,-1,36.63805998813099,36.63805998813099,0.0,"(2, 4, 5, 6, 7, 8, 12, 13)","(2, 4, 5, 6, 7, 8, 12, 13)",0,45,45,0
29,739,junk,9,0.05362846346859445,False,False,0.05928935004047468,0.05928935004047468,0.0,0.005660886571880228,0.005660886571880228,0.06855189939277682,0.06855189939277682,0.0,1,1,0,0,-1,30.047310289088056,30.047310289088056,0.0,"(2, 4, 5, 6, 7, 8, 12, 13)","(2, 4, 5, 6, 7, 8, 12, 13)",0,49,49,0
29,759,transient,10104,0.0,False,False,0.004408361740437444,0.004408361740437444,0.0,0.004408361740437444,0.004408361740437444,0.06435570929791083,0.06435570929791083,0.0,0,0,0,0,-1,20.150342471025553,20.150342471025553,0.0,"(2, 4, 5, 6, 7, 8, 10, 13)","(2, 4, 5, 6, 7, 8, 10, 13)",0,53,53,0
29,779,junk,13,0.059547537017864055,False,False,0.039800254494076405,0.039800254494076405,0.0,0.01974728252378765,0.01974728252378765,0.058507043734784395,0.058507043734784395,0.0,0,0,0,0,-1,22.84205892090131,22.84205892090131,0.0,"(1, 2, 4, 5, 6, 7, 8, 13)","(1, 2, 4, 5, 6, 7, 8, 13)",0,51,51,0
29,799,useful,5,0.5981783747655275,False,False,0.6447986453496685,0.6447986453496685,0.5610561229240759,0.04662027058414098,0.04662027058414098,0.038022964623986875,0.038022964623986875,0.0,0,0,0,0,-1,28.145376004786183,28.145376004786183,0.0,"(0, 2, 4, 5, 6, 7, 8, 13)","(0, 2, 4, 5, 6, 7, 8, 13)",0,52,52,0
29,819,junk,13,0.06295657358774889,False,False,0.07382943796906916,0.07382943796906916,0.0,0.010872864381320263,0.010872864381320263,0.05227069553034737,0.05227069553034737,0.0,0,0,0,0,-1,37.33404584071453,37.33404584071453,0.0,"(0, 1, 2, 4, 5, 6, 7, 8)","(0, 1, 2, 4, 5, 6, 7, 8)",0,52,52,0
29,839,junk,12,0.05500246019900834,True,True,2.8228631009900376,0.12762687896191505,0.12762687896191505,2.7678606407910293,0.0726244187629067,0.10234786495802234,0.04733066834459858,0.11843591306925413,1,1,0,13,841,41.37621685437883,45.636729848849406,4.260512994470574,"(1, 2, 4, 5, 6, 7, 8, 12)","(1, 2, 3, 4, 5, 6, 7, 8)",1,59,55,-4
29,859,junk,10,0.03780191077151283,False,False,0.0,0.0,0.23563047985188945,0.03780191077151283,0.03780191077151283,0.04430295014305837,0.04430295014305837,0.0,1,1,0,0,-1,33.13614317828819,33.13614317828819,0.0,"(0, 1, 2, 4, 5, 6, 7, 8)","(0, 1, 2, 4, 5, 6, 7, 8)",0,57,57,0
29,879,junk,11,0.05531732198437044,False,False,0.0,0.0,0.06599253184975375,0.05531732198437044,0.05531732198437044,0.04004045708281846,0.04004045708281846,0.0,1,1,0,0,-1,23.076793335555106,23.076793335555106,0.0,"(0, 1, 2, 4, 5, 6, 7, 8)","(0, 1, 2, 4, 5, 6, 7, 8)",0,58,58,0
29,899,junk,11,0.048443328172760584,False,False,0.09311830742326904,0.09311830742326904,0.2693512950167129,0.04467497925050846,0.04467497925050846,0.03761918772434301,0.03761918772434301,0.0,0,0,0,0,-1,19.017609907755368,19.017609907755368,0.0,"(0, 1, 2, 4, 5, 6, 7, 8)","(0, 1, 2, 4, 5, 6, 7, 8)",0,58,58,0
29,919,transient,10137,0.0,False,False,0.0,0.0,0.0,0.0,0.0,0.04470143534697014,0.04470143534697014,0.0,0,0,0,0,-1,31.66038454807388,31.66038454807388,0.0,"(0, 1, 2, 4, 5, 6, 7, 8)","(0, 1, 2, 4, 5, 6, 7, 8)",0,60,60,0
29,939,junk,13,0.046673379685398385,False,False,0.0,0.0,0.05287792437335572,0.046673379685398385,0.046673379685398385,0.03407709651022007,0.03407709651022007,0.0,0,0,0,0,-1,29.941686940656375,29.941686940656375,0.0,"(0, 1, 2, 4, 5, 6, 7, 8)","(0, 1, 2, 4, 5, 6, 7, 8)",0,60,60,0
29,959,junk,13,0.05834961828587163,True,True,2.5886490591375337,0.0,0.0,2.530299440851662,0.05834961828587163,0.10074980923654454,0.028580696237387654,0.11537288952961737,0,0,0,0,-1,26.23626753570912,26.23626753570912,0.0,"(0, 1, 2, 3, 4, 6, 7, 8)","(0, 1, 2, 3, 4, 6, 7, 8)",0,61,61,0
29,979,transient,10146,0.0,False,False,0.0,0.0,0.27596816478582364,0.0,0.0,0.03295876332393127,0.03295876332393127,0.0,0,0,0,0,-1,28.464398408202694,28.464398408202694,0.0,"(0, 1, 2, 4, 5, 6, 7, 8)","(0, 1, 2, 4, 5, 6, 7, 8)",0,62,62,0
29,999,junk,10,0.05200231580021403,False,False,0.07400677677374712,0.07400677677374712,0.16471519846851243,0.02200446097353309,0.02200446097353309,0.026307059530617172,0.026307059530617172,0.0,0,0,0,0,-1,34.347636602419655,34.347636602419655,0.0,"(0, 1, 2, 3, 4, 6, 7, 8)","(0, 1, 2, 3, 4, 6, 7, 8)",0,63,63,0
29,1019,critical,6,6.0085879758822776,False,False,5.994934904448641,5.994934904448641,6.5786716060068,0.013653071433636477,0.013653071433636477,0.028559439073853894,0.028559439073853894,0.0,0,0,0,0,-1,38.68139552197361,38.68139552197361,0.0,"(0, 1, 2, 3, 4, 6, 7, 8)","(0, 1, 2, 3, 4, 6, 7, 8)",0,65,65,0
29,1039,useful,5,1.0958682519427116,True,False,0.4162255493786678,0.4162255493786678,0.6063938178498033,0.6796427025640439,0.6796427025640439,0.08742920578821596,0.08742920578821596,0.0,0,0,0,0,-1,36.179843560999856,36.179843560999856,0.0,"(1, 2, 3, 4, 5, 6, 7, 8)","(1, 2, 3, 4, 5, 6, 7, 8)",0,66,66,0
29,1059,useful,3,1.2722968223041953,False,False,1.2831306675837764,1.2831306675837764,1.312275834578078,0.010833845279581089,0.010833845279581089,0.013457983173540295,0.013457983173540295,0.0,0,0,0,0,-1,29.18614688525666,29.18614688525666,0.0,"(1, 2, 3, 4, 5, 6, 7, 8)","(1, 2, 3, 4, 5, 6, 7, 8)",0,66,66,0
29,1079,useful,4,1.2564414339063799,False,False,1.3123184922753208,1.3123184922753208,1.2764785818959994,0.05587705836894097,0.05587705836894097,0.02133465168503355,0.02133465168503355,0.0,0,0,0,0,-1,32.51064774610165,32.51064774610165,0.0,"(0, 2, 3, 4, 5, 6, 7, 8)","(0, 2, 3, 4, 5, 6, 7, 8)",0,67,67,0
29,1099,useful,2,1.2596804225735345,False,False,1.2298517278376393,1.2298517278376393,1.2141794906305143,0.029828694735895223,0.029828694735895223,0.015712428302782064,0.015712428302782064,0.0,0,0,0,0,-1,40.504236716283486,40.504236716283486,0.0,"(0, 2, 3, 4, 5, 6, 7, 8)","(0, 2, 3, 4, 5, 6, 7, 8)",0,67,67,0
29,1119,useful,4,0.7609287041606653,False,False,0.7301514829405649,0.7301514829405649,0.7212405430042803,0.030777221220100404,0.030777221220100404,0.03952144948769221,0.03952144948769221,0.0,0,0,0,0,-1,47.89776418775311,47.89776418775311,0.0,"(0, 2, 3, 4, 5, 6, 7, 8)","(0, 2, 3, 4, 5, 6, 7, 8)",0,67,67,0
29,1139,useful,2,1.1653210814075388,False,False,1.1797076468899428,1.1797076468899428,1.2391334986997449,0.014386565482404023,0.014386565482404023,0.023358253503259676,0.023358253503259676,0.0,0,0,0,0,-1,41.54109096186704,41.54109096186704,0.0,"(1, 2, 3, 4, 5, 6, 7, 8)","(1, 2, 3, 4, 5, 6, 7, 8)",0,68,68,0
29,1159,useful,2,0.9041206719254855,False,False,0.8687514375722979,0.8687514375722979,0.793660557493183,0.03536923435318762,0.03536923435318762,0.024419493406331417,0.024419493406331417,0.0,0,0,0,0,-1,49.24563218530397,49.24563218530397,0.0,"(1, 2, 3, 4, 5, 6, 7, 8)","(1, 2, 3, 4, 5, 6, 7, 8)",0,68,68,0
29,1179,junk,11,0.05045277851197048,True,True,2.577505086248486,0.16638677807914135,0.16638677807914135,2.5270523077365157,0.11593399956717088,0.09089335701382625,0.031032262255003593,0.10095795325635362,1,0,1,2,1184,44.05954264100589,43.91844019584063,-0.14110244516525938,"(1, 2, 3, 4, 5, 6, 7, 8)","(1, 2, 3, 4, 5, 6, 7, 8)",0,69,68,-1
29,1199,critical,6,3.199202141027107,True,True,0.5409533381287184,3.078624718093015,3.078624718093015,2.6582488028983886,0.12057742293409213,0.09679946752552278,0.03706661689820925,0.10722293557321179,0,0,0,4,1240,40.92146632789354,40.07611174598415,-0.8453545819093904,"(1, 2, 3, 4, 5, 6, 7, 8)","(1, 2, 3, 4, 5, 6, 7, 8)",0,68,70,2
29,1219,useful,5,0.8256702478130165,True,False,0.0,0.0,0.5788978565715531,0.8256702478130165,0.8256702478130165,0.06947508171517612,0.06947508171517612,0.0,0,0,0,0,-1,29.324886760551895,29.324886760551895,0.0,"(1, 2, 3, 4, 5, 6, 7, 8)","(1, 2, 3, 4, 5, 6, 7, 8)",0,70,70,0
29,1239,junk,11,0.055572195904800364,False,False,0.06793586335337878,0.06793586335337878,0.1032010808409976,0.01236366744857842,0.01236366744857842,0.03724214619943387,0.03724214619943387,0.0,0,0,0,0,-1,20.711919534382726,20.711919534382726,0.0,"(1, 2, 3, 4, 5, 6, 7, 8)","(1, 2, 3, 4, 5, 6, 7, 8)",0,72,72,0
29,1259,junk,10,0.054222863027673145,False,False,0.14751985568535841,0.14751985568535841,0.0,0.09329699265768526,0.09329699265768526,0.032660479809413896,0.032660479809413896,0.0,0,0,0,0,-1,26.83325603444796,26.83325603444796,0.0,"(0, 2, 3, 4, 5, 6, 7, 8)","(0, 2, 3, 4, 5, 6, 7, 8)",0,74,74,0
29,1279,junk,11,0.04212457960982452,True,True,1.9345458787188332,0.0,0.0,1.8924212991090088,0.04212457960982452,0.07429671244956962,0.03520250478466552,0.08725958402842392,1,0,1,4,1280,28.951306978010205,30.696759309915162,1.745452331904957,"(0, 2, 3, 4, 5, 6, 7, 8)","(0, 2, 3, 4, 5, 6, 7, 8)",0,76,74,-2
29,1299,useful,5,1.2335671378008155,False,False,1.2447999146064257,1.2447999146064257,1.1587098816832242,0.01123277680561019,0.01123277680561019,0.020499405847681444,0.020499405847681444,0.0,0,0,0,0,-1,29.765893800732147,29.765893800732147,0.0,"(0, 1, 2, 4, 5, 6, 7, 8)","(0, 1, 2, 4, 5, 6, 7, 8)",0,75,75,0
29,1319,useful,4,0.6883713287402244,False,False,0.688157823261507,0.688157823261507,0.7502224774265425,0.0002135054787174573,0.0002135054787174573,0.031949335681585124,0.031949335681585124,0.0,0,0,0,0,-1,23.43959422480089,23.43959422480089,0.0,"(0, 2, 3, 4, 5, 6, 7, 8)","(0, 2, 3, 4, 5, 6, 7, 8)",0,76,76,0
29,1339,junk,11,0.05411602168452691,False,False,0.01913879472768181,0.01913879472768181,0.36725347952989834,0.034977226956845096,0.034977226956845096,0.032208439164855274,0.032208439164855274,0.0,0,0,0,0,-1,24.33613632637085,24.33613632637085,0.0,"(0, 1, 2, 4, 5, 6, 7, 8)","(0, 1, 2, 4, 5, 6, 7, 8)",0,77,77,0
29,1359,junk,10,0.037944620746022305,False,False,0.0,0.0,0.0,0.037944620746022305,0.037944620746022305,0.030647560509042632,0.030647560509042632,0.0,0,0,0,0,-1,23.836331304368702,23.836331304368702,0.0,"(0, 1, 2, 4, 5, 6, 7, 8)","(0, 1, 2, 4, 5, 6, 7, 8)",0,77,77,0
29,1379,useful,4,0.8579419445449064,False,False,0.9272381735570575,0.9272381735570575,0.9101996749987241,0.06929622901215116,0.06929622901215116,0.02268296581606442,0.02268296581606442,0.0,0,0,0,0,-1,14.647514502012232,14.647514502012232,0.0,"(0, 1, 2, 4, 5, 6, 7, 8)","(0, 1, 2, 4, 5, 6, 7, 8)",0,77,77,0
29,1399,useful,0,1.2787548184435273,False,False,1.3159258195722034,1.3159258195722034,1.7713011831953653,0.03717100112867611,0.03717100112867611,0.007072997294731718,0.007072997294731718,0.0,0,0,0,0,-1,0.0,0.0,0.0,"(0, 1, 2, 4, 5, 6, 7, 8)","(0, 1, 2, 4, 5, 6, 7, 8)",0,77,77,0
